row_id	entry_id	source_page	raw_lerch_headword	corrected_lerch_headword	corrected_headword_source	modern_zazaki_guess	proposed_group_headword	group_source	german_gloss_raw	german_gloss_clean	english_gloss	english_gloss_source	turkish_gloss	turkish_gloss_source	existing_parent	entry_review_status	correction_confidence	notes
1	lerch_glossary_p197_r0001:entry	197	ainü	ainü	raw_extraction	aynü	ainü	self	(türk. aJLjJ ), Spiegel,	(türk. aJLjJ ), Spiegel,						ocr_extracted	low	
2	lerch_glossary_p197_r0002:entry	197	aüka	aüka	raw_extraction	awka	aüka	self	Wasser, Quelle, Bach. Vgl. Krm. av. aüka devi, Bier,	Wasser, Quelle, Bach. Vgl. Krm. av. aüka devi, Bier,	water; spring; stream; source	rule_guess_from_german	su; kaynak; dere; pınar	rule_guess_from_german		ocr_extracted	low	
3	lerch_glossary_p197_r0003:entry	197	aüdara	aúdara	text_form_match	awdara	aúdara	self	sogleich, 50.i.	sogleich, 50. i.	immediately	rule_guess_from_german	hemen	rule_guess_from_german		ocr_extracted	medium	text examples: uc-kardes-masali:tb02_l01
4	lerch_glossary_p197_r0004:entry	197	äunün’a	äunün’a	raw_extraction	awnüna	äunün-	verb_present_stem_guess	(ich) sehe. aund, aunä, sah, 50.i; 51.8; 64.8. aunal, sahen, 49.6. baüni, sieh, schau zu, seht, 63.9; 78.1.	(ich) sehe. aund, aunä, sah, 50. i; 51. 8; 64. 8. aunal, sahen, 49. 6. baüni, sieh, schau zu, seht, 63. 9; 78. 1.	see	rule_guess_from_german	görmek	rule_guess_from_german		ocr_extracted	low	
5	lerch_glossary_p197_r0005:entry	197	aunaürike	aunaürike	raw_extraction	awnawrikê	aunaürike	self	Schakal.	Schakal.	jackal	rule_guess_from_german	çakal	rule_guess_from_german		ocr_extracted	low	
6	lerch_glossary_p197_r0006:entry	197	Ahmed	Ah̔méd	text_form_match	A'hmêd	Ah̔méd	self	Personenname,	Personenname,	personal name	rule_guess_from_german	kişi adı	rule_guess_from_german		ocr_extracted	medium	text examples: ali-agha-ladi-kelhani:a03_l01; ali-agha-ladi-kelhani:a03_l14; ali-agha-ladi-kelhani:a04_l04
7	lerch_glossary_p197_r0007:entry	197	dqjl	dqjl	raw_extraction	dqjl	dqjl	self	Verstand. Vgl. Krm. äqjl.	Verstand. Vgl. Krm. äqjl.	understanding; reason	rule_guess_from_german	akıl; anlayış	rule_guess_from_german		ocr_extracted	low	
8	lerch_glossary_p197_r0008:entry	197	akün’a	akün’a	raw_extraction	aküna	ken’a	see_reference	(ich) ölTne; s. ken’a. akerd, akürd, öffnete, 51.8; 65.10. akürdau, ist offen,	(ich) ölTne; s. ken’a. akerd, akürd, öffnete, 51. 8; 65. 10. akürdau, ist offen,	open	rule_guess_from_german	açmak	rule_guess_from_german		ocr_extracted	low	
9	lerch_glossary_p197_r0009:entry	197	ageira	ageíra	text_form_match	agêyra	ageíra	self	ageral, ging, war im Ge- hen begriffen, 71.8. agerai digerai, ging hin und her, 85.13.	ageral, ging, war im Ge- hen begriffen, 71. 8. agerai digerai, ging hin und her, 85. 13.	go	rule_guess_from_german	gitmek	rule_guess_from_german		ocr_extracted	medium	text examples: kauge-nyerib-u-hyeni:h01_l02
10	lerch_glossary_p197_r0010:entry	197	ayä	áya	text_form_match	aya	ağa, axa	existing_parent	Agha	Agha	agha; notable; lord	manual_override	ağa	manual_override	ağa, axa	headword_parented	medium	text examples: degirmenci-ve-tilki:mf01_l03; uc-kardes-masali:tb06_l05; uc-kardes-masali:tb09_l01
11	lerch_glossary_p197_r0011:entry	197	andün’a	andün’a	raw_extraction	andüna	andün-	verb_present_stem_guess	(ich) ziehe heraus. and, zog heraus,	(ich) ziehe heraus. and, zog heraus,						ocr_extracted	low	
12	lerch_glossary_p197_r0012:entry	197	dya	dya	raw_extraction	dya	dya	self	jener, e, es, 64.13.	jener, e, es, 64. 13.						ocr_extracted	low	
13	lerch_glossary_p197_r0013:entry	197	Adär	Adär	raw_extraction	Adar	adar	existing_parent	Monatsname; s. Abth. S. xv.	Monatsname; s. Abth. S. xv.	month name	rule_guess_from_german	mart, yılın üçüncü ayı adar helnena, nisun naseinena,	matched_harun_headword	adar	headword_parented	medium	
14	lerch_glossary_p197_r0014:entry	197	adjr	adjr	raw_extraction	adjr	adjr	self	Feuer. Vgl. Krm. ayjr.	Feuer. Vgl. Krm. ayjr.	fire	rule_guess_from_german	ateş	rule_guess_from_german		ocr_extracted	low	
15	lerch_glossary_p197_r0015:entry	197	äna	ā́na	text_form_match	ana	ana	existing_parent	diese(r) hier, die hier, der hier	diese(r) hier, die hier, der hier	this; this is	manual_override	bu, -dır, -dir, -dur, -dür	manual_override	ana	headword_parented	medium	text examples: kauge-nyerib-u-hyeni:h06_l07; uc-kardes-masali:tb04_l04; uc-kardes-masali:tb04_l10
16	lerch_glossary_p197_r0016:entry	197	äna	ā́na	text_form_match	ana	ardene	existing_parent	(ich) bringe, 84.16. änu, (er) bringe, 51.9. Vgl. Krm. ani.	(ich) bringe, 84. 16. änu, (er) bringe, 51. 9. Vgl. Krm. ani.	bring, bring here	matched_dezd_headword	getirmek	matched_dezd_headword	ardene	headword_parented	medium	text examples: kauge-nyerib-u-hyeni:h06_l07; uc-kardes-masali:tb04_l04; uc-kardes-masali:tb04_l10
17	lerch_glossary_p197_r0017:entry	197	asirän	asirän	raw_extraction	asiran	aäirüt	see_reference	vom Stamme (Tribus), zum Stamme gehörig; s. aäirüt.	vom Stamme (Tribus), zum Stamme gehörig; s. aäirüt.	tribe	rule_guess_from_german	aşiret	rule_guess_from_german		ocr_extracted	low	
18	lerch_glossary_p197_r0018:entry	197	asiret	aširét	text_form_match	aşirêt	aşiret, 'eşiret	existing_parent	(arab. ^ic), Stamm, Tri- bus.	(arab. ^ic), Stamm, Tri- bus.	tribe	rule_guess_from_german	aşiret	matched_harun_headword	aşiret, 'eşiret	headword_parented	medium	text examples: uc-kardes-masali:tb01_l04
19	lerch_glossary_p197_r0019:entry	197	äsma	äsma	raw_extraction	asma	Aşme	existing_parent	äsme, Monat, Mond; s. Abth. I, S. xv, xxv, Anm. 12 .	äsme, Monat, Mond; s. Abth. I, S. xv, xxv, Anm. 12.	1) moon 2) month 3) girl name	matched_dezd_headword	1) ay (gökyüzü), 2) ay (takvim ayı) 3) bir kız ismi	matched_dezd_headword	Aşme	headword_parented	medium	
20	lerch_glossary_p197_r0020:entry	197	asän be	asän be	raw_extraction	asan bê	asän be	self	ruhe aus, erhole dich, .1-2 . Vgl. npers: jL), jjL l_1.	ruhe aus, erhole dich, . 1-2. Vgl. npers: jL), jjL l_1.						ocr_extracted	low	
21	lerch_glossary_p198_r0021:entry	198	asfin’a	asfin’a	raw_extraction	asfina	asfin-	verb_present_stem_guess	(ich) sehe. asdn’i, (sie) scheu, 49 . ö.	(ich) sehe. asdn’i, (sie) scheu, 49. ö.	see	rule_guess_from_german	görmek	rule_guess_from_german		ocr_extracted	low	
22	lerch_glossary_p198_r0022:entry	198	dsmye	dsmye	raw_extraction	dsmyê	dsmye	self	Himmel. Vgl. Krm. azmdn; cf. Pott Et. F. I, 194.	Himmel. Vgl. Krm. azmdn; cf. Pott Et. F. I, 194.						ocr_extracted	low	
23	lerch_glossary_p198_r0023:entry	198	azdd kdn’a	azdd kdn’a	raw_extraction	azdd kdna	azdd kdn-	verb_present_stem_guess	(ich) befreie. Vgl. Krm. az&d kir.	(ich) befreie. Vgl. Krm. az&d kir.						ocr_extracted	low	
24	lerch_glossary_p198_r0024:entry	198	ar	ar	raw_extraction	ar	ard	existing_parent	Mehl. Gld: ar.	Mehl. Gld: ar.	flour	matched_dezd_headword	un	matched_dezd_headword	ard	headword_parented	medium	
25	lerch_glossary_p198_r0025:entry	198	arewantf	arewantf	raw_extraction	arêwantf	arewantf	self	Müller, 83.3 sq.	Müller, 83. 3 sq.						ocr_extracted	low	
26	lerch_glossary_p198_r0026:entry	198	aris	Āríš	text_form_match	Ariş	arış	existing_parent	Mühle, 83.3.	Mühle, 83. 3.	mill	rule_guess_from_german	ekmeklik tahıl; | öğütmek için değirmene götürülen tahıl,un	matched_harun_headword	arış	headword_parented	medium	text examples: degirmenci-ve-tilki:mf01_l01
27	lerch_glossary_p198_r0027:entry	198	argös	argös	raw_extraction	argos	argös	self	Hase. Vgl. Krm. kerosk, kergü.	Hase. Vgl. Krm. kerosk, kergü.	hare	rule_guess_from_german	tavşan	rule_guess_from_german		ocr_extracted	low	
28	lerch_glossary_p198_r0028:entry	198	ard	ārd	text_form_match	ard	hard	existing_parent	Erde. Vgl. Krm. ard.	Erde. Vgl. Krm. ard.	earth, soil, earth’s surface	matched_dezd_headword	toprak, yer, yeryüzü	matched_dezd_headword	hard	headword_parented	medium	text examples: degirmenci-ve-tilki:mf05_l09; kauge-nyerib-u-hyeni:h05_l13; uc-kardes-masali:tb08_l07
29	lerch_glossary_p198_r0029:entry	198	ard	ārd	text_form_match	ard	ardene	existing_parent	brachte. ärdu, (dass du) brachtest, 52.8. Ärdi, brachten, 56.8; 65.7. bidri, biari, werden bringen, 62.8; 79.7; 84.12.	brachte. ärdu, (dass du) brachtest, 52. 8. Ärdi, brachten, 56. 8; 65. 7. bidri, biari, werden bringen, 62. 8; 79. 7; 84. 12.	bring, bring here	matched_dezd_headword	getirmek	matched_dezd_headword	ardene	headword_parented	medium	text examples: degirmenci-ve-tilki:mf05_l09; kauge-nyerib-u-hyeni:h05_l13; uc-kardes-masali:tb08_l07
30	lerch_glossary_p198_r0030:entry	198	arbüzy	arbüzy	raw_extraction	arbüzy	arbüzy	self	Blutigel.	Blutigel.						ocr_extracted	low	
31	lerch_glossary_p198_r0031:entry	198	Ali	Áli	text_form_match	Ali	Ali	existing_parent	Personenname.	Personenname.	personal name	rule_guess_from_german	kişi adı	rule_guess_from_german	Ali	headword_parented	medium	text examples: ali-agha-ladi-kelhani:a01_l01; ali-agha-ladi-kelhani:a01_l02; ali-agha-ladi-kelhani:a01_l03
32	lerch_glossary_p198_r0032:entry	198	Aldh	Aldh	raw_extraction	Aldh	Aldh	self	Gott,	Gott,						ocr_extracted	low	
33	lerch_glossary_p198_r0033:entry	198	alüsk	alüsk	raw_extraction	alüsk	alüsk	self	Wange,	Wange,						ocr_extracted	low	
34	lerch_glossary_p198_r0034:entry	198	altün	altün	raw_extraction	altün	altun, altın	existing_parent	(türk. ,jyJl), Gold,	(türk. , jyJl), Gold,	gold	rule_guess_from_german	altın	matched_harun_headword	altun, altın	headword_parented	medium	
35	lerch_glossary_p198_r0035:entry	198	altunin	altunin	raw_extraction	altûnin	altunın	existing_parent	golden.	golden.	golden	rule_guess_from_german	altınlı	matched_harun_headword	altunın	headword_parented	medium	
36	lerch_glossary_p198_r0036:entry	198	el'itidr	el'itidr	raw_extraction	êlitidr	el'itidr	self	Greis,	Greis,						ocr_extracted	low	
37	lerch_glossary_p198_r0037:entry	198	ehende	é̱hende	text_form_match	ehêndê	é̱hende	self	einige, 68.9.	einige, 68. 9.						ocr_extracted	medium	text examples: kauge-nyerib-u-sivani:s03_l11
38	lerch_glossary_p198_r0038:entry	198	ek’e	é̱ke	text_form_match	ekê	eke	existing_parent	wenn. Vgl. Krm. ek.	wenn. Vgl. Krm. ek.			diğinde	matched_dezd_headword	eke	headword_parented	medium	text examples: uc-kardes-masali:tb03_l05; uc-kardes-masali:tb03_l09; uc-kardes-masali:tb03_l12
39	lerch_glossary_p198_r0039:entry	198	enkai	ē̱nkaí	text_form_match	enkay	ē̱nkaí	self	sobald, 67.2.	sobald, 67. 2.						ocr_extracted	medium	text examples: kauge-nyerib-u-sivani:s02_l08
40	lerch_glossary_p198_r0040:entry	198	äbéra	äbéra	qa_reviewed	abêra	äbéra	self	ich lasse fallen	ich lasse fallen	to let fall / drop	qa_reviewed	bırakmak / düşürmek	qa_reviewed		qa_reviewed	high	
41	lerch_glossary_p198_r0041:entry	198	amá	amá	qa_reviewed	ama	amayene	existing_parent	ich komme	ich komme	to come / I come	qa_reviewed	gelmek / geliyorum	qa_reviewed	amayene	qa_reviewed	high	
42	lerch_glossary_p198_r0042:entry	198	amdneta	amdneta	raw_extraction	amdnêta	emdneta	see_reference	Schützling; s. emdneta.	Schützling; s. emdneta.						ocr_extracted	low	
43	lerch_glossary_p198_r0043:entry	198	ammini	ammini	raw_extraction	ammini	ammini	self	im Sommer. Vgl. Krm. havin.	im Sommer. Vgl. Krm. havin.						ocr_extracted	low	
44	lerch_glossary_p198_r0044:entry	198	Avdul’ah	Avdúl’ah	text_form_match	Avdûlah	Avdúl’ah	self	Personenname,	Personenname,	personal name	rule_guess_from_german	kişi adı	rule_guess_from_german		ocr_extracted	medium	text examples: kauge-nyerib-u-sivani:s02_l01; kauge-nyerib-u-sivani:s02_l03; kauge-nyerib-u-sivani:s02_l11
45	lerch_glossary_p198_r0045:entry	198	awe	awé̱	text_form_match	awe	awé̱	self	dieser, e, es; 50.4. auch aü’e.	dieser, e, es; 50. 4. auch aü’e.						ocr_extracted	medium	text examples: uc-kardes-masali:tb02_l04
46	lerch_glossary_p198_r0046:entry	198	engeld	engeld	raw_extraction	êngêld	engeld	self	Oberarm,	Oberarm,						ocr_extracted	low	
47	lerch_glossary_p198_r0047:entry	198	engimye	engimye	raw_extraction	êngimyê	engimye	self	Honig. Vgl. Krm. hinglv.	Honig. Vgl. Krm. hinglv.						ocr_extracted	low	
48	lerch_glossary_p198_r0048:entry	198	engist	engist	raw_extraction	êngist	engist	self	Finger. Vgl. allb: angusta; hzv: e-rp. . pärs^ npers: *. „;.r.l S. Polt Zählmethode, 283. engisti lingän, Fusszehe. engistere, Hing am Finger, eiigi'ir, Weintraube. Vgl. Ir. bei Kich: engheer, npers: jfi>\	Finger. Vgl. allb: angusta; hzv: e-rp. . pärs^ npers: *. „; . r. l S. Polt Zählmethode, 283. engisti lingän, Fusszehe. engistere, Hing am Finger, eiigi'ir, Weintraube. Vgl. Ir. bei Kich: engheer, npers: jfi>\						ocr_extracted	low	
49	lerch_glossary_p199_r0049:entry	199	gtia	gtia	raw_extraction	gtya	gtia	self	hier. etira, hierher, von hier, en’a = äna. Sn’oe = fn’a. Sn’ie, plur.	hier. etira, hierher, von hier, en’a = äna. Sn’oe = fn’a. Sn’ie, plur.						ocr_extracted	low	
50	lerch_glossary_p199_r0050:entry	199	estdr	estdr	raw_extraction	êstdr	estdr	self	Stern. Vgl. Krm. istörik, histSr, hu- stSr, sterik.	Stern. Vgl. Krm. istörik, histSr, hu- stSr, sterik.						ocr_extracted	low	
51	lerch_glossary_p199_r0051:entry	199	eiäte	eiäte	raw_extraction	êyatê	eiäte	self	warf, 58.3; 82. ii.	warf, 58. 3; 82. ii.						ocr_extracted	low	
52	lerch_glossary_p199_r0052:entry	199	eizjmi	eizjmi	raw_extraction	êyzjmi	eizjmi	self	Holz. Vgl. Krm. hezjng.	Holz. Vgl. Krm. hezjng.						ocr_extracted	low	
53	lerch_glossary_p199_r0053:entry	199	eiroe	eíroe	text_form_match	êyroê	eíroe	self	heute. Vgl. Krm. Irö. eiru = eiroe.	heute. Vgl. Krm. Irö. eiru = eiroe.	today	rule_guess_from_german	bugün	rule_guess_from_german		ocr_extracted	medium	text examples: kauge-nyerib-u-hyeni:h01_l08
54	lerch_glossary_p199_r0054:entry	199	eil	eil	raw_extraction	êyl	eil	self	eilek, Kind,	eilek, Kind,						ocr_extracted	low	
55	lerch_glossary_p199_r0055:entry	199	egit	egít	text_form_match	êgit	eğit	existing_parent	(türk. vlX), Held, 56, «4. ingist = engiät.	(türk. vlX), Held, 56, «4. ingist = engiät.			yiğit	matched_harun_headword	eğit	headword_parented	medium	text examples: uc-kardes-masali:tb08_l10; uc-kardes-masali:tb08_l12
56	lerch_glossary_p199_r0056:entry	199	oyjr	oyjr	raw_extraction	oyjr	oyjr	self	(türk.	(türk.						ocr_extracted	low	
57	lerch_glossary_p199_r0057:entry	199	Jkji	Jkji	raw_extraction	Jkji	Jkji	self	1), Glück, 54.14. . 109 V	1), Glück, 54. 14. . 109 V						ocr_extracted	low	
58	lerch_glossary_p199_r0058:entry	199	estdr	estdr	raw_extraction	êstdr	estdr	self	Pferd,	Pferd,	horse	rule_guess_from_german	at	rule_guess_from_german		ocr_extracted	low	
59	lerch_glossary_p199_r0059:entry	199	estii	estii	raw_extraction	êstyy	estii	self	ist.	ist.						ocr_extracted	low	
60	lerch_glossary_p199_r0060:entry	199	esnau kdn’a	esnau kdn’a	raw_extraction	êsnaw kdna	esnau kdn-	verb_present_stem_guess	bade mich,	bade mich,						ocr_extracted	low	
61	lerch_glossary_p199_r0061:entry	199	ez	ez	raw_extraction	êz	ez	existing_parent	ich. erd = ard.	ich. erd = ard.	I	matched_dezd_headword	ben	matched_dezd_headword	ez	headword_parented	medium	
62	lerch_glossary_p199_r0062:entry	199	erdjsi	erdjsi	raw_extraction	êrdjsi	erdjsi	self	Bart.	Bart.						ocr_extracted	low	
63	lerch_glossary_p199_r0063:entry	199	Sre’u	Sre’u	raw_extraction	Srêû	Sre-	verb_present_stem_guess	spät.	spät.						ocr_extracted	low	
64	lerch_glossary_p199_r0064:entry	199	ers kerd	ers kerd	raw_extraction	êrs kêrd	ers kerd	self	komniandirte: marsch!	komniandirte: marsch!						ocr_extracted	low	
65	lerch_glossary_p199_r0065:entry	199	eräau’üte	eräau’üte	raw_extraction	êraawütê	eräau’üte	self	schickte. ersauwen’a, (ich) schicke. Vgl. oss: apB&ryu.	schickte. ersauwen’a, (ich) schicke. Vgl. oss: apB&ryu.						ocr_extracted	low	
66	lerch_glossary_p199_r0066:entry	199	ernte	ernte	raw_extraction	êrntê	ernte	self	Schulter,	Schulter,						ocr_extracted	low	
67	lerch_glossary_p199_r0067:entry	199	em’a	em’a	raw_extraction	êma	am, aem	existing_parent	Vaterschwester.	Vaterschwester.			hala, bibi	matched_harun_headword	am, aem	headword_parented	medium	
68	lerch_glossary_p199_r0068:entry	199	emSr	emSr	raw_extraction	êmSr	emSr	self	(arab.^^c), Leben.	(arab. ^^c), Leben.						ocr_extracted	low	
69	lerch_glossary_p199_r0069:entry	199	mäoe	mäoe	raw_extraction	maoê	mäoe	self	diese Nacht. Vgl. Krm. läev. • _	diese Nacht. Vgl. Krm. läev. • _	night	rule_guess_from_german	gece	rule_guess_from_german		ocr_extracted	low	
70	lerch_glossary_p199_r0070:entry	199	Sstere	Sstere	raw_extraction	Sstêrê	Sstere	self	Horn: s. Krm. stüru. espär. weristbeespdr, stieg zu Pferde, 67.il.	Horn: s. Krm. stüru. espär. weristbeespdr, stieg zu Pferde, 67. il.						ocr_extracted	low	
71	lerch_glossary_p199_r0071:entry	199	efendim	eféndim	text_form_match	êfêndim	eféndim	self	(tiirk.^jJil), mein Herr,	(türk. . ^jJil), mein Herr,						ocr_extracted	medium	text examples: degirmenci-ve-tilki:mf02_l12; degirmenci-ve-tilki:mf02_l13; degirmenci-ve-tilki:mf03_l06
72	lerch_glossary_p199_r0072:entry	199	evära	evära	raw_extraction	êvara	evära	self	Abend.	Abend.						ocr_extracted	low	
73	lerch_glossary_p200_r0073:entry	200	umi'id	umi'id	raw_extraction	ûmiid	umi'id	self	Hoffnung. Vgl. Krm. f vi.	Hoffnung. Vgl. Krm. f vi.						ocr_extracted	low	
74	lerch_glossary_p200_r0074:entry	200	ha in	ha in	raw_extraction	ha in	ha in	self	hier; 64.8; 66.».	hier; 64. 8; 66. ».						ocr_extracted	low	
75	lerch_glossary_p200_r0075:entry	200	H'aidür	H'aidür	raw_extraction	Haydür	H'aidür	self	Personenname,	Personenname,	personal name	rule_guess_from_german	kişi adı	rule_guess_from_german		ocr_extracted	low	
76	lerch_glossary_p200_r0076:entry	200	hii’idi	hii’idi	raw_extraction	hyyidi	hii’idi	self	76. to.	76. to.						ocr_extracted	low	
77	lerch_glossary_p200_r0077:entry	200	hau	h̔āu	text_form_match	'haw	h̔āu	self	Schlaf. Vgl. Krm. liäv.	Schlaf. Vgl. Krm. liäv.						ocr_extracted	medium	text examples: goin-puhu-kusunun-hikayesi:g02_l06
78	lerch_glossary_p200_r0078:entry	200	haüna	h̔aúńa	text_form_match	'hawnya	h̔aúńa	self	sogleich,	sogleich,	immediately	rule_guess_from_german	hemen	rule_guess_from_german		ocr_extracted	medium	text examples: uc-kardes-masali:tb05_l01
79	lerch_glossary_p200_r0079:entry	200	haul	haul	qa_reviewed	hawl	haul	self	Lohn (?)	Lohn (?)	reward / pay	qa_reviewed	ödül / ücret	qa_reviewed		qa_reviewed	high	
80	lerch_glossary_p200_r0080:entry	200	hak	hak	raw_extraction	hak	hak	existing_parent	Ei. Vgl. Krm. hek.	Ei. Vgl. Krm. hek.	egg	matched_dezd_headword	yumurta	matched_dezd_headword	hak	headword_parented	medium	
81	lerch_glossary_p200_r0081:entry	200	h&tia	h&tia	raw_extraction	h&tya	h&tia	self	hier.	hier.						ocr_extracted	low	
82	lerch_glossary_p200_r0082:entry	200	hadrü	hadrü	raw_extraction	hadrü	hadrü	self	hadre, bereit, fertig, hadraü, ist fertig, hadre kerdu, bereite, 52.7.	hadre, bereit, fertig, hadraü, ist fertig, hadre kerdu, bereite, 52. 7.						ocr_extracted	low	
83	lerch_glossary_p200_r0083:entry	200	häl	Hʿāl	text_form_match	'Hal	hâl	existing_parent	(arab. jU), Zustand. ön’a Mle, dieses Mal, 77.12. Ml, Onkel von mütterlicher Seite. Vocat. hälö, 63.7. Mia, Tante von mütterlicher Seite, habür, (arab._^i), Nachricht, Bot- schaft. habür ersau’üte, benachrich- tigte, 62.12-13. ;	(arab. jU), Zustand. ön’a Mle, dieses Mal, 77. 12. Ml, Onkel von mütterlicher Seite. Vocat. hälö, 63. 7. Mia, Tante von mütterlicher Seite, habür, (arab. _^i), Nachricht, Bot- schaft. habür ersau’üte, benachrich- tigte, 62. 12-13. ;			hâl 1) durum 2) tutum, tavır 3) şimdiki zaman, içinde yaşanılan zaman 4) takat 5) kötü durum, sıkıntı, dert	matched_dezd_headword	hâl	headword_parented	medium	text examples: ali-agha-ladi-kelhani:a03_l06; ali-agha-ladi-kelhani:a03_l13; ali-agha-ladi-kelhani:a04_l02
84	lerch_glossary_p200_r0084:entry	200	üda	ud̮á	text_form_match	ûca	ud̮á	self	nieder. üda ru£n’a, fallt nieder, 55.2.	nieder. üda ru£n’a, fallt nieder, 55. 2.						ocr_extracted	medium	text examples: uc-kardes-masali:tb06_l12
85	lerch_glossary_p200_r0085:entry	200	liet	liet	raw_extraction	lyêt	liet	self	Postposition: zu, bei, 50.4: 62.is. Vgl. JC: hadä (Opp.	Postposition: zu, bei, 50. 4: 62. is. Vgl. JC: hadä (Opp.						ocr_extracted	low	
86	lerch_glossary_p200_r0086:entry	200	XVII	XVII	raw_extraction	XVYY	v	see_reference	4 ' 1 s. Bnf. Gl. s. v.)	4 ' 1 s. Bnf. Gl. s. v. )						ocr_extracted	low	
87	lerch_glossary_p200_r0087:entry	200	hetakü	hetakü	raw_extraction	hêtakü	hetakü	self	bis.	bis.						ocr_extracted	low	
88	lerch_glossary_p200_r0088:entry	200	lienek	lienek	raw_extraction	lyênêk	lienek	self	Kinn, hetia = h&tia.	Kinn, hetia = h&tia.						ocr_extracted	low	
89	lerch_glossary_p200_r0089:entry	200	H'enzi	Hʿé̱nzi	text_form_match	'Henzi	Deistei	see_reference	s. Deistei H'enzi.	s. Deistei H'enzi.						ocr_extracted	medium	text examples: kauge-nyerib-u-hyeni:h02_l10; kauge-nyerib-u-hyeni:h02_l13; kauge-nyerib-u-hyeni:h02_l14
90	lerch_glossary_p200_r0090:entry	200	lies	lies	raw_extraction	lyês	lies	self	Bär. Vgl. Krm. hirt.	Bär. Vgl. Krm. hirt.						ocr_extracted	low	
91	lerch_glossary_p200_r0091:entry	200	her	her	qa_reviewed	hêr	her	existing_parent	Esel	Esel	donkey	qa_reviewed	eşek	qa_reviewed	her	qa_reviewed	high	
92	lerch_glossary_p200_r0092:entry	200	herein	herein	raw_extraction	hêrêyn	herein	self	Harem,	Harem,						ocr_extracted	low	
93	lerch_glossary_p200_r0093:entry	200	hera’am	hera’am	raw_extraction	hêraam	hera’am	self	Bad.	Bad.						ocr_extracted	low	
94	lerch_glossary_p200_r0094:entry	200	hendür	hendür	raw_extraction	hêndür	hendür	self	Dolch. Vgl. Krm. yantür.	Dolch. Vgl. Krm. yantür.						ocr_extracted	low	
95	lerch_glossary_p200_r0095:entry	200	hers	h̔ẹ̄rs	text_form_match	'hêrs	hêrs	existing_parent	böse. Vgl. Krm. hirs.	böse. Vgl. Krm. hirs.	anger, rage, fury	matched_dezd_headword	öfke, sinir, kızgınlık,, şiddetli istek	matched_dezd_headword	hêrs	headword_parented	medium	text examples: goin-puhu-kusunun-hikayesi:g03_l15
96	lerch_glossary_p200_r0096:entry	200	hišin	hišin	qa_reviewed	hişin	xişn	existing_parent	dick?	dick?	thick / strong	qa_reviewed	kalın / güçlü	qa_reviewed	xişn	qa_reviewed	high	
97	lerch_glossary_p201_r0097:entry	201	haut	haut	raw_extraction	hawt	haut	self	sieben.	sieben.						ocr_extracted	low	
98	lerch_glossary_p201_r0098:entry	201	Iiautai	Iiautai	raw_extraction	Yyawtay	Iiautai	self	siebzig,	siebzig,						ocr_extracted	low	
99	lerch_glossary_p201_r0099:entry	201	hautaviu	hautaviu	raw_extraction	hawtavyw	hautaviu	self	siebzigste,	siebzigste,						ocr_extracted	low	
100	lerch_glossary_p201_r0100:entry	201	hautes	hautes	raw_extraction	hawtês	hautes	self	siebzebu.	siebzebu.						ocr_extracted	low	
101	lerch_glossary_p201_r0101:entry	201	hautesin	hautesin	raw_extraction	hawtêsin	hautesin	self	siebzehnte.	siebzehnte.						ocr_extracted	low	
102	lerch_glossary_p201_r0102:entry	201	hautSn	hautSn	raw_extraction	hawtSn	hautSn	self	siebente, hak = hak.	siebente, hak = hak.						ocr_extracted	low	
103	lerch_glossary_p201_r0103:entry	201	halyen	halyen	raw_extraction	halyên	halyen	self	Nest. Vgl. Krm. helin.	Nest. Vgl. Krm. helin.						ocr_extracted	low	
104	lerch_glossary_p201_r0104:entry	201	hengi	hengi	raw_extraction	hêngi	hıng, heng	existing_parent	Biene. Vgl. Krm. hingtV, Honig,	Biene. Vgl. Krm. hingtV, Honig,			arı, bal arısı	matched_harun_headword	hıng, heng	headword_parented	medium	
105	lerch_glossary_p201_r0105:entry	201	hergu	hérgu	text_form_match	hêrgû	hérgu	self	Jeder. hergu kes, ein Jeder, welcher,	Jeder. hergu kes, ein Jeder, welcher,	one	rule_guess_from_german	bir	rule_guess_from_german		ocr_extracted	medium	text examples: ali-agha-ladi-kelhani:a04_l07
106	lerch_glossary_p201_r0106:entry	201	helye	hḗlye	text_form_match	hêlyê	hḗlye	self	ein wenig,	ein wenig,	one	rule_guess_from_german	bir	rule_guess_from_german		ocr_extracted	medium	text examples: uc-kardes-masali:tb02_l14
107	lerch_glossary_p201_r0107:entry	201	hema	h̔é̱m’a	text_form_match	'hema	hema	existing_parent	aber	aber	however; only	manual_override	ancak	manual_override	hema	headword_parented	medium	text examples: kauge-nyerib-u-hyeni:h04_l14
108	lerch_glossary_p201_r0108:entry	201	heme	hé̱me	text_form_match	hemê	heme	existing_parent	hennue, alle,	hennue, alle,			1) hep(si), genel, herkes 2) mama, yemek, yiyecek (çocuk dilinde)	matched_dezd_headword	heme	headword_parented	medium	text examples: ali-agha-ladi-kelhani:a01_l10; ali-agha-ladi-kelhani:a02_l04; ali-agha-ladi-kelhani:a02_l14
109	lerch_glossary_p201_r0109:entry	201	hewd	hewd	raw_extraction	hêwd	hewd	self	Luft, Wind. hewd yen’u, der Wind gehl, bläst. Vgl. Krm. hdva.	Luft, Wind. hewd yen’u, der Wind gehl, bläst. Vgl. Krm. hdva.						ocr_extracted	low	
110	lerch_glossary_p201_r0110:entry	201	qaüvi	qaúvi	text_form_match	qawvi	qaúvi	self	qaüwi, warum, 50.2, 55.9; 8!.u.	qaüwi, warum, 50. 2, 55. 9; 8!. u.						ocr_extracted	medium	text examples: uc-kardes-masali:tb07_l05; uc-kardes-masali:tb07_l06; uc-kardes-masali:tb07_l07
111	lerch_glossary_p201_r0111:entry	201	qanz	qanz	raw_extraction	qanz	qanz	self	Gans. Vgl. Krm. qaz.	Gans. Vgl. Krm. qaz.						ocr_extracted	low	
112	lerch_glossary_p201_r0112:entry	201	qandard	qandard	raw_extraction	qandard	qandard	self	woher, 65.12.	woher, 65. 12.						ocr_extracted	low	
113	lerch_glossary_p201_r0113:entry	201	qandiiü	qandiiü	raw_extraction	qandyyw	qam	see_reference	wohiu, an welchen Ort, 87. 1; s. qam. H. heist, acht, heistai, achtzig, heistayin, achtzigste, liciätes, achtzehn. heiStesfn, achtzehule. heistin, achte, henzär, tausend, herd, breit, hergu = hergu. hiris, dreissig. hirfne, dritte, hirue, allen. Vgl. Krm. hlrö. hirye, drei, hlryes, dreizehn, hlryesiü, dreizehnte, hlryin, dritte; s. hirfne. hyegä, Feld. hyedf, hyedike, langsam, hyedi hyedl, bei Wenigem.	wohiu, an welchen Ort, 87. 1; s. qam. H. heist, acht, heistai, achtzig, heistayin, achtzigste, liciätes, achtzehn. heiStesfn, achtzehule. heistin, achte, henzär, tausend, herd, breit, hergu = hergu. hiris, dreissig. hirfne, dritte, hirue, allen. Vgl. Krm. hlrö. hirye, drei, hlryes, dreizehn, hlryesiü, dreizehnte, hlryin, dritte; s. hirfne. hyegä, Feld. hyedf, hyedike, langsam, hyedi hyedl, bei Wenigem.						ocr_extracted	low	
114	lerch_glossary_p201_r0114:entry	201	qandaüke	qandaüke	qa_reviewed	qandawkê	qandaüke	self	wo nur, an welchem Orte	wo nur, an welchem Orte	wherever / at which place	qa_reviewed	her nerede / hangi yerde	qa_reviewed		qa_reviewed	high	
115	lerch_glossary_p202_r0115:entry	202	qaländik = tiirk. acJ>	qaländik = tiirk. acJ>	raw_extraction	qalandik = tyyrk. acJ>	tiirk. acJ>	equals_reference	Rabe,	Rabe,	raven; crow	rule_guess_from_german	karga	rule_guess_from_german		ocr_extracted	low	
116	lerch_glossary_p202_r0116:entry	202	qam	qām	text_form_match	qam	qām	self	welcher, wer, 59.8. pl. qänii. qäinek, derjenige welcher, wer nur, 73.13. qämek — qämek, qämuk — qäniuk, wer — wer, 75.4; 85 . 12-13 .	welcher, wer, 59. 8. pl. qänii. qäinek, derjenige welcher, wer nur, 73. 13. qämek — qämek, qämuk — qäniuk, wer — wer, 75. 4; 85. 12-13.						ocr_extracted	medium	text examples: gespraech-mit-hassan:h03_l02; gespraech-mit-hassan:h03_l06; kauge-nyerib-u-sivani:s01_l06
117	lerch_glossary_p202_r0117:entry	202	qdfelya	qdfelya	raw_extraction	qdfêlya	qdfelya	self	schloss sich, 82.9.	schloss sich, 82. 9.						ocr_extracted	low	
118	lerch_glossary_p202_r0118:entry	202	kai kün'a	kai kün'a	raw_extraction	kay küna	kai kün-	verb_present_stem_guess	(ich) springe,	(ich) springe,						ocr_extracted	low	
119	lerch_glossary_p202_r0119:entry	202	kauyä	kauyä	raw_extraction	kawya	kauyä	self	kauye, Kampf, Streit, Schlacht. Vgl. Krin. qauyd, kauyä.	kauye, Kampf, Streit, Schlacht. Vgl. Krin. qauyd, kauyä.						ocr_extracted	low	
120	lerch_glossary_p202_r0120:entry	202	kaut	kaut	raw_extraction	kawt	ra	see_reference	fiel, 64.io; s. ra kaüta. kaüta rayer, auf den Weg fal- lend, d. h. sich auf den Weg machend, 51.7. kaut ver, zog hin (zu Jeman- dem), 55.». kaüta ver, partic., 62 is,64.4 3. 0- kaul, (ar. Jy), Rede, 57.9; 58.2.	fiel, 64. io; s. ra kaüta. kaüta rayer, auf den Weg fal- lend, d. h. sich auf den Weg machend, 51. 7. kaut ver, zog hin (zu Jeman- dem), 55. ». kaüta ver, partic. , 62 is, 64. 4 3. 0- kaul, (ar. Jy), Rede, 57. 9; 58. 2.	fall	rule_guess_from_german	düşmek	rule_guess_from_german		ocr_extracted	low	
121	lerch_glossary_p202_r0121:entry	202	kahdn	kahdn	raw_extraction	kahdn	ead	see_reference	alt; cf. Krm. s. ead. v.	alt; cf. Krm. s. ead. v.	old; oldest	rule_guess_from_german	yaşlı; en büyük	rule_guess_from_german		ocr_extracted	low	
122	lerch_glossary_p202_r0122:entry	202	kayit	kayít	text_form_match	kayit	v	see_reference	Brief; cf. Krm. s. v. kayid.	Brief; cf. Krm. s. v. kayid.						ocr_extracted	medium	text examples: uc-kardes-masali:tb05_l03; uc-kardes-masali:tb05_l13
123	lerch_glossary_p202_r0123:entry	202	katjr	katjr	raw_extraction	katjr	katjr	self	(türk.	(türk.						ocr_extracted	low	
124	lerch_glossary_p202_r0124:entry	202	Li	Li	raw_extraction	Li	Li	self	Maul- thier.	Maul- thier.						ocr_extracted	low	
125	lerch_glossary_p202_r0125:entry	202	kar	kār	text_form_match	kar	kar	existing_parent	Arbeit; cf. Krm. s. ead. v. kar kena, (ich)arbeite; s. kün’a.	Arbeit; cf. Krm. s. ead. v. kar kena, (ich)arbeite; s. kün’a.	1) work, activity 2) profit	matched_dezd_headword	1) çalışma, iş, eylem 2) kâr, kazanç	matched_dezd_headword	kar	headword_parented	medium	text examples: uc-kardes-masali:tb01_l05
126	lerch_glossary_p202_r0126:entry	202	karaküs	karaküs	raw_extraction	karaküs	karaküs	self	(türk, Habicht,	(türk, Habicht,						ocr_extracted	low	
127	lerch_glossary_p202_r0127:entry	202	k.irdi	k.irdi	raw_extraction	k.irdi	k.irdi	self	Messer. Vgl. Krm. ker.	Messer. Vgl. Krm. ker.						ocr_extracted	low	
128	lerch_glossary_p202_r0128:entry	202	qdfelna	qdfelna	raw_extraction	qdfêlna	qdfelna	self	geschlossen habend, 83.4.	geschlossen habend, 83. 4.						ocr_extracted	low	
129	lerch_glossary_p202_r0129:entry	202	qirqiSün	qi̥rqi̥šún	text_form_match	qırqışûn	qi̥rqi̥šún	self	Blei, Kugel; vgl. türk. ClAj}*- I	Blei, Kugel; vgl. türk. ClAj}*- I						ocr_extracted	medium	text examples: kauge-nyerib-u-hyeni:h04_l06
130	lerch_glossary_p202_r0130:entry	202	qjle	qjle	raw_extraction	qjlê	qjle	self	Flamme, 4.37.	Flamme, 4. 37.						ocr_extracted	low	
131	lerch_glossary_p202_r0131:entry	202	qilrn	qilrn	raw_extraction	qilrn	qilrn	self	kurz, qodt. kurz.	kurz, qodt. kurz.						ocr_extracted	low	
132	lerch_glossary_p202_r0132:entry	202	qund	qund	raw_extraction	qûnd	qund	self	ein Vogel von ’/* ^uss Grösse. Sein Schrei hat iihle Bedeutung bei den Kurden, quze = türk.	ein Vogel von ’/* ^uss Grösse. Sein Schrei hat iihle Bedeutung bei den Kurden, quze = türk.	bird; one	rule_guess_from_german	kuş; bir	rule_guess_from_german		ocr_extracted	low	
133	lerch_glossary_p202_r0133:entry	202	Karbegtini	Karbegtini	raw_extraction	Karbêgtini	Karbegtini	self	n. pr. 61.7.	n. pr. 61. 7.						ocr_extracted	low	
134	lerch_glossary_p202_r0134:entry	202	kaläni	kaläni	raw_extraction	kalani	kaläni	self	Schwerlscheide.	Schwerlscheide.						ocr_extracted	low	
135	lerch_glossary_p202_r0135:entry	202	käli kün’a	käli kün’a	raw_extraction	kali küna	käli kün-	verb_present_stem_guess	(ich) spreche,	(ich) spreche,						ocr_extracted	low	
136	lerch_glossary_p202_r0136:entry	202	kälma	kälma	raw_extraction	kalma	kälma	self	kälme, Schwert, 64.it.	kälme, Schwert, 64. it.	sword	rule_guess_from_german	kılıç	rule_guess_from_german		ocr_extracted	low	
137	lerch_glossary_p202_r0137:entry	202	kekü	kekü	raw_extraction	kêkü	kekü	self	Kuckuk. Vgl. Krm. kekö.	Kuckuk. Vgl. Krm. kekö.						ocr_extracted	low	
138	lerch_glossary_p202_r0138:entry	202	kerlng	kerlng	raw_extraction	kêrlng	kerlng	self	Kranich. Vgl. Krm. kolüig.	Kranich. Vgl. Krm. kolüig.						ocr_extracted	low	
139	lerch_glossary_p202_r0139:entry	202	kerge	kerge	raw_extraction	kêrgê	kerge	existing_parent	Huhn. G: kurka yallina che cova; s. PZ. IV 26, 27. kergai mjsri, Truthenne,	Huhn. G: kurka yallina che cova; s. PZ. IV 26, 27. kergai mjsri, Truthenne,	chicken	matched_dezd_headword	tavuk	matched_dezd_headword	kerge	headword_parented	medium	
140	lerch_glossary_p202_r0140:entry	202	kebäb	ke̱bā́b	text_form_match	kebab	kebab	existing_parent	Braten,	Braten,			kebap	matched_harun_headword	kebab	headword_parented	medium	text examples: uc-kardes-masali:tb04_l14; uc-kardes-masali:tb05_l06; uc-kardes-masali:tb05_l11
141	lerch_glossary_p202_r0141:entry	202	ke	ke	raw_extraction	kê	ke	existing_parent	dass.	dass.	1) so that, that, after, when 2) do, make	matched_dezd_headword	1) ki, eğer, şayet, ise, -diğini/-diğine, -eceğini/-eceğine, -dikten sonra 2) et	matched_dezd_headword	ke	headword_parented	medium	
142	lerch_glossary_p202_r0142:entry	202	kei	kei	raw_extraction	kêy	kei	self	Haus, Wohnung. Vgl. npers: (s. Ilaug in d. Zeitschr. d. d. m. G.	Haus, Wohnung. Vgl. npers: (s. Ilaug in d. Zeitschr. d. d. m. G.	house	rule_guess_from_german	ev	rule_guess_from_german		ocr_extracted	low	
143	lerch_glossary_p202_r0143:entry	202	VII	VII	raw_extraction	VYY	VII	self	323). keiye, ins Haus, nach Hause, 51 .9; 53.9.	323). keiye, ins Haus, nach Hause, 51. 9; 53. 9.	house	rule_guess_from_german	ev	rule_guess_from_german		ocr_extracted	low	
144	lerch_glossary_p202_r0144:entry	202	keike	keíke	text_form_match	kêykê	keíke	self	sobald als, 57.«.	sobald als, 57. «.						ocr_extracted	medium	text examples: kauge-nyerib-u-hyeni:h04_l13; uc-kardes-masali:tb09_l02
145	lerch_glossary_p203_r0145:entry	203	kcina	kcina	raw_extraction	kcina	kcina	self	Tochter, Mädchen. Ygl.altb: ka'\n\n, Jüngling, Jung- frau , kainü puella ( Itrrkli. Gl.); pärs: (Sp. PGr. 49); cf. Kuhn in Webers Ind. Stud. I, 329; Bopp Vgl. Gr. N. A. 1, 141 ; Hofers Zeitschrift I, 61, 133. yau kcinau yau lad, ein Mäd- chen und ein Knabe, 80.1.	Tochter, Mädchen. Vgl. altb: ka'\n\n, Jüngling, Jung- frau, kainü puella ( Itrrkli. Gl. ); pärs: (Sp. PGr. 49); cf. Kuhn in Webers Ind. Stud. I, 329; Bopp Vgl. Gr. N. A. 1, 141; Hofers Zeitschrift I, 61, 133. yau kcinau yau lad, ein Mäd- chen und ein Knabe, 80. 1.	daughter; girl	rule_guess_from_german	kız; kız çocuğu	rule_guess_from_german		ocr_extracted	low	
146	lerch_glossary_p203_r0146:entry	203	keincka	keincka	raw_extraction	kêyncka	keincka	self	keineke, Diminutiv von keina, 80.4, s.	keineke, Diminutiv von keina, 80. 4, s.						ocr_extracted	low	
147	lerch_glossary_p203_r0147:entry	203	keif = Krm. keif	keif = Krm. keif	raw_extraction	kêyf = Krm. kêyf	Krm. keif	equals_reference								ocr_extracted	low	
148	lerch_glossary_p203_r0148:entry	203	kenär	kenär	raw_extraction	kênar	kınar	existing_parent	Seile, Gegend. Vgl. npers: jbf.	Seile, Gegend. Vgl. npers: jbf.	edge	matched_dezd_headword	kenar	matched_dezd_headword	kınar	headword_parented	medium	
149	lerch_glossary_p203_r0149:entry	203	ken'a	kén’a	text_form_match	kêna	kerdene	existing_parent	(ich) mache	(ich) mache	to do; to make	manual_override	yapmak, etmek	manual_override	kerdene	headword_parented	medium	text examples: degirmenci-ve-tilki:mf05_l02; kauge-nyerib-u-hyeni:h01_l06; kauge-nyerib-u-hyeni:h05_l14
150	lerch_glossary_p203_r0150:entry	203	ki	ki	raw_extraction	ki	kerdene	existing_parent	(du) machst	(du) machst	to do; to make	manual_override	yapmak, etmek	manual_override	kerdene	headword_parented	medium	
151	lerch_glossary_p203_r0151:entry	203	kjd	kjd	raw_extraction	kjd	kjd	self	klein. kinga*= Krm. kinga.	klein. kinga*= Krm. kinga.	small	rule_guess_from_german	küçük	rule_guess_from_german		ocr_extracted	low	
152	lerch_glossary_p203_r0152:entry	203	kjj'ik	kjj'ik	raw_extraction	kjjik	kjj'ik	self	llais.	llais.						ocr_extracted	low	
153	lerch_glossary_p203_r0153:entry	203	kisen’a	ki̥šén’a	text_form_match	kışêna	ki̥šén-	verb_present_stem_guess	(ich) tödte, 63.o-io. kisün'i, (du) lödtest. 63.12. kist, tödtele, getödtet. kisti , siud getödtet worden, 6 1 .y; 64.13, 14. kiSya. wurde getödtet, 64.13.	(ich) tödte, 63. o-io. kisün'i, (du) lödtest. 63. 12. kist, tödtele, getödtet. kisti, siud getödtet worden, 6 1. y; 64. 13, 14. kiSya. wurde getödtet, 64. 13.						ocr_extracted	medium	text examples: kauge-nyerib-u-hyeni:h06_l06
154	lerch_glossary_p203_r0154:entry	203	kiüst	kiüst	raw_extraction	kywst	kiüst	self	Seite des menschlichen Kör- pers, 57.8 li.	Seite des menschlichen Kör- pers, 57. 8 li.						ocr_extracted	low	
155	lerch_glossary_p203_r0155:entry	203	Kird	Kird	raw_extraction	Kird	Kırd	existing_parent	Kurde,	Kurde,			bazışafi zazaların (Bingöl, Palu, Lice) kırdki dil tanımının yanında kullandıklarıkimlik tanımı	matched_dezd_headword	Kırd	headword_parented	medium	
156	lerch_glossary_p203_r0156:entry	203	kirindele	kirindele	raw_extraction	kirindêlê	kirindele	self	Frosch,	Frosch,						ocr_extracted	low	
157	lerch_glossary_p203_r0157:entry	203	kirj’e	kirj’e	raw_extraction	kirjê	kirj’e	self	Sonntag,	Sonntag,						ocr_extracted	low	
158	lerch_glossary_p203_r0158:entry	203	kildr	kildr	raw_extraction	kildr	kildr	self	(türk._^T), Eidechse,	(türk. _^T), Eidechse,						ocr_extracted	low	
159	lerch_glossary_p203_r0159:entry	203	kift	kift	raw_extraction	kift	kıft	existing_parent	Schulter.	Schulter.			omuz	matched_harun_headword	kıft	headword_parented	medium	
160	lerch_glossary_p203_r0160:entry	203	koen’a	koen’a	raw_extraction	koêna	kaut	see_reference	ruhe, schlafe; s. kaut,	ruhe, schlafe; s. kaut,						ocr_extracted	low	
161	lerch_glossary_p203_r0161:entry	203	koi	koi	raw_extraction	koy	koi	self	Berg. Cu. 306: ihjf koueke herz une montagne haute. Vgl. JC: kauf(Opp.	Berg. Cu. 306: ihjf koueke herz une montagne haute. Vgl. JC: kauf(Opp.	heart	rule_guess_from_german	kalp; yürek	rule_guess_from_german		ocr_extracted	low	
162	lerch_glossary_p203_r0162:entry	203	XVII	XVII	raw_extraction	XVYY	XVII	self	381); huzv: ao; pärs: (Sp. llzv.Gr. §21 Anm. 5); npers: i afgli: (H.); oss: xox, xoqx.	381); huzv: ao; pärs: (Sp. llzv. Gr. §21 Anm. 5); npers: i afgli: (H. ); oss: xox, xoqx.						ocr_extracted	low	
163	lerch_glossary_p203_r0163:entry	203	kotdr	kotdr	raw_extraction	kotdr	kotdr	self	Taube. Vgl. npers: J»yS, krm. kevük.	Taube. Vgl. npers: J»yS, krm. kevük.						ocr_extracted	low	
164	lerch_glossary_p203_r0164:entry	203	kör	kör	qa_reviewed	kor	kor	existing_parent	blind	blind	blind	qa_reviewed	kör	qa_reviewed	kor	qa_reviewed	high	
165	lerch_glossary_p203_r0165:entry	203	korbcld	korbcld	raw_extraction	korbcld	korbcld	self	ein Vogel, = tiirk.ac^j.	ein Vogel, = türk. . ac^j.	bird; one	rule_guess_from_german	kuş; bir	rule_guess_from_german		ocr_extracted	low	
166	lerch_glossary_p203_r0166:entry	203	kolikei zindi	kolikei zindi	raw_extraction	kolikêy zindi	kolikei zindi	self	Nasenlöcher,	Nasenlöcher,						ocr_extracted	low	
167	lerch_glossary_p203_r0167:entry	203	köpeki	kōpé̱ki	text_form_match	kopeki	kōpé̱ki	self	abschenlich, 82.8.	abschenlich, 82. 8.						ocr_extracted	medium	text examples: goin-puhu-kusunun-hikayesi:g04_l01
168	lerch_glossary_p203_r0168:entry	203	komur	komur	raw_extraction	komûr	komur	self	(türk.^y ), Kohle,	(türk. ^y ), Kohle,						ocr_extracted	low	
169	lerch_glossary_p203_r0169:entry	203	ku. (er) macht	ku. (er) macht	raw_extraction	kû. (êr) macht	ku. (er) macht	self	mache, 52. i.	mache, 52. i.						ocr_extracted	low	
170	lerch_glossary_p203_r0170:entry	203	kuen a	kuén’a	text_form_match	kwêna	kuén-	verb_present_stem_guess	(ich) klopfe,	(ich) klopfe,						ocr_extracted	medium	text examples: goin-puhu-kusunun-hikayesi:g02_l06
171	lerch_glossary_p203_r0171:entry	203	kusera	kusera	raw_extraction	kûsêra	kusera	self	wohin,	wohin,						ocr_extracted	low	
172	lerch_glossary_p203_r0172:entry	203	kut	kút̮	text_form_match	kûç	kút̮	self	Feld, Acker,	Feld, Acker,						ocr_extracted	medium	text examples: kauge-nyerib-u-hyeni:h04_l07
173	lerch_glossary_p203_r0173:entry	203	kütik	kütik	raw_extraction	kütik	kutık	existing_parent	Hund. Vgl. Krm. kütik, kuti.	Hund. Vgl. Krm. kütik, kuti.	dog	matched_dezd_headword	köpek	matched_dezd_headword	kutık	headword_parented	medium	
174	lerch_glossary_p203_r0174:entry	203	kurq	kurq	raw_extraction	kûrq	kurq	self	Fell, Pelz. Vgl. Krm. kurq. r ^^oogk	Fell, Pelz. Vgl. Krm. kurq. r ^^oogk						ocr_extracted	low	
175	lerch_glossary_p204_r0175:entry	204	kuterän	kuterän	raw_extraction	kûtêran	kuterän	self	lleerd. ii 1	lleerd. ii 1						ocr_extracted	low	
176	lerch_glossary_p204_r0176:entry	204	ga	ga	raw_extraction	ga	ga	existing_parent	Stier. Vgl. Krin. ga, ge. gai büeri, brauner Stier, gai suri, rother Stier,	Stier. Vgl. Krin. ga, ge. gai büeri, brauner Stier, gai suri, rother Stier,	ox, bullock	matched_dezd_headword	öküz (kısırlaştırılmış boğa)	matched_dezd_headword	ga	headword_parented	medium	
177	lerch_glossary_p204_r0177:entry	204	gaz keu'a	gaz keu'a	raw_extraction	gaz kêwa	gaz keu-	verb_present_stem_guess	beisse.	beisse.						ocr_extracted	low	
178	lerch_glossary_p204_r0178:entry	204	gämye	gā́mye	text_form_match	gamyê	gā́mye	self	ein wenig,	ein wenig,	one	rule_guess_from_german	bir	rule_guess_from_german		ocr_extracted	medium	text examples: uc-kardes-masali:tb02_l14
179	lerch_glossary_p204_r0179:entry	204	geira	geíra	text_form_match	gêyra	geren’a	see_reference	ging, 56.7; s. geren’a.	ging, 56. 7; s. geren’a.	go	rule_guess_from_german	gitmek	rule_guess_from_german		ocr_extracted	medium	text examples: uc-kardes-masali:tb07_l02; uc-kardes-masali:tb08_l02; uc-kardes-masali:tb08_l03
180	lerch_glossary_p204_r0180:entry	204	gcraüt	gcraüt	raw_extraction	gcrawt	gcraüt	self	nahm, griff, s. gdn’a. Vgl. Krm. girt. ez geraüta, ich bin ergrifleu worden, 56.10. liegeraüt, nahm nicht, 61.o.	nahm, griff, s. gdn’a. Vgl. Krm. girt. ez geraüta, ich bin ergrifleu worden, 56. 10. liegeraüt, nahm nicht, 61. o.	take	rule_guess_from_german	almak	rule_guess_from_german		ocr_extracted	low	
181	lerch_glossary_p204_r0181:entry	204	geren’a	geren’a	raw_extraction	gêrêna	geren-	verb_present_stem_guess	(ich) gehe. di girlai, gingen davon, 62. io.	(ich) gehe. di girlai, gingen davon, 62. io.						ocr_extracted	low	
182	lerch_glossary_p204_r0182:entry	204	gelähke	gelähke	raw_extraction	gêlahkê	gelähke	self	Mal. Ön’a gelähke, dieses Mal.	Mal. Ön’a gelähke, dieses Mal.						ocr_extracted	low	
183	lerch_glossary_p204_r0183:entry	204	gjzik	gjzik	raw_extraction	gjzik	gjzik	self	Haar,	Haar,						ocr_extracted	low	
184	lerch_glossary_p204_r0184:entry	204	gil	gil	raw_extraction	gil	gıl	existing_parent	Ast. gile = g|2ik.	Ast. gile = g|2ik.			1) dal 2) uç, zirve	matched_dezd_headword	gıl	headword_parented	medium	
185	lerch_glossary_p204_r0185:entry	204	gö’en	gö’en	raw_extraction	goên	gö’in	see_reference	Blut; s. gö’in.	Blut; s. gö’in.	blood	rule_guess_from_german	kan	rule_guess_from_german		ocr_extracted	low	
186	lerch_glossary_p204_r0186:entry	204	gö’elik	gö’elik	raw_extraction	goêlik	ga	see_reference	gölek, Kalb; s. ga.	gölek, Kalb; s. ga.						ocr_extracted	low	
187	lerch_glossary_p204_r0187:entry	204	gözeke	gözeke	raw_extraction	gozêkê	gözeke	self	Knöchel.	Knöchel.						ocr_extracted	low	
188	lerch_glossary_p204_r0188:entry	204	gen’a	ǵén’a	text_form_match	gêna	ǵén-	verb_present_stem_guess	(ich) nehme, 66.13. bigü (imp.), nimm, bigä, (ich) werde nehmen, bjgi, (du) wirst nehmen, 66.14. geraut, nahm. , k. | kutelän = kuteräh.	(ich) nehme, 66. 13. bigü (imp. ), nimm, bigä, (ich) werde nehmen, bjgi, (du) wirst nehmen, 66. 14. geraut, nahm. , k. | kutelän = kuteräh.						ocr_extracted	medium	text examples: kauge-nyerib-u-hyeni:h03_l14; uc-kardes-masali:tb08_l11
189	lerch_glossary_p204_r0189:entry	204	göst	göst	raw_extraction	gost	goşt	existing_parent	Fleisch. Vgl. Krm. göst.	Fleisch. Vgl. Krm. göst.	meat	matched_dezd_headword	et	matched_dezd_headword	goşt	headword_parented	medium	
190	lerch_glossary_p204_r0190:entry	204	gölek	gölek	raw_extraction	golêk	gölek	self	gölik = gö’elik.	gölik = gö’elik.						ocr_extracted	low	
191	lerch_glossary_p204_r0191:entry	204	gölikäu	gölikäu	raw_extraction	golikaw	gölikäu	self	Kälberweide,	Kälberweide,						ocr_extracted	low	
192	lerch_glossary_p204_r0192:entry	204	gövdndi	gövdndi	raw_extraction	govdndi	gövdndi	self	Tanz. Vgl. Krm. gövend.	Tanz. Vgl. Krm. gövend.						ocr_extracted	low	
193	lerch_glossary_p204_r0193:entry	204	gurä	gurä	raw_extraction	gûra	gurä	self	gure, Arbeit. guraükh, eine Arbeit, ein Ge- schäft. te te guraüke vädi beral me destra yen’u, welche Arbeit du ansagsl (befiehlst), mein Bruder wird sie leisten 56.4-3.	gure, Arbeit. guraükh, eine Arbeit, ein Ge- schäft. te te guraüke vädi beral me destra yen’u, welche Arbeit du ansagsl (befiehlst), mein Bruder wird sie leisten 56. 4-3.	brother; one	rule_guess_from_german	kardeş; bir	rule_guess_from_german		ocr_extracted	low	
194	lerch_glossary_p204_r0194:entry	204	gnen’a	gnen’a	raw_extraction	gnêna	gnen-	verb_present_stem_guess	(ich) falle. gnen’u eru, fallt herab, fällt auf die Erde, 57.7-8. gna, fiel. gna Ahniedi pei tlmyiru, Bei dem Achmed zwischen die Augen, 64.11-12.	(ich) falle. gnen’u eru, fallt herab, fällt auf die Erde, 57. 7-8. gna, fiel. gna Ahniedi pei tlmyiru, Bei dem Achmed zwischen die Augen, 64. 11-12.	earth; ground	rule_guess_from_german	toprak; yer	rule_guess_from_german		ocr_extracted	low	
195	lerch_glossary_p204_r0195:entry	204	gern	gern	raw_extraction	gêrn	Aktk	see_reference	wann. Vgl. Krm. germ, germ. Xa’in, (arab. ^.li), Verräthcr. Xa'ine ken’a, (ich) verrathe. Vgl. Krm. ka’in. Xazirän, Monatsn.; s. Aktk. I.S.xv. •yarib, (ar. fremd. yal6, YVaizen. Vgl. Krm. genim.	wann. Vgl. Krm. germ, germ. Xa’in, (arab. ^. li), Verräthcr. Xa'ine ken’a, (ich) verrathe. Vgl. Krm. ka’in. Xazirän, Monatsn. ; s. Aktk. I. S. xv. •yarib, (ar. fremd. yal6, YVaizen. Vgl. Krm. genim.						ocr_extracted	low	
196	lerch_glossary_p205_r0196:entry	205	tau	t̮au	text_form_match	çaw	t̮au	self	Jemand. tau tchemia, niemals, taüde, nirgend, tewi desti, keines Menschen Hand.	Jemand. tau tchemia, niemals, taüde, nirgend, tewi desti, keines Menschen Hand.	hand	rule_guess_from_german	el	rule_guess_from_german		ocr_extracted	medium	text examples: goin-puhu-kusunun-hikayesi:g02_l05; kauge-nyerib-u-hyeni:h02_l11; kauge-nyerib-u-hyeni:h03_l10
197	lerch_glossary_p205_r0197:entry	205	taurös	taurös	raw_extraction	tawros	taurös	self	vierzig,	vierzig,						ocr_extracted	low	
198	lerch_glossary_p205_r0198:entry	205	tauresin	tauresin	raw_extraction	tawrêsin	tauresin	self	vierzigste.	vierzigste.						ocr_extracted	low	
199	lerch_glossary_p205_r0199:entry	205	tÄke	tÄke	raw_extraction	tAkê	tÄke	self	Schienbein,	Schienbein,						ocr_extracted	low	
200	lerch_glossary_p205_r0200:entry	205	tankäl	tankäl	raw_extraction	tankal	tankäl	self	Fledermaus,	Fledermaus,						ocr_extracted	low	
201	lerch_glossary_p205_r0201:entry	205	tare	tare	raw_extraction	tarê	tare	self	Stirn,	Stirn,						ocr_extracted	low	
202	lerch_glossary_p205_r0202:entry	205	tarös	tarös	raw_extraction	taros	tarös	self	vierzehn,	vierzehn,						ocr_extracted	low	
203	lerch_glossary_p205_r0203:entry	205	taresin	taresin	raw_extraction	tarêsin	taresin	self	vierzehnte,	vierzehnte,						ocr_extracted	low	
204	lerch_glossary_p205_r0204:entry	205	taräcme	taräcme	raw_extraction	taracmê	taräcme	self	Mittwoch. Vgl. Krm. tarsembe.	Mittwoch. Vgl. Krm. tarsembe.						ocr_extracted	low	
205	lerch_glossary_p205_r0205:entry	205	tarSQ	tarSQ	raw_extraction	tarSQ	Krm	see_reference	Markt; s. Krm. tarsü. tek = tek.	Markt; s. Krm. tarsü. tek = tek.						ocr_extracted	low	
206	lerch_glossary_p205_r0206:entry	205	tend	tend	raw_extraction	tênd	tend	self	wie viel.	wie viel.						ocr_extracted	low	
207	lerch_glossary_p205_r0207:entry	205	çene	çene	raw_extraction	cênê	çene	existing_parent	Kinn	Kinn	1) corner, edge 2) chin, mentum 3) talkativeness, loquacity	manual_override	1) köşe 2) çene 3) çok konuşma huyu, gevezelik	manual_override	çene	headword_parented	medium	
208	lerch_glossary_p205_r0208:entry	205	IV	IV	raw_extraction	İV	IV	self	20-21. Teite, Ortsname, 63. l. yizmkär = krm.	20-21. Teite, Ortsname, 63. l. yizmkär = krm.						ocr_extracted	low	
209	lerch_glossary_p205_r0209:entry	205	Yjzmkär	Yjzmkär	raw_extraction	Yjzmkar	Yjzmkär	self	jfizni- kär. Tele = krm. Tirt.	jfizni- kär. Tele = krm. Tirt.						ocr_extracted	low	
210	lerch_glossary_p205_r0210:entry	205	tehtir	tehtir	raw_extraction	têhtir	tehtir	self	vier,	vier,	four	rule_guess_from_german	dört	rule_guess_from_german		ocr_extracted	low	
211	lerch_glossary_p205_r0211:entry	205	teherin	teherin	raw_extraction	têhêrin	teherin	self	vierte,	vierte,						ocr_extracted	low	
212	lerch_glossary_p205_r0212:entry	205	tek	tek	raw_extraction	têk	tek	self	Pistole.	Pistole.						ocr_extracted	low	
213	lerch_glossary_p205_r0213:entry	205	tenitaqü	tenitaqü	raw_extraction	tênitaqü	tenitaqü	self	temteqü pa§ä, 84 sq.	temteqü pa§ä, 84 sq.						ocr_extracted	low	
214	lerch_glossary_p205_r0214:entry	205	tjmke	tjmke	raw_extraction	tjmkê	tjmke	self	sobald, 70.i2-t3.	sobald, 70. i2-t3.						ocr_extracted	low	
215	lerch_glossary_p205_r0215:entry	205	çı	çı	raw_extraction	cı	çı	self	Speise, 54.10.	Speise, 54. 10.						ocr_extracted	low	
216	lerch_glossary_p205_r0216:entry	205	çı	çı	raw_extraction	cı	çı	existing_parent	was	was	what	manual_override	ne	manual_override	çı	headword_parented	medium	
217	lerch_glossary_p205_r0217:entry	205	tiän	tiän	raw_extraction	tyan	tiän	self	(türk. ^L»), Eidechse,	(türk. ^L»), Eidechse,						ocr_extracted	low	
218	lerch_glossary_p205_r0218:entry	205	tikarei	tikarei	qa_reviewed	tikarêy	tikarei	self	was treibt ihr, was macht ihr?	was treibt ihr, was macht ihr?	what are you doing?	qa_reviewed	ne yapıyorsunuz?	qa_reviewed		qa_reviewed	high	
219	lerch_glossary_p205_r0219:entry	205	tide	tide	raw_extraction	tidê	tide	self	Brust (weibliche). Vgl. P. Boetticher Arica, p. 72 (172).	Brust (weibliche). Vgl. P. Boetticher Arica, p. 72 (172).						ocr_extracted	low	
220	lerch_glossary_p205_r0220:entry	205	tinau	tinau	qa_reviewed	tinaw	tinau	self	wie ist?	wie ist?	how is it?	qa_reviewed	nasıl?	qa_reviewed		qa_reviewed	high	
221	lerch_glossary_p205_r0221:entry	205	tinßn’a	tinßn’a	raw_extraction	tinßna	tinßn-	verb_present_stem_guess	(ich) schneide, mähe, tina, schnitt, 49.9; 50.8. bitiua, (ich) werde schneiden, bitini, werden schneiden, 49.7.	(ich) schneide, mähe, tina, schnitt, 49. 9; 50. 8. bitiua, (ich) werde schneiden, bitini, werden schneiden, 49. 7.						ocr_extracted	low	
222	lerch_glossary_p206_r0222:entry	206	tihü	tihü	raw_extraction	tihü	tihü	self	ist nicht, 55.12-13. Vgl. Krm. tune,	ist nicht, 55. 12-13. Vgl. Krm. tune,						ocr_extracted	low	
223	lerch_glossary_p206_r0223:entry	206	tiralic	tiralic	raw_extraction	tiralic	tiralic	self	(ar. ^Ij»), Chirurg. [ez tirdhei d'ewya, ich bin der Chirurg des Dev, nicht: ich	(ar. ^Ij»), Chirurg. [ez tirdhei d'ewya, ich bin der Chirurg des Dev, nicht: ich						ocr_extracted	low	
224	lerch_glossary_p206_r0224:entry	206	da	dā	text_form_match	da	dā	self	Ort. Vgl. Krm. dl, di. däde ver da, warf hiD, warf bei Seite, 72.3-4. daiki, an einem Orte, irgendwo.	Ort. Vgl. Krm. dl, di. däde ver da, warf hiD, warf bei Seite, 72. 3-4. daiki, an einem Orte, irgendwo.						ocr_extracted	medium	text examples: degirmenci-ve-tilki:mf02_l12; degirmenci-ve-tilki:mf03_l10; kauge-nyerib-u-hyeni:h02_l04
225	lerch_glossary_p206_r0225:entry	206	<Jau	<Jau	raw_extraction	<Jaw	<Jau	self	Gerste. Vgl. Krm. de.	Gerste. Vgl. Krm. de.						ocr_extracted	low	
226	lerch_glossary_p206_r0226:entry	206	Pauz	Pauz	raw_extraction	Pawz	Pauz	self	Ortsname, 71.5.	Ortsname, 71. 5.	place name	rule_guess_from_german	yer adı	rule_guess_from_german		ocr_extracted	low	
227	lerch_glossary_p206_r0227:entry	206	dan mirdi	dan mirdi	raw_extraction	dan mirdi	dan mirdi	self	Heldenseele,	Heldenseele,						ocr_extracted	low	
228	lerch_glossary_p206_r0228:entry	206	dal	dal	raw_extraction	dal	dal	self	bitter. Vgl. Krm. tal.	bitter. Vgl. Krm. tal.						ocr_extracted	low	
229	lerch_glossary_p206_r0229:entry	206	debäb	debäb	raw_extraction	dêbab	debäb	self	(ar. ^Jy»), Au ,wort. debäbe ken’a , debiibc dann, (ich) antworte, 50.8.	(ar. ^Jy»), Au, wort. debäbe ken’a, debiibc dann, (ich) antworte, 50. 8.						ocr_extracted	low	
230	lerch_glossary_p206_r0230:entry	206	navaüke	ńavaúke	text_form_match	nyavawkê	ńavaúke	self	so lange bis, nicht frü- her als, 66.14; 67. l.	so lange bis, nicht frü- her als, 66. 14; 67. l.						ocr_extracted	medium	text examples: kauge-nyerib-u-sivani:s02_l06; kauge-nyerib-u-sivani:s02_l07
231	lerch_glossary_p206_r0231:entry	206	liebe	liebe	raw_extraction	lyêbê	liebe	self	hebe, nicht, 49.2; 61.9.	hebe, nicht, 49. 2; 61. 9.						ocr_extracted	low	
232	lerch_glossary_p206_r0232:entry	206	he	h̔é̱	text_form_match	'he	h̔é̱	self	nicht,	nicht,						ocr_extracted	medium	text examples: uc-kardes-masali:tb06_l05
233	lerch_glossary_p206_r0233:entry	206	hebl	hebl	raw_extraction	hêbl	hebl	self	waren nicht,	waren nicht,						ocr_extracted	low	
234	lerch_glossary_p206_r0234:entry	206	nddl	nddl	raw_extraction	nddl	nddl	self	sah nicht, 55.6. hin ein Devbändiger, trie 57.2 übersetzt ist.]	sah nicht, 55. 6. hin ein Devbändiger, trie 57. 2 übersetzt ist. ]	see	rule_guess_from_german	görmek	rule_guess_from_german		ocr_extracted	low	
235	lerch_glossary_p206_r0235:entry	206	tiri	t̮íri	text_form_match	çiri	t̮íri	self	warum, 73.7.	warum, 73. 7.						ocr_extracted	medium	text examples: kauge-nyerib-u-hyeni:h03_l06
236	lerch_glossary_p206_r0236:entry	206	tirtele	tirtele	raw_extraction	tirtêlê	tirtele	self	Heimchen,	Heimchen,						ocr_extracted	low	
237	lerch_glossary_p206_r0237:entry	206	çım	çım	raw_extraction	cım	çım	existing_parent	Auge	Auge	eye	manual_override	göz	manual_override	çım	headword_parented	medium	
238	lerch_glossary_p206_r0238:entry	206	tö	tö	raw_extraction	to	tö	self	tü, Stab.	tü, Stab.						ocr_extracted	low	
239	lerch_glossary_p206_r0239:entry	206	toadüli	toadüli	raw_extraction	toadüli	tjde	see_reference	Säugling; s. tjde.	Säugling; s. tjde.						ocr_extracted	low	
240	lerch_glossary_p206_r0240:entry	206	tü	tü	raw_extraction	tü	tö	see_reference	s. tö.	s. tö.						ocr_extracted	low	
241	lerch_glossary_p206_r0241:entry	206	denazd	denazd	raw_extraction	dênazd	denazd	self	Leiche, 65. i.	Leiche, 65. i.						ocr_extracted	low	
242	lerch_glossary_p206_r0242:entry	206	denen’a	denen’a	raw_extraction	dênêna	denen-	verb_present_stem_guess	ez vizdi denen’a, ich pfeife,	ez vizdi denen’a, ich pfeife,						ocr_extracted	low	
243	lerch_glossary_p206_r0243:entry	206	diei	d̮ieí	text_form_match	cyêy	d̮ieí	self	ma hirye hemine berä'i diei, wir alle drei sind Brüder, 50.io.	ma hirye hemine berä'i diei, wir alle drei sind Brüder, 50. io.	three	rule_guess_from_german	üç	rule_guess_from_german		ocr_extracted	medium	text examples: uc-kardes-masali:tb02_l10
244	lerch_glossary_p206_r0244:entry	206	dit	d̮it	text_form_match	cit	d̮it	self	Pflug, Pfluggespaun. Vgl. Krm. döt. dit kdn’e, (ich) pflüge,	Pflug, Pfluggespaun. Vgl. Krm. döt. dit kdn’e, (ich) pflüge,						ocr_extracted	medium	text examples: kauge-nyerib-u-hyeni:h01_l03; kauge-nyerib-u-hyeni:h01_l05; kauge-nyerib-u-hyeni:h01_l06
245	lerch_glossary_p206_r0245:entry	206	dinazd	dinazd	raw_extraction	dinazd	dinazd	self	Leiche: s. denazd.	Leiche: s. denazd.						ocr_extracted	low	
246	lerch_glossary_p206_r0246:entry	206	döan	d̮ṓan	text_form_match	coan	d̮ṓan	self	veri doan, einst, 71.3.	veri doan, einst, 71. 3.						ocr_extracted	medium	text examples: kauge-nyerib-u-hyeni:h01_l02; kauge-nyerib-u-sivani:s01_l02
247	lerch_glossary_p206_r0247:entry	206	dör	dör	raw_extraction	dor	dör	self	Grube.	Grube.						ocr_extracted	low	
248	lerch_glossary_p206_r0248:entry	206	nennst	nennst	raw_extraction	nênnst	nennst	self	schrieb nicht,	schrieb nicht,						ocr_extracted	low	
249	lerch_glossary_p206_r0249:entry	206	nesen’a väda	nesen’a väda	raw_extraction	nêsêna vada	nesen’a väda	self	werde nicht spre chen, 61.8.	werde nicht spre chen, 61. 8.						ocr_extracted	low	
250	lerch_glossary_p206_r0250:entry	206	neSnawhn'a	neSnawhn'a	raw_extraction	nêSnawhna	neSnawhn-	verb_present_stem_guess	(ich) höre nicht,	(ich) höre nicht,						ocr_extracted	low	
251	lerch_glossary_p206_r0251:entry	206	hesna'ütu	hesna'ütu	raw_extraction	hêsnaütû	hesna'ütu	self	hörte nicht, 50.7.	hörte nicht, 50. 7.						ocr_extracted	low	
252	lerch_glossary_p206_r0252:entry	206	Nerib	Ńeríb	text_form_match	Nyêrib	Ńeríb	self	Ortsname.	Ortsname.	place name	rule_guess_from_german	yer adı	rule_guess_from_german		ocr_extracted	medium	text examples: kauge-nyerib-u-hyeni:h01_l01; kauge-nyerib-u-hyeni:h01_l02; kauge-nyerib-u-hyeni:h02_l04
253	lerch_glossary_p207_r0253:entry	207	f Nerbkl	f Nerbkl	raw_extraction	f Nêrbkl	f Nerbkl	self	Appellativ von Nerib.	Appellativ von Nerib.						ocr_extracted	low	
254	lerch_glossary_p207_r0254:entry	207	iieben’i	iieben’i	raw_extraction	yyêbêni	iieben’i	self	sind nicht, werden nicht	sind nicht, werden nicht						ocr_extracted	low	
255	lerch_glossary_p207_r0255:entry	207	ya	ya	raw_extraction	ya	a	existing_parent	sie (3. pcrs. sing.), 51.7. tide yai (yei), ihre Brust, ihre Brüste, 1.«. niyßrde yai, ihr Mann, bauke ye, ihr Vater (leur pere), 64 . 13-14 .	sie (3. pcrs. sing. ), 51. 7. tide yai (yei), ihre Brust, ihre Brüste, 1. «. niyßrde yai, ihr Mann, bauke ye, ihr Vater (leur pere), 64. 13-14.	she	matched_dezd_headword	o	matched_dezd_headword	a	headword_parented	medium	
256	lerch_glossary_p207_r0256:entry	207	yau	yau	raw_extraction	yaw	yau	self	ein, eine, ein.	ein, eine, ein.	one	rule_guess_from_german	bir	rule_guess_from_german		ocr_extracted	low	
257	lerch_glossary_p207_r0257:entry	207	yaudds	yaudds	raw_extraction	yawdds	yaudds	self	eilf.	eilf.						ocr_extracted	low	
258	lerch_glossary_p207_r0258:entry	207	yaudesin	yaudesin	raw_extraction	yawdêsin	yaudesin	self	eilfte.	eilfte.						ocr_extracted	low	
259	lerch_glossary_p207_r0259:entry	207	yatina	yatina	raw_extraction	yatina	yatina	self	der, die, das andere, yaundes = yaudes.	der, die, das andere, yaundes = yaudes.						ocr_extracted	low	
260	lerch_glossary_p207_r0260:entry	207	yaüve	yaüve	raw_extraction	yawvê	yaüve	self	erste,	erste,						ocr_extracted	low	
261	lerch_glossary_p207_r0261:entry	207	ya rödi	ya rödi	raw_extraction	ya rodi	ya rödi	self	längst,	längst,						ocr_extracted	low	
262	lerch_glossary_p207_r0262:entry	207	yedeg	yedeg	raw_extraction	yêdêg	yedeg	self	Ring am Finger.	Ring am Finger.						ocr_extracted	low	
263	lerch_glossary_p207_r0263:entry	207	teir	teir	raw_extraction	têyr	tra	see_reference	(ar.^rX), Vogel, terä kerd = tra kerd ; s. tra ken’a.	(ar. ^rX), Vogel, terä kerd = tra kerd; s. tra ken’a.	bird	rule_guess_from_german	kuş	rule_guess_from_german		ocr_extracted	low	
264	lerch_glossary_p207_r0264:entry	207	terd geraut	terd geraut	raw_extraction	têrd gêrawt	terd geraut	self	entriss, riss aus (der Hand).	entriss, riss aus (der Hand).	hand	rule_guess_from_german	el	rule_guess_from_german		ocr_extracted	low	
265	lerch_glossary_p207_r0265:entry	207	terek	té̱rek	text_form_match	terêk	té̱rek	self	Fehde,	Fehde,						ocr_extracted	medium	text examples: kauge-nyerib-u-hyeni:h09_l10
266	lerch_glossary_p207_r0266:entry	207	tebdr	tebdr	raw_extraction	têbdr	tebdr	self	heraus, hinaus. se tebdr, ging hinaus,	heraus, hinaus. se tebdr, ging hinaus,	go	rule_guess_from_german	gitmek	rule_guess_from_german		ocr_extracted	low	
267	lerch_glossary_p207_r0267:entry	207	tjzi	tjzi	raw_extraction	tjzi	tu	see_reference	auch du; s. tu.	auch du; s. tu.						ocr_extracted	low	
268	lerch_glossary_p207_r0268:entry	207	Tjrk	Tjrk	raw_extraction	Tjrk	Tjrk	self	Türke.	Türke.						ocr_extracted	low	
269	lerch_glossary_p207_r0269:entry	207	tjrs	tjrs	raw_extraction	tjrs	tjrs	self	Schild (nicht Gürtel wie 72. übersetzt ist),	Schild (nicht Gürtel wie 72. übersetzt ist),						ocr_extracted	low	
270	lerch_glossary_p207_r0270:entry	207	tia	tía	text_form_match	tya	ctia	see_reference	hier; s. ctia. sein, 62 9.	hier; s. ctia. sein, 62 9.						ocr_extracted	medium	text examples: degirmenci-ve-tilki:mf03_l09
271	lerch_glossary_p207_r0271:entry	207	nu	ńu	text_form_match	nyû	ńu	self	ist nicht, 62. i»	ist nicht, 62. i»						ocr_extracted	medium	text examples: ali-agha-ladi-kelhani:a02_l03; kauge-nyerib-u-sivani:s02_l10
272	lerch_glossary_p207_r0272:entry	207	ye	ye	raw_extraction	yê	a	existing_parent	s. ya.	s. ya.	she	matched_dezd_headword	o	matched_dezd_headword	a	headword_parented	medium	
273	lerch_glossary_p207_r0273:entry	207	yei	yei	raw_extraction	yêy	ya	see_reference	s. ya.	s. ya.						ocr_extracted	low	
274	lerch_glossary_p207_r0274:entry	207	yen’a	yen’a	qa_reviewed	yêna	amayene	existing_parent	ich komme	ich komme	to come / I come	qa_reviewed	gelmek / geliyorum	qa_reviewed	amayene	qa_reviewed	high	
275	lerch_glossary_p207_r0275:entry	207	ydni	ydni	raw_extraction	ydni	ydni	self	sein, seine, sein; ihr, ihre, ihr, 49.3. y£ne, 64.3. ydnera, 64.4.	sein, seine, sein; ihr, ihre, ihr, 49. 3. y£ne, 64. 3. ydnera, 64. 4.						ocr_extracted	low	
276	lerch_glossary_p207_r0276:entry	207	yere	yere	raw_extraction	yêrê	yere	existing_parent	Abend; Nachmittagszeit	Abend; Nachmittagszeit	afternoon; late afternoon prayer time	manual_override	ikindi, öğle ile akşam arası vakit	manual_override	yere	headword_parented	medium	
277	lerch_glossary_p207_r0277:entry	207	yemiS	yemiS	raw_extraction	yêmiS	yemiş	existing_parent	Frucht.	Frucht.			yemiş	matched_harun_headword	yemiş	headword_parented	medium	
278	lerch_glossary_p207_r0278:entry	207	tiii	tiii	raw_extraction	tyyy	tiii	self	Schein, Glanz.	Schein, Glanz.						ocr_extracted	low	
279	lerch_glossary_p207_r0279:entry	207	tilislm	tilislm	raw_extraction	tilislm	tilislm	self	(ar. fJL), Talisman.	(ar. fJL), Talisman.						ocr_extracted	low	
280	lerch_glossary_p207_r0280:entry	207	top kerd	top kerd	raw_extraction	top kêrd	top kerd	self	sammelte, versammelte. tople kerd, versammelte,	sammelte, versammelte. tople kerd, versammelte,						ocr_extracted	low	
281	lerch_glossary_p207_r0281:entry	207	turge	turge	raw_extraction	tûrgê	turge	self	’ Hagel,	’ Hagel,						ocr_extracted	low	
282	lerch_glossary_p207_r0282:entry	207	tu	tu	raw_extraction	tû	tı	existing_parent	du.	du.	you	matched_dezd_headword	sen, seni	matched_dezd_headword	tı	headword_parented	medium	
283	lerch_glossary_p207_r0283:entry	207	tumäni	tumäni	raw_extraction	tûmani	tumani	existing_parent	Hosen.	Hosen.	underpants	matched_dezd_headword	külotlar	matched_dezd_headword	tumani	headword_parented	medium	
284	lerch_glossary_p207_r0284:entry	207	tufiiig	tufiiig	raw_extraction	tûfyyyg	Krm	see_reference	Flinte; s. Krm. tufeng.	Flinte; s. Krm. tufeng.						ocr_extracted	low	
285	lerch_glossary_p207_r0285:entry	207	tuyera	tṳ́yera	text_form_match	tüyêra	tṳ́yera	self	däre tuyera, Maulbeerbaum,	däre tuyera, Maulbeerbaum,						ocr_extracted	medium	text examples: gespraech-mit-hassan:h02_l11
286	lerch_glossary_p207_r0286:entry	207	tra ken’a	tra ken’a	raw_extraction	tra kêna	tra ken-	verb_present_stem_guess	reisse aus, schlage ab. tra ke (imp.), schlage ab. tra kerd, riss ab, schlug ab.	reisse aus, schlage ab. tra ke (imp. ), schlage ab. tra kerd, riss ab, schlug ab.						ocr_extracted	low	
287	lerch_glossary_p208_r0287:entry	208	da	dā	text_form_match	da	dayene	existing_parent	gab; s. d;iua.	gab; s. d; iua.	give	matched_dezd_headword	vermek	matched_dezd_headword	dayene	headword_parented	medium	text examples: degirmenci-ve-tilki:mf02_l12; degirmenci-ve-tilki:mf03_l10; kauge-nyerib-u-hyeni:h02_l04
288	lerch_glossary_p208_r0288:entry	208	daike	daike	raw_extraction	daykê	daike	self	Mutter. Vgl. Krm. dl.	Mutter. Vgl. Krm. dl.	mother	rule_guess_from_german	anne	rule_guess_from_german		ocr_extracted	low	
289	lerch_glossary_p208_r0289:entry	208	dau	dau	raw_extraction	daw	dau	self	Dorf. Vgl. npers: 0a.	Dorf. Vgl. npers: 0a.	village	rule_guess_from_german	köy	rule_guess_from_german		ocr_extracted	low	
290	lerch_glossary_p208_r0290:entry	208	daiuin	daiuin	raw_extraction	daywyn	daiuin	self	Dorfbewohner,	Dorfbewohner,						ocr_extracted	low	
291	lerch_glossary_p208_r0291:entry	208	daiilbe	daiilbe	raw_extraction	dayylbê	daiilbe	self	Trommel.	Trommel.						ocr_extracted	low	
292	lerch_glossary_p208_r0292:entry	208	daM	daM	raw_extraction	daM	daM	self	(türk, ^ia), noch, dat.	(türk, ^ia), noch, dat.						ocr_extracted	low	
293	lerch_glossary_p208_r0293:entry	208	Onkel	Onkel	raw_extraction	Onkêl	Onkel	self	Vatersbruder,	Vatersbruder,						ocr_extracted	low	
294	lerch_glossary_p208_r0294:entry	208	däna	dā́na	text_form_match	dana	dā́na	self	(ich) gebe. Vgl. Krm. da. dar. Baum. Vgl. Knn. dar.	(ich) gebe. Vgl. Krm. da. dar. Baum. Vgl. Knn. dar.						ocr_extracted	medium	text examples: kauge-nyerib-u-hyeni:h03_l12; uc-kardes-masali:tb02_l06; uc-kardes-masali:tb04_l11
295	lerch_glossary_p208_r0295:entry	208	DeStei Henzi	DeStei Henzi	raw_extraction	DêStêy Hênzi	dei'Ste	see_reference	Ortsname, 66 1 -2 ; s. dei'Ste.	Ortsname, 66 1 -2; s. dei'Ste.	place name	rule_guess_from_german	yer adı	rule_guess_from_german		ocr_extracted	low	
296	lerch_glossary_p208_r0296:entry	208	des	des	raw_extraction	dês	des	existing_parent	zehn,	zehn,	ten	rule_guess_from_german	on	matched_harun_headword	des	headword_parented	medium	
297	lerch_glossary_p208_r0297:entry	208	desfn	desfn	raw_extraction	dêsfn	desfn	self	zehnte,	zehnte,						ocr_extracted	low	
298	lerch_glossary_p208_r0298:entry	208	dest	de̱st	text_form_match	dest	dest	existing_parent	Hand. S. Krm. dest.	Hand. S. Krm. dest.	hand	matched_dezd_headword	el	matched_dezd_headword	dest	headword_parented	medium	text examples: degirmenci-ve-tilki:mf03_l02; degirmenci-ve-tilki:mf03_l03; kauge-nyerib-u-hyeni:h02_l01
299	lerch_glossary_p208_r0299:entry	208	derg	derg	raw_extraction	dêrg	derg	existing_parent	lang. Vgl. Krm. deröü. derg ken’a, verlängere, mache lang.	lang. Vgl. Krm. deröü. derg ken’a, verlängere, mache lang.	1) long 2) high	matched_dezd_headword	1) yüksek 2) büyük (direk, ağaç)	matched_dezd_headword	derg	headword_parented	medium	
300	lerch_glossary_p208_r0300:entry	208	derd	derd	raw_extraction	dêrd	derd	existing_parent	Schmerz. S. Krm. derd.	Schmerz. S. Krm. derd.	worry, sorrow	matched_dezd_headword	dert	matched_dezd_headword	derd	headword_parented	medium	
301	lerch_glossary_p208_r0301:entry	208	del	del	raw_extraction	dêl	del	existing_parent	Hündin	Hündin	female dog; bitch	manual_override	dişi köpek	manual_override	del	headword_parented	medium	
302	lerch_glossary_p208_r0302:entry	208	deve	deve	raw_extraction	dêvê	deve	existing_parent	(ar. 0_>a). Kameel.	(ar. 0_>a). Kameel.	camel	matched_dezd_headword	deve	matched_dezd_headword	deve	headword_parented	medium	
303	lerch_glossary_p208_r0303:entry	208	deyine	deyíne	text_form_match	dêyinê	deyíne	self	geschieht,	geschieht,						ocr_extracted	medium	text examples: uc-kardes-masali:tb01_l02
304	lerch_glossary_p208_r0304:entry	208	dendän	dendän	raw_extraction	dêndan	dendän	self	Zahn. Vgl. Krm. dedän. des = des. des u heiät, achtzehn, des u nau, neunzehn.	Zahn. Vgl. Krm. dedän. des = des. des u heiät, achtzehn, des u nau, neunzehn.	tooth	rule_guess_from_german	diş	rule_guess_from_german		ocr_extracted	low	
305	lerch_glossary_p208_r0305:entry	208	desmäl	desmäl	raw_extraction	dêsmal	desmäl	self	Waschung.	Waschung.						ocr_extracted	low	
306	lerch_glossary_p208_r0306:entry	208	deläl	deläl	raw_extraction	dêlal	dellal	existing_parent	Ausrufer, Herold	Ausrufer, Herold	town crier; herald	manual_override	tellal, yüksek sesle bağırıp bir şeyi ilan eden kişi	manual_override	dellal	headword_parented	medium	
307	lerch_glossary_p208_r0307:entry	208	di	dī	text_form_match	di	dı	existing_parent	zwei.	zwei.	two, 2	matched_dezd_headword	iki, 2	matched_dezd_headword	dı	headword_parented	medium	text examples: gespraech-mit-hassan:h03_l08; gespraech-mit-hassan:h03_l09; gespraech-mit-hassan:h03_l10
308	lerch_glossary_p208_r0308:entry	208	diSeme	diSeme	raw_extraction	diSêmê	dışeme	existing_parent	Montag. Vgl. Krm. duäembü.	Montag. Vgl. Krm. duäembü.	monday	matched_dezd_headword	pazartesi	matched_dezd_headword	dışeme	headword_parented	medium	
309	lerch_glossary_p208_r0309:entry	208	dismen	dismen	raw_extraction	dismên	dışmen	existing_parent	Feind,	Feind,	enemy	matched_dezd_headword	düşman	matched_dezd_headword	dışmen	headword_parented	medium	
310	lerch_glossary_p208_r0310:entry	208	dizd	di̥zd	text_form_match	dızd	dızd	existing_parent	Dieb. Vgl. Krm. diz.	Dieb. Vgl. Krm. diz.	thief	matched_dezd_headword	hırsız	matched_dezd_headword	dızd	headword_parented	medium	text examples: kauge-nyerib-u-sivani:s01_l04
311	lerch_glossary_p208_r0311:entry	208	djzdei	djzdei	raw_extraction	djzdêy	djzdei	self	verborgen, heimlich,	verborgen, heimlich,						ocr_extracted	low	
312	lerch_glossary_p208_r0312:entry	208	dirnä	di̥rná	text_form_match	dırna	dırnayene	existing_parent	zerriss, 5l.n.	zerriss, 5l. n.	to tear up	matched_dezd_headword	yırtmak, parça parça etmek	matched_dezd_headword	dırnayene	headword_parented	medium	text examples: uc-kardes-masali:tb03_l08; uc-kardes-masali:tb05_l10
313	lerch_glossary_p208_r0313:entry	208	dl	dl	raw_extraction	dl	dl	self	sah. dia, gesehen. ez diän, diau, ich habe gesehen,	sah. dia, gesehen. ez diän, diau, ich habe gesehen,	see	rule_guess_from_german	görmek	rule_guess_from_german		ocr_extracted	low	
314	lerch_glossary_p208_r0314:entry	208	diüne	diüne	raw_extraction	dywnê	diüne	self	diin, zweite,	diin, zweite,						ocr_extracted	low	
315	lerch_glossary_p208_r0315:entry	208	dtk	dtk	raw_extraction	dtk	dtk	self	llabn. S. Krm. dlk.	llabn. S. Krm. dlk.						ocr_extracted	low	
316	lerch_glossary_p208_r0316:entry	208	döe	döe	raw_extraction	doê	döe	self	Buttermilch,	Buttermilch,						ocr_extracted	low	
317	lerch_glossary_p208_r0317:entry	208	doyän	doyän	raw_extraction	doyan	doyän	self	(türk,	(türk,						ocr_extracted	low	
318	lerch_glossary_p208_r0318:entry	208	dödik	dödik	raw_extraction	dodik	dödik	self	Flöte,	Flöte,						ocr_extracted	low	
319	lerch_glossary_p208_r0319:entry	208	dost	dost	raw_extraction	dost	dost	existing_parent	Freund, Kamerad	Freund, Kamerad	friend	manual_override	dost, arkadaş, yar	manual_override	dost	headword_parented	medium	
320	lerch_glossary_p208_r0320:entry	208	du	dú	text_form_match	dû	dı	existing_parent	zwei, 2	zwei, 2	two, 2	manual_override	iki, 2	manual_override	dı	headword_parented	medium	text examples: ali-agha-ladi-kelhani:a03_l13
321	lerch_glossary_p208_r0321:entry	208	duyüs	duyüs	raw_extraction	dûyüs	duyüs	self	zwölf,	zwölf,						ocr_extracted	low	
322	lerch_glossary_p208_r0322:entry	208	duyesin	duyesin	raw_extraction	dûyêsin	dûyesın	existing_parent	zwölfte,	zwölfte,			on ikinci, on ikili	matched_harun_headword	dûyesın	headword_parented	medium	
323	lerch_glossary_p208_r0323:entry	208	dudü	dudü	raw_extraction	dûdü	dudü	self	ein Vogel, dessen Schrei: dudü.	ein Vogel, dessen Schrei: dudü.	bird; one	rule_guess_from_german	kuş; bir	rule_guess_from_german		ocr_extracted	low	
324	lerch_glossary_p208_r0324:entry	208	dumä	dumá	text_form_match	dûma	dumá	self	Höhle. S. Kuhns Zeitschrift, V, 225. dumilbäz, Trommel. dumilbäzi dai püroe, schlug die Trommel.	Höhle. S. Kuhns Zeitschrift, V, 225. dumilbäz, Trommel. dumilbäzi dai püroe, schlug die Trommel.						ocr_extracted	medium	text examples: uc-kardes-masali:tb02_l01
325	lerch_glossary_p209_r0325:entry	209	d'au	d'au	raw_extraction	daw	I	see_reference	Dev. Vgl. JC: daöva; altb: da6va (s. Brnf. Coinni. s. I. Y. 8, 78; Brckh. Gl. s. v.); npers: krm. dlv. Cf. Spiegel Ave- sta, Uebers, I, 6, i 0, Schlei- cher Lit. Gr. S. 87; Las- »a = nah.	Dev. Vgl. JC: daöva; altb: da6va (s. Brnf. Coinni. s. I. Y. 8, 78; Brckh. Gl. s. v. ); npers: krm. dlv. Cf. Spiegel Ave- sta, Uebers, I, 6, i 0, Schlei- cher Lit. Gr. S. 87; Las- »a = nah.						ocr_extracted	low	
326	lerch_glossary_p209_r0326:entry	209	nai.sta daista	nai.sta daista	raw_extraction	nay.sta daysta	nai.sta daista	self	naista yaista , hier und dort,	naista yaista, hier und dort,						ocr_extracted	low	
327	lerch_glossary_p209_r0327:entry	209	nau	nau	raw_extraction	naw	nau	self	neun,	neun,						ocr_extracted	low	
328	lerch_glossary_p209_r0328:entry	209	nauaf	nauaf	raw_extraction	nawaf	nauaf	self	neunzig,	neunzig,						ocr_extracted	low	
329	lerch_glossary_p209_r0329:entry	209	nauayin	nauayin	raw_extraction	nawayin	nauayin	self	neunzigste,	neunzigste,						ocr_extracted	low	
330	lerch_glossary_p209_r0330:entry	209	nauwin	nauwin	raw_extraction	nawin	nauwin	self	neunte. naM, (ar. iu»U), Landschaft, 61 .7.	neunte. naM, (ar. iu»U), Landschaft, 61. 7.						ocr_extracted	low	
331	lerch_glossary_p209_r0331:entry	209	nakür’e	nakür’e	raw_extraction	nakürê	nakür’e	self	Schnabel. Vgl. Krm. nekül’e.	Schnabel. Vgl. Krm. nekül’e.						ocr_extracted	low	
332	lerch_glossary_p209_r0332:entry	209	nah	nah	raw_extraction	nah	Krm	see_reference	Brod; s. Krm. nah.	Brod; s. Krm. nah.						ocr_extracted	low	
333	lerch_glossary_p209_r0333:entry	209	namh	namh	raw_extraction	namh	namh	self	Name. Vgl. Krm. nav.	Name. Vgl. Krm. nav.						ocr_extracted	low	
334	lerch_glossary_p209_r0334:entry	209	navrotla	navrotla	raw_extraction	navrotla	navrotla	self	Mittag. Vgl. Krm. nlvro. neuy6s, neunzehn,	Mittag. Vgl. Krm. nlvro. neuy6s, neunzehn,						ocr_extracted	low	
335	lerch_glossary_p209_r0335:entry	209	nehgö	nehgö	raw_extraction	nêhgo	nehgö	self	Nagel. sen Ind. Alterthumskunde I, 755. dewi = d'au.	Nagel. sen Ind. Alterthumskunde I, 755. dewi = d'au.						ocr_extracted	low	
336	lerch_glossary_p209_r0336:entry	209	d'dka	d'dka	raw_extraction	ddka	d'dka	self	Grossmutier,	Grossmutier,						ocr_extracted	low	
337	lerch_glossary_p209_r0337:entry	209	des	des	raw_extraction	dês	dês	existing_parent	Waud.	Waud.			duvar	matched_dezd_headword	dês	headword_parented	medium	
338	lerch_glossary_p209_r0338:entry	209	D'esmüni	Désmúni	text_form_match	Dêsmûni	Krm	see_reference	Ortsname, 65.3. lyesmündi, Appellativ von D'es- müni. Vgl. Krm. naniik. newete pau’ftte , wachte , hielt Wache; s. Krm. nöbeti.	Ortsname, 65. 3. lyesmündi, Appellativ von D'es- müni. Vgl. Krm. naniik. newete pau’ftte, wachte, hielt Wache; s. Krm. nöbeti.	place name	rule_guess_from_german	yer adı	rule_guess_from_german		ocr_extracted	medium	text examples: ali-agha-ladi-kelhani:a04_l11
339	lerch_glossary_p209_r0339:entry	209	nekai	nekaí	text_form_match	nêkay	enkai	see_reference	jetzt; s. enkai.	jetzt; s. enkai.						ocr_extracted	medium	text examples: degirmenci-ve-tilki:mf04_l14; degirmenci-ve-tilki:mf05_l01; uc-kardes-masali:tb02_l08
340	lerch_glossary_p209_r0340:entry	209	neyai	neyaí	text_form_match	nêyay	neyaí	self	bückten sich, 83.6.	bückten sich, 83. 6.						ocr_extracted	medium	text examples: uc-kardes-masali:tb01_l09; uc-kardes-masali:tb02_l11
341	lerch_glossary_p209_r0341:entry	209	nezdr	nezdr	raw_extraction	nêzdr	Krm	see_reference	nah; s. Krm. nizik.	nah; s. Krm. nizik.						ocr_extracted	low	
342	lerch_glossary_p209_r0342:entry	209	ncmad	ncmad	raw_extraction	ncmad	ncmad	self	Gebet. Vgl. Krm. nemeü.	Gebet. Vgl. Krm. nemeü.						ocr_extracted	low	
343	lerch_glossary_p209_r0343:entry	209	nemr	nemr	raw_extraction	nêmr	nemr	self	zart. Vgl. Krm. nenn, njzdf = nczdi.	zart. Vgl. Krm. nenn, njzdf = nczdi.						ocr_extracted	low	
344	lerch_glossary_p209_r0344:entry	209	Nisän	Nisän	raw_extraction	Nisan	nisun, nisan	existing_parent	Monatsname, s. Ahth. I, S. xv.	Monatsname, s. Ahth. I, S. xv.	month name	rule_guess_from_german	nisan, nisan ayı	matched_harun_headword	nisun, nisan	headword_parented	medium	
345	lerch_glossary_p209_r0345:entry	209	nudik	nudik	raw_extraction	nûdik	nudik	self	Faust,	Faust,						ocr_extracted	low	
346	lerch_glossary_p209_r0346:entry	209	nusen’a	nusén’a	text_form_match	nûsêna	nusén-	verb_present_stem_guess	(ich) schreibe, ngst, schrieb. binusd, (ich) werde schreiben.	(ich) schreibe, ngst, schrieb. binusd, (ich) werde schreiben.						ocr_extracted	medium	text examples: uc-kardes-masali:tb04_l11
347	lerch_glossary_p210_r0347:entry	210	Sau	Sau	raw_extraction	Saw	Sau	self	Nacht. V'gl. Krm. Sev. Sau'e, Nachts, (52.6 sq. saüa ksl (= saue ke sl), ver- gangene Nacht.	Nacht. V'gl. Krm. Sev. Sau'e, Nachts, (52. 6 sq. saüa ksl (= saue ke sl), ver- gangene Nacht.	night	rule_guess_from_german	gece	rule_guess_from_german		ocr_extracted	low	
348	lerch_glossary_p210_r0348:entry	210	SaüSevüke	SaüSevüke	raw_extraction	SawSêvükê	SaüSevüke	self	ein Vogel dessen Schrei: vei, vei.	ein Vogel dessen Schrei: vei, vei.	bird; one	rule_guess_from_german	kuş; bir	rule_guess_from_german		ocr_extracted	low	
349	lerch_glossary_p210_r0349:entry	210	Sahrestdn	Sahrestdn	raw_extraction	Sahrêstdn	Sahrestdn	self	Stadt; vgl. npers	Stadt; vgl. npers						ocr_extracted	low	
350	lerch_glossary_p210_r0350:entry	210	sändc	sändc	raw_extraction	sandc	sändc	self	Abends.	Abends.						ocr_extracted	low	
351	lerch_glossary_p210_r0351:entry	210	Sanel märi	Sanel märi	raw_extraction	Sanêl mari	Sanel märi	self	Regenwurm.	Regenwurm.						ocr_extracted	low	
352	lerch_glossary_p210_r0352:entry	210	Säri	šā́rí	text_form_match	şari	šā́rí	self	fremd.	fremd.						ocr_extracted	medium	text examples: kauge-nyerib-u-hyeni:h02_l08
353	lerch_glossary_p210_r0353:entry	210	SaMn	SaMn	raw_extraction	SaMn	SaMn	self	Personenname,	Personenname,	personal name	rule_guess_from_german	kişi adı	rule_guess_from_german		ocr_extracted	low	
354	lerch_glossary_p210_r0354:entry	210	ses	šẹ̄š	text_form_match	şêş	şeş	existing_parent	sechs.	sechs.			altı	matched_harun_headword	şeş	headword_parented	medium	text examples: ali-agha-ladi-kelhani:a01_l04
355	lerch_glossary_p210_r0355:entry	210	SeSln	SeSln	raw_extraction	SêSln	SeSln	self	sechste.	sechste.						ocr_extracted	low	
356	lerch_glossary_p210_r0356:entry	210	Seme	Seme	raw_extraction	Sêmê	şeme	existing_parent	Sonnabend. Vgl. Krm. Sembß.	Sonnabend. Vgl. Krm. Sembß.	saturday	matched_dezd_headword	cumartesi	matched_dezd_headword	şeme	headword_parented	medium	
357	lerch_glossary_p210_r0357:entry	210	Sc	Sc	raw_extraction	Sc	suen’a	see_reference	ging, 54.10; s. suen’a.	ging, 54. 10; s. suen’a.	go	rule_guess_from_german	gitmek	rule_guess_from_german		ocr_extracted	low	
358	lerch_glossary_p210_r0358:entry	210	selsti	selsti	raw_extraction	sêlsti	selsti	self	sechszig.	sechszig.						ocr_extracted	low	
359	lerch_glossary_p210_r0359:entry	210	Seistiyin	Seistiyin	raw_extraction	Sêystiyin	Seistiyin	self	scchszigste.	scchszigste.						ocr_extracted	low	
360	lerch_glossary_p210_r0360:entry	210	sebSkc	sebSkc	raw_extraction	sêbSkc	sebSkc	self	Gitterfenster (arab. ±JLi «feuestrae reticulatac»), Git- terthür.	Gitterfenster (arab. ±JLi «feuestrae reticulatac»), Git- terthür.						ocr_extracted	low	
361	lerch_glossary_p210_r0361:entry	210	Simä	ši̥mā́	text_form_match	şıma	şıma	existing_parent	ihr.	ihr.	1) you 2) your 3) you (rarely in polite phrases)	matched_dezd_headword	1) siz 2) sizin, size, sizi 3) siz (nadiren kibar ifadelerde)	matched_dezd_headword	şıma	headword_parented	medium	text examples: kauge-nyerib-u-hyeni:h02_l08
362	lerch_glossary_p210_r0362:entry	210	Sl	Sl	raw_extraction	Sl	suen’a	see_reference	Si, gingen, 59.5; s. suen’a.	Si, gingen, 59. 5; s. suen’a.						ocr_extracted	low	
363	lerch_glossary_p210_r0363:entry	210	Sia	šía	text_form_match	şya	şiyayene , şiyene	existing_parent	hin gegangen, (50.16. si6s, sechzehn. s&’at, (ar. *l«cL.), Stunde. di s&’ati, zwei Stunden, 51.8. : . s.	hin gegangen, (50. 16. si6s, sechzehn. s&’at, (ar. *l«cL. ), Stunde. di s&’ati, zwei Stunden, 51. 8. : . s.	to go	matched_dezd_headword	gitmek	matched_dezd_headword	şiyayene , şiyene	headword_parented	medium	text examples: gespraech-mit-hassan:h03_l10
364	lerch_glossary_p210_r0364:entry	210	Siyeslu	Siyeslu	raw_extraction	Siyêslû	Siyeslu	self	sechszehute.	sechszehute.						ocr_extracted	low	
365	lerch_glossary_p210_r0365:entry	210	Sit	šit	text_form_match	şit	şütene	existing_parent	waschen; wusch	waschen; wusch	wash	manual_override	yıkamak	manual_override	şütene	headword_parented	medium	text examples: degirmenci-ve-tilki:mf05_l09; uc-kardes-masali:tb08_l08
366	lerch_glossary_p210_r0366:entry	210	sid	šid	text_form_match	şid	šid	self	Milch.	Milch.						ocr_extracted	medium	text examples: goin-puhu-kusunun-hikayesi:g04_l03
367	lerch_glossary_p210_r0367:entry	210	SimSyßr	SimSyßr	raw_extraction	SimSyßr	SimSyßr	self	Schwert. Vgl. Krm. sür, syür.	Schwert. Vgl. Krm. sür, syür.	sword	rule_guess_from_german	kılıç	rule_guess_from_german		ocr_extracted	low	
368	lerch_glossary_p210_r0368:entry	210	Slv	Slv	raw_extraction	Slv	Slv	self	Weinmoost. S. Krm. sIV.	Weinmoost. S. Krm. sIV.						ocr_extracted	low	
369	lerch_glossary_p210_r0369:entry	210	sußn’a	sußn’a	raw_extraction	sûßna	sußn-	verb_present_stem_guess	(ich) gehe. Süe (imp.), geh, 52. io. te sueu’i, du gehst; hesußn’i, du gehst uicht 52.10. Syera, (ich) werde gehen; ma Syßri , wir werden gehen , 49.4; 55.»; 62.7. Se, ging; Sl, Si, gingen. Syeri, geht (imp. 2. pl.), 55.8. Vgl. JC: siyu (imparf. asiyava) = aller (Opp.	(ich) gehe. Süe (imp. ), geh, 52. io. te sueu’i, du gehst; hesußn’i, du gehst uicht 52. 10. Syera, (ich) werde gehen; ma Syßri, wir werden gehen, 49. 4; 55. »; 62. 7. Se, ging; Sl, Si, gingen. Syeri, geht (imp. 2. pl. ), 55. 8. Vgl. JC: siyu (imparf. asiyava) = aller (Opp.						ocr_extracted	low	
370	lerch_glossary_p210_r0370:entry	210	XVII	XVII	raw_extraction	XVYY	XVII	self	295); pärs; * -sing, praes; 3. sing, praes; Vhj. imp.; inliu. (s. Sp. PGr. §72 Anm.); npers:	295); pärs; * -sing, praes; 3. sing, praes; Vhj. imp. ; inliu. (s. Sp. PGr. §72 Anm. ); npers:						ocr_extracted	low	
371	lerch_glossary_p210_r0371:entry	210	Syer	Syer	raw_extraction	Syêr	Syer	self	Löwe. Vgl. Krm. slr, syer.	Löwe. Vgl. Krm. slr, syer.						ocr_extracted	low	
372	lerch_glossary_p210_r0372:entry	210	III	III	raw_extraction	YYY	III	self	135: soul Vgl. Kriu. söl.	135: soul Vgl. Kriu. söl.						ocr_extracted	low	
373	lerch_glossary_p211_r0373:entry	211	sa	sa	raw_extraction	sa	sa	existing_parent	was	was	what	manual_override	ne	manual_override	sa	headword_parented	medium	
374	lerch_glossary_p211_r0374:entry	211	sav	sav	raw_extraction	sav	sav	self	hart, fest (pers. «!-*-).	hart, fest (pers. «!-*-).						ocr_extracted	low	
375	lerch_glossary_p211_r0375:entry	211	sayer	sayér	text_form_match	sayêr	sayyer, sayer	existing_parent	däre sayer, Apfelbaum, 60. t.	däre sayer, Apfelbaum, 60. t.			elma ağacı	matched_harun_headword	sayyer, sayer	headword_parented	medium	text examples: gespraech-mit-hassan:h02_l11
376	lerch_glossary_p211_r0376:entry	211	sabün	sabún	text_form_match	sabûn	sabun	existing_parent	Seife. sabün kerd, seifte ein, machte Seife au, 56.12.	Seife. sabün kerd, seifte ein, machte Seife au, 56. 12.	soap	matched_dezd_headword	sabun	matched_dezd_headword	sabun	headword_parented	medium	text examples: uc-kardes-masali:tb08_l08
377	lerch_glossary_p211_r0377:entry	211	se	šẹ̄	text_form_match	şê	se	existing_parent	1) was.	1) was.			ne, hangi şey	matched_harun_headword	se	headword_parented	medium	text examples: ali-agha-ladi-kelhani:a01_l04; ali-agha-ladi-kelhani:a03_l06; ali-agha-ladi-kelhani:a04_l06
378	lerch_glossary_p211_r0378:entry	211	se	šẹ̄	text_form_match	şê	se	existing_parent	hundert	hundert	hundred	manual_override	yüz, yüz sayısı	manual_override	se	headword_parented	medium	text examples: ali-agha-ladi-kelhani:a01_l04; ali-agha-ladi-kelhani:a03_l06; ali-agha-ladi-kelhani:a04_l06
379	lerch_glossary_p211_r0379:entry	211	set = se	set = se	raw_extraction	sêt = sê	se	equals_reference	hundert,	hundert,	hundred	rule_guess_from_german	yüz	rule_guess_from_german		ocr_extracted	low	
380	lerch_glossary_p211_r0380:entry	211	sen’ie	sḗ̱n’ie	text_form_match	senyê	sḗ̱n’ie	self	warum, 52.7.	warum, 52. 7.						ocr_extracted	medium	text examples: goin-puhu-kusunun-hikayesi:g02_l09
381	lerch_glossary_p211_r0381:entry	211	seiie	seiie	raw_extraction	sêyyê	seiie	self	welcher, e, es, 59.16.	welcher, e, es, 59. 16.						ocr_extracted	low	
382	lerch_glossary_p211_r0382:entry	211	ser	se̱r	text_form_match	ser	ser	existing_parent	sere, Haupt, Kopf. seri yau koi, auf einem Berge, seri bäni, Hausdach, Hauste- rasse.	sere, Haupt, Kopf. seri yau koi, auf einem Berge, seri bäni, Hausdach, Hauste- rasse.	1) top, upper 2) top(most), uppermost 3) above	matched_dezd_headword	1) üst, üzeri 2) en yüksek nokta, baş 3) ... üstünde	matched_dezd_headword	ser	headword_parented	medium	text examples: goin-puhu-kusunun-hikayesi:g03_l05; goin-puhu-kusunun-hikayesi:g03_l13; kauge-nyerib-u-sivani:s01_l13
383	lerch_glossary_p211_r0383:entry	211	ser (postpos	ser (postpos	raw_extraction	sêr (postpos	ser (postpos	self	gegeu, zu.	gegeu, zu.						ocr_extracted	low	
384	lerch_glossary_p211_r0384:entry	211	sera	sé̱ra	text_form_match	sera	serr	existing_parent	Jahr	Jahr	year; age; lifetime	manual_override	yıl, sene, yaş; ömür	manual_override	serr	headword_parented	medium	text examples: goin-puhu-kusunun-hikayesi:g04_l07; uc-kardes-masali:tb08_l11
385	lerch_glossary_p211_r0385:entry	211	VH	VH	raw_extraction	VH	VH	self	322. seraksie, in vergangenem Jahre, sera paryin’e, in vergangenem Jahre.	322. seraksie, in vergangenem Jahre, sera paryin’e, in vergangenem Jahre.						ocr_extracted	low	
386	lerch_glossary_p211_r0386:entry	211	sera	sé̱ra	text_form_match	sera	sera	existing_parent	wohin, 57. l,	wohin, 57. l,			nere, nereye, hangi yere	matched_harun_headword	sera	headword_parented	medium	text examples: goin-puhu-kusunun-hikayesi:g04_l07; uc-kardes-masali:tb08_l11
387	lerch_glossary_p211_r0387:entry	211	s§re	s§re	raw_extraction	s§rê	s§re	self	Kopf,	Kopf,	head	rule_guess_from_german	baş; kafa	rule_guess_from_german		ocr_extracted	low	
388	lerch_glossary_p211_r0388:entry	211	serkalü	serkalü	raw_extraction	sêrkalü	serkalü	self	Pfeifenrohr.	Pfeifenrohr.						ocr_extracted	low	
389	lerch_glossary_p211_r0389:entry	211	Zazd	Zazd	raw_extraction	Zazd	Zazd	self	Zazd. .	Zazd. .						ocr_extracted	low	
390	lerch_glossary_p211_r0390:entry	211	Zazdde	Zazdde	raw_extraction	Zazddê	Zazdde	self	Appellativ von Zazd.	Appellativ von Zazd.						ocr_extracted	low	
391	lerch_glossary_p211_r0391:entry	211	zadur	zadur	raw_extraction	zadûr	sen’ie	see_reference	Weide (sali*). ; sei, wie. seidewän, Jäger. Vgl. Krm. se’idvär. sendn’u, wie ist, 59.i; s. sen’ie. sepf, weiss. S. Krm. sepf. sipyerdjs, Weissbart, Dorfältester, 59.8 sq.; s. erdjs u. sepf. sil, Mist. Vgl. KW.	Weide (sali*). ; sei, wie. seidewän, Jäger. Vgl. Krm. se’idvär. sendn’u, wie ist, 59. i; s. sen’ie. sepf, weiss. S. Krm. sepf. sipyerdjs, Weissbart, Dorfältester, 59. 8 sq. ; s. erdjs u. sepf. sil, Mist. Vgl. KW.	willow; pasture	rule_guess_from_german	söğüt; mera	rule_guess_from_german		ocr_extracted	low	
392	lerch_glossary_p211_r0392:entry	211	II	II	raw_extraction	YY	II	self	329: sergu, A'u/i- mislpyramiden. simdr, Stroh; vgl. türk. ^Lo. sid, schwarz. Vgl. altb: npers: 0L sine, Brust. Vgl. Krm. sing, sinen’a, (ich) liebe, sudiid, Schwur. Vgl. Krm. sönd. sudiid wen’a , (ich) schwöre vgl. Krm. sönd Kodr. sudnd wend, schwor, suahd budue, schwöre (imp.)	329: sergu, A'u/i- mislpyramiden. simdr, Stroh; vgl. türk. ^Lo. sid, schwarz. Vgl. altb: npers: 0L sine, Brust. Vgl. Krm. sing, sinen’a, (ich) liebe, sudiid, Schwur. Vgl. Krm. sönd. sudiid wen’a, (ich) schwöre vgl. Krm. sönd Kodr. sudnd wend, schwor, suahd budue, schwöre (imp. )	black	rule_guess_from_german	siyah	rule_guess_from_german		ocr_extracted	low	
393	lerch_glossary_p211_r0393:entry	211	sür	sṳr	text_form_match	sür	sur	existing_parent	Rot	Rot	red	manual_override	kırmızı, al	manual_override	sur	headword_parented	medium	text examples: uc-kardes-masali:tb06_l02; uc-kardes-masali:tb06_l04
394	lerch_glossary_p211_r0394:entry	211	i suröt	i suröt	raw_extraction	i sûrot	i suröt	self	(ar. Oj^o), Gesicht, sur, süri = sür. Syeratnr, Ortsname. syeSeme, Dienstag. Vgl. Krm. sesembe.	(ar. Oj^o), Gesicht, sur, süri = sür. Syeratnr, Ortsname. syeSeme, Dienstag. Vgl. Krm. sesembe.	place name; face	rule_guess_from_german	yer adı; yüz	rule_guess_from_german		ocr_extracted	low	
395	lerch_glossary_p212_r0395:entry	212	zere	zé̱re	text_form_match	zerê	zerre	existing_parent	innen; innere; herein	innen; innere; herein	inside; interior	manual_override	iç; içeri, içerisi	manual_override	zerre	headword_parented	medium	text examples: degirmenci-ve-tilki:mf02_l01; degirmenci-ve-tilki:mf04_l14; degirmenci-ve-tilki:mf05_l03
396	lerch_glossary_p212_r0396:entry	212	zered	zered	raw_extraction	zêrêd	zered	self	Schneehuhn: - —ff' , zerd, gelb. Vgl. Krm. zer.	Schneehuhn: - —ff', zerd, gelb. Vgl. Krm. zer.						ocr_extracted	low	
397	lerch_glossary_p212_r0397:entry	212	zeindän	zeindā́ṅ	text_form_match	zêyndang	zeindā́ṅ	self	Gefängniss, Grube, 57 .8; 80.9. Vgl. npers: (j\jjj-	Gefängniss, Grube, 57. 8; 80. 9. Vgl. npers: (j\jjj-						ocr_extracted	medium	text examples: goin-puhu-kusunun-hikayesi:g02_l07; goin-puhu-kusunun-hikayesi:g02_l08; goin-puhu-kusunun-hikayesi:g02_l11
398	lerch_glossary_p212_r0398:entry	212	zer	zer	raw_extraction	zêr	zêrr, zerr	existing_parent	Herz; Gemüt; Inneres	Herz; Gemüt; Inneres	interior; heart; soul; belly	manual_override	iç; gönül, kalp, yürek; karın; bağır	manual_override	zêrr, zerr	headword_parented	medium	
399	lerch_glossary_p212_r0399:entry	212	zemän	zemän	raw_extraction	zêman	zemun, zeman	existing_parent	Zeit.	Zeit.			zaman	matched_harun_headword	zemun, zeman	headword_parented	medium	
400	lerch_glossary_p212_r0400:entry	212	ra kdn’a	ra kdn’a	raw_extraction	ra kdna	ra kdn-	verb_present_stem_guess	(ich) mache Weg, d. i. geleite. ra kdrdi, geleitete, 85. io.	(ich) mache Weg, d. i. geleite. ra kdrdi, geleitete, 85. io.						ocr_extracted	low	
401	lerch_glossary_p212_r0401:entry	212	ra kuen’a	ra kuen’a	raw_extraction	ra kwêna	ra kuen-	verb_present_stem_guess	lege mich nieder, ruhe, schlafe. ra kaüta, schlief, ra ki, (imp.) lege dich nieder, schlafe, 86.3. weraku, er möge ruhen, 86.4. raät, recht. Vgl. Krm. rast, ravdr, Weg. Vgl. Krm. re. rab, (ar. Herr. Vgl. Krui. zeinän 2). zemäne verie, in früherer Zeit, einst, vor Zeiten, 80.«.	lege mich nieder, ruhe, schlafe. ra kaüta, schlief, ra ki, (imp. ) lege dich nieder, schlafe, 86. 3. weraku, er möge ruhen, 86. 4. raät, recht. Vgl. Krm. rast, ravdr, Weg. Vgl. Krm. re. rab, (ar. Herr. Vgl. Krui. zeinän 2). zemäne verie, in früherer Zeit, einst, vor Zeiten, 80. «.						ocr_extracted	low	
402	lerch_glossary_p212_r0402:entry	212	zind	zind	raw_extraction	zind	zind	self	Nase,	Nase,	nose	rule_guess_from_german	burun	rule_guess_from_german		ocr_extracted	low	
403	lerch_glossary_p212_r0403:entry	212	zime	zime	raw_extraction	zimê	zıme	existing_parent	Erde; Feld	Erde; Feld	north; shady slope; earth, ground	manual_override	kuzey; güneş almayan yamaç; yeryüzü, toprak	manual_override	zıme	headword_parented	medium	
404	lerch_glossary_p212_r0404:entry	212	zien	zien	raw_extraction	zyên	zien	self	Sattel. Vgl. Krm. zin.	Sattel. Vgl. Krm. zin.						ocr_extracted	low	
405	lerch_glossary_p212_r0405:entry	212	zirQt	zirQt	raw_extraction	zirQt	zirQt	self	Knabe. 70. n.	Knabe. 70. n.						ocr_extracted	low	
406	lerch_glossary_p212_r0406:entry	212	zimöli	zimöli	raw_extraction	zimoli	zimöli	self	* Schnurrbart. Vgl. Krm. simböl.	* Schnurrbart. Vgl. Krm. simböl.						ocr_extracted	low	
407	lerch_glossary_p212_r0407:entry	212	zozän	zozā́ṅ	text_form_match	zozang	zuezun, zozan	existing_parent	Sommerlager. S. Krm. zozän.	Sommerlager. S. Krm. zozän.			yayla	matched_harun_headword	zuezun, zozan	headword_parented	medium	text examples: gespraech-mit-hassan:h02_l16; gespraech-mit-hassan:h03_l01; gespraech-mit-hassan:h03_l02
408	lerch_glossary_p212_r0408:entry	212	zuän	zuā́ṅ	text_form_match	zwang	zuā́ṅ	self	Zunge, 57.8. Vgl. Krm. zemäh 1).	Zunge, 57. 8. Vgl. Krm. zemäh 1).						ocr_extracted	medium	text examples: uc-kardes-masali:tb09_l04
409	lerch_glossary_p212_r0409:entry	212	ramai	ramai	raw_extraction	ramay	ramai	self	ramia, lief, floh. Vgl. Krm. revid.	ramia, lief, floh. Vgl. Krm. revid.						ocr_extracted	low	
410	lerch_glossary_p212_r0410:entry	212	reh	reh	raw_extraction	rêh	Krm	see_reference	Schenkel, resane. Strick. Vgl. Krm. weris. rez, Weingarten, Weinberg. Vgl. Krm. rezi tri. rind, schön, gut; s. Krm. rind. rim, Speer, Lanze; s. Krm. rim. ri, Barl. S. Krm. ri 2). rö, Bach. rönist, setzte sich, 63.2; s. ruen’a. Vgl. Krni. rüniät. ru6n’a, (ich) setze dich nieder. berü§, (imp.) sitz nieder, ruen^n’a, ich stelle hin. la = rö. lau, Lippe. Vgl. Krm. lev. lau wfin’u, bellt. kütlk lau wen’u bellt. lauk, Gesang, Lied. S. Krm. lauk 2). laukbänu, laukvänu, er singt,	Schenkel, resane. Strick. Vgl. Krm. weris. rez, Weingarten, Weinberg. Vgl. Krm. rezi tri. rind, schön, gut; s. Krm. rind. rim, Speer, Lanze; s. Krm. rim. ri, Barl. S. Krm. ri 2). rö, Bach. rönist, setzte sich, 63. 2; s. ruen’a. Vgl. Krni. rüniät. ru6n’a, (ich) setze dich nieder. berü§, (imp. ) sitz nieder, ruen^n’a, ich stelle hin. la = rö. lau, Lippe. Vgl. Krm. lev. lau wfin’u, bellt. kütlk lau wen’u bellt. lauk, Gesang, Lied. S. Krm. lauk 2). laukbänu, laukvänu, er singt,						ocr_extracted	low	
411	lerch_glossary_p213_r0411:entry	213	laqardf	laqardf	raw_extraction	laqardf	cad	see_reference	Rede; v. Krm. s. cad. v.	Rede; v. Krm. s. cad. v.						ocr_extracted	low	
412	lerch_glossary_p213_r0412:entry	213	pa	pa	raw_extraction	pa	pa	existing_parent	zu.	zu.			-e, -a; | ona, onlara	matched_harun_headword	pa	headword_parented	medium	
413	lerch_glossary_p213_r0413:entry	213	pai	pai	raw_extraction	pay	pai	self	Fuss. Vgl. npers: ,jL.	Fuss. Vgl. npers: , jL.	foot	rule_guess_from_german	ayak	rule_guess_from_german		ocr_extracted	low	
414	lerch_glossary_p213_r0414:entry	213	paußn’a	paußn’a	raw_extraction	pawßna	paußn-	verb_present_stem_guess	(ich) warte. Vgl. npers: ma pa’üt, ich wartete, pa’üt, wartete, 87.1. newete pa’üte, hielt Wache, stand auf der Wache, 83.6.	(ich) warte. Vgl. npers: ma pa’üt, ich wartete, pa’üt, wartete, 87. 1. newete pa’üte, hielt Wache, stand auf der Wache, 83. 6.						ocr_extracted	low	
415	lerch_glossary_p213_r0415:entry	213	paudün’a	paudün’a	raw_extraction	pawdüna	paudün-	verb_present_stem_guess	(ich koche). paü2e, koche (imp.), 51,to. Vgl. Krm. peüänd. pan^, fünf,	(ich koche). paü2e, koche (imp. ), 51, to. Vgl. Krm. peüänd. pan^, fünf,						ocr_extracted	low	
416	lerch_glossary_p213_r0416:entry	213	pafidäs	pafidäs	raw_extraction	pafidas	Krm	see_reference	fünfzig. ruen’a, stellte hin; auch rona. ruen u teze, frische Butter (unge- salzene). ruün’u bye söl, gesalzene Butter. lad, Sohn, Knabe. Vgl. Krm. lau, lauk, läv, lö. läz, Seele, lapj'k, Handschuh. , der Hund Vgl. Krm. lapj'k. le§d, Leiche; s. Krm. Ieä.	fünfzig. ruen’a, stellte hin; auch rona. ruen u teze, frische Butter (unge- salzene). ruün’u bye söl, gesalzene Butter. lad, Sohn, Knabe. Vgl. Krm. lau, lauk, läv, lö. läz, Seele, lapj'k, Handschuh. , der Hund Vgl. Krm. lapj'k. le§d, Leiche; s. Krm. Ieä.	son	rule_guess_from_german	oğul	rule_guess_from_german		ocr_extracted	low	
417	lerch_glossary_p213_r0417:entry	213	ling	ling	raw_extraction	ling	ling	self	Bein. Vgl. Krm. ling.	Bein. Vgl. Krm. ling.						ocr_extracted	low	
418	lerch_glossary_p213_r0418:entry	213	lu	lu	raw_extraction	lû	lu	self	lyu, Fuchs, 83.« sq.	lyu, Fuchs, 83. « sq.	fox	rule_guess_from_german	tilki	rule_guess_from_german		ocr_extracted	low	
419	lerch_glossary_p213_r0419:entry	213	lyuli	lyuli	raw_extraction	lyûli	lyuli	self	Flöte.	Flöte.						ocr_extracted	low	
420	lerch_glossary_p213_r0420:entry	213	pandasin	pandasin	raw_extraction	pandasin	pandasin	self	fünfzigste,	fünfzigste,						ocr_extracted	low	
421	lerch_glossary_p213_r0421:entry	213	pandes	pandes	raw_extraction	pandês	pandes	self	fünfzehn,	fünfzehn,						ocr_extracted	low	
422	lerch_glossary_p213_r0422:entry	213	pandesfn	pandesfn	raw_extraction	pandêsfn	pandesfn	self	fünfzehnte,	fünfzehnte,						ocr_extracted	low	
423	lerch_glossary_p213_r0423:entry	213	paridin	paridin	raw_extraction	paridin	paridin	self	fünfte,	fünfte,						ocr_extracted	low	
424	lerch_glossary_p213_r0424:entry	213	pat	pat	raw_extraction	pat	pat	self	Jacke,	Jacke,						ocr_extracted	low	
425	lerch_glossary_p213_r0425:entry	213	paşt	paşt	raw_extraction	past	paşt	existing_parent	Schulter	Schulter	back; rear	manual_override	sırt, arka	manual_override	paşt	headword_parented	medium	
426	lerch_glossary_p213_r0426:entry	213	päsnä	päsnä	raw_extraction	pasna	pasna	existing_parent	Ferse. Vgl. altb: pashna (Sp.	Ferse. Vgl. altb: pashna (Sp.	heel	matched_dezd_headword	topuk	matched_dezd_headword	pasna	headword_parented	medium	
427	lerch_glossary_p213_r0427:entry	213	Avesta	Avesta	raw_extraction	Avêsta	Avesta	existing_parent	Uebers. I, 152, Anm. 2); npers: <UiL.	Uebers. I, 152, Anm. 2); npers: <UiL.	zoroastrian scriptures	matched_dezd_headword	Zerdüştlüğün kutsal kitabı	matched_dezd_headword	Avesta	headword_parented	medium	
428	lerch_glossary_p213_r0428:entry	213	peki	pé̱ḱi	text_form_match	peki	pé̱ḱi	self	(türk, y] 4L), sehr gut, sehr wohl, 72.14.	(türk, y] 4L), sehr gut, sehr wohl, 72. 14.	good	rule_guess_from_german	iyi	rule_guess_from_german		ocr_extracted	medium	text examples: kauge-nyerib-u-hyeni:h04_l14; kauge-nyerib-u-hyeni:h06_l13
429	lerch_glossary_p213_r0429:entry	213	penir	penir	raw_extraction	pênir	pendir, penir	existing_parent	Käse. Vgl. Krm. pantr, penir.	Käse. Vgl. Krm. pantr, penir.			peynir	matched_harun_headword	pendir, penir	headword_parented	medium	
430	lerch_glossary_p214_r0430:entry	214	peäeme	peäeme	raw_extraction	pêaêmê	peäeme	self	Donnerstag. Vgl. Krm. peSembe.	Donnerstag. Vgl. Krm. peSembe.						ocr_extracted	low	
431	lerch_glossary_p214_r0431:entry	214	pes	pes	raw_extraction	pês	pes	existing_parent	Vieh,	Vieh,			(koyun, keçi) küçük baş hayvan; | keçi veya koyun sürüsü	matched_harun_headword	pes	headword_parented	medium	
432	lerch_glossary_p214_r0432:entry	214	pepfing	pepfing	raw_extraction	pêpfing	pepfing	self	Kuckuk. Vgl. Krm. paptik, pepfing,	Kuckuk. Vgl. Krm. paptik, pepfing,						ocr_extracted	low	
433	lerch_glossary_p214_r0433:entry	214	pei	pei	raw_extraction	pêy	pei	self	mit, 64.12.	mit, 64. 12.						ocr_extracted	low	
434	lerch_glossary_p214_r0434:entry	214	peiye	peíye̱	text_form_match	pêye	peíye̱	self	Fussvolk, 74.7; 75.4.	Fussvolk, 74. 7; 75. 4.						ocr_extracted	medium	text examples: kauge-nyerib-u-hyeni:h04_l07; kauge-nyerib-u-hyeni:h05_l03
435	lerch_glossary_p214_r0435:entry	214	peinide	peíni̥de	text_form_match	pêynıdê	peíni̥de	self	darauf, nachher, 03.9.	darauf, nachher, 03. 9.						ocr_extracted	medium	text examples: ali-agha-ladi-kelhani:a03_l03; goin-puhu-kusunun-hikayesi:g01_l02; kauge-nyerib-u-hyeni:h08_l09
436	lerch_glossary_p214_r0436:entry	214	peira	peíra	text_form_match	pêyra	pya	see_reference	s. pya. peira kaut, folgte ihnen, ver- folgte sie, 69.13.	s. pya. peira kaut, folgte ihnen, ver- folgte sie, 69. 13.						ocr_extracted	medium	text examples: kauge-nyerib-u-sivani:s05_l01
437	lerch_glossary_p214_r0437:entry	214	per	per	raw_extraction	pêr	per	self	Feder,	Feder,						ocr_extracted	low	
438	lerch_glossary_p214_r0438:entry	214	pesiiig	pesiiig	raw_extraction	pêsyyyg	pesiiig	self	Katze. Vgl. Krm. pcsik.	Katze. Vgl. Krm. pcsik.						ocr_extracted	low	
439	lerch_glossary_p214_r0439:entry	214	peren’a	peren’a	raw_extraction	pêrêna	peren-	verb_present_stem_guess	(ich) fliego, springe,	(ich) fliego, springe,						ocr_extracted	low	
440	lerch_glossary_p214_r0440:entry	214	peri’en	peri’en	raw_extraction	pêriên	peri’en	self	Hemd,	Hemd,						ocr_extracted	low	
441	lerch_glossary_p214_r0441:entry	214	pero däna	pero däna	qa_reviewed	pêro dana	pero däna	self	gebe einen Schlag	gebe einen Schlag	to strike / give a blow	qa_reviewed	vurmak / darbe vurmak	qa_reviewed		qa_reviewed	high	
442	lerch_glossary_p214_r0442:entry	214	persfn’a	persfn’a	raw_extraction	pêrsfna	persfn-	verb_present_stem_guess	(ich) frage,	(ich) frage,						ocr_extracted	low	
443	lerch_glossary_p214_r0443:entry	214	pel	pel	raw_extraction	pêl	pel	existing_parent	Flügel,	Flügel,			yaprak; | kanat	matched_harun_headword	pel	headword_parented	medium	
444	lerch_glossary_p214_r0444:entry	214	pif kdn’a	pif kdn’a	raw_extraction	pif kdna	pif kdn-	verb_present_stem_guess	blase. Vgl. Krm. pif dekim.	blase. Vgl. Krm. pif dekim.						ocr_extracted	low	
445	lerch_glossary_p214_r0445:entry	214	pird	pird	raw_extraction	pird	pırd	existing_parent	Brücke. Vgl. Krm. pir.	Brücke. Vgl. Krm. pir.	bridge	matched_dezd_headword	köprü	matched_dezd_headword	pırd	headword_parented	medium	
446	lerch_glossary_p214_r0446:entry	214	pl	pl	raw_extraction	pl	pl	self	Vater. Vgl. npers: jj .>.	Vater. Vgl. npers: jj. >.	father	rule_guess_from_german	baba	rule_guess_from_german		ocr_extracted	low	
447	lerch_glossary_p214_r0447:entry	214	ptsi	ptsi	raw_extraction	ptsi	ptsi	self	schlecht, abscheulich, 82.4.	schlecht, abscheulich, 82. 4.	bad	rule_guess_from_german	kötü	rule_guess_from_german		ocr_extracted	low	
448	lerch_glossary_p214_r0448:entry	214	plze	plze	raw_extraction	plzê	plze	self	Bauch. pize senik, Unterleib.	Bauch. pize senik, Unterleib.						ocr_extracted	low	
449	lerch_glossary_p214_r0449:entry	214	pir	pir	raw_extraction	pir	pir	existing_parent	alt. \	alt. \	old; oldest	rule_guess_from_german	1) dini lider 2) yaşlı, koca, ihtiyar kimse 3) adamakıllı, iyice 4) herhangi bir konuda, bir meslekte deneyim kazanmış, eskimiş kimse, guru	matched_dezd_headword	pir	headword_parented	medium	
450	lerch_glossary_p214_r0450:entry	214	bau kdli	bau kdli	raw_extraction	baw kdli	bau kdli	self	Grossvater von mütter- licher Seite. S. Krm. pir. plrik, Grossvaler.	Grossvater von mütter- licher Seite. S. Krm. pir. plrik, Grossvaler.						ocr_extracted	low	
451	lerch_glossary_p214_r0451:entry	214	plrikd	plrikd	raw_extraction	plrikd	plrikd	self	Spinne,	Spinne,						ocr_extracted	low	
452	lerch_glossary_p214_r0452:entry	214	pfru	pfru	raw_extraction	pfrû	pfru	self	viel. Vgl. Krm. pur.	viel. Vgl. Krm. pur.						ocr_extracted	low	
453	lerch_glossary_p214_r0453:entry	214	pilau	pilaú	text_form_match	pilaw	pilaú	self	Pilav. Vgl. npers; _,*)!j>.	Pilav. Vgl. npers; _, *)!j>.						ocr_extracted	medium	text examples: uc-kardes-masali:tb03_l07; uc-kardes-masali:tb03_l09; uc-kardes-masali:tb03_l11
454	lerch_glossary_p214_r0454:entry	214	pili	pili	qa_reviewed	pili	pil	existing_parent	ältester, gross	ältester, gross	oldest / big	qa_reviewed	en yaşlı / büyük	qa_reviewed	pil	qa_reviewed	high	
455	lerch_glossary_p214_r0455:entry	214	purt	purt	raw_extraction	pûrt	purt	existing_parent	Pelz, 65.io.	Pelz, 65. io.	1) feather of birds	matched_dezd_headword	1) tüy (kanatlıhayvan tüyü) 2) yün	matched_dezd_headword	purt	headword_parented	medium	
456	lerch_glossary_p214_r0456:entry	214	pures neydn’u	pures neydn’u	raw_extraction	pûrês nêydnû	pures neydn-	verb_present_stem_guess	niest, 2,4«. puroe = pero. dümilbazi dai puroe, schlugen die Trommel, 68.3.	niest, 2, 4«. puroe = pero. dümilbazi dai puroe, schlugen die Trommel, 68. 3.						ocr_extracted	low	
457	lerch_glossary_p214_r0457:entry	214	pya	pyā	text_form_match	pya	pia, pıya, pya	existing_parent	der eine und der andere, pya be wesi, jfalai dai pyera, versöhnten sich , tauschten mit einander Ehrenkleider aus, 71.1. pydru mdndi wddede, blieben mit einander ira Hause, 65.2.	der eine und der andere, pya be wesi, jfalai dai pyera, versöhnten sich, tauschten mit einander Ehrenkleider aus, 71. 1. pydru mdndi wddede, blieben mit einander ira Hause, 65. 2.			birbirine	matched_harun_headword	pia, pıya, pya	headword_parented	medium	text examples: kauge-nyerib-u-hyeni:h09_l06; kauge-nyerib-u-hyeni:h09_l10
458	lerch_glossary_p214_r0458:entry	214	pyeser	pyesé̱r	text_form_match	pyêser	pyesé̱r	self	zusammen. amei pyeser, kamen zusam- men, 62.3.	zusammen. amei pyeser, kamen zusammen, 62. 3.						ocr_extracted	medium	text examples: ali-agha-ladi-kelhani:a01_l07; ali-agha-ladi-kelhani:a01_l09; kauge-nyerib-u-sivani:s04_l06
459	lerch_glossary_p214_r0459:entry	214	pyeru	pyéru	text_form_match	pyêrû	pyéru	self	1) viel, = ptru.	1) viel, = ptru.						ocr_extracted	medium	text examples: degirmenci-ve-tilki:mf03_l01; kauge-nyerib-u-hyeni:h03_l11; kauge-nyerib-u-hyeni:h04_l05
460	lerch_glossary_p214_r0460:entry	214	pyeru	pyéru	text_form_match	pyêrû	a	see_reference	2) Bat. von pya; s. a. peira.	2) Bat. von pya; s. a. peira.						ocr_extracted	medium	text examples: degirmenci-ve-tilki:mf03_l01; kauge-nyerib-u-hyeni:h03_l11; kauge-nyerib-u-hyeni:h04_l05
461	lerch_glossary_p214_r0461:entry	214	bauk	bauk	raw_extraction	bawk	bauk	self	Vater. Vgl. Krm. bav.	Vater. Vgl. Krm. bav.	father	rule_guess_from_german	baba	rule_guess_from_german		ocr_extracted	low	
462	lerch_glossary_p215_r0462:entry	215	baüni	baúni	text_form_match	bawni	auhen’a	see_reference	sieh, 5 1 63.«; s. auhen’a.	sieh, 5 1 63. «; s. auhen’a.						ocr_extracted	medium	text examples: kauge-nyerib-u-hyeni:h07_l13; uc-kardes-masali:tb03_l02
463	lerch_glossary_p215_r0463:entry	215	bäh	bäh	raw_extraction	bah	bäh	self	Haus, lliitle. bäni tinii, Augenlied,	Haus, lliitle. bäni tinii, Augenlied,	house	rule_guess_from_german	ev	rule_guess_from_german		ocr_extracted	low	
464	lerch_glossary_p215_r0464:entry	215	bazdr	bazdr	raw_extraction	bazdr	bazdr	self	Markt, Markttag,	Markt, Markttag,						ocr_extracted	low	
465	lerch_glossary_p215_r0465:entry	215	bazjn	bazjn	raw_extraction	bazjn	bazjn	self	Armband. S. Krm. bazjn.	Armband. S. Krm. bazjn.						ocr_extracted	low	
466	lerch_glossary_p215_r0466:entry	215	bar kdn’a	bar kdn’a	raw_extraction	bar kdna	bar kdn-	verb_present_stem_guess	lasse los, lasse, 62. i. Vgl Krm. ber dim.	lasse los, lasse, 62. i. Vgl Krm. ber dim.						ocr_extracted	low	
467	lerch_glossary_p215_r0467:entry	215	bärut	bā́rut	text_form_match	barût	barut	existing_parent	Schiesspulver, 73.1.	Schiesspulver, 73. 1.	gunpowder	matched_dezd_headword	barut	matched_dezd_headword	barut	headword_parented	medium	text examples: kauge-nyerib-u-hyeni:h02_l15
468	lerch_glossary_p215_r0468:entry	215	baryek	baryek	raw_extraction	baryêk	baryek	self	dünn, 3.27.	dünn, 3. 27.						ocr_extracted	low	
469	lerch_glossary_p215_r0469:entry	215	baliSrtd	baliSrtd	raw_extraction	baliSrtd	baliSrtd	self	Kissen,	Kissen,						ocr_extracted	low	
470	lerch_glossary_p215_r0470:entry	215	ber’e	bé̱r’e	text_form_match	berê	ardene	existing_parent	bringe (imp.); s. ard.	bringe (imp. ); s. ard.	bring, bring here	matched_dezd_headword	getirmek	matched_dezd_headword	ardene	headword_parented	medium	text examples: uc-kardes-masali:tb03_l03
471	lerch_glossary_p215_r0471:entry	215	berd	be̱rd	text_form_match	berd	berdene	existing_parent	trug, 52.4, s: 54. t: s. ard.	trug, 52. 4, s: 54. t: s. ard.	to take away, to move on, to carry away, to take (or accompany) there	matched_dezd_headword	götürmek	matched_dezd_headword	berdene	headword_parented	medium	text examples: ali-agha-ladi-kelhani:a04_l01; degirmenci-ve-tilki:mf03_l01; degirmenci-ve-tilki:mf04_l08
472	lerch_glossary_p215_r0472:entry	215	berdi	bé̱rdi	text_form_match	berdi	ard	see_reference	getragen; s. ard.	getragen; s. ard.						ocr_extracted	medium	text examples: ali-agha-ladi-kelhani:a02_l05; ali-agha-ladi-kelhani:a04_l13; kauge-nyerib-u-hyeni:h05_l12
473	lerch_glossary_p215_r0473:entry	215	berSau	bḗ̱ršau	text_form_match	berşaw	ersdu-	see_reference	schicke, 5l.ii; s. ersdu- wdn'a.	schicke, 5l. ii; s. ersdu- wdn'a.						ocr_extracted	medium	text examples: uc-kardes-masali:tb03_l08; uc-kardes-masali:tb04_l07; uc-kardes-masali:tb04_l14
474	lerch_glossary_p215_r0474:entry	215	bers	bers	raw_extraction	bêrs	bers	self	berz, hoch. Vgl. npers: ez kdna berz. ich erhöhe,	berz, hoch. Vgl. npers: ez kdna berz. ich erhöhe,						ocr_extracted	low	
475	lerch_glossary_p215_r0475:entry	215	bermd	bermd	raw_extraction	bêrmd	bermd	self	weinte, 55. io. bermdn’a, (ich) weine, bermdye, 81. 12.	weinte, 55. io. bermdn’a, (ich) weine, bermdye, 81. 12.						ocr_extracted	low	
476	lerch_glossary_p215_r0476:entry	215	beirakdär	beirakdā́r	text_form_match	bêyrakdar	beirakdā́r	self	Standartenträger,	Standartenträger,						ocr_extracted	medium	text examples: kauge-nyerib-u-hyeni:h08_l08
477	lerch_glossary_p215_r0477:entry	215	bdn’a	bdn’a	raw_extraction	bdna	äna	see_reference	1) (ich) bin. 2) (ich) werde tragen, bringen; s. äna.	1) (ich) bin. 2) (ich) werde tragen, bringen; s. äna.	bring	rule_guess_from_german	getirmek	rule_guess_from_german		ocr_extracted	low	
478	lerch_glossary_p215_r0478:entry	215	ber äekit	ber äekit	raw_extraction	bêr aêkit	ber äekit	self	drang vor, 64 4. ber bidikni, dringet vor, 64.2.	drang vor, 64 4. ber bidikni, dringet vor, 64. 2.						ocr_extracted	low	
479	lerch_glossary_p215_r0479:entry	215	berd	be̱rd	text_form_match	berd	Krm	see_reference	berdr, Bruder ; s. Krm. berd.	berdr, Bruder; s. Krm. berd.	brother	rule_guess_from_german	kardeş	rule_guess_from_german		ocr_extracted	medium	text examples: ali-agha-ladi-kelhani:a04_l01; degirmenci-ve-tilki:mf03_l01; degirmenci-ve-tilki:mf04_l08
480	lerch_glossary_p215_r0480:entry	215	bereiwi	bereiwi	raw_extraction	bêrêywi	bereiwi	self	Augenbrauen,	Augenbrauen,						ocr_extracted	low	
481	lerch_glossary_p215_r0481:entry	215	bjkera	bjkera	raw_extraction	bjkêra	kdn’a	see_reference	(ich) werde machen; s. kdn’a.	(ich) werde machen; s. kdn’a.						ocr_extracted	low	
482	lerch_glossary_p215_r0482:entry	215	biksi	bi̥kší	text_form_match	bıkşi	kiädn’a	see_reference	werden tödten; s. kiädn’a. .	werden tödten; s. kiädn’a. .						ocr_extracted	medium	text examples: ali-agha-ladi-kelhani:a01_l10; ali-agha-ladi-kelhani:a02_l01; ali-agha-ladi-kelhani:a03_l09
483	lerch_glossary_p215_r0483:entry	215	I bigd	I bigd	raw_extraction	İ bigd	tinena	see_reference	bigd, (imp.) nimm, 52 is; 54.t; 57.4. bitine, (imp.) schneide, 50.13; s. tinena. bjdd, (imp.) gieb, 51.8-7. bidü = bidd, 52. t. bjne, bjni, auf, über, 54. 10; 64.10. biSikni, s. ber sikit. bjst, band, fesselte. Vgl. npers: qätni te bjsti, wer hat dich ge- fesselt, 56. h. ez bjsta, ich bin gefesselt wor- den, 56.10. bizeia, bjzyd, Ziege. Vgl. Krm. bjziu. bizyßk, Zickel, bjrna, schnitt, 52.2; 54-3. bjrndn’a, (ich) schneide, sere birue, schlachte, 52.8-9; 54.3. bi, mit, 63.1. bl, wareu, 49. 1. bid, ist geworden, wurde geboren, 2.12, bin gewesen, G f .1 bidru, bringe, 5 1 .14; 54.1; s.ard. bidri, bringet, 87.4. bie, war, 64.12. bigdri, nehmet, 73.1. bilbil, Nachligal; s. Krm. bilbil. büeri, brauu. bum, eine Kulenart; s. Krm. biim.	bigd, (imp. ) nimm, 52 is; 54. t; 57. 4. bitine, (imp. ) schneide, 50. 13; s. tinena. bjdd, (imp. ) gieb, 51. 8-7. bidü = bidd, 52. t. bjne, bjni, auf, über, 54. 10; 64. 10. biSikni, s. ber sikit. bjst, band, fesselte. Vgl. npers: qätni te bjsti, wer hat dich ge- fesselt, 56. h. ez bjsta, ich bin gefesselt wor- den, 56. 10. bizeia, bjzyd, Ziege. Vgl. Krm. bjziu. bizyßk, Zickel, bjrna, schnitt, 52. 2; 54-3. bjrndn’a, (ich) schneide, sere birue, schlachte, 52. 8-9; 54. 3. bi, mit, 63. 1. bl, wareu, 49. 1. bid, ist geworden, wurde geboren, 2. 12, bin gewesen, G f. 1 bidru, bringe, 5 1. 14; 54. 1; s. ard. bidri, bringet, 87. 4. bie, war, 64. 12. bigdri, nehmet, 73. 1. bilbil, Nachligal; s. Krm. bilbil. büeri, brauu. bum, eine Kulenart; s. Krm. biim.						ocr_extracted	low	
484	lerch_glossary_p215_r0484:entry	215	j byäre	j byäre	raw_extraction	j byarê	j byäre	self	bringe, 86.11.	bringe, 86. 11.						ocr_extracted	low	
485	lerch_glossary_p216_r0485:entry	216	byßri = byäre	byßri = byäre	raw_extraction	byßri = byarê	byäre	equals_reference	79.8. «.	79. 8. «.						ocr_extracted	low	
486	lerch_glossary_p216_r0486:entry	216	bye	bye	raw_extraction	byê	bie, bye, bê	existing_parent	1 ) ohne, 73. 12.	1 ) ohne, 73. 12.			olmadan, olmaksızın, -sız, -siz, -suz, -süz	matched_harun_headword	bie, bye, bê	headword_parented	medium	
487	lerch_glossary_p216_r0487:entry	216	rna	rna	raw_extraction	rna	rna	self	wir.	wir.						ocr_extracted	low	
488	lerch_glossary_p216_r0488:entry	216	mahin	mahin	raw_extraction	mahin	Krm	see_reference	Stute; s. Krm. mehln.	Stute; s. Krm. mehln.						ocr_extracted	low	
489	lerch_glossary_p216_r0489:entry	216	raangä	raangä	raw_extraction	raanga	Krm	see_reference	Ruh; s. Krm. mangd.	Ruh; s. Krm. mangd.						ocr_extracted	low	
490	lerch_glossary_p216_r0490:entry	216	manün’u	manün’u	raw_extraction	manünû	manün-	verb_present_stem_guess	es ist gleich,	es ist gleich,						ocr_extracted	low	
491	lerch_glossary_p216_r0491:entry	216	masi	masi	raw_extraction	masi	masi	self	Fisch,	Fisch,						ocr_extracted	low	
492	lerch_glossary_p216_r0492:entry	216	mast	mast	raw_extraction	mast	mast	existing_parent	saure Milch,	saure Milch,	yog(h)urt	matched_dezd_headword	yoğurt	matched_dezd_headword	mast	headword_parented	medium	
493	lerch_glossary_p216_r0493:entry	216	mar	mar	raw_extraction	mar	mar	existing_parent	Schlange; s. Krip. mar.	Schlange; s. Krip. mar.	snake	matched_dezd_headword	yılan	matched_dezd_headword	mar	headword_parented	medium	
494	lerch_glossary_p216_r0494:entry	216	uiära kerde xüeri	uiära kerde xüeri	raw_extraction	wyara kêrdê xwêri	uiära kerde xüeri	self	heirathete, 58.4. Vgl. Krm. mer.	heirathete, 58. 4. Vgl. Krm. mer.						ocr_extracted	low	
495	lerch_glossary_p216_r0495:entry	216	mal	māl	text_form_match	mal	mal	existing_parent	(ar. JL), Eigenlhum, Haus.	(ar. JL), Eigenlhum, Haus.	house	rule_guess_from_german	1) büyükbaş hayvan 2) mal, mülkiyet, eşya 3) büyükbaş hayvan sürüsü 4) aşağılık, bayağıkötü kimse 5) aptal veya saf kimse	matched_dezd_headword	mal	headword_parented	medium	text examples: kauge-nyerib-u-sivani:s02_l15; kauge-nyerib-u-sivani:s03_l04; kauge-nyerib-u-sivani:s03_l07
496	lerch_glossary_p216_r0496:entry	216	meMpine	meMpine	raw_extraction	mêMpinê	meMpine	self	zürne nicht, 63.3. Vgl. Krm. fiapäiid.	zürne nicht, 63. 3. Vgl. Krm. fiapäiid.						ocr_extracted	low	
497	lerch_glossary_p216_r0497:entry	216	mefila	mefila	raw_extraction	mêfila	mefila	self	(arab. J*- ). Machal.	(arab. J*- ). Machal.						ocr_extracted	low	
498	lerch_glossary_p216_r0498:entry	216	mükiri	mükiri	raw_extraction	mükiri	kün’a	see_reference	machet nicht; s. kün’a. suma tau vehgi xo mekiri, kei- ner von Euch gebe einen Laut von sich, 50.8.	machet nicht; s. kün’a. suma tau vehgi xo mekiri, kei- ner von Euch gebe einen Laut von sich, 50. 8.						ocr_extracted	low	
499	lerch_glossary_p216_r0499:entry	216	mekSe	mékše	text_form_match	mêkşê	ki-	see_reference	tödte nicht, 83. lt; s. ki- Sün’a.	tödte nicht, 83. lt; s. ki- Sün’a.						ocr_extracted	medium	text examples: degirmenci-ve-tilki:mf02_l06
500	lerch_glossary_p216_r0500:entry	216	mügiri	mügiri	raw_extraction	mügiri	gerün'a	see_reference	gehet nicht (imp.), 73.12; s. gerün'a.	gehet nicht (imp. ), 73. 12; s. gerün'a.						ocr_extracted	low	
501	lerch_glossary_p216_r0501:entry	216	müterse	müterse	raw_extraction	mütêrsê	müterse	self	fürchte nicht, 63.4. mütersi, furchtet nicht, 50.4.	fürchte nicht, 63. 4. mütersi, furchtet nicht, 50. 4.						ocr_extracted	low	
502	lerch_glossary_p216_r0502:entry	216	mesln	mesln	raw_extraction	mêsln	mesln	self	Kupferschale, 86.9-10. Vgl. npers:	Kupferschale, 86. 9-10. Vgl. npers:						ocr_extracted	low	
503	lerch_glossary_p216_r0503:entry	216	merd	me̱rd	text_form_match	merd	merdim	existing_parent	Mann	Mann	man; person; human; relative	manual_override	adam; insan; akraba	manual_override	merdim	headword_parented	medium	text examples: goin-puhu-kusunun-hikayesi:g01_l02; uc-kardes-masali:tb09_l12
504	lerch_glossary_p216_r0504:entry	216	merda	mé̱rdā	text_form_match	merda	mé̱rdā	self	ich bin gestorben, 74.ii. 2) geh (irap. von yüu’a), 57.#; 67.il.	ich bin gestorben, 74. ii. 2) geh (irap. von yüu’a), 57. #; 67. il.						ocr_extracted	medium	text examples: kauge-nyerib-u-hyeni:h04_l14
505	lerch_glossary_p216_r0505:entry	216	merdüm	me̱rdṳ́m	text_form_match	merdüm	me̱rdṳ́m	self	merdupm, merdüm = merd.	merdupm, merdüm = merd.						ocr_extracted	medium	text examples: ali-agha-ladi-kelhani:a04_l06; ali-agha-ladi-kelhani:a04_l08; ali-agha-ladi-kelhani:a04_l10
506	lerch_glossary_p216_r0506:entry	216	mebere	mé̱bere	text_form_match	mebêrê	berdene	existing_parent	nimm nicht	nimm nicht	to take away; to carry away; to take there	manual_override	götürmek	manual_override	berdene	headword_parented	medium	text examples: ali-agha-ladi-kelhani:a03_l02
507	lerch_glossary_p216_r0507:entry	216	mevinde	mé̱vinde	text_form_match	mevindê	mevınde!	existing_parent	säume nicht, 67.ii; s. vindün’a. mevindi, säumet nicht, 64.1-2.	säume nicht, 67. ii; s. vindün’a. mevindi, säumet nicht, 64. 1-2.	do not wait!	matched_dezd_headword	bekleme!	matched_dezd_headword	mevınde!	headword_parented	medium	text examples: kauge-nyerib-u-sivani:s02_l13; kauge-nyerib-u-sivani:s03_l02
508	lerch_glossary_p216_r0508:entry	216	meäni saüe	meäni saüe	raw_extraction	mêani sawê	meäni saüe	self	um Mitternacht,	um Mitternacht,						ocr_extracted	low	
509	lerch_glossary_p216_r0509:entry	216	meiyüs	meiyüs	raw_extraction	mêyüs	meiyüs	self	Fliege. Vgl. Krm. meS.	Fliege. Vgl. Krm. meS.						ocr_extracted	low	
510	lerch_glossary_p216_r0510:entry	216	meit	meit	raw_extraction	mêyt	meit	self	Leichnam. S. Krm. meit.	Leichnam. S. Krm. meit.						ocr_extracted	low	
511	lerch_glossary_p216_r0511:entry	216	meläte	meläte	raw_extraction	mêlatê	meläte	self	morgen, 73.9. meiste yerel, morgen Abend, meiste sebäh, morgen früh, meiste nemädira, morgen um das Frühgebet,	morgen, 73. 9. meiste yerel, morgen Abend, meiste sebäh, morgen früh, meiste nemädira, morgen um das Frühgebet,	morning; tomorrow	rule_guess_from_german	sabah; yarın	rule_guess_from_german		ocr_extracted	low	
512	lerch_glossary_p216_r0512:entry	216	meimün	meimün	raw_extraction	mêymün	meimün	self	Affe. S. Krm. meimün.	Affe. S. Krm. meimün.						ocr_extracted	low	
513	lerch_glossary_p216_r0513:entry	216	medewi timäu	medewi timäu	raw_extraction	mêdêwi timaw	medewi timäu	self	Augenwimper,	Augenwimper,						ocr_extracted	low	
514	lerch_glossary_p216_r0514:entry	216	mend	mend	raw_extraction	mênd	mendene	existing_parent	blieb, mündi. blieben. yaudSmemend, ein Monat ver- strich, 68.8. Vgl. Krm. ma, mend.	blieb, mündi. blieben. yaudSmemend, ein Monat ver- strich, 68. 8. Vgl. Krm. ma, mend.	stay	matched_dezd_headword	kalmak	matched_dezd_headword	mendene	headword_parented	medium	
515	lerch_glossary_p216_r0515:entry	216	müSore (ar. L») kerd	müSore (ar. L») kerd	raw_extraction	müSorê (ar. L») kêrd	müSore (ar. L») kerd	self	hielt Rath. Digitized by G01	hielt Rath. Digitized by G01						ocr_extracted	low	
516	lerch_glossary_p217_r0516:entry	217	mesäh	mesäh	raw_extraction	mêsah	mesäh	self	Kasten, 83. s.	Kasten, 83. s.						ocr_extracted	low	
517	lerch_glossary_p217_r0517:entry	217	merdn’a	merdn’a	raw_extraction	mêrdna	merdn-	verb_present_stem_guess	(ich) sterbe,	(ich) sterbe,						ocr_extracted	low	
518	lerch_glossary_p217_r0518:entry	217	meröe	meröe	raw_extraction	mêroê	meröe	self	Birne. Vgl. Krm. ftermd.	Birne. Vgl. Krm. ftermd.						ocr_extracted	low	
519	lerch_glossary_p217_r0519:entry	217	möl’a	möl’a	raw_extraction	mola	möl-	verb_present_stem_guess	Mullah,	Mullah,						ocr_extracted	low	
520	lerch_glossary_p217_r0520:entry	217	migal’e	migal’e	qa_reviewed	migalê	migal’e	self	?	?	eyelash?	qa_reviewed	kirpik?	qa_reviewed		qa_reviewed	high	
521	lerch_glossary_p217_r0521:entry	217	mjri	mjri	raw_extraction	mjri	mjri	self	mir. rnjrd = merd.	mir. rnjrd = merd.						ocr_extracted	low	
522	lerch_glossary_p217_r0522:entry	217	minj'i. mein	minj'i. mein	raw_extraction	minji. mêyn	minj'i. mein	self	meine,	meine,						ocr_extracted	low	
523	lerch_glossary_p217_r0523:entry	217	mlre	mlre	raw_extraction	mlrê	mlre	self	Fürst. S. Krm. mir.	Fürst. S. Krm. mir.						ocr_extracted	low	
524	lerch_glossary_p217_r0524:entry	217	militik	militik	raw_extraction	militik	militik	self	Sperling,	Sperling,						ocr_extracted	low	
525	lerch_glossary_p217_r0525:entry	217	mü	mü	raw_extraction	mü	Krm	see_reference	Haar, Gefieder; s. Krm. mü. muqaite ( ar. ) jföe bi, (sie) seien auf ihrer Hut, 72.10. müye = mü.	Haar, Gefieder; s. Krm. mü. muqaite ( ar. ) jföe bi, (sie) seien auf ihrer Hut, 72. 10. müye = mü.						ocr_extracted	low	
526	lerch_glossary_p217_r0526:entry	217	fek	fek	raw_extraction	fêk	fek	existing_parent	feg, Mund. feg veld’i, gähnte,	feg, Mund. feg veld’i, gähnte,	mouth	matched_dezd_headword	ağız	matched_dezd_headword	fek	headword_parented	medium	
527	lerch_glossary_p217_r0527:entry	217	feni	feni	raw_extraction	fêni	feni	self	gleich, s. Krm. feni.	gleich, s. Krm. feni.						ocr_extracted	low	
528	lerch_glossary_p217_r0528:entry	217	ferdye	ferdye	raw_extraction	fêrdyê	ferdye	self	ist geflogen, s. ferdn’a.	ist geflogen, s. ferdn’a.						ocr_extracted	low	
529	lerch_glossary_p217_r0529:entry	217	Ferdtu	Ferdtu	raw_extraction	Fêrdtû	Ferdtu	self	Euphrat,	Euphrat,						ocr_extracted	low	
530	lerch_glossary_p217_r0530:entry	217	ferdn’a	ferdn’a	raw_extraction	fêrdna	ferdn-	verb_present_stem_guess	(ich) fliege.	(ich) fliege.						ocr_extracted	low	
531	lerch_glossary_p217_r0531:entry	217	vai	vai	raw_extraction	vay	vai	self	Ausrufung.	Ausrufung.						ocr_extracted	low	
532	lerch_glossary_p217_r0532:entry	217	vaištüra	vaištüra	qa_reviewed	vayştüra	vaştüriye	existing_parent	Sichel	Sichel	sickle	qa_reviewed	orak	qa_reviewed	vaştüriye	qa_reviewed	high	
533	lerch_glossary_p217_r0533:entry	217	mündial aisnia fdtiua	mündial aisnia fdtiua	raw_extraction	mündyal aysnya fdtywa	mündial aisnia fdtiua	self	Regenbo- gen, 4.H.	Regenbo- gen, 4. H.						ocr_extracted	low	
534	lerch_glossary_p217_r0534:entry	217	mul	mul	raw_extraction	mûl	mul	self	Maus. Vgl. Krm. m|S.	Maus. Vgl. Krm. m|S.						ocr_extracted	low	
535	lerch_glossary_p217_r0535:entry	217	müäi ärdi	müäi ärdi	raw_extraction	mway ardi	müäi ärdi	self	Maulwurf ( tcürilich : Grdmaus).	Maulwurf ( tcürilich: Grdmaus).						ocr_extracted	low	
536	lerch_glossary_p217_r0536:entry	217	ntüäu kör	ntüäu kör	raw_extraction	ntwaw kor	ntüäu kör	self	Blindmaus, = Krm. mjSki tfu’lr.	Blindmaus, = Krm. mjSki tfu’lr.						ocr_extracted	low	
537	lerch_glossary_p217_r0537:entry	217	myandu’i	myandu’i	raw_extraction	myandûi	myaui	see_reference	mittlere, 49.2; 58.8; s. myaui.	mittlere, 49. 2; 58. 8; s. myaui.						ocr_extracted	low	
538	lerch_glossary_p217_r0538:entry	217	myäni	myäni	raw_extraction	myani	meäni	see_reference	Mitte. myäne saue, um Mitternacht; s. meäni äaüe. myände, in der Mitte.	Mitte. myäne saue, um Mitternacht; s. meäni äaüe. myände, in der Mitte.						ocr_extracted	low	
539	lerch_glossary_p217_r0539:entry	217	myöSna	myöSna	raw_extraction	myoSna	Krm	see_reference	Schaf; s. Krm. me§.	Schaf; s. Krm. me§.						ocr_extracted	low	
540	lerch_glossary_p217_r0540:entry	217	rnyörde	rnyörde	raw_extraction	rnyordê	rnyörde	self	Ehemann. Vgl. Krm. mer.	Ehemann. Vgl. Krm. mer.						ocr_extracted	low	
541	lerch_glossary_p217_r0541:entry	217	ferln	ferln	raw_extraction	fêrln	ferln	self	Ofen,	Ofen,						ocr_extracted	low	
542	lerch_glossary_p217_r0542:entry	217	ferindi	ferindi	raw_extraction	fêrindi	ferindi	self	Bäcker,	Bäcker,						ocr_extracted	low	
543	lerch_glossary_p217_r0543:entry	217	fll	fll	raw_extraction	fll	fll	self	Elephant: s. Krm. fll.	Elephant: s. Krm. fll.						ocr_extracted	low	
544	lerch_glossary_p217_r0544:entry	217	filfillk	filfillk	raw_extraction	filfillk	filfillk	self	Schmetterling, filfilika §au, Nachtfalter.	Schmetterling, filfilika §au, Nachtfalter.						ocr_extracted	low	
545	lerch_glossary_p217_r0545:entry	217	vaüre	vaüre	raw_extraction	vawrê	vaüre	self	Schnee. Vgl. Krm. berf.	Schnee. Vgl. Krm. berf.						ocr_extracted	low	
546	lerch_glossary_p217_r0546:entry	217	va	vā	text_form_match	va	vatene	existing_parent	s. väna, väda	s. väna, väda	to say; to tell; to speak	manual_override	söylemek, demek	manual_override	vatene	headword_parented	medium	text examples: degirmenci-ve-tilki:mf02_l03; degirmenci-ve-tilki:mf02_l04; degirmenci-ve-tilki:mf02_l06
547	lerch_glossary_p217_r0547:entry	217	väda	vā́d̮a	text_form_match	vaca	vatene	existing_parent	(ich) spreche, sage	(ich) spreche, sage	to say; to tell; to speak	manual_override	söylemek, demek	manual_override	vatene	headword_parented	medium	text examples: degirmenci-ve-tilki:mf02_l12
548	lerch_glossary_p218_r0548:entry	218	vdtiä	vdtiä	raw_extraction	vdtya	vdtiä	self	abscheulich, 82.4.	abscheulich, 82. 4.						ocr_extracted	low	
549	lerch_glossary_p218_r0549:entry	218	va$	vā	text_form_match	va	vaş	existing_parent	Gras. vddi beng = Krm. dari beng, Terpentiubaum.	Gras. vddi beng = Krm. dari beng, Terpentinbaum.	grass, weed	matched_dezd_headword	ot	matched_dezd_headword	vaş	headword_parented	medium	text examples: degirmenci-ve-tilki:mf02_l03; degirmenci-ve-tilki:mf02_l04; degirmenci-ve-tilki:mf02_l06
550	lerch_glossary_p218_r0550:entry	218	vaz (Lina	vaz (Lina	raw_extraction	vaz (Lina	vaz (Lina	self	(ich) laufe. Vgl. Krm. baz, bezfa. vaz da, lief, 72.7.	(ich) laufe. Vgl. Krm. baz, bezfa. vaz da, lief, 72. 7.						ocr_extracted	low	
551	lerch_glossary_p218_r0551:entry	218	vard	vard	raw_extraction	vard	vard	self	I) Lamm. Vgl. Krm. berli. vard. 2) s. vardn.	I) Lamm. Vgl. Krm. berli. vard. 2) s. vardn.						ocr_extracted	low	
552	lerch_glossary_p218_r0552:entry	218	vardn	vardn	raw_extraction	vardn	vardn	self	Kegen. vardn vard, es regnete. Vgl. Krm. bardn. varük = vard.	Kegen. vardn vard, es regnete. Vgl. Krm. bardn. varük = vard.						ocr_extracted	low	
553	lerch_glossary_p218_r0553:entry	218	ve ken’a	ve ken’a	qa_reviewed	vê kêna	ve ken-	verb_present_stem_guess	(ich) berühre (?), thue an	(ich) berühre (?), thue an	to touch / put onto	qa_reviewed	dokunmak / üzerine koymak	qa_reviewed		qa_reviewed	high	
554	lerch_glossary_p218_r0554:entry	218	veng	ve̱ṅg	text_form_match	veng	veng	existing_parent	Stimme, Laut, Schrei, vetig ddna, (ich) schreie, rufe, veng kün’a, (ich) gebe einen Laut von mir. venge )föe inekiri, gebet kei- nen Laut von Euch, 50. s.	Stimme, Laut, Schrei, vetig ddna, (ich) schreie, rufe, veng kün’a, (ich) gebe einen Laut von mir. venge )föe inekiri, gebet kei- nen Laut von Euch, 50. s.	Sound, Audio, Voice	matched_dezd_headword	ses	matched_dezd_headword	veng	headword_parented	medium	text examples: ali-agha-ladi-kelhani:a03_l11; ali-agha-ladi-kelhani:a03_l12; ali-agha-ladi-kelhani:a04_l09
555	lerch_glossary_p218_r0555:entry	218	veden'a	ve̱d̮én’a	text_form_match	vecêna	ve̱d̮én-	verb_present_stem_guess	(ich) gehe aus, heraus, ve da, ging aus.	(ich) gehe aus, heraus, ve da, ging aus.	go	rule_guess_from_german	gitmek	rule_guess_from_german		ocr_extracted	medium	text examples: kauge-nyerib-u-hyeni:h07_l11
556	lerch_glossary_p218_r0556:entry	218	vesün’a	vesün’a	raw_extraction	vêsüna	vesnün’a	see_reference	brenne(inlr.); s. vesnün’a. veSa, brannte.	brenne(inlr. ); s. vesnün’a. veSa, brannte.						ocr_extracted	low	
557	lerch_glossary_p218_r0557:entry	218	veünün’a	veünün’a	raw_extraction	vêwnüna	veünün-	verb_present_stem_guess	(ich) brenne nieder, vcsud, brannte nieder, veäni , brennet nieder (imp.), 68.8.	(ich) brenne nieder, vcsud, brannte nieder, veäni, brennet nieder (imp. ), 68. 8.						ocr_extracted	low	
558	lerch_glossary_p218_r0558:entry	218	vgt	vgt	raw_extraction	vgt	vgt	self	weg, aus , zeinddna vet ard, führte aus dem Gefängnisse, 56. n.	weg, aus, zeinddna vet ard, führte aus dem Gefängnisse, 56. n.						ocr_extracted	low	
559	lerch_glossary_p218_r0559:entry	218	ver	ve̱r	text_form_match	ver	ver	existing_parent	Potipos. gegen, zu, nach, aus; s. vera. kaut ver, folgte, 70.8.	Potipos. gegen, zu, nach, aus; s. vera. kaut ver, folgte, 70. 8.			1) ön 2) dolayı, yüzünden 3) karşı	matched_dezd_headword	ver	headword_parented	medium	text examples: ali-agha-ladi-kelhani:a03_l11; degirmenci-ve-tilki:mf03_l04; degirmenci-ve-tilki:mf03_l15
560	lerch_glossary_p218_r0560:entry	218	ver ken’a	ver ken’a	raw_extraction	vêr kêna	ver ken-	verb_present_stem_guess	(ich) bereite. ver ke, bereite, 5l.to; 52.«.	(ich) bereite. ver ke, bereite, 5l. to; 52. «.						ocr_extracted	low	
561	lerch_glossary_p218_r0561:entry	218	vera	vé̱ra	text_form_match	vera	vera	existing_parent	aus, heraus, entgegen, geraüte vera , nahm heraus 64.». ez vlst nierdumi tüe yau mer- dümi jföe verakiäün’a, zwan- zig der Deinigen tödte ich gegen einen der (Kernigen, 66,10-it.	aus, heraus, entgegen, geraüte vera, nahm heraus 64. ». ez vlst nierdumi tüe yau mer- dümi jföe verakiäün’a, zwan- zig der Deinigen tödte ich gegen einen der (Kernigen, 66, 10-it.	against, toward, contrary to, compared with, versus, for	matched_dezd_headword	karşı, karşısında, önüne, öne doğru, yerine	matched_dezd_headword	vera	headword_parented	medium	text examples: ali-agha-ladi-kelhani:a04_l01; kauge-nyerib-u-sivani:s02_l03; kauge-nyerib-u-sivani:s05_l13
562	lerch_glossary_p218_r0562:entry	218	vera ddna	vera ddna	raw_extraction	vêra ddna	verddna	see_reference	s. verddna.	s. verddna.						ocr_extracted	low	
563	lerch_glossary_p218_r0563:entry	218	veri	Vé̱ri	text_form_match	Veri	vêr, veri	existing_parent	erst, zuerst. ez tüe veri eixöe kiäün’a, ich tödte dich selbst zuerst, 64.7. veri doan, einst, 65.».	erst, zuerst. ez tüe veri eixöe kiäün’a, ich tödte dich selbst zuerst, 64. 7. veri doan, einst, 65. ».			ön, önü (bükümlü hali)	matched_harun_headword	vêr, veri	headword_parented	medium	text examples: kauge-nyerib-u-hyeni:h01_l02; kauge-nyerib-u-sivani:s01_l02
564	lerch_glossary_p218_r0564:entry	218	verg	verg	raw_extraction	vêrg	verg	existing_parent	Wolf. Vgl. altb; vöhrka (vahrka), vb- rbka; cf. PZ.	Wolf. Vgl. altb; vöhrka (vahrka), vb- rbka; cf. PZ.	wolf	matched_dezd_headword	kurt	matched_dezd_headword	verg	headword_parented	medium	
565	lerch_glossary_p218_r0565:entry	218	IV	IV	raw_extraction	İV	IV	self	24; Pott Zählmethode , 127. Anm.; Hofers Zeitscbr. I, 137-39; Förstemau n, in Kuhns Zeitschr. I, 494; Bopp. Vgl. Gr. NA. S. 3. S. Krm. gur.	24; Pott Zählmethode, 127. Anm. ; Hofers Zeitscbr. I, 137-39; Förstemau n, in Kuhns Zeitschr. I, 494; Bopp. Vgl. Gr. NA. S. 3. S. Krm. gur.						ocr_extracted	low	
566	lerch_glossary_p218_r0566:entry	218	veryün’e	veryün’e	raw_extraction	vêryünê	veryün’e	self	erste	erste						ocr_extracted	low	
567	lerch_glossary_p218_r0567:entry	218	verddni	verddni	raw_extraction	vêrddni	verddna	see_reference	s. verddna.	s. verddna.						ocr_extracted	low	
568	lerch_glossary_p218_r0568:entry	218	verde	vé̱rde	text_form_match	verdê	verde	existing_parent	s. verddna.	s. verddna.	before	matched_dezd_headword	evvel	matched_dezd_headword	verde	headword_parented	medium	text examples: kauge-nyerib-u-sivani:s02_l12
569	lerch_glossary_p218_r0569:entry	218	verde	vé̱rde	text_form_match	verdê	verde	existing_parent	vor. tj verde, vor dir. velk = verg.	vor. tj verde, vor dir. velk = verg.	before	matched_dezd_headword	evvel	matched_dezd_headword	verde	headword_parented	medium	text examples: kauge-nyerib-u-sivani:s02_l12
570	lerch_glossary_p219_r0570:entry	219	velgö	velgö	raw_extraction	vêlgo	velgö	self	Blätter, Laub. G: belk foglia ; B. III: 63: varak feuille. Vgl. npers: kälL; cf. 1*Z. III, 45. veih = verig.	Blätter, Laub. G: belk foglia; B. III: 63: varak feuille. Vgl. npers: kälL; cf. 1*Z. III, 45. veih = verig.						ocr_extracted	low	
571	lerch_glossary_p219_r0571:entry	219	venert	venert	qa_reviewed	vênêrt	vındetene	existing_parent	stand, sass, blieb	stand, sass, blieb	stood / sat / remained	qa_reviewed	durdu / kaldı	qa_reviewed	vındetene	qa_reviewed	high	
572	lerch_glossary_p219_r0572:entry	219	verdana	verdā́na	text_form_match	vêrdana	verdā́na	self	(ich) werfe weg, lasse los, verschone, vera däna, (ich) verschone, ver dä, warf weg, 72.«. verddnl, du bissest, 55.». v6ra medi , verschonet eicht, 75.9.	(ich) werfe weg, lasse los, verschone, vera däna, (ich) verschone, ver dä, warf weg, 72. «. verddnl, du bissest, 55. ». v6ra medi, verschonet eicht, 75. 9.						ocr_extracted	medium	text examples: degirmenci-ve-tilki:mf04_l14; kauge-nyerib-u-hyeni:h06_l06
573	lerch_glossary_p219_r0573:entry	219	wa	wa	raw_extraction	wa	wa	self	er, sie.	er, sie.						ocr_extracted	low	
574	lerch_glossary_p219_r0574:entry	219	wai	wai	raw_extraction	way	wai	self	Schwester.	Schwester.	sister	rule_guess_from_german	kız kardeş	rule_guess_from_german		ocr_extracted	low	
575	lerch_glossary_p219_r0575:entry	219	waiät	waiät	raw_extraction	wayat	wazdn’a	see_reference	wünschte; s. wazdn’a.	wünschte; s. wazdn’a.						ocr_extracted	low	
576	lerch_glossary_p219_r0576:entry	219	waift	waift	raw_extraction	wayft	waift	self	(ar. tUj), Zeit.	(ar. tUj), Zeit.						ocr_extracted	low	
577	lerch_glossary_p219_r0577:entry	219	wade	wadé̱	text_form_match	wade	wadé̱	self	(türk.o^jl), Zimmer, 62.2. waät = waiät.	(türk. o^jl), Zimmer, 62. 2. waät = waiät.						ocr_extracted	medium	text examples: degirmenci-ve-tilki:mf04_l10; degirmenci-ve-tilki:mf04_l11; gespraech-mit-hassan:h02_l15
578	lerch_glossary_p219_r0578:entry	219	wazdn'a	wazdn'a	raw_extraction	wazdna	wazdn-	verb_present_stem_guess	(ich) wünsche, will, freie. waiSt, wa$t, wünschte, freite. Vgl. Krm. xöast. verd dai, liess los, 84.2. vera nedäna , ich verschone nicht, 70.11-12. me verdi , verschonet nicht, 69.4.	(ich) wünsche, will, freie. waiSt, wa$t, wünschte, freite. Vgl. Krm. xöast. verd dai, liess los, 84. 2. vera nedäna, ich verschone nicht, 70. 11-12. me verdi, verschonet nicht, 69. 4.						ocr_extracted	low	
579	lerch_glossary_p219_r0579:entry	219	vidn’a	vidn’a	raw_extraction	vidna	aunön’a	see_reference	(ich) sehe; s. aunön’a. aünd, sah. vi6n’e, komme; s. yön’a.	(ich) sehe; s. aunön’a. aünd, sah. vi6n’e, komme; s. yön’a.	come; see	rule_guess_from_german	gelmek; görmek	rule_guess_from_german		ocr_extracted	low	
580	lerch_glossary_p219_r0580:entry	219	vindßn’a	vindßn’a	raw_extraction	vindßna	vindßn-	verb_present_stem_guess	(ich) bleibe, s. venden’a. vjndd, bleibe stehen, 57.6. äqjli vinde, bleibe vernünftig, 86.7. nevinddn’i, bleiben nicht, 67. io. vinert = venert.	(ich) bleibe, s. venden’a. vjndd, bleibe stehen, 57. 6. äqjli vinde, bleibe vernünftig, 86. 7. nevinddn’i, bleiben nicht, 67. io. vinert = venert.	stand	rule_guess_from_german	durmak	rule_guess_from_german		ocr_extracted	low	
581	lerch_glossary_p219_r0581:entry	219	vlst. zwanzig	vlst. zwanzig	raw_extraction	vlst. zwanzig	vlst. zwanzig	self								ocr_extracted	low	
582	lerch_glossary_p219_r0582:entry	219	vlstin	vlstin	raw_extraction	vlstin	vlstin	self	zwanzigste,	zwanzigste,						ocr_extracted	low	
583	lerch_glossary_p219_r0583:entry	219	vizyfri	vizyfri	raw_extraction	vizyfri	vizyfri	self	gestern Abend. Vgl. oss: izar Abtnd (R.)	gestern Abend. Vgl. oss: izar Abtnd (R. )	yesterday	rule_guess_from_german	dün	rule_guess_from_german		ocr_extracted	low	
584	lerch_glossary_p219_r0584:entry	219	vil’e = Krm.gulilik	vil’e = Krm.gulilik	raw_extraction	vilê = Krm.gûlilik	Krm.gulilik	equals_reference	Blümchen,	Blümchen,						ocr_extracted	low	
585	lerch_glossary_p219_r0585:entry	219	vydn’a = vidn’a	vydn’a = vidn’a	raw_extraction	vydna = vidna	vidn’a	equals_reference	s. y6n'a. vydne = vidn’e, komm, 74. io. way6r, Herr. mäle yöe bye way6r ndkeri, (dass) sie ihre Habe nicht ohne Herr (Schutz) lassen, 72.11-12. tau tüeri wdyerei iiekdn’u, Keiner übt über dich Herr- schaft, 53.11.	s. y6n'a. vydne = vidn’e, komm, 74. io. way6r, Herr. mäle yöe bye way6r ndkeri, (dass) sie ihre Habe nicht ohne Herr (Schutz) lassen, 72. 11-12. tau tüeri wdyerei iiekdn’u, Keiner übt über dich Herr- schaft, 53. 11.						ocr_extracted	low	
586	lerch_glossary_p219_r0586:entry	219	waddre	waddre	raw_extraction	waddrê	weddri	see_reference	s. weddri.	s. weddri.						ocr_extracted	low	
587	lerch_glossary_p220_r0587:entry	220	war	wār	text_form_match	war	wār	self	Winterlager, 60.12-13.	Winterlager, 60. 12-13.						ocr_extracted	medium	text examples: gespraech-mit-hassan:h03_l06; gespraech-mit-hassan:h03_l07
588	lerch_glossary_p220_r0588:entry	220	warezä	wáreza	text_form_match	warêza	wáreza	self	Neffe, Schwestersohn. Vgl. Krm. xoärz. ward6n’a = warzdn’a.	Neffe, Schwestersohn. Vgl. Krm. xoärz. ward6n’a = warzdn’a.						ocr_extracted	medium	text examples: ali-agha-ladi-kelhani:a03_l04; ali-agha-ladi-kelhani:a03_l11
589	lerch_glossary_p220_r0589:entry	220	warzdn’a	warzdn’a	raw_extraction	warzdna	warzdn-	verb_present_stem_guess	(ich) erhebe mich, stehe auf. wärzi, stehet auf. weriät, erhob sich, stand auf. S. warden’a, werddn’a. we = wa.	(ich) erhebe mich, stehe auf. wärzi, stehet auf. weriät, erhob sich, stand auf. S. warden’a, werddn’a. we = wa.	stand	rule_guess_from_german	durmak	rule_guess_from_german		ocr_extracted	low	
590	lerch_glossary_p220_r0590:entry	220	wend	we̱ṅd	text_form_match	wengd	wendene , wantene	existing_parent	las. Vgl. Krm. yo6nd.	las. Vgl. Krm. yo6nd.	1) read 2) go to school, to study 3) to sing	matched_dezd_headword	1) okumak 2) okula gitmek 3) şarkısöylemek	matched_dezd_headword	wendene , wantene	headword_parented	medium	text examples: uc-kardes-masali:tb03_l05; uc-kardes-masali:tb05_l04; uc-kardes-masali:tb05_l09
591	lerch_glossary_p220_r0591:entry	220	weye kdn’a	weye kdn’a	raw_extraction	wêyê kdna	weye kdn-	verb_present_stem_guess	jage weg. weta = vet.	jage weg. weta = vet.						ocr_extracted	low	
592	lerch_glossary_p220_r0592:entry	220	weddri	weddri	raw_extraction	wêddri	weddri	self	bestattet. meitani me wadere taüde me — w tinu, ich habe Niemanden, v 1 um meine Leichen zu be- statten, 79.3-6. weddrti, bestatteten, 65.7.	bestattet. meitani me wadere taüde me — w tinu, ich habe Niemanden, v 1 um meine Leichen zu be- statten, 79. 3-6. weddrti, bestatteten, 65. 7.						ocr_extracted	low	
593	lerch_glossary_p220_r0593:entry	220	weä	weä	raw_extraction	wêa	weä	self	gut, gesund, 81.3. Vgl. Krm. xo§. weäi kdn’a, (ich) versöhne, ma pya weäi ke, versöhne uns mit einander, 70.6.	gut, gesund, 81. 3. Vgl. Krm. xo§. weäi kdn’a, (ich) versöhne, ma pya weäi ke, versöhne uns mit einander, 70. 6.	good	rule_guess_from_german	iyi	rule_guess_from_german		ocr_extracted	low	
594	lerch_glossary_p220_r0594:entry	220	Weäin	Weäin	raw_extraction	Wêayn	Weäin	self	Ortsname.	Ortsname.	place name	rule_guess_from_german	yer adı	rule_guess_from_german		ocr_extracted	low	
595	lerch_glossary_p220_r0595:entry	220	Wesmdn	Wesmdn	raw_extraction	Wêsmdn	Wesmdn	self	Eigenname,	Eigenname,	personal name	rule_guess_from_german	kişi adı	rule_guess_from_german		ocr_extracted	low	
596	lerch_glossary_p220_r0596:entry	220	weränd	we̱rā́nd	text_form_match	werand	we̱rā́nd	self	dest äjmäyöri yöe werdnd, nahm sein Schwert in die Hand, 72.t.	dest äjmäyöri yöe werdnd, nahm sein Schwert in die Hand, 72. t.	sword; hand; take	rule_guess_from_german	kılıç; el; almak	rule_guess_from_german		ocr_extracted	medium	text examples: kauge-nyerib-u-hyeni:h02_l01
597	lerch_glossary_p220_r0597:entry	220	weriät	weriät	raw_extraction	wêryat	weriät	self	stand auf. weriät be espär, sassauf, setzte sich zu Pferde, machte sich zu Pferde auf. werddn’a = warzdn’a. wirdi, standen auf, 62.ii.	stand auf. weriät be espär, sassauf, setzte sich zu Pferde, machte sich zu Pferde auf. werddn’a = warzdn’a. wirdi, standen auf, 62. ii.	stand	rule_guess_from_german	durmak	rule_guess_from_german		ocr_extracted	low	
598	lerch_glossary_p220_r0598:entry	220	welra	welra	raw_extraction	wêlra	welra	self	dort.	dort.						ocr_extracted	low	
599	lerch_glossary_p220_r0599:entry	220	wdn’iäi	wdn’iäi	raw_extraction	wdnyay	wdn’iäi	self	geht entgegen, 84.1».	geht entgegen, 84. 1».						ocr_extracted	low	
600	lerch_glossary_p220_r0600:entry	220	widd	widd	raw_extraction	widd	widd	self	wid&ra, sogleich, 66. e.	wid&ra, sogleich, 66. e.	immediately	rule_guess_from_german	hemen	rule_guess_from_german		ocr_extracted	low	
