priority	issues	entry_id	entry_display	entry_search	parent	parent_search	entry_type	entry_review_status	definition_en_review_status	definition_tr_source	definition_de	definition_en	definition_tr	raw_headword	source_page	source_row_idx	suggested_next_step
1	not_qa_reviewed; raw_ocr_extraction; missing_english; missing_turkish; suspicious_headword_shape	lerch_glossary_p206_r0225:entry	<Jau	jau			word	ocr_extracted			Gerste. Vgl. Krm. de.			<Jau	206	225	Check source scan/OCR before publishing.
1	not_qa_reviewed; raw_ocr_extraction; missing_english; missing_turkish; suspicious_headword_shape	lerch_glossary_p216_r0485:entry	byßri = byäre	byssri byare			phrase	ocr_extracted			79.8. «.			byßri = byäre	216	485	Check source scan/OCR before publishing.
1	not_qa_reviewed; raw_ocr_extraction; missing_english; missing_turkish; suspicious_headword_shape	lerch_glossary_p203_r0147:entry	keif = Krm. keif	keif krm keif			phrase	ocr_extracted						keif = Krm. keif	203	147	Check source scan/OCR before publishing.
1	not_qa_reviewed; raw_ocr_extraction; missing_english; missing_turkish; suspicious_headword_shape	lerch_glossary_p202_r0115:entry	qaländik = tiirk. acJ>	qalandik tiirk acj			phrase	ocr_extracted			Rabe,			qaländik = tiirk. acJ>	202	115	Check source scan/OCR before publishing.
1	not_qa_reviewed; raw_ocr_extraction; missing_english; missing_turkish; suspicious_headword_shape	lerch_glossary_p211_r0379:entry	set = se	set se			phrase	ocr_extracted			hundert,			set = se	211	379	Check source scan/OCR before publishing.
1	not_qa_reviewed; raw_ocr_extraction; missing_english; missing_turkish; suspicious_headword_shape	lerch_glossary_p211_r0387:entry	s§re	s re			word	ocr_extracted			Kopf,			s§re	211	387	Check source scan/OCR before publishing.
1	not_qa_reviewed; raw_ocr_extraction; missing_english; missing_turkish; suspicious_headword_shape	lerch_glossary_p219_r0584:entry	vil’e = Krm.gulilik	vile krm gulilik			phrase	ocr_extracted			Blümchen,			vil’e = Krm.gulilik	219	584	Check source scan/OCR before publishing.
1	not_qa_reviewed; raw_ocr_extraction; missing_english; missing_turkish; suspicious_headword_shape	lerch_glossary_p219_r0585:entry	vydn’a = vidn’a	vydna vidna			phrase	ocr_extracted			s. y6n'a. vydne = vidn’e, komm, 74. io. way6r, Herr. mäle yöe bye way6r ndkeri, (dass) sie ihre Habe nicht ohne Herr (Schutz) lassen, 72.11-12. tau tüeri wdyerei iiekdn’u, Keiner übt über dich Herr- schaft, 53.11.			vydn’a = vidn’a	219	585	Check source scan/OCR before publishing.
1	suspicious_headword_shape	lerch_glossary_p200_r0096:entry	hišin	hisin	xişn	xisn	word	qa_reviewed	reviewed_manual	reviewed_qa	dick?	thick / strong	kalın / güçlü	hi§in	200	96	Check source scan/OCR before publishing.
1	not_qa_reviewed; suspicious_headword_shape; parented_but_needs_review	lerch_glossary_p218_r0549:entry	va$	va	vaş	vas	word	headword_parented	matched_headword	matched_dezd_headword	Gras. vddi beng = Krm. dari beng, Terpentiubaum.	grass, weed	ot	va$	218	549	Check source scan/OCR before publishing.
2	not_qa_reviewed; raw_ocr_extraction; missing_english; missing_turkish; likely_name_or_label	lerch_glossary_p197_r0006:entry	Ahmed	ahmed			word	ocr_extracted			Personenname,			Ahmed	197	6	Decide whether this belongs in the public glossary or in a names/places/context index.
2	not_qa_reviewed; raw_ocr_extraction; missing_english; missing_turkish; likely_name_or_label	lerch_glossary_p198_r0044:entry	Avdul’ah	avdulah			word	ocr_extracted			Personenname,			Avdul’ah	198	44	Decide whether this belongs in the public glossary or in a names/places/context index.
2	not_qa_reviewed; raw_ocr_extraction; missing_english; missing_turkish; likely_name_or_label	lerch_glossary_p209_r0338:entry	D'esmüni	desmuni			word	ocr_extracted			Ortsname, 65.3. lyesmündi, Appellativ von D'es- müni. Vgl. Krm. naniik. newete pau’ftte , wachte , hielt Wache; s. Krm. nöbeti.			D'esmüni	209	338	Decide whether this belongs in the public glossary or in a names/places/context index.
2	not_qa_reviewed; raw_ocr_extraction; missing_english; missing_turkish; likely_name_or_label	lerch_glossary_p208_r0295:entry	DeStei Henzi	destei henzi			phrase	ocr_extracted			Ortsname, 66 1 -2 ; s. dei'Ste.			DeStei Henzi	208	295	Decide whether this belongs in the public glossary or in a names/places/context index.
2	not_qa_reviewed; raw_ocr_extraction; missing_english; missing_turkish; likely_name_or_label	lerch_glossary_p200_r0075:entry	H'aidür	haidur			word	ocr_extracted			Personenname,			H'aidür	200	75	Decide whether this belongs in the public glossary or in a names/places/context index.
2	not_qa_reviewed; raw_ocr_extraction; missing_english; missing_turkish; likely_name_or_label	lerch_glossary_p211_r0394:entry	i suröt	i surot			phrase	ocr_extracted			(ar. Oj^o), Gesicht, sur, süri = sür. Syeratnr, Ortsname. syeSeme, Dienstag. Vgl. Krm. sesembe.			i suröt	211	394	Decide whether this belongs in the public glossary or in a names/places/context index.
2	not_qa_reviewed; raw_ocr_extraction; missing_english; missing_turkish; likely_name_or_label	lerch_glossary_p205_r0208:entry	IV	iv			word	ocr_extracted			20-21. Teite, Ortsname, 63. l. yizmkär = krm.			IV	205	208	Decide whether this belongs in the public glossary or in a names/places/context index.
2	not_qa_reviewed; raw_ocr_extraction; missing_english; missing_turkish; likely_name_or_label	lerch_glossary_p206_r0252:entry	Nerib	nerib			word	ocr_extracted			Ortsname.			Nerib	206	252	Decide whether this belongs in the public glossary or in a names/places/context index.
2	not_qa_reviewed; raw_ocr_extraction; missing_english; missing_turkish; likely_name_or_label	lerch_glossary_p206_r0226:entry	Pauz	pauz			word	ocr_extracted			Ortsname, 71.5.			Pauz	206	226	Decide whether this belongs in the public glossary or in a names/places/context index.
2	not_qa_reviewed; raw_ocr_extraction; missing_english; missing_turkish; likely_name_or_label	lerch_glossary_p210_r0353:entry	SaMn	samn			word	ocr_extracted			Personenname,			SaMn	210	353	Decide whether this belongs in the public glossary or in a names/places/context index.
2	not_qa_reviewed; raw_ocr_extraction; missing_english; missing_turkish; likely_name_or_label	lerch_glossary_p220_r0595:entry	Wesmdn	wesmdn			word	ocr_extracted			Eigenname,			Wesmdn	220	595	Decide whether this belongs in the public glossary or in a names/places/context index.
2	not_qa_reviewed; raw_ocr_extraction; missing_english; missing_turkish; likely_name_or_label	lerch_glossary_p220_r0594:entry	Weäin	weain			word	ocr_extracted			Ortsname.			Weäin	220	594	Decide whether this belongs in the public glossary or in a names/places/context index.
2	not_qa_reviewed; missing_english; likely_name_or_label; parented_but_needs_review	lerch_glossary_p197_r0013:entry	Adär	adar	adar	adar	word	headword_parented		matched_harun_headword	Monatsname; s. Abth. S. xv.		mart, yılın üçüncü ayı adar helnena, nisun naseinena,	Adär	197	13	Decide whether this belongs in the public glossary or in a names/places/context index.
2	not_qa_reviewed; missing_english; missing_turkish; likely_name_or_label; parented_but_needs_review	lerch_glossary_p198_r0031:entry	Ali	ali	Ali	ali	word	headword_parented			Personenname.			Ali	198	31	Decide whether this belongs in the public glossary or in a names/places/context index.
2	not_qa_reviewed; missing_english; likely_name_or_label; parented_but_needs_review	lerch_glossary_p209_r0344:entry	Nisän	nisan	nisun, nisan	nisun nisan	word	headword_parented		matched_harun_headword	Monatsname, s. Ahth. I, S. xv.		nisan, nisan ayı	Nisän	209	344	Decide whether this belongs in the public glossary or in a names/places/context index.
3	not_qa_reviewed; raw_ocr_extraction; missing_english; missing_turkish	lerch_glossary_p199_r0069:entry	(mäoe	maoe			word	ocr_extracted			diese Nacht. Vgl. Krm. läev. • _			(mäoe	199	69	Verify headword and German gloss against the source, then add reviewed English/Turkish glosses.
3	not_qa_reviewed; raw_ocr_extraction; missing_english; missing_turkish	lerch_glossary_p197_r0014:entry	adjr	adjr			word	ocr_extracted			Feuer. Vgl. Krm. ayjr.			adjr	197	14	Verify headword and German gloss against the source, then add reviewed English/Turkish glosses.
3	not_qa_reviewed; raw_ocr_extraction; missing_english; missing_turkish	lerch_glossary_p197_r0009:entry	ageira	ageira			word	ocr_extracted			ageral, ging, war im Ge- hen begriffen, 71.8. agerai digerai, ging hin und her, 85.13.			ageira	197	9	Verify headword and German gloss against the source, then add reviewed English/Turkish glosses.
3	not_qa_reviewed; raw_ocr_extraction; missing_english; missing_turkish	lerch_glossary_p197_r0001:entry	ainü	ainu			word	ocr_extracted			(türk. aJLjJ ), Spiegel,			ainü	197	1	Verify headword and German gloss against the source, then add reviewed English/Turkish glosses.
3	not_qa_reviewed; raw_ocr_extraction; missing_english; missing_turkish	lerch_glossary_p197_r0008:entry	akün’a	akuna			word	ocr_extracted			(ich) ölTne; s. ken’a. akerd, akürd, öffnete, 51.8; 65.10. akürdau, ist offen,			akün’a	197	8	Verify headword and German gloss against the source, then add reviewed English/Turkish glosses.
3	not_qa_reviewed; raw_ocr_extraction; missing_english; missing_turkish	lerch_glossary_p198_r0032:entry	Aldh	aldh			word	ocr_extracted			Gott,			Aldh	198	32	Verify headword and German gloss against the source, then add reviewed English/Turkish glosses.
3	not_qa_reviewed; raw_ocr_extraction; missing_english; missing_turkish	lerch_glossary_p198_r0033:entry	alüsk	alusk			word	ocr_extracted			Wange,			alüsk	198	33	Verify headword and German gloss against the source, then add reviewed English/Turkish glosses.
3	not_qa_reviewed; raw_ocr_extraction; missing_english; missing_turkish	lerch_glossary_p198_r0042:entry	amdneta	amdneta			word	ocr_extracted			Schützling; s. emdneta.			amdneta	198	42	Verify headword and German gloss against the source, then add reviewed English/Turkish glosses.
3	not_qa_reviewed; raw_ocr_extraction; missing_english; missing_turkish	lerch_glossary_p198_r0043:entry	ammini	ammini			word	ocr_extracted			im Sommer. Vgl. Krm. havin.			ammini	198	43	Verify headword and German gloss against the source, then add reviewed English/Turkish glosses.
3	not_qa_reviewed; raw_ocr_extraction; missing_english; missing_turkish	lerch_glossary_p197_r0011:entry	andün’a	anduna			word	ocr_extracted			(ich) ziehe heraus. and, zog heraus,			andün’a	197	11	Verify headword and German gloss against the source, then add reviewed English/Turkish glosses.
3	not_qa_reviewed; raw_ocr_extraction; missing_english; missing_turkish	lerch_glossary_p198_r0030:entry	arbüzy	arbuzy			word	ocr_extracted			Blutigel.			arbüzy	198	30	Verify headword and German gloss against the source, then add reviewed English/Turkish glosses.
3	not_qa_reviewed; raw_ocr_extraction; missing_english; missing_turkish	lerch_glossary_p198_r0025:entry	arewantf	arewantf			word	ocr_extracted			Müller, 83.3 sq.			arewantf	198	25	Verify headword and German gloss against the source, then add reviewed English/Turkish glosses.
3	not_qa_reviewed; raw_ocr_extraction; missing_english; missing_turkish	lerch_glossary_p198_r0027:entry	argös	argos			word	ocr_extracted			Hase. Vgl. Krm. kerosk, kergü.			argös	198	27	Verify headword and German gloss against the source, then add reviewed English/Turkish glosses.
3	not_qa_reviewed; raw_ocr_extraction; missing_english; missing_turkish	lerch_glossary_p198_r0021:entry	asfin’a	asfina			word	ocr_extracted			(ich) sehe. asdn’i, (sie) scheu, 49 . ö.			asfin’a	198	21	Verify headword and German gloss against the source, then add reviewed English/Turkish glosses.
3	not_qa_reviewed; raw_ocr_extraction; missing_english; missing_turkish	lerch_glossary_p197_r0017:entry	asirän	asiran			word	ocr_extracted			vom Stamme (Tribus), zum Stamme gehörig; s. aäirüt.			asirän	197	17	Verify headword and German gloss against the source, then add reviewed English/Turkish glosses.
3	not_qa_reviewed; raw_ocr_extraction; missing_english; missing_turkish	lerch_glossary_p197_r0020:entry	asän be	asan be			phrase	ocr_extracted			ruhe aus, erhole dich, .1-2 . Vgl. npers: jL), jjL l_1.			asän be	197	20	Verify headword and German gloss against the source, then add reviewed English/Turkish glosses.
3	not_qa_reviewed; raw_ocr_extraction; missing_english; missing_turkish	lerch_glossary_p197_r0005:entry	aunaürike	aunaurike			word	ocr_extracted			Schakal.			aunaürike	197	5	Verify headword and German gloss against the source, then add reviewed English/Turkish glosses.
3	not_qa_reviewed; raw_ocr_extraction; missing_english; missing_turkish	lerch_glossary_p198_r0045:entry	awe	awe			word	ocr_extracted			dieser, e, es; 50.4. auch aü’e.			awe	198	45	Verify headword and German gloss against the source, then add reviewed English/Turkish glosses.
3	not_qa_reviewed; raw_ocr_extraction; missing_english; missing_turkish	lerch_glossary_p198_r0023:entry	azdd kdn’a	azdd kdna			phrase	ocr_extracted			(ich) befreie. Vgl. Krm. az&d kir.			azdd kdn’a	198	23	Verify headword and German gloss against the source, then add reviewed English/Turkish glosses.
3	not_qa_reviewed; raw_ocr_extraction; missing_english; missing_turkish	lerch_glossary_p197_r0003:entry	aüdara	audara			word	ocr_extracted			sogleich, 50.i.			aüdara	197	3	Verify headword and German gloss against the source, then add reviewed English/Turkish glosses.
3	not_qa_reviewed; raw_ocr_extraction; missing_english; missing_turkish	lerch_glossary_p197_r0002:entry	aüka	auka			word	ocr_extracted			Wasser, Quelle, Bach. Vgl. Krm. av. aüka devi, Bier,			aüka	197	2	Verify headword and German gloss against the source, then add reviewed English/Turkish glosses.
3	not_qa_reviewed; raw_ocr_extraction; missing_english; missing_turkish	lerch_glossary_p215_r0469:entry	baliSrtd	balisrtd			word	ocr_extracted			Kissen,			baliSrtd	215	469	Verify headword and German gloss against the source, then add reviewed English/Turkish glosses.
3	not_qa_reviewed; raw_ocr_extraction; missing_english; missing_turkish	lerch_glossary_p215_r0466:entry	bar kdn’a	bar kdna			phrase	ocr_extracted			lasse los, lasse, 62. i. Vgl Krm. ber dim.			bar kdn’a	215	466	Verify headword and German gloss against the source, then add reviewed English/Turkish glosses.
3	not_qa_reviewed; raw_ocr_extraction; missing_english; missing_turkish	lerch_glossary_p215_r0468:entry	baryek	baryek			word	ocr_extracted			dünn, 3.27.			baryek	215	468	Verify headword and German gloss against the source, then add reviewed English/Turkish glosses.
3	not_qa_reviewed; raw_ocr_extraction; missing_english; missing_turkish	lerch_glossary_p214_r0450:entry	bau kdli	bau kdli			phrase	ocr_extracted			Grossvater von mütter- licher Seite. S. Krm. pir. plrik, Grossvaler.			bau kdli	214	450	Verify headword and German gloss against the source, then add reviewed English/Turkish glosses.
3	not_qa_reviewed; raw_ocr_extraction; missing_english; missing_turkish	lerch_glossary_p214_r0461:entry	bauk	bauk			word	ocr_extracted			Vater. Vgl. Krm. bav.			bauk	214	461	Verify headword and German gloss against the source, then add reviewed English/Turkish glosses.
3	not_qa_reviewed; raw_ocr_extraction; missing_english; missing_turkish	lerch_glossary_p215_r0464:entry	bazdr	bazdr			word	ocr_extracted			Markt, Markttag,			bazdr	215	464	Verify headword and German gloss against the source, then add reviewed English/Turkish glosses.
3	not_qa_reviewed; raw_ocr_extraction; missing_english; missing_turkish	lerch_glossary_p215_r0465:entry	bazjn	bazjn			word	ocr_extracted			Armband. S. Krm. bazjn.			bazjn	215	465	Verify headword and German gloss against the source, then add reviewed English/Turkish glosses.
3	not_qa_reviewed; raw_ocr_extraction; missing_english; missing_turkish	lerch_glossary_p215_r0462:entry	baüni	bauni			word	ocr_extracted			sieh, 5 1 63.«; s. auhen’a.			baüni	215	462	Verify headword and German gloss against the source, then add reviewed English/Turkish glosses.
3	not_qa_reviewed; raw_ocr_extraction; missing_english; missing_turkish	lerch_glossary_p215_r0477:entry	bdn’a	bdna			word	ocr_extracted			1) (ich) bin. 2) (ich) werde tragen, bringen; s. äna.			bdn’a	215	477	Verify headword and German gloss against the source, then add reviewed English/Turkish glosses.
3	not_qa_reviewed; raw_ocr_extraction; missing_english; missing_turkish	lerch_glossary_p215_r0476:entry	beirakdär	beirakdar			word	ocr_extracted			Standartenträger,			beirakdär	215	476	Verify headword and German gloss against the source, then add reviewed English/Turkish glosses.
3	not_qa_reviewed; raw_ocr_extraction; missing_english; missing_turkish	lerch_glossary_p215_r0478:entry	ber äekit	ber aekit			phrase	ocr_extracted			drang vor, 64 4. ber bidikni, dringet vor, 64.2.			ber äekit	215	478	Verify headword and German gloss against the source, then add reviewed English/Turkish glosses.
3	not_qa_reviewed; raw_ocr_extraction; missing_english; missing_turkish	lerch_glossary_p215_r0479:entry	berd	berd			word	ocr_extracted			berdr, Bruder ; s. Krm. berd.			berd	215	479	Verify headword and German gloss against the source, then add reviewed English/Turkish glosses.
3	not_qa_reviewed; raw_ocr_extraction; missing_english; missing_turkish	lerch_glossary_p215_r0472:entry	berdi	berdi			word	ocr_extracted			getragen; s. ard.			berdi	215	472	Verify headword and German gloss against the source, then add reviewed English/Turkish glosses.
3	not_qa_reviewed; raw_ocr_extraction; missing_english; missing_turkish	lerch_glossary_p215_r0480:entry	bereiwi	bereiwi			word	ocr_extracted			Augenbrauen,			bereiwi	215	480	Verify headword and German gloss against the source, then add reviewed English/Turkish glosses.
3	not_qa_reviewed; raw_ocr_extraction; missing_english; missing_turkish	lerch_glossary_p215_r0475:entry	bermd	bermd			word	ocr_extracted			weinte, 55. io. bermdn’a, (ich) weine, bermdye, 81. 12.			bermd	215	475	Verify headword and German gloss against the source, then add reviewed English/Turkish glosses.
3	not_qa_reviewed; raw_ocr_extraction; missing_english; missing_turkish	lerch_glossary_p215_r0474:entry	bers	bers			word	ocr_extracted			berz, hoch. Vgl. npers: ez kdna berz. ich erhöhe,			bers	215	474	Verify headword and German gloss against the source, then add reviewed English/Turkish glosses.
3	not_qa_reviewed; raw_ocr_extraction; missing_english; missing_turkish	lerch_glossary_p215_r0473:entry	berSau	bersau			word	ocr_extracted			schicke, 5l.ii; s. ersdu- wdn'a.			berSau	215	473	Verify headword and German gloss against the source, then add reviewed English/Turkish glosses.
3	not_qa_reviewed; raw_ocr_extraction; missing_english; missing_turkish	lerch_glossary_p215_r0482:entry	biksi	biksi			word	ocr_extracted			werden tödten; s. kiädn’a. .			biksi	215	482	Verify headword and German gloss against the source, then add reviewed English/Turkish glosses.
3	not_qa_reviewed; raw_ocr_extraction; missing_english; missing_turkish	lerch_glossary_p215_r0481:entry	bjkera	bjkera			word	ocr_extracted			(ich) werde machen; s. kdn’a.			bjkera	215	481	Verify headword and German gloss against the source, then add reviewed English/Turkish glosses.
3	not_qa_reviewed; raw_ocr_extraction; missing_english; missing_turkish	lerch_glossary_p215_r0463:entry	bäh	bah			word	ocr_extracted			Haus, lliitle. bäni tinii, Augenlied,			bäh	215	463	Verify headword and German gloss against the source, then add reviewed English/Turkish glosses.
3	not_qa_reviewed; raw_ocr_extraction; missing_english; missing_turkish	lerch_glossary_p209_r0325:entry	d'au	dau			word	ocr_extracted			Dev. Vgl. JC: daöva; altb: da6va (s. Brnf. Coinni. s. I. Y. 8, 78; Brckh. Gl. s. v.); npers: krm. dlv. Cf. Spiegel Ave- sta, Uebers, I, 6, i 0, Schlei- cher Lit. Gr. S. 87; Las- »a = nah.			d'au	209	325	Verify headword and German gloss against the source, then add reviewed English/Turkish glosses.
3	not_qa_reviewed; raw_ocr_extraction; missing_english; missing_turkish	lerch_glossary_p209_r0336:entry	d'dka	ddka			word	ocr_extracted			Grossmutier,			d'dka	209	336	Verify headword and German gloss against the source, then add reviewed English/Turkish glosses.
3	not_qa_reviewed; raw_ocr_extraction; missing_english; missing_turkish	lerch_glossary_p206_r0224:entry	da	da			word	ocr_extracted			Ort. Vgl. Krm. dl, di. däde ver da, warf hiD, warf bei Seite, 72.3-4. daiki, an einem Orte, irgendwo.			da	206	224	Verify headword and German gloss against the source, then add reviewed English/Turkish glosses.
3	not_qa_reviewed; raw_ocr_extraction; missing_english; missing_turkish	lerch_glossary_p208_r0291:entry	daiilbe	daiilbe			word	ocr_extracted			Trommel.			daiilbe	208	291	Verify headword and German gloss against the source, then add reviewed English/Turkish glosses.
3	not_qa_reviewed; raw_ocr_extraction; missing_english; missing_turkish	lerch_glossary_p208_r0288:entry	daike	daike			word	ocr_extracted			Mutter. Vgl. Krm. dl.			daike	208	288	Verify headword and German gloss against the source, then add reviewed English/Turkish glosses.
3	not_qa_reviewed; raw_ocr_extraction; missing_english; missing_turkish	lerch_glossary_p208_r0290:entry	daiuin	daiuin			word	ocr_extracted			Dorfbewohner,			daiuin	208	290	Verify headword and German gloss against the source, then add reviewed English/Turkish glosses.
3	not_qa_reviewed; raw_ocr_extraction; missing_english; missing_turkish	lerch_glossary_p206_r0228:entry	dal	dal			word	ocr_extracted			bitter. Vgl. Krm. tal.			dal	206	228	Verify headword and German gloss against the source, then add reviewed English/Turkish glosses.
3	not_qa_reviewed; raw_ocr_extraction; missing_english; missing_turkish	lerch_glossary_p208_r0292:entry	daM	dam			word	ocr_extracted			(türk, ^ia), noch, dat.			daM	208	292	Verify headword and German gloss against the source, then add reviewed English/Turkish glosses.
3	not_qa_reviewed; raw_ocr_extraction; missing_english; missing_turkish	lerch_glossary_p206_r0227:entry	dan mirdi	dan mirdi			phrase	ocr_extracted			Heldenseele,			dan mirdi	206	227	Verify headword and German gloss against the source, then add reviewed English/Turkish glosses.
3	not_qa_reviewed; raw_ocr_extraction; missing_english; missing_turkish	lerch_glossary_p208_r0289:entry	dau	dau			word	ocr_extracted			Dorf. Vgl. npers: 0a.			dau	208	289	Verify headword and German gloss against the source, then add reviewed English/Turkish glosses.
3	not_qa_reviewed; raw_ocr_extraction; missing_english; missing_turkish	lerch_glossary_p206_r0229:entry	debäb	debab			word	ocr_extracted			(ar. ^Jy»), Au ,wort. debäbe ken’a , debiibc dann, (ich) antworte, 50.8.			debäb	206	229	Verify headword and German gloss against the source, then add reviewed English/Turkish glosses.
3	not_qa_reviewed; raw_ocr_extraction; missing_english; missing_turkish	lerch_glossary_p206_r0241:entry	denazd	denazd			word	ocr_extracted			Leiche, 65. i.			denazd	206	241	Verify headword and German gloss against the source, then add reviewed English/Turkish glosses.
3	not_qa_reviewed; raw_ocr_extraction; missing_english; missing_turkish	lerch_glossary_p208_r0304:entry	dendän	dendan			word	ocr_extracted			Zahn. Vgl. Krm. dedän. des = des. des u heiät, achtzehn, des u nau, neunzehn.			dendän	208	304	Verify headword and German gloss against the source, then add reviewed English/Turkish glosses.
3	not_qa_reviewed; raw_ocr_extraction; missing_english; missing_turkish	lerch_glossary_p206_r0242:entry	denen’a	denena			word	ocr_extracted			ez vizdi denen’a, ich pfeife,			denen’a	206	242	Verify headword and German gloss against the source, then add reviewed English/Turkish glosses.
3	not_qa_reviewed; raw_ocr_extraction; missing_english; missing_turkish	lerch_glossary_p208_r0297:entry	desfn	desfn			word	ocr_extracted			zehnte,			desfn	208	297	Verify headword and German gloss against the source, then add reviewed English/Turkish glosses.
3	not_qa_reviewed; raw_ocr_extraction; missing_english; missing_turkish	lerch_glossary_p208_r0305:entry	desmäl	desmal			word	ocr_extracted			Waschung.			desmäl	208	305	Verify headword and German gloss against the source, then add reviewed English/Turkish glosses.
3	not_qa_reviewed; raw_ocr_extraction; missing_english; missing_turkish	lerch_glossary_p208_r0303:entry	deyine	deyine			word	ocr_extracted			geschieht,			deyine	208	303	Verify headword and German gloss against the source, then add reviewed English/Turkish glosses.
3	not_qa_reviewed; raw_ocr_extraction; missing_english; missing_turkish	lerch_glossary_p206_r0243:entry	diei	diei			word	ocr_extracted			ma hirye hemine berä'i diei, wir alle drei sind Brüder, 50.io.			diei	206	243	Verify headword and German gloss against the source, then add reviewed English/Turkish glosses.
3	not_qa_reviewed; raw_ocr_extraction; missing_english; missing_turkish	lerch_glossary_p206_r0245:entry	dinazd	dinazd			word	ocr_extracted			Leiche: s. denazd.			dinazd	206	245	Verify headword and German gloss against the source, then add reviewed English/Turkish glosses.
3	not_qa_reviewed; raw_ocr_extraction; missing_english; missing_turkish	lerch_glossary_p206_r0244:entry	dit	dit			word	ocr_extracted			Pflug, Pfluggespaun. Vgl. Krm. döt. dit kdn’e, (ich) pflüge,			dit	206	244	Verify headword and German gloss against the source, then add reviewed English/Turkish glosses.
3	not_qa_reviewed; raw_ocr_extraction; missing_english; missing_turkish	lerch_glossary_p208_r0314:entry	diüne	diune			word	ocr_extracted			diin, zweite,			diüne	208	314	Verify headword and German gloss against the source, then add reviewed English/Turkish glosses.
3	not_qa_reviewed; raw_ocr_extraction; missing_english; missing_turkish	lerch_glossary_p208_r0311:entry	djzdei	djzdei			word	ocr_extracted			verborgen, heimlich,			djzdei	208	311	Verify headword and German gloss against the source, then add reviewed English/Turkish glosses.
3	not_qa_reviewed; raw_ocr_extraction; missing_english; missing_turkish	lerch_glossary_p208_r0313:entry	dl	dl			word	ocr_extracted			sah. dia, gesehen. ez diän, diau, ich habe gesehen,			dl	208	313	Verify headword and German gloss against the source, then add reviewed English/Turkish glosses.
3	not_qa_reviewed; raw_ocr_extraction; missing_english; missing_turkish	lerch_glossary_p208_r0317:entry	doyän	doyan			word	ocr_extracted			(türk,			doyän	208	317	Verify headword and German gloss against the source, then add reviewed English/Turkish glosses.
3	not_qa_reviewed; raw_ocr_extraction; missing_english; missing_turkish	lerch_glossary_p197_r0007:entry	dqjl	dqjl			word	ocr_extracted			Verstand. Vgl. Krm. äqjl.			dqjl	197	7	Verify headword and German gloss against the source, then add reviewed English/Turkish glosses.
3	not_qa_reviewed; raw_ocr_extraction; missing_english; missing_turkish	lerch_glossary_p198_r0022:entry	dsmye	dsmye			word	ocr_extracted			Himmel. Vgl. Krm. azmdn; cf. Pott Et. F. I, 194.			dsmye	198	22	Verify headword and German gloss against the source, then add reviewed English/Turkish glosses.
3	not_qa_reviewed; raw_ocr_extraction; missing_english; missing_turkish	lerch_glossary_p208_r0315:entry	dtk	dtk			word	ocr_extracted			llabn. S. Krm. dlk.			dtk	208	315	Verify headword and German gloss against the source, then add reviewed English/Turkish glosses.
3	not_qa_reviewed; raw_ocr_extraction; missing_english; missing_turkish	lerch_glossary_p208_r0323:entry	dudü	dudu			word	ocr_extracted			ein Vogel, dessen Schrei: dudü.			dudü	208	323	Verify headword and German gloss against the source, then add reviewed English/Turkish glosses.
3	not_qa_reviewed; raw_ocr_extraction; missing_english; missing_turkish	lerch_glossary_p208_r0324:entry	dumä	duma			word	ocr_extracted			Höhle. S. Kuhns Zeitschrift, V, 225. dumilbäz, Trommel. dumilbäzi dai püroe, schlug die Trommel.			dumä	208	324	Verify headword and German gloss against the source, then add reviewed English/Turkish glosses.
3	not_qa_reviewed; raw_ocr_extraction; missing_english; missing_turkish	lerch_glossary_p208_r0321:entry	duyüs	duyus			word	ocr_extracted			zwölf,			duyüs	208	321	Verify headword and German gloss against the source, then add reviewed English/Turkish glosses.
3	not_qa_reviewed; raw_ocr_extraction; missing_english; missing_turkish	lerch_glossary_p197_r0012:entry	dya	dya			word	ocr_extracted			jener, e, es, 64.13.			dya	197	12	Verify headword and German gloss against the source, then add reviewed English/Turkish glosses.
3	not_qa_reviewed; raw_ocr_extraction; missing_english; missing_turkish	lerch_glossary_p208_r0294:entry	däna	dana			word	ocr_extracted			(ich) gebe. Vgl. Krm. da. dar. Baum. Vgl. Knn. dar.			däna	208	294	Verify headword and German gloss against the source, then add reviewed English/Turkish glosses.
3	not_qa_reviewed; raw_ocr_extraction; missing_english; missing_turkish	lerch_glossary_p206_r0246:entry	döan	doan			word	ocr_extracted			veri doan, einst, 71.3.			döan	206	246	Verify headword and German gloss against the source, then add reviewed English/Turkish glosses.
3	not_qa_reviewed; raw_ocr_extraction; missing_english; missing_turkish	lerch_glossary_p208_r0318:entry	dödik	dodik			word	ocr_extracted			Flöte,			dödik	208	318	Verify headword and German gloss against the source, then add reviewed English/Turkish glosses.
3	not_qa_reviewed; raw_ocr_extraction; missing_english; missing_turkish	lerch_glossary_p208_r0316:entry	döe	doe			word	ocr_extracted			Buttermilch,			döe	208	316	Verify headword and German gloss against the source, then add reviewed English/Turkish glosses.
3	not_qa_reviewed; raw_ocr_extraction; missing_english; missing_turkish	lerch_glossary_p206_r0247:entry	dör	dor			word	ocr_extracted			Grube.			dör	206	247	Verify headword and German gloss against the source, then add reviewed English/Turkish glosses.
3	not_qa_reviewed; raw_ocr_extraction; missing_english; missing_turkish	lerch_glossary_p199_r0071:entry	efendim	efendim			word	ocr_extracted			(tiirk.^jJil), mein Herr,			efendim	199	71	Verify headword and German gloss against the source, then add reviewed English/Turkish glosses.
3	not_qa_reviewed; raw_ocr_extraction; missing_english; missing_turkish	lerch_glossary_p198_r0037:entry	ehende	ehende			word	ocr_extracted			einige, 68.9.			ehende	198	37	Verify headword and German gloss against the source, then add reviewed English/Turkish glosses.
3	not_qa_reviewed; raw_ocr_extraction; missing_english; missing_turkish	lerch_glossary_p199_r0054:entry	eil	eil			word	ocr_extracted			eilek, Kind,			eil	199	54	Verify headword and German gloss against the source, then add reviewed English/Turkish glosses.
3	not_qa_reviewed; raw_ocr_extraction; missing_english; missing_turkish	lerch_glossary_p199_r0053:entry	eiroe	eiroe			word	ocr_extracted			heute. Vgl. Krm. Irö. eiru = eiroe.			eiroe	199	53	Verify headword and German gloss against the source, then add reviewed English/Turkish glosses.
3	not_qa_reviewed; raw_ocr_extraction; missing_english; missing_turkish	lerch_glossary_p199_r0052:entry	eizjmi	eizjmi			word	ocr_extracted			Holz. Vgl. Krm. hezjng.			eizjmi	199	52	Verify headword and German gloss against the source, then add reviewed English/Turkish glosses.
3	not_qa_reviewed; raw_ocr_extraction; missing_english; missing_turkish	lerch_glossary_p199_r0051:entry	eiäte	eiate			word	ocr_extracted			warf, 58.3; 82. ii.			eiäte	199	51	Verify headword and German gloss against the source, then add reviewed English/Turkish glosses.
3	not_qa_reviewed; raw_ocr_extraction; missing_english; missing_turkish	lerch_glossary_p198_r0036:entry	el'itidr	elitidr			word	ocr_extracted			Greis,			el'itidr	198	36	Verify headword and German gloss against the source, then add reviewed English/Turkish glosses.
3	not_qa_reviewed; raw_ocr_extraction; missing_english; missing_turkish	lerch_glossary_p199_r0068:entry	emSr	emsr			word	ocr_extracted			(arab.^^c), Leben.			emSr	199	68	Verify headword and German gloss against the source, then add reviewed English/Turkish glosses.
3	not_qa_reviewed; raw_ocr_extraction; missing_english; missing_turkish	lerch_glossary_p198_r0046:entry	engeld	engeld			word	ocr_extracted			Oberarm,			engeld	198	46	Verify headword and German gloss against the source, then add reviewed English/Turkish glosses.
3	not_qa_reviewed; raw_ocr_extraction; missing_english; missing_turkish	lerch_glossary_p198_r0047:entry	engimye	engimye			word	ocr_extracted			Honig. Vgl. Krm. hinglv.			engimye	198	47	Verify headword and German gloss against the source, then add reviewed English/Turkish glosses.
3	not_qa_reviewed; raw_ocr_extraction; missing_english; missing_turkish	lerch_glossary_p198_r0048:entry	engist	engist			word	ocr_extracted			Finger. Vgl. allb: angusta; hzv: e-rp. . pärs^ npers: *. „;.r.l S. Polt Zählmethode, 283. engisti lingän, Fusszehe. engistere, Hing am Finger, eiigi'ir, Weintraube. Vgl. Ir. bei Kich: engheer, npers: jfi>\			engist	198	48	Verify headword and German gloss against the source, then add reviewed English/Turkish glosses.
3	not_qa_reviewed; raw_ocr_extraction; missing_english; missing_turkish	lerch_glossary_p198_r0039:entry	enkai	enkai			word	ocr_extracted			sobald, 67.2.			enkai	198	39	Verify headword and German gloss against the source, then add reviewed English/Turkish glosses.
3	not_qa_reviewed; raw_ocr_extraction; missing_english; missing_turkish	lerch_glossary_p199_r0062:entry	erdjsi	erdjsi			word	ocr_extracted			Bart.			erdjsi	199	62	Verify headword and German gloss against the source, then add reviewed English/Turkish glosses.
3	not_qa_reviewed; raw_ocr_extraction; missing_english; missing_turkish	lerch_glossary_p199_r0066:entry	ernte	ernte			word	ocr_extracted			Schulter,			ernte	199	66	Verify headword and German gloss against the source, then add reviewed English/Turkish glosses.
3	not_qa_reviewed; raw_ocr_extraction; missing_english; missing_turkish	lerch_glossary_p199_r0064:entry	ers kerd	ers kerd			phrase	ocr_extracted			komniandirte: marsch!			ers kerd	199	64	Verify headword and German gloss against the source, then add reviewed English/Turkish glosses.
3	not_qa_reviewed; raw_ocr_extraction; missing_english; missing_turkish	lerch_glossary_p199_r0065:entry	eräau’üte	eraauute			word	ocr_extracted			schickte. ersauwen’a, (ich) schicke. Vgl. oss: apB&ryu.			eräau’üte	199	65	Verify headword and German gloss against the source, then add reviewed English/Turkish glosses.
3	not_qa_reviewed; raw_ocr_extraction; missing_english; missing_turkish	lerch_glossary_p199_r0060:entry	esnau kdn’a	esnau kdna			phrase	ocr_extracted			bade mich,			esnau kdn’a	199	60	Verify headword and German gloss against the source, then add reviewed English/Turkish glosses.
3	not_qa_reviewed; raw_ocr_extraction; missing_english; missing_turkish	lerch_glossary_p199_r0050:entry	estdr	estdr			word	ocr_extracted			Stern. Vgl. Krm. istörik, histSr, hu- stSr, sterik.			estdr	199	50	Verify headword and German gloss against the source, then add reviewed English/Turkish glosses.
3	not_qa_reviewed; raw_ocr_extraction; missing_english; missing_turkish	lerch_glossary_p199_r0058:entry	estdr	estdr			word	ocr_extracted			Pferd,			estdr	199	58	Verify headword and German gloss against the source, then add reviewed English/Turkish glosses.
3	not_qa_reviewed; raw_ocr_extraction; missing_english; missing_turkish	lerch_glossary_p199_r0059:entry	estii	estii			word	ocr_extracted			ist.			estii	199	59	Verify headword and German gloss against the source, then add reviewed English/Turkish glosses.
3	not_qa_reviewed; raw_ocr_extraction; missing_english; missing_turkish	lerch_glossary_p199_r0072:entry	evära	evara			word	ocr_extracted			Abend.			evära	199	72	Verify headword and German gloss against the source, then add reviewed English/Turkish glosses.
3	not_qa_reviewed; raw_ocr_extraction; missing_english; missing_turkish	lerch_glossary_p207_r0253:entry	f Nerbkl	f nerbkl			phrase	ocr_extracted			Appellativ von Nerib.			f Nerbkl	207	253	Verify headword and German gloss against the source, then add reviewed English/Turkish glosses.
3	not_qa_reviewed; raw_ocr_extraction; missing_english; missing_turkish	lerch_glossary_p217_r0527:entry	feni	feni			word	ocr_extracted			gleich, s. Krm. feni.			feni	217	527	Verify headword and German gloss against the source, then add reviewed English/Turkish glosses.
3	not_qa_reviewed; raw_ocr_extraction; missing_english; missing_turkish	lerch_glossary_p217_r0530:entry	ferdn’a	ferdna			word	ocr_extracted			(ich) fliege.			ferdn’a	217	530	Verify headword and German gloss against the source, then add reviewed English/Turkish glosses.
3	not_qa_reviewed; raw_ocr_extraction; missing_english; missing_turkish	lerch_glossary_p217_r0529:entry	Ferdtu	ferdtu			word	ocr_extracted			Euphrat,			Ferdtu	217	529	Verify headword and German gloss against the source, then add reviewed English/Turkish glosses.
3	not_qa_reviewed; raw_ocr_extraction; missing_english; missing_turkish	lerch_glossary_p217_r0528:entry	ferdye	ferdye			word	ocr_extracted			ist geflogen, s. ferdn’a.			ferdye	217	528	Verify headword and German gloss against the source, then add reviewed English/Turkish glosses.
3	not_qa_reviewed; raw_ocr_extraction; missing_english; missing_turkish	lerch_glossary_p217_r0542:entry	ferindi	ferindi			word	ocr_extracted			Bäcker,			ferindi	217	542	Verify headword and German gloss against the source, then add reviewed English/Turkish glosses.
3	not_qa_reviewed; raw_ocr_extraction; missing_english; missing_turkish	lerch_glossary_p217_r0541:entry	ferln	ferln			word	ocr_extracted			Ofen,			ferln	217	541	Verify headword and German gloss against the source, then add reviewed English/Turkish glosses.
3	not_qa_reviewed; raw_ocr_extraction; missing_english; missing_turkish	lerch_glossary_p217_r0544:entry	filfillk	filfillk			word	ocr_extracted			Schmetterling, filfilika §au, Nachtfalter.			filfillk	217	544	Verify headword and German gloss against the source, then add reviewed English/Turkish glosses.
3	not_qa_reviewed; raw_ocr_extraction; missing_english; missing_turkish	lerch_glossary_p217_r0543:entry	fll	fll			word	ocr_extracted			Elephant: s. Krm. fll.			fll	217	543	Verify headword and German gloss against the source, then add reviewed English/Turkish glosses.
3	not_qa_reviewed; raw_ocr_extraction; missing_english; missing_turkish	lerch_glossary_p204_r0177:entry	gaz keu'a	gaz keua			phrase	ocr_extracted			beisse.			gaz keu'a	204	177	Verify headword and German gloss against the source, then add reviewed English/Turkish glosses.
3	not_qa_reviewed; raw_ocr_extraction; missing_english; missing_turkish	lerch_glossary_p204_r0180:entry	gcraüt	gcraut			word	ocr_extracted			nahm, griff, s. gdn’a. Vgl. Krm. girt. ez geraüta, ich bin ergrifleu worden, 56.10. liegeraüt, nahm nicht, 61.o.			gcraüt	204	180	Verify headword and German gloss against the source, then add reviewed English/Turkish glosses.
3	not_qa_reviewed; raw_ocr_extraction; missing_english; missing_turkish	lerch_glossary_p204_r0179:entry	geira	geira			word	ocr_extracted			ging, 56.7; s. geren’a.			geira	204	179	Verify headword and German gloss against the source, then add reviewed English/Turkish glosses.
3	not_qa_reviewed; raw_ocr_extraction; missing_english; missing_turkish	lerch_glossary_p204_r0182:entry	gelähke	gelahke			word	ocr_extracted			Mal. Ön’a gelähke, dieses Mal.			gelähke	204	182	Verify headword and German gloss against the source, then add reviewed English/Turkish glosses.
3	not_qa_reviewed; raw_ocr_extraction; missing_english; missing_turkish	lerch_glossary_p204_r0188:entry	gen’a	gena			word	ocr_extracted			(ich) nehme, 66.13. bigü (imp.), nimm, bigä, (ich) werde nehmen, bjgi, (du) wirst nehmen, 66.14. geraut, nahm. , k. | kutelän = kuteräh.			gen’a	204	188	Verify headword and German gloss against the source, then add reviewed English/Turkish glosses.
3	not_qa_reviewed; raw_ocr_extraction; missing_english; missing_turkish	lerch_glossary_p204_r0181:entry	geren’a	gerena			word	ocr_extracted			(ich) gehe. di girlai, gingen davon, 62. io.			geren’a	204	181	Verify headword and German gloss against the source, then add reviewed English/Turkish glosses.
3	not_qa_reviewed; raw_ocr_extraction; missing_english; missing_turkish	lerch_glossary_p204_r0195:entry	gern	gern			word	ocr_extracted			wann. Vgl. Krm. germ, germ. Xa’in, (arab. ^.li), Verräthcr. Xa'ine ken’a, (ich) verrathe. Vgl. Krm. ka’in. Xazirän, Monatsn.; s. Aktk. I.S.xv. •yarib, (ar. fremd. yal6, YVaizen. Vgl. Krm. genim.			gern	204	195	Verify headword and German gloss against the source, then add reviewed English/Turkish glosses.
3	not_qa_reviewed; raw_ocr_extraction; missing_english; missing_turkish	lerch_glossary_p204_r0183:entry	gjzik	gjzik			word	ocr_extracted			Haar,			gjzik	204	183	Verify headword and German gloss against the source, then add reviewed English/Turkish glosses.
3	not_qa_reviewed; raw_ocr_extraction; missing_english; missing_turkish	lerch_glossary_p204_r0194:entry	gnen’a	gnena			word	ocr_extracted			(ich) falle. gnen’u eru, fallt herab, fällt auf die Erde, 57.7-8. gna, fiel. gna Ahniedi pei tlmyiru, Bei dem Achmed zwischen die Augen, 64.11-12.			gnen’a	204	194	Verify headword and German gloss against the source, then add reviewed English/Turkish glosses.
3	not_qa_reviewed; raw_ocr_extraction; missing_english; missing_turkish	lerch_glossary_p199_r0049:entry	gtia	gtia			word	ocr_extracted			hier. etira, hierher, von hier, en’a = äna. Sn’oe = fn’a. Sn’ie, plur.			gtia	199	49	Verify headword and German gloss against the source, then add reviewed English/Turkish glosses.
3	not_qa_reviewed; raw_ocr_extraction; missing_english; missing_turkish	lerch_glossary_p204_r0193:entry	gurä	gura			word	ocr_extracted			gure, Arbeit. guraükh, eine Arbeit, ein Ge- schäft. te te guraüke vädi beral me destra yen’u, welche Arbeit du ansagsl (befiehlst), mein Bruder wird sie leisten 56.4-3.			gurä	204	193	Verify headword and German gloss against the source, then add reviewed English/Turkish glosses.
3	not_qa_reviewed; raw_ocr_extraction; missing_english; missing_turkish	lerch_glossary_p204_r0178:entry	gämye	gamye			word	ocr_extracted			ein wenig,			gämye	204	178	Verify headword and German gloss against the source, then add reviewed English/Turkish glosses.
3	not_qa_reviewed; raw_ocr_extraction; missing_english; missing_turkish	lerch_glossary_p204_r0190:entry	gölek	golek			word	ocr_extracted			gölik = gö’elik.			gölek	204	190	Verify headword and German gloss against the source, then add reviewed English/Turkish glosses.
3	not_qa_reviewed; raw_ocr_extraction; missing_english; missing_turkish	lerch_glossary_p204_r0191:entry	gölikäu	golikau			word	ocr_extracted			Kälberweide,			gölikäu	204	191	Verify headword and German gloss against the source, then add reviewed English/Turkish glosses.
3	not_qa_reviewed; raw_ocr_extraction; missing_english; missing_turkish	lerch_glossary_p204_r0192:entry	gövdndi	govdndi			word	ocr_extracted			Tanz. Vgl. Krm. gövend.			gövdndi	204	192	Verify headword and German gloss against the source, then add reviewed English/Turkish glosses.
3	not_qa_reviewed; raw_ocr_extraction; missing_english; missing_turkish	lerch_glossary_p204_r0187:entry	gözeke	gozeke			word	ocr_extracted			Knöchel.			gözeke	204	187	Verify headword and German gloss against the source, then add reviewed English/Turkish glosses.
3	not_qa_reviewed; raw_ocr_extraction; missing_english; missing_turkish	lerch_glossary_p204_r0186:entry	gö’elik	goelik			word	ocr_extracted			gölek, Kalb; s. ga.			gö’elik	204	186	Verify headword and German gloss against the source, then add reviewed English/Turkish glosses.
3	not_qa_reviewed; raw_ocr_extraction; missing_english; missing_turkish	lerch_glossary_p204_r0185:entry	gö’en	goen			word	ocr_extracted			Blut; s. gö’in.			gö’en	204	185	Verify headword and German gloss against the source, then add reviewed English/Turkish glosses.
3	not_qa_reviewed; raw_ocr_extraction; missing_english; missing_turkish	lerch_glossary_p200_r0081:entry	h&tia	h tia			word	ocr_extracted			hier.			h&tia	200	81	Verify headword and German gloss against the source, then add reviewed English/Turkish glosses.
3	not_qa_reviewed; raw_ocr_extraction; missing_english; missing_turkish	lerch_glossary_p200_r0089:entry	H'enzi	henzi			word	ocr_extracted			s. Deistei H'enzi.			H'enzi	200	89	Verify headword and German gloss against the source, then add reviewed English/Turkish glosses.
3	not_qa_reviewed; raw_ocr_extraction; missing_english; missing_turkish	lerch_glossary_p200_r0074:entry	ha in	ha in			phrase	ocr_extracted			hier; 64.8; 66.».			ha in	200	74	Verify headword and German gloss against the source, then add reviewed English/Turkish glosses.
3	not_qa_reviewed; raw_ocr_extraction; missing_english; missing_turkish	lerch_glossary_p200_r0082:entry	hadrü	hadru			word	ocr_extracted			hadre, bereit, fertig, hadraü, ist fertig, hadre kerdu, bereite, 52.7.			hadrü	200	82	Verify headword and German gloss against the source, then add reviewed English/Turkish glosses.
3	not_qa_reviewed; raw_ocr_extraction; missing_english; missing_turkish	lerch_glossary_p201_r0103:entry	halyen	halyen			word	ocr_extracted			Nest. Vgl. Krm. helin.			halyen	201	103	Verify headword and German gloss against the source, then add reviewed English/Turkish glosses.
3	not_qa_reviewed; raw_ocr_extraction; missing_english; missing_turkish	lerch_glossary_p200_r0077:entry	hau	hau			word	ocr_extracted			Schlaf. Vgl. Krm. liäv.			hau	200	77	Verify headword and German gloss against the source, then add reviewed English/Turkish glosses.
3	not_qa_reviewed; raw_ocr_extraction; missing_english; missing_turkish	lerch_glossary_p201_r0097:entry	haut	haut			word	ocr_extracted			sieben.			haut	201	97	Verify headword and German gloss against the source, then add reviewed English/Turkish glosses.
3	not_qa_reviewed; raw_ocr_extraction; missing_english; missing_turkish	lerch_glossary_p201_r0099:entry	hautaviu	hautaviu			word	ocr_extracted			siebzigste,			hautaviu	201	99	Verify headword and German gloss against the source, then add reviewed English/Turkish glosses.
3	not_qa_reviewed; raw_ocr_extraction; missing_english; missing_turkish	lerch_glossary_p201_r0100:entry	hautes	hautes			word	ocr_extracted			siebzebu.			hautes	201	100	Verify headword and German gloss against the source, then add reviewed English/Turkish glosses.
3	not_qa_reviewed; raw_ocr_extraction; missing_english; missing_turkish	lerch_glossary_p201_r0101:entry	hautesin	hautesin			word	ocr_extracted			siebzehnte.			hautesin	201	101	Verify headword and German gloss against the source, then add reviewed English/Turkish glosses.
3	not_qa_reviewed; raw_ocr_extraction; missing_english; missing_turkish	lerch_glossary_p201_r0102:entry	hautSn	hautsn			word	ocr_extracted			siebente, hak = hak.			hautSn	201	102	Verify headword and German gloss against the source, then add reviewed English/Turkish glosses.
3	not_qa_reviewed; raw_ocr_extraction; missing_english; missing_turkish	lerch_glossary_p200_r0078:entry	haüna	hauna			word	ocr_extracted			sogleich,			haüna	200	78	Verify headword and German gloss against the source, then add reviewed English/Turkish glosses.
3	not_qa_reviewed; raw_ocr_extraction; missing_english; missing_turkish	lerch_glossary_p206_r0232:entry	he	he			word	ocr_extracted			nicht,			he	206	232	Verify headword and German gloss against the source, then add reviewed English/Turkish glosses.
3	not_qa_reviewed; raw_ocr_extraction; missing_english; missing_turkish	lerch_glossary_p206_r0233:entry	hebl	hebl			word	ocr_extracted			waren nicht,			hebl	206	233	Verify headword and German gloss against the source, then add reviewed English/Turkish glosses.
3	not_qa_reviewed; raw_ocr_extraction; missing_english; missing_turkish	lerch_glossary_p201_r0106:entry	helye	helye			word	ocr_extracted			ein wenig,			helye	201	106	Verify headword and German gloss against the source, then add reviewed English/Turkish glosses.
3	not_qa_reviewed; raw_ocr_extraction; missing_english; missing_turkish	lerch_glossary_p200_r0094:entry	hendür	hendur			word	ocr_extracted			Dolch. Vgl. Krm. yantür.			hendür	200	94	Verify headword and German gloss against the source, then add reviewed English/Turkish glosses.
3	not_qa_reviewed; raw_ocr_extraction; missing_english; missing_turkish	lerch_glossary_p200_r0093:entry	hera’am	heraam			word	ocr_extracted			Bad.			hera’am	200	93	Verify headword and German gloss against the source, then add reviewed English/Turkish glosses.
3	not_qa_reviewed; raw_ocr_extraction; missing_english; missing_turkish	lerch_glossary_p200_r0092:entry	herein	herein			word	ocr_extracted			Harem,			herein	200	92	Verify headword and German gloss against the source, then add reviewed English/Turkish glosses.
3	not_qa_reviewed; raw_ocr_extraction; missing_english; missing_turkish	lerch_glossary_p201_r0105:entry	hergu	hergu			word	ocr_extracted			Jeder. hergu kes, ein Jeder, welcher,			hergu	201	105	Verify headword and German gloss against the source, then add reviewed English/Turkish glosses.
3	not_qa_reviewed; raw_ocr_extraction; missing_english; missing_turkish	lerch_glossary_p206_r0251:entry	hesna'ütu	hesnautu			word	ocr_extracted			hörte nicht, 50.7.			hesna'ütu	206	251	Verify headword and German gloss against the source, then add reviewed English/Turkish glosses.
3	not_qa_reviewed; raw_ocr_extraction; missing_english; missing_turkish	lerch_glossary_p200_r0087:entry	hetakü	hetaku			word	ocr_extracted			bis.			hetakü	200	87	Verify headword and German gloss against the source, then add reviewed English/Turkish glosses.
3	not_qa_reviewed; raw_ocr_extraction; missing_english; missing_turkish	lerch_glossary_p201_r0109:entry	hewd	hewd			word	ocr_extracted			Luft, Wind. hewd yen’u, der Wind gehl, bläst. Vgl. Krm. hdva.			hewd	201	109	Verify headword and German gloss against the source, then add reviewed English/Turkish glosses.
3	not_qa_reviewed; raw_ocr_extraction; missing_english; missing_turkish	lerch_glossary_p200_r0076:entry	hii’idi	hiiidi			word	ocr_extracted			76. to.			hii’idi	200	76	Verify headword and German gloss against the source, then add reviewed English/Turkish glosses.
3	not_qa_reviewed; raw_ocr_extraction; missing_english; missing_turkish	lerch_glossary_p215_r0483:entry	I bigd	i bigd			phrase	ocr_extracted			bigd, (imp.) nimm, 52 is; 54.t; 57.4. bitine, (imp.) schneide, 50.13; s. tinena. bjdd, (imp.) gieb, 51.8-7. bidü = bidd, 52. t. bjne, bjni, auf, über, 54. 10; 64.10. biSikni, s. ber sikit. bjst, band, fesselte. Vgl. npers: qätni te bjsti,...			I bigd	215	483	Verify headword and German gloss against the source, then add reviewed English/Turkish glosses.
3	not_qa_reviewed; raw_ocr_extraction; missing_english; missing_turkish	lerch_glossary_p211_r0392:entry	II	ii			word	ocr_extracted			329: sergu, A'u/i- mislpyramiden. simdr, Stroh; vgl. türk. ^Lo. sid, schwarz. Vgl. altb: npers: 0L sine, Brust. Vgl. Krm. sing, sinen’a, (ich) liebe, sudiid, Schwur. Vgl. Krm. sönd. sudiid wen’a , (ich) schwöre vgl. Krm. sönd Kodr. sudnd w...			II	211	392	Verify headword and German gloss against the source, then add reviewed English/Turkish glosses.
3	not_qa_reviewed; raw_ocr_extraction; missing_english; missing_turkish	lerch_glossary_p201_r0098:entry	Iiautai	iiautai			word	ocr_extracted			siebzig,			Iiautai	201	98	Verify headword and German gloss against the source, then add reviewed English/Turkish glosses.
3	not_qa_reviewed; raw_ocr_extraction; missing_english; missing_turkish	lerch_glossary_p207_r0254:entry	iieben’i	iiebeni			word	ocr_extracted			sind nicht, werden nicht			iieben’i	207	254	Verify headword and German gloss against the source, then add reviewed English/Turkish glosses.
3	not_qa_reviewed; raw_ocr_extraction; missing_english; missing_turkish	lerch_glossary_p210_r0372:entry	III	iii			word	ocr_extracted			135: soul Vgl. Kriu. söl.			III	210	372	Verify headword and German gloss against the source, then add reviewed English/Turkish glosses.
3	not_qa_reviewed; raw_ocr_extraction; missing_english; missing_turkish	lerch_glossary_p218_r0565:entry	IV	iv			word	ocr_extracted			24; Pott Zählmethode , 127. Anm.; Hofers Zeitscbr. I, 137-39; Förstemau n, in Kuhns Zeitschr. I, 494; Bopp. Vgl. Gr. NA. S. 3. S. Krm. gur.			IV	218	565	Verify headword and German gloss against the source, then add reviewed English/Turkish glosses.
3	not_qa_reviewed; raw_ocr_extraction; missing_english; missing_turkish	lerch_glossary_p215_r0484:entry	j byäre	j byare			phrase	ocr_extracted			bringe, 86.11.			j byäre	215	484	Verify headword and German gloss against the source, then add reviewed English/Turkish glosses.
3	not_qa_reviewed; raw_ocr_extraction; missing_english; missing_turkish	lerch_glossary_p199_r0057:entry	Jkji	jkji			word	ocr_extracted			1), Glück, 54.14. . 109 V			Jkji	199	57	Verify headword and German gloss against the source, then add reviewed English/Turkish glosses.
3	not_qa_reviewed; raw_ocr_extraction; missing_english; missing_turkish	lerch_glossary_p202_r0127:entry	k.irdi	k irdi			word	ocr_extracted			Messer. Vgl. Krm. ker.			k.irdi	202	127	Verify headword and German gloss against the source, then add reviewed English/Turkish glosses.
3	not_qa_reviewed; raw_ocr_extraction; missing_english; missing_turkish	lerch_glossary_p202_r0121:entry	kahdn	kahdn			word	ocr_extracted			alt; cf. Krm. s. ead. v.			kahdn	202	121	Verify headword and German gloss against the source, then add reviewed English/Turkish glosses.
3	not_qa_reviewed; raw_ocr_extraction; missing_english; missing_turkish	lerch_glossary_p202_r0118:entry	kai kün'a	kai kuna			phrase	ocr_extracted			(ich) springe,			kai kün'a	202	118	Verify headword and German gloss against the source, then add reviewed English/Turkish glosses.
3	not_qa_reviewed; raw_ocr_extraction; missing_english; missing_turkish	lerch_glossary_p202_r0134:entry	kaläni	kalani			word	ocr_extracted			Schwerlscheide.			kaläni	202	134	Verify headword and German gloss against the source, then add reviewed English/Turkish glosses.
3	not_qa_reviewed; raw_ocr_extraction; missing_english; missing_turkish	lerch_glossary_p202_r0126:entry	karaküs	karakus			word	ocr_extracted			(türk, Habicht,			karaküs	202	126	Verify headword and German gloss against the source, then add reviewed English/Turkish glosses.
3	not_qa_reviewed; raw_ocr_extraction; missing_english; missing_turkish	lerch_glossary_p202_r0133:entry	Karbegtini	karbegtini			word	ocr_extracted			n. pr. 61.7.			Karbegtini	202	133	Verify headword and German gloss against the source, then add reviewed English/Turkish glosses.
3	not_qa_reviewed; raw_ocr_extraction; missing_english; missing_turkish	lerch_glossary_p202_r0123:entry	katjr	katjr			word	ocr_extracted			(türk.			katjr	202	123	Verify headword and German gloss against the source, then add reviewed English/Turkish glosses.
3	not_qa_reviewed; raw_ocr_extraction; missing_english; missing_turkish	lerch_glossary_p202_r0120:entry	kaut	kaut			word	ocr_extracted			fiel, 64.io; s. ra kaüta. kaüta rayer, auf den Weg fal- lend, d. h. sich auf den Weg machend, 51.7. kaut ver, zog hin (zu Jeman- dem), 55.». kaüta ver, partic., 62 is,64.4 3. 0- kaul, (ar. Jy), Rede, 57.9; 58.2.			kaut	202	120	Verify headword and German gloss against the source, then add reviewed English/Turkish glosses.
3	not_qa_reviewed; raw_ocr_extraction; missing_english; missing_turkish	lerch_glossary_p202_r0119:entry	kauyä	kauya			word	ocr_extracted			kauye, Kampf, Streit, Schlacht. Vgl. Krin. qauyd, kauyä.			kauyä	202	119	Verify headword and German gloss against the source, then add reviewed English/Turkish glosses.
3	not_qa_reviewed; raw_ocr_extraction; missing_english; missing_turkish	lerch_glossary_p202_r0122:entry	kayit	kayit			word	ocr_extracted			Brief; cf. Krm. s. v. kayid.			kayit	202	122	Verify headword and German gloss against the source, then add reviewed English/Turkish glosses.
3	not_qa_reviewed; raw_ocr_extraction; missing_english; missing_turkish	lerch_glossary_p203_r0145:entry	kcina	kcina			word	ocr_extracted			Tochter, Mädchen. Ygl.altb: ka'\n\n, Jüngling, Jung- frau , kainü puella ( Itrrkli. Gl.); pärs: (Sp. PGr. 49); cf. Kuhn in Webers Ind. Stud. I, 329; Bopp Vgl. Gr. N. A. 1, 141 ; Hofers Zeitschrift I, 61, 133. yau kcinau yau lad, ein Mäd- c...			kcina	203	145	Verify headword and German gloss against the source, then add reviewed English/Turkish glosses.
3	not_qa_reviewed; raw_ocr_extraction; missing_english; missing_turkish	lerch_glossary_p202_r0142:entry	kei	kei			word	ocr_extracted			Haus, Wohnung. Vgl. npers: (s. Ilaug in d. Zeitschr. d. d. m. G.			kei	202	142	Verify headword and German gloss against the source, then add reviewed English/Turkish glosses.
3	not_qa_reviewed; raw_ocr_extraction; missing_english; missing_turkish	lerch_glossary_p202_r0144:entry	keike	keike			word	ocr_extracted			sobald als, 57.«.			keike	202	144	Verify headword and German gloss against the source, then add reviewed English/Turkish glosses.
3	not_qa_reviewed; raw_ocr_extraction; missing_english; missing_turkish	lerch_glossary_p203_r0146:entry	keincka	keincka			word	ocr_extracted			keineke, Diminutiv von keina, 80.4, s.			keincka	203	146	Verify headword and German gloss against the source, then add reviewed English/Turkish glosses.
3	not_qa_reviewed; raw_ocr_extraction; missing_english; missing_turkish	lerch_glossary_p202_r0137:entry	kekü	keku			word	ocr_extracted			Kuckuk. Vgl. Krm. kekö.			kekü	202	137	Verify headword and German gloss against the source, then add reviewed English/Turkish glosses.
3	not_qa_reviewed; raw_ocr_extraction; missing_english; missing_turkish	lerch_glossary_p202_r0138:entry	kerlng	kerlng			word	ocr_extracted			Kranich. Vgl. Krm. kolüig.			kerlng	202	138	Verify headword and German gloss against the source, then add reviewed English/Turkish glosses.
3	not_qa_reviewed; raw_ocr_extraction; missing_english; missing_turkish	lerch_glossary_p203_r0158:entry	kildr	kildr			word	ocr_extracted			(türk._^T), Eidechse,			kildr	203	158	Verify headword and German gloss against the source, then add reviewed English/Turkish glosses.
3	not_qa_reviewed; raw_ocr_extraction; missing_english; missing_turkish	lerch_glossary_p203_r0156:entry	kirindele	kirindele			word	ocr_extracted			Frosch,			kirindele	203	156	Verify headword and German gloss against the source, then add reviewed English/Turkish glosses.
3	not_qa_reviewed; raw_ocr_extraction; missing_english; missing_turkish	lerch_glossary_p203_r0157:entry	kirj’e	kirje			word	ocr_extracted			Sonntag,			kirj’e	203	157	Verify headword and German gloss against the source, then add reviewed English/Turkish glosses.
3	not_qa_reviewed; raw_ocr_extraction; missing_english; missing_turkish	lerch_glossary_p203_r0153:entry	kisen’a	kisena			word	ocr_extracted			(ich) tödte, 63.o-io. kisün'i, (du) lödtest. 63.12. kist, tödtele, getödtet. kisti , siud getödtet worden, 6 1 .y; 64.13, 14. kiSya. wurde getödtet, 64.13.			kisen’a	203	153	Verify headword and German gloss against the source, then add reviewed English/Turkish glosses.
3	not_qa_reviewed; raw_ocr_extraction; missing_english; missing_turkish	lerch_glossary_p203_r0154:entry	kiüst	kiust			word	ocr_extracted			Seite des menschlichen Kör- pers, 57.8 li.			kiüst	203	154	Verify headword and German gloss against the source, then add reviewed English/Turkish glosses.
3	not_qa_reviewed; raw_ocr_extraction; missing_english; missing_turkish	lerch_glossary_p203_r0151:entry	kjd	kjd			word	ocr_extracted			klein. kinga*= Krm. kinga.			kjd	203	151	Verify headword and German gloss against the source, then add reviewed English/Turkish glosses.
3	not_qa_reviewed; raw_ocr_extraction; missing_english; missing_turkish	lerch_glossary_p203_r0152:entry	kjj'ik	kjjik			word	ocr_extracted			llais.			kjj'ik	203	152	Verify headword and German gloss against the source, then add reviewed English/Turkish glosses.
3	not_qa_reviewed; raw_ocr_extraction; missing_english; missing_turkish	lerch_glossary_p203_r0160:entry	koen’a	koena			word	ocr_extracted			ruhe, schlafe; s. kaut,			koen’a	203	160	Verify headword and German gloss against the source, then add reviewed English/Turkish glosses.
3	not_qa_reviewed; raw_ocr_extraction; missing_english; missing_turkish	lerch_glossary_p203_r0161:entry	koi	koi			word	ocr_extracted			Berg. Cu. 306: ihjf koueke herz une montagne haute. Vgl. JC: kauf(Opp.			koi	203	161	Verify headword and German gloss against the source, then add reviewed English/Turkish glosses.
3	not_qa_reviewed; raw_ocr_extraction; missing_english; missing_turkish	lerch_glossary_p203_r0166:entry	kolikei zindi	kolikei zindi			phrase	ocr_extracted			Nasenlöcher,			kolikei zindi	203	166	Verify headword and German gloss against the source, then add reviewed English/Turkish glosses.
3	not_qa_reviewed; raw_ocr_extraction; missing_english; missing_turkish	lerch_glossary_p203_r0168:entry	komur	komur			word	ocr_extracted			(türk.^y ), Kohle,			komur	203	168	Verify headword and German gloss against the source, then add reviewed English/Turkish glosses.
3	not_qa_reviewed; raw_ocr_extraction; missing_english; missing_turkish	lerch_glossary_p203_r0165:entry	korbcld	korbcld			word	ocr_extracted			ein Vogel, = tiirk.ac^j.			korbcld	203	165	Verify headword and German gloss against the source, then add reviewed English/Turkish glosses.
3	not_qa_reviewed; raw_ocr_extraction; missing_english; missing_turkish	lerch_glossary_p203_r0163:entry	kotdr	kotdr			word	ocr_extracted			Taube. Vgl. npers: J»yS, krm. kevük.			kotdr	203	163	Verify headword and German gloss against the source, then add reviewed English/Turkish glosses.
3	not_qa_reviewed; raw_ocr_extraction; missing_english; missing_turkish	lerch_glossary_p203_r0169:entry	ku. (er) macht	ku er macht			phrase	ocr_extracted			mache, 52. i.			ku. (er) macht	203	169	Verify headword and German gloss against the source, then add reviewed English/Turkish glosses.
3	not_qa_reviewed; raw_ocr_extraction; missing_english; missing_turkish	lerch_glossary_p203_r0170:entry	kuen a	kuen a			phrase	ocr_extracted			(ich) klopfe,			kuen a	203	170	Verify headword and German gloss against the source, then add reviewed English/Turkish glosses.
3	not_qa_reviewed; raw_ocr_extraction; missing_english; missing_turkish	lerch_glossary_p203_r0174:entry	kurq	kurq			word	ocr_extracted			Fell, Pelz. Vgl. Krm. kurq. r ^^oogk			kurq	203	174	Verify headword and German gloss against the source, then add reviewed English/Turkish glosses.
3	not_qa_reviewed; raw_ocr_extraction; missing_english; missing_turkish	lerch_glossary_p203_r0171:entry	kusera	kusera			word	ocr_extracted			wohin,			kusera	203	171	Verify headword and German gloss against the source, then add reviewed English/Turkish glosses.
3	not_qa_reviewed; raw_ocr_extraction; missing_english; missing_turkish	lerch_glossary_p203_r0172:entry	kut	kut			word	ocr_extracted			Feld, Acker,			kut	203	172	Verify headword and German gloss against the source, then add reviewed English/Turkish glosses.
3	not_qa_reviewed; raw_ocr_extraction; missing_english; missing_turkish	lerch_glossary_p204_r0175:entry	kuterän	kuteran			word	ocr_extracted			lleerd. ii 1			kuterän	204	175	Verify headword and German gloss against the source, then add reviewed English/Turkish glosses.
3	not_qa_reviewed; raw_ocr_extraction; missing_english; missing_turkish	lerch_glossary_p202_r0135:entry	käli kün’a	kali kuna			phrase	ocr_extracted			(ich) spreche,			käli kün’a	202	135	Verify headword and German gloss against the source, then add reviewed English/Turkish glosses.
3	not_qa_reviewed; raw_ocr_extraction; missing_english; missing_turkish	lerch_glossary_p202_r0136:entry	kälma	kalma			word	ocr_extracted			kälme, Schwert, 64.it.			kälma	202	136	Verify headword and German gloss against the source, then add reviewed English/Turkish glosses.
3	not_qa_reviewed; raw_ocr_extraction; missing_english; missing_turkish	lerch_glossary_p203_r0167:entry	köpeki	kopeki			word	ocr_extracted			abschenlich, 82.8.			köpeki	203	167	Verify headword and German gloss against the source, then add reviewed English/Turkish glosses.
3	not_qa_reviewed; raw_ocr_extraction; missing_english; missing_turkish	lerch_glossary_p213_r0411:entry	laqardf	laqardf			word	ocr_extracted			Rede; v. Krm. s. cad. v.			laqardf	213	411	Verify headword and German gloss against the source, then add reviewed English/Turkish glosses.
3	not_qa_reviewed; raw_ocr_extraction; missing_english; missing_turkish	lerch_glossary_p202_r0124:entry	Li	li			word	ocr_extracted			Maul- thier.			Li	202	124	Verify headword and German gloss against the source, then add reviewed English/Turkish glosses.
3	not_qa_reviewed; raw_ocr_extraction; missing_english; missing_turkish	lerch_glossary_p206_r0231:entry	liebe	liebe			word	ocr_extracted			hebe, nicht, 49.2; 61.9.			liebe	206	231	Verify headword and German gloss against the source, then add reviewed English/Turkish glosses.
3	not_qa_reviewed; raw_ocr_extraction; missing_english; missing_turkish	lerch_glossary_p200_r0088:entry	lienek	lienek			word	ocr_extracted			Kinn, hetia = h&tia.			lienek	200	88	Verify headword and German gloss against the source, then add reviewed English/Turkish glosses.
3	not_qa_reviewed; raw_ocr_extraction; missing_english; missing_turkish	lerch_glossary_p200_r0090:entry	lies	lies			word	ocr_extracted			Bär. Vgl. Krm. hirt.			lies	200	90	Verify headword and German gloss against the source, then add reviewed English/Turkish glosses.
3	not_qa_reviewed; raw_ocr_extraction; missing_english; missing_turkish	lerch_glossary_p200_r0085:entry	liet	liet			word	ocr_extracted			Postposition: zu, bei, 50.4: 62.is. Vgl. JC: hadä (Opp.			liet	200	85	Verify headword and German gloss against the source, then add reviewed English/Turkish glosses.
3	not_qa_reviewed; raw_ocr_extraction; missing_english; missing_turkish	lerch_glossary_p213_r0417:entry	ling	ling			word	ocr_extracted			Bein. Vgl. Krm. ling.			ling	213	417	Verify headword and German gloss against the source, then add reviewed English/Turkish glosses.
3	not_qa_reviewed; raw_ocr_extraction; missing_english; missing_turkish	lerch_glossary_p213_r0418:entry	lu	lu			word	ocr_extracted			lyu, Fuchs, 83.« sq.			lu	213	418	Verify headword and German gloss against the source, then add reviewed English/Turkish glosses.
3	not_qa_reviewed; raw_ocr_extraction; missing_english; missing_turkish	lerch_glossary_p213_r0419:entry	lyuli	lyuli			word	ocr_extracted			Flöte.			lyuli	213	419	Verify headword and German gloss against the source, then add reviewed English/Turkish glosses.
3	not_qa_reviewed; raw_ocr_extraction; missing_english; missing_turkish	lerch_glossary_p216_r0488:entry	mahin	mahin			word	ocr_extracted			Stute; s. Krm. mehln.			mahin	216	488	Verify headword and German gloss against the source, then add reviewed English/Turkish glosses.
3	not_qa_reviewed; raw_ocr_extraction; missing_english; missing_turkish	lerch_glossary_p216_r0490:entry	manün’u	manunu			word	ocr_extracted			es ist gleich,			manün’u	216	490	Verify headword and German gloss against the source, then add reviewed English/Turkish glosses.
3	not_qa_reviewed; raw_ocr_extraction; missing_english; missing_turkish	lerch_glossary_p216_r0491:entry	masi	masi			word	ocr_extracted			Fisch,			masi	216	491	Verify headword and German gloss against the source, then add reviewed English/Turkish glosses.
3	not_qa_reviewed; raw_ocr_extraction; missing_english; missing_turkish	lerch_glossary_p216_r0513:entry	medewi timäu	medewi timau			phrase	ocr_extracted			Augenwimper,			medewi timäu	216	513	Verify headword and German gloss against the source, then add reviewed English/Turkish glosses.
3	not_qa_reviewed; raw_ocr_extraction; missing_english; missing_turkish	lerch_glossary_p216_r0497:entry	mefila	mefila			word	ocr_extracted			(arab. J*- ). Machal.			mefila	216	497	Verify headword and German gloss against the source, then add reviewed English/Turkish glosses.
3	not_qa_reviewed; raw_ocr_extraction; missing_english; missing_turkish	lerch_glossary_p216_r0512:entry	meimün	meimun			word	ocr_extracted			Affe. S. Krm. meimün.			meimün	216	512	Verify headword and German gloss against the source, then add reviewed English/Turkish glosses.
3	not_qa_reviewed; raw_ocr_extraction; missing_english; missing_turkish	lerch_glossary_p216_r0510:entry	meit	meit			word	ocr_extracted			Leichnam. S. Krm. meit.			meit	216	510	Verify headword and German gloss against the source, then add reviewed English/Turkish glosses.
3	not_qa_reviewed; raw_ocr_extraction; missing_english; missing_turkish	lerch_glossary_p216_r0509:entry	meiyüs	meiyus			word	ocr_extracted			Fliege. Vgl. Krm. meS.			meiyüs	216	509	Verify headword and German gloss against the source, then add reviewed English/Turkish glosses.
3	not_qa_reviewed; raw_ocr_extraction; missing_english; missing_turkish	lerch_glossary_p216_r0499:entry	mekSe	mekse			word	ocr_extracted			tödte nicht, 83. lt; s. ki- Sün’a.			mekSe	216	499	Verify headword and German gloss against the source, then add reviewed English/Turkish glosses.
3	not_qa_reviewed; raw_ocr_extraction; missing_english; missing_turkish	lerch_glossary_p216_r0511:entry	meläte	melate			word	ocr_extracted			morgen, 73.9. meiste yerel, morgen Abend, meiste sebäh, morgen früh, meiste nemädira, morgen um das Frühgebet,			meläte	216	511	Verify headword and German gloss against the source, then add reviewed English/Turkish glosses.
3	not_qa_reviewed; raw_ocr_extraction; missing_english; missing_turkish	lerch_glossary_p216_r0496:entry	meMpine	mempine			word	ocr_extracted			zürne nicht, 63.3. Vgl. Krm. fiapäiid.			meMpine	216	496	Verify headword and German gloss against the source, then add reviewed English/Turkish glosses.
3	not_qa_reviewed; raw_ocr_extraction; missing_english; missing_turkish	lerch_glossary_p216_r0504:entry	merda	merda			word	ocr_extracted			ich bin gestorben, 74.ii. 2) geh (irap. von yüu’a), 57.#; 67.il.			merda	216	504	Verify headword and German gloss against the source, then add reviewed English/Turkish glosses.
3	not_qa_reviewed; raw_ocr_extraction; missing_english; missing_turkish	lerch_glossary_p217_r0517:entry	merdn’a	merdna			word	ocr_extracted			(ich) sterbe,			merdn’a	217	517	Verify headword and German gloss against the source, then add reviewed English/Turkish glosses.
3	not_qa_reviewed; raw_ocr_extraction; missing_english; missing_turkish	lerch_glossary_p216_r0505:entry	merdüm	merdum			word	ocr_extracted			merdupm, merdüm = merd.			merdüm	216	505	Verify headword and German gloss against the source, then add reviewed English/Turkish glosses.
3	not_qa_reviewed; raw_ocr_extraction; missing_english; missing_turkish	lerch_glossary_p217_r0518:entry	meröe	meroe			word	ocr_extracted			Birne. Vgl. Krm. ftermd.			meröe	217	518	Verify headword and German gloss against the source, then add reviewed English/Turkish glosses.
3	not_qa_reviewed; raw_ocr_extraction; missing_english; missing_turkish	lerch_glossary_p216_r0502:entry	mesln	mesln			word	ocr_extracted			Kupferschale, 86.9-10. Vgl. npers:			mesln	216	502	Verify headword and German gloss against the source, then add reviewed English/Turkish glosses.
3	not_qa_reviewed; raw_ocr_extraction; missing_english; missing_turkish	lerch_glossary_p217_r0516:entry	mesäh	mesah			word	ocr_extracted			Kasten, 83. s.			mesäh	217	516	Verify headword and German gloss against the source, then add reviewed English/Turkish glosses.
3	not_qa_reviewed; raw_ocr_extraction; missing_english; missing_turkish	lerch_glossary_p216_r0508:entry	meäni saüe	meani saue			phrase	ocr_extracted			um Mitternacht,			meäni saüe	216	508	Verify headword and German gloss against the source, then add reviewed English/Turkish glosses.
3	not_qa_reviewed; raw_ocr_extraction; missing_english; missing_turkish	lerch_glossary_p217_r0524:entry	militik	militik			word	ocr_extracted			Sperling,			militik	217	524	Verify headword and German gloss against the source, then add reviewed English/Turkish glosses.
3	not_qa_reviewed; raw_ocr_extraction; missing_english; missing_turkish	lerch_glossary_p217_r0522:entry	minj'i. mein	minji mein			phrase	ocr_extracted			meine,			minj'i. mein	217	522	Verify headword and German gloss against the source, then add reviewed English/Turkish glosses.
3	not_qa_reviewed; raw_ocr_extraction; missing_english; missing_turkish	lerch_glossary_p217_r0521:entry	mjri	mjri			word	ocr_extracted			mir. rnjrd = merd.			mjri	217	521	Verify headword and German gloss against the source, then add reviewed English/Turkish glosses.
3	not_qa_reviewed; raw_ocr_extraction; missing_english; missing_turkish	lerch_glossary_p217_r0523:entry	mlre	mlre			word	ocr_extracted			Fürst. S. Krm. mir.			mlre	217	523	Verify headword and German gloss against the source, then add reviewed English/Turkish glosses.
3	not_qa_reviewed; raw_ocr_extraction; missing_english; missing_turkish	lerch_glossary_p217_r0534:entry	mul	mul			word	ocr_extracted			Maus. Vgl. Krm. m|S.			mul	217	534	Verify headword and German gloss against the source, then add reviewed English/Turkish glosses.
3	not_qa_reviewed; raw_ocr_extraction; missing_english; missing_turkish	lerch_glossary_p217_r0537:entry	myandu’i	myandui			word	ocr_extracted			mittlere, 49.2; 58.8; s. myaui.			myandu’i	217	537	Verify headword and German gloss against the source, then add reviewed English/Turkish glosses.
3	not_qa_reviewed; raw_ocr_extraction; missing_english; missing_turkish	lerch_glossary_p217_r0538:entry	myäni	myani			word	ocr_extracted			Mitte. myäne saue, um Mitternacht; s. meäni äaüe. myände, in der Mitte.			myäni	217	538	Verify headword and German gloss against the source, then add reviewed English/Turkish glosses.
3	not_qa_reviewed; raw_ocr_extraction; missing_english; missing_turkish	lerch_glossary_p217_r0539:entry	myöSna	myosna			word	ocr_extracted			Schaf; s. Krm. me§.			myöSna	217	539	Verify headword and German gloss against the source, then add reviewed English/Turkish glosses.
3	not_qa_reviewed; raw_ocr_extraction; missing_english; missing_turkish	lerch_glossary_p217_r0519:entry	möl’a	mola			word	ocr_extracted			Mullah,			möl’a	217	519	Verify headword and German gloss against the source, then add reviewed English/Turkish glosses.
3	not_qa_reviewed; raw_ocr_extraction; missing_english; missing_turkish	lerch_glossary_p217_r0525:entry	mü	mu			word	ocr_extracted			Haar, Gefieder; s. Krm. mü. muqaite ( ar. ) jföe bi, (sie) seien auf ihrer Hut, 72.10. müye = mü.			mü	217	525	Verify headword and German gloss against the source, then add reviewed English/Turkish glosses.
3	not_qa_reviewed; raw_ocr_extraction; missing_english; missing_turkish	lerch_glossary_p216_r0500:entry	mügiri	mugiri			word	ocr_extracted			gehet nicht (imp.), 73.12; s. gerün'a.			mügiri	216	500	Verify headword and German gloss against the source, then add reviewed English/Turkish glosses.
3	not_qa_reviewed; raw_ocr_extraction; missing_english; missing_turkish	lerch_glossary_p216_r0498:entry	mükiri	mukiri			word	ocr_extracted			machet nicht; s. kün’a. suma tau vehgi xo mekiri, kei- ner von Euch gebe einen Laut von sich, 50.8.			mükiri	216	498	Verify headword and German gloss against the source, then add reviewed English/Turkish glosses.
3	not_qa_reviewed; raw_ocr_extraction; missing_english; missing_turkish	lerch_glossary_p217_r0533:entry	mündial aisnia fdtiua	mundial aisnia fdtiua			phrase	ocr_extracted			Regenbo- gen, 4.H.			mündial aisnia fdtiua	217	533	Verify headword and German gloss against the source, then add reviewed English/Turkish glosses.
3	not_qa_reviewed; raw_ocr_extraction; missing_english; missing_turkish	lerch_glossary_p216_r0515:entry	müSore (ar. L») kerd	musore ar l kerd			phrase	ocr_extracted			hielt Rath. Digitized by G01			müSore (ar. L») kerd	216	515	Verify headword and German gloss against the source, then add reviewed English/Turkish glosses.
3	not_qa_reviewed; raw_ocr_extraction; missing_english; missing_turkish	lerch_glossary_p216_r0501:entry	müterse	muterse			word	ocr_extracted			fürchte nicht, 63.4. mütersi, furchtet nicht, 50.4.			müterse	216	501	Verify headword and German gloss against the source, then add reviewed English/Turkish glosses.
3	not_qa_reviewed; raw_ocr_extraction; missing_english; missing_turkish	lerch_glossary_p217_r0535:entry	müäi ärdi	muai ardi			phrase	ocr_extracted			Maulwurf ( tcürilich : Grdmaus).			müäi ärdi	217	535	Verify headword and German gloss against the source, then add reviewed English/Turkish glosses.
3	not_qa_reviewed; raw_ocr_extraction; missing_english; missing_turkish	lerch_glossary_p209_r0332:entry	nah	nah			word	ocr_extracted			Brod; s. Krm. nah.			nah	209	332	Verify headword and German gloss against the source, then add reviewed English/Turkish glosses.
3	not_qa_reviewed; raw_ocr_extraction; missing_english; missing_turkish	lerch_glossary_p209_r0326:entry	nai.sta daista	nai sta daista			phrase	ocr_extracted			naista yaista , hier und dort,			nai.sta daista	209	326	Verify headword and German gloss against the source, then add reviewed English/Turkish glosses.
3	not_qa_reviewed; raw_ocr_extraction; missing_english; missing_turkish	lerch_glossary_p209_r0331:entry	nakür’e	nakure			word	ocr_extracted			Schnabel. Vgl. Krm. nekül’e.			nakür’e	209	331	Verify headword and German gloss against the source, then add reviewed English/Turkish glosses.
3	not_qa_reviewed; raw_ocr_extraction; missing_english; missing_turkish	lerch_glossary_p209_r0333:entry	namh	namh			word	ocr_extracted			Name. Vgl. Krm. nav.			namh	209	333	Verify headword and German gloss against the source, then add reviewed English/Turkish glosses.
3	not_qa_reviewed; raw_ocr_extraction; missing_english; missing_turkish	lerch_glossary_p209_r0327:entry	nau	nau			word	ocr_extracted			neun,			nau	209	327	Verify headword and German gloss against the source, then add reviewed English/Turkish glosses.
3	not_qa_reviewed; raw_ocr_extraction; missing_english; missing_turkish	lerch_glossary_p209_r0328:entry	nauaf	nauaf			word	ocr_extracted			neunzig,			nauaf	209	328	Verify headword and German gloss against the source, then add reviewed English/Turkish glosses.
3	not_qa_reviewed; raw_ocr_extraction; missing_english; missing_turkish	lerch_glossary_p209_r0329:entry	nauayin	nauayin			word	ocr_extracted			neunzigste,			nauayin	209	329	Verify headword and German gloss against the source, then add reviewed English/Turkish glosses.
3	not_qa_reviewed; raw_ocr_extraction; missing_english; missing_turkish	lerch_glossary_p209_r0330:entry	nauwin	nauwin			word	ocr_extracted			neunte. naM, (ar. iu»U), Landschaft, 61 .7.			nauwin	209	330	Verify headword and German gloss against the source, then add reviewed English/Turkish glosses.
3	not_qa_reviewed; raw_ocr_extraction; missing_english; missing_turkish	lerch_glossary_p206_r0230:entry	navaüke	navauke			word	ocr_extracted			so lange bis, nicht frü- her als, 66.14; 67. l.			navaüke	206	230	Verify headword and German gloss against the source, then add reviewed English/Turkish glosses.
3	not_qa_reviewed; raw_ocr_extraction; missing_english; missing_turkish	lerch_glossary_p209_r0334:entry	navrotla	navrotla			word	ocr_extracted			Mittag. Vgl. Krm. nlvro. neuy6s, neunzehn,			navrotla	209	334	Verify headword and German gloss against the source, then add reviewed English/Turkish glosses.
3	not_qa_reviewed; raw_ocr_extraction; missing_english; missing_turkish	lerch_glossary_p209_r0342:entry	ncmad	ncmad			word	ocr_extracted			Gebet. Vgl. Krm. nemeü.			ncmad	209	342	Verify headword and German gloss against the source, then add reviewed English/Turkish glosses.
3	not_qa_reviewed; raw_ocr_extraction; missing_english; missing_turkish	lerch_glossary_p206_r0234:entry	nddl	nddl			word	ocr_extracted			sah nicht, 55.6. hin ein Devbändiger, trie 57.2 übersetzt ist.]			nddl	206	234	Verify headword and German gloss against the source, then add reviewed English/Turkish glosses.
3	not_qa_reviewed; raw_ocr_extraction; missing_english; missing_turkish	lerch_glossary_p209_r0335:entry	nehgö	nehgo			word	ocr_extracted			Nagel. sen Ind. Alterthumskunde I, 755. dewi = d'au.			nehgö	209	335	Verify headword and German gloss against the source, then add reviewed English/Turkish glosses.
3	not_qa_reviewed; raw_ocr_extraction; missing_english; missing_turkish	lerch_glossary_p209_r0339:entry	nekai	nekai			word	ocr_extracted			jetzt; s. enkai.			nekai	209	339	Verify headword and German gloss against the source, then add reviewed English/Turkish glosses.
3	not_qa_reviewed; raw_ocr_extraction; missing_english; missing_turkish	lerch_glossary_p209_r0343:entry	nemr	nemr			word	ocr_extracted			zart. Vgl. Krm. nenn, njzdf = nczdi.			nemr	209	343	Verify headword and German gloss against the source, then add reviewed English/Turkish glosses.
3	not_qa_reviewed; raw_ocr_extraction; missing_english; missing_turkish	lerch_glossary_p206_r0248:entry	nennst	nennst			word	ocr_extracted			schrieb nicht,			nennst	206	248	Verify headword and German gloss against the source, then add reviewed English/Turkish glosses.
3	not_qa_reviewed; raw_ocr_extraction; missing_english; missing_turkish	lerch_glossary_p206_r0249:entry	nesen’a väda	nesena vada			phrase	ocr_extracted			werde nicht spre chen, 61.8.			nesen’a väda	206	249	Verify headword and German gloss against the source, then add reviewed English/Turkish glosses.
3	not_qa_reviewed; raw_ocr_extraction; missing_english; missing_turkish	lerch_glossary_p206_r0250:entry	neSnawhn'a	nesnawhna			word	ocr_extracted			(ich) höre nicht,			neSnawhn'a	206	250	Verify headword and German gloss against the source, then add reviewed English/Turkish glosses.
3	not_qa_reviewed; raw_ocr_extraction; missing_english; missing_turkish	lerch_glossary_p209_r0340:entry	neyai	neyai			word	ocr_extracted			bückten sich, 83.6.			neyai	209	340	Verify headword and German gloss against the source, then add reviewed English/Turkish glosses.
3	not_qa_reviewed; raw_ocr_extraction; missing_english; missing_turkish	lerch_glossary_p209_r0341:entry	nezdr	nezdr			word	ocr_extracted			nah; s. Krm. nizik.			nezdr	209	341	Verify headword and German gloss against the source, then add reviewed English/Turkish glosses.
3	not_qa_reviewed; raw_ocr_extraction; missing_english; missing_turkish	lerch_glossary_p217_r0536:entry	ntüäu kör	ntuau kor			phrase	ocr_extracted			Blindmaus, = Krm. mjSki tfu’lr.			ntüäu kör	217	536	Verify headword and German gloss against the source, then add reviewed English/Turkish glosses.
3	not_qa_reviewed; raw_ocr_extraction; missing_english; missing_turkish	lerch_glossary_p207_r0271:entry	nu	nu			word	ocr_extracted			ist nicht, 62. i»			nu	207	271	Verify headword and German gloss against the source, then add reviewed English/Turkish glosses.
3	not_qa_reviewed; raw_ocr_extraction; missing_english; missing_turkish	lerch_glossary_p209_r0345:entry	nudik	nudik			word	ocr_extracted			Faust,			nudik	209	345	Verify headword and German gloss against the source, then add reviewed English/Turkish glosses.
3	not_qa_reviewed; raw_ocr_extraction; missing_english; missing_turkish	lerch_glossary_p209_r0346:entry	nusen’a	nusena			word	ocr_extracted			(ich) schreibe, ngst, schrieb. binusd, (ich) werde schreiben.			nusen’a	209	346	Verify headword and German gloss against the source, then add reviewed English/Turkish glosses.
3	not_qa_reviewed; raw_ocr_extraction; missing_english; missing_turkish	lerch_glossary_p208_r0293:entry	Onkel	onkel			word	ocr_extracted			Vatersbruder,			Onkel	208	293	Verify headword and German gloss against the source, then add reviewed English/Turkish glosses.
3	not_qa_reviewed; raw_ocr_extraction; missing_english; missing_turkish	lerch_glossary_p199_r0056:entry	oyjr	oyjr			word	ocr_extracted			(türk.			oyjr	199	56	Verify headword and German gloss against the source, then add reviewed English/Turkish glosses.
3	not_qa_reviewed; raw_ocr_extraction; missing_english; missing_turkish	lerch_glossary_p213_r0416:entry	pafidäs	pafidas			word	ocr_extracted			fünfzig. ruen’a, stellte hin; auch rona. ruen u teze, frische Butter (unge- salzene). ruün’u bye söl, gesalzene Butter. lad, Sohn, Knabe. Vgl. Krm. lau, lauk, läv, lö. läz, Seele, lapj'k, Handschuh. , der Hund Vgl. Krm. lapj'k. le§d, Leich...			pafidäs	213	416	Verify headword and German gloss against the source, then add reviewed English/Turkish glosses.
3	not_qa_reviewed; raw_ocr_extraction; missing_english; missing_turkish	lerch_glossary_p213_r0413:entry	pai	pai			word	ocr_extracted			Fuss. Vgl. npers: ,jL.			pai	213	413	Verify headword and German gloss against the source, then add reviewed English/Turkish glosses.
3	not_qa_reviewed; raw_ocr_extraction; missing_english; missing_turkish	lerch_glossary_p213_r0420:entry	pandasin	pandasin			word	ocr_extracted			fünfzigste,			pandasin	213	420	Verify headword and German gloss against the source, then add reviewed English/Turkish glosses.
3	not_qa_reviewed; raw_ocr_extraction; missing_english; missing_turkish	lerch_glossary_p213_r0421:entry	pandes	pandes			word	ocr_extracted			fünfzehn,			pandes	213	421	Verify headword and German gloss against the source, then add reviewed English/Turkish glosses.
3	not_qa_reviewed; raw_ocr_extraction; missing_english; missing_turkish	lerch_glossary_p213_r0422:entry	pandesfn	pandesfn			word	ocr_extracted			fünfzehnte,			pandesfn	213	422	Verify headword and German gloss against the source, then add reviewed English/Turkish glosses.
3	not_qa_reviewed; raw_ocr_extraction; missing_english; missing_turkish	lerch_glossary_p213_r0423:entry	paridin	paridin			word	ocr_extracted			fünfte,			paridin	213	423	Verify headword and German gloss against the source, then add reviewed English/Turkish glosses.
3	not_qa_reviewed; raw_ocr_extraction; missing_english; missing_turkish	lerch_glossary_p213_r0424:entry	pat	pat			word	ocr_extracted			Jacke,			pat	213	424	Verify headword and German gloss against the source, then add reviewed English/Turkish glosses.
3	not_qa_reviewed; raw_ocr_extraction; missing_english; missing_turkish	lerch_glossary_p213_r0415:entry	paudün’a	pauduna			word	ocr_extracted			(ich koche). paü2e, koche (imp.), 51,to. Vgl. Krm. peüänd. pan^, fünf,			paudün’a	213	415	Verify headword and German gloss against the source, then add reviewed English/Turkish glosses.
3	not_qa_reviewed; raw_ocr_extraction; missing_english; missing_turkish	lerch_glossary_p213_r0414:entry	paußn’a	paussna			word	ocr_extracted			(ich) warte. Vgl. npers: ma pa’üt, ich wartete, pa’üt, wartete, 87.1. newete pa’üte, hielt Wache, stand auf der Wache, 83.6.			paußn’a	213	414	Verify headword and German gloss against the source, then add reviewed English/Turkish glosses.
3	not_qa_reviewed; raw_ocr_extraction; missing_english; missing_turkish	lerch_glossary_p214_r0433:entry	pei	pei			word	ocr_extracted			mit, 64.12.			pei	214	433	Verify headword and German gloss against the source, then add reviewed English/Turkish glosses.
3	not_qa_reviewed; raw_ocr_extraction; missing_english; missing_turkish	lerch_glossary_p214_r0435:entry	peinide	peinide			word	ocr_extracted			darauf, nachher, 03.9.			peinide	214	435	Verify headword and German gloss against the source, then add reviewed English/Turkish glosses.
3	not_qa_reviewed; raw_ocr_extraction; missing_english; missing_turkish	lerch_glossary_p214_r0436:entry	peira	peira			word	ocr_extracted			s. pya. peira kaut, folgte ihnen, ver- folgte sie, 69.13.			peira	214	436	Verify headword and German gloss against the source, then add reviewed English/Turkish glosses.
3	not_qa_reviewed; raw_ocr_extraction; missing_english; missing_turkish	lerch_glossary_p214_r0434:entry	peiye	peiye			word	ocr_extracted			Fussvolk, 74.7; 75.4.			peiye	214	434	Verify headword and German gloss against the source, then add reviewed English/Turkish glosses.
3	not_qa_reviewed; raw_ocr_extraction; missing_english; missing_turkish	lerch_glossary_p213_r0428:entry	peki	peki			word	ocr_extracted			(türk, y] 4L), sehr gut, sehr wohl, 72.14.			peki	213	428	Verify headword and German gloss against the source, then add reviewed English/Turkish glosses.
3	not_qa_reviewed; raw_ocr_extraction; missing_english; missing_turkish	lerch_glossary_p214_r0432:entry	pepfing	pepfing			word	ocr_extracted			Kuckuk. Vgl. Krm. paptik, pepfing,			pepfing	214	432	Verify headword and German gloss against the source, then add reviewed English/Turkish glosses.
3	not_qa_reviewed; raw_ocr_extraction; missing_english; missing_turkish	lerch_glossary_p214_r0437:entry	per	per			word	ocr_extracted			Feder,			per	214	437	Verify headword and German gloss against the source, then add reviewed English/Turkish glosses.
3	not_qa_reviewed; raw_ocr_extraction; missing_english; missing_turkish	lerch_glossary_p214_r0439:entry	peren’a	perena			word	ocr_extracted			(ich) fliego, springe,			peren’a	214	439	Verify headword and German gloss against the source, then add reviewed English/Turkish glosses.
3	not_qa_reviewed; raw_ocr_extraction; missing_english; missing_turkish	lerch_glossary_p214_r0440:entry	peri’en	perien			word	ocr_extracted			Hemd,			peri’en	214	440	Verify headword and German gloss against the source, then add reviewed English/Turkish glosses.
3	not_qa_reviewed; raw_ocr_extraction; missing_english; missing_turkish	lerch_glossary_p214_r0442:entry	persfn’a	persfna			word	ocr_extracted			(ich) frage,			persfn’a	214	442	Verify headword and German gloss against the source, then add reviewed English/Turkish glosses.
3	not_qa_reviewed; raw_ocr_extraction; missing_english; missing_turkish	lerch_glossary_p214_r0438:entry	pesiiig	pesiiig			word	ocr_extracted			Katze. Vgl. Krm. pcsik.			pesiiig	214	438	Verify headword and German gloss against the source, then add reviewed English/Turkish glosses.
3	not_qa_reviewed; raw_ocr_extraction; missing_english; missing_turkish	lerch_glossary_p214_r0430:entry	peäeme	peaeme			word	ocr_extracted			Donnerstag. Vgl. Krm. peSembe.			peäeme	214	430	Verify headword and German gloss against the source, then add reviewed English/Turkish glosses.
3	not_qa_reviewed; raw_ocr_extraction; missing_english; missing_turkish	lerch_glossary_p214_r0452:entry	pfru	pfru			word	ocr_extracted			viel. Vgl. Krm. pur.			pfru	214	452	Verify headword and German gloss against the source, then add reviewed English/Turkish glosses.
3	not_qa_reviewed; raw_ocr_extraction; missing_english; missing_turkish	lerch_glossary_p214_r0444:entry	pif kdn’a	pif kdna			phrase	ocr_extracted			blase. Vgl. Krm. pif dekim.			pif kdn’a	214	444	Verify headword and German gloss against the source, then add reviewed English/Turkish glosses.
3	not_qa_reviewed; raw_ocr_extraction; missing_english; missing_turkish	lerch_glossary_p214_r0453:entry	pilau	pilau			word	ocr_extracted			Pilav. Vgl. npers; _,*)!j>.			pilau	214	453	Verify headword and German gloss against the source, then add reviewed English/Turkish glosses.
3	not_qa_reviewed; raw_ocr_extraction; missing_english; missing_turkish	lerch_glossary_p214_r0446:entry	pl	pl			word	ocr_extracted			Vater. Vgl. npers: jj .>.			pl	214	446	Verify headword and German gloss against the source, then add reviewed English/Turkish glosses.
3	not_qa_reviewed; raw_ocr_extraction; missing_english; missing_turkish	lerch_glossary_p214_r0451:entry	plrikd	plrikd			word	ocr_extracted			Spinne,			plrikd	214	451	Verify headword and German gloss against the source, then add reviewed English/Turkish glosses.
3	not_qa_reviewed; raw_ocr_extraction; missing_english; missing_turkish	lerch_glossary_p214_r0448:entry	plze	plze			word	ocr_extracted			Bauch. pize senik, Unterleib.			plze	214	448	Verify headword and German gloss against the source, then add reviewed English/Turkish glosses.
3	not_qa_reviewed; raw_ocr_extraction; missing_english; missing_turkish	lerch_glossary_p214_r0447:entry	ptsi	ptsi			word	ocr_extracted			schlecht, abscheulich, 82.4.			ptsi	214	447	Verify headword and German gloss against the source, then add reviewed English/Turkish glosses.
3	not_qa_reviewed; raw_ocr_extraction; missing_english; missing_turkish	lerch_glossary_p214_r0456:entry	pures neydn’u	pures neydnu			phrase	ocr_extracted			niest, 2,4«. puroe = pero. dümilbazi dai puroe, schlugen die Trommel, 68.3.			pures neydn’u	214	456	Verify headword and German gloss against the source, then add reviewed English/Turkish glosses.
3	not_qa_reviewed; raw_ocr_extraction; missing_english; missing_turkish	lerch_glossary_p214_r0459:entry	pyeru	pyeru			word	ocr_extracted			1) viel, = ptru.			pyeru	214	459	Verify headword and German gloss against the source, then add reviewed English/Turkish glosses.
3	not_qa_reviewed; raw_ocr_extraction; missing_english; missing_turkish	lerch_glossary_p214_r0460:entry	pyeru	pyeru			word	ocr_extracted			2) Bat. von pya; s. a. peira.			pyeru	214	460	Verify headword and German gloss against the source, then add reviewed English/Turkish glosses.
3	not_qa_reviewed; raw_ocr_extraction; missing_english; missing_turkish	lerch_glossary_p214_r0458:entry	pyeser	pyeser			word	ocr_extracted			zusammen. amei pyeser, kamen zusam- men, 62.3.			pyeser	214	458	Verify headword and German gloss against the source, then add reviewed English/Turkish glosses.
3	not_qa_reviewed; raw_ocr_extraction; missing_english; missing_turkish	lerch_glossary_p202_r0116:entry	qam	qam			word	ocr_extracted			welcher, wer, 59.8. pl. qänii. qäinek, derjenige welcher, wer nur, 73.13. qämek — qämek, qämuk — qäniuk, wer — wer, 75.4; 85 . 12-13 .			qam	202	116	Verify headword and German gloss against the source, then add reviewed English/Turkish glosses.
3	not_qa_reviewed; raw_ocr_extraction; missing_english; missing_turkish	lerch_glossary_p201_r0112:entry	qandard	qandard			word	ocr_extracted			woher, 65.12.			qandard	201	112	Verify headword and German gloss against the source, then add reviewed English/Turkish glosses.
3	not_qa_reviewed; raw_ocr_extraction; missing_english; missing_turkish	lerch_glossary_p201_r0113:entry	qandiiü	qandiiu			word	ocr_extracted			wohiu, an welchen Ort, 87. 1; s. qam. H. heist, acht, heistai, achtzig, heistayin, achtzigste, liciätes, achtzehn. heiStesfn, achtzehule. heistin, achte, henzär, tausend, herd, breit, hergu = hergu. hiris, dreissig. hirfne, dritte, hirue,...			qandiiü	201	113	Verify headword and German gloss against the source, then add reviewed English/Turkish glosses.
3	not_qa_reviewed; raw_ocr_extraction; missing_english; missing_turkish	lerch_glossary_p201_r0111:entry	qanz	qanz			word	ocr_extracted			Gans. Vgl. Krm. qaz.			qanz	201	111	Verify headword and German gloss against the source, then add reviewed English/Turkish glosses.
3	not_qa_reviewed; raw_ocr_extraction; missing_english; missing_turkish	lerch_glossary_p201_r0110:entry	qaüvi	qauvi			word	ocr_extracted			qaüwi, warum, 50.2, 55.9; 8!.u.			qaüvi	201	110	Verify headword and German gloss against the source, then add reviewed English/Turkish glosses.
3	not_qa_reviewed; raw_ocr_extraction; missing_english; missing_turkish	lerch_glossary_p202_r0128:entry	qdfelna	qdfelna			word	ocr_extracted			geschlossen habend, 83.4.			qdfelna	202	128	Verify headword and German gloss against the source, then add reviewed English/Turkish glosses.
3	not_qa_reviewed; raw_ocr_extraction; missing_english; missing_turkish	lerch_glossary_p202_r0117:entry	qdfelya	qdfelya			word	ocr_extracted			schloss sich, 82.9.			qdfelya	202	117	Verify headword and German gloss against the source, then add reviewed English/Turkish glosses.
3	not_qa_reviewed; raw_ocr_extraction; missing_english; missing_turkish	lerch_glossary_p202_r0131:entry	qilrn	qilrn			word	ocr_extracted			kurz, qodt. kurz.			qilrn	202	131	Verify headword and German gloss against the source, then add reviewed English/Turkish glosses.
3	not_qa_reviewed; raw_ocr_extraction; missing_english; missing_turkish	lerch_glossary_p202_r0129:entry	qirqiSün	qirqisun			word	ocr_extracted			Blei, Kugel; vgl. türk. ClAj}*- I			qirqiSün	202	129	Verify headword and German gloss against the source, then add reviewed English/Turkish glosses.
3	not_qa_reviewed; raw_ocr_extraction; missing_english; missing_turkish	lerch_glossary_p202_r0130:entry	qjle	qjle			word	ocr_extracted			Flamme, 4.37.			qjle	202	130	Verify headword and German gloss against the source, then add reviewed English/Turkish glosses.
3	not_qa_reviewed; raw_ocr_extraction; missing_english; missing_turkish	lerch_glossary_p202_r0132:entry	qund	qund			word	ocr_extracted			ein Vogel von ’/* ^uss Grösse. Sein Schrei hat iihle Bedeutung bei den Kurden, quze = türk.			qund	202	132	Verify headword and German gloss against the source, then add reviewed English/Turkish glosses.
3	not_qa_reviewed; raw_ocr_extraction; missing_english; missing_turkish	lerch_glossary_p212_r0400:entry	ra kdn’a	ra kdna			phrase	ocr_extracted			(ich) mache Weg, d. i. geleite. ra kdrdi, geleitete, 85. io.			ra kdn’a	212	400	Verify headword and German gloss against the source, then add reviewed English/Turkish glosses.
3	not_qa_reviewed; raw_ocr_extraction; missing_english; missing_turkish	lerch_glossary_p212_r0401:entry	ra kuen’a	ra kuena			phrase	ocr_extracted			lege mich nieder, ruhe, schlafe. ra kaüta, schlief, ra ki, (imp.) lege dich nieder, schlafe, 86.3. weraku, er möge ruhen, 86.4. raät, recht. Vgl. Krm. rast, ravdr, Weg. Vgl. Krm. re. rab, (ar. Herr. Vgl. Krui. zeinän 2). zemäne verie, in f...			ra kuen’a	212	401	Verify headword and German gloss against the source, then add reviewed English/Turkish glosses.
3	not_qa_reviewed; raw_ocr_extraction; missing_english; missing_turkish	lerch_glossary_p216_r0489:entry	raangä	raanga			word	ocr_extracted			Ruh; s. Krm. mangd.			raangä	216	489	Verify headword and German gloss against the source, then add reviewed English/Turkish glosses.
3	not_qa_reviewed; raw_ocr_extraction; missing_english; missing_turkish	lerch_glossary_p212_r0409:entry	ramai	ramai			word	ocr_extracted			ramia, lief, floh. Vgl. Krm. revid.			ramai	212	409	Verify headword and German gloss against the source, then add reviewed English/Turkish glosses.
3	not_qa_reviewed; raw_ocr_extraction; missing_english; missing_turkish	lerch_glossary_p212_r0410:entry	reh	reh			word	ocr_extracted			Schenkel, resane. Strick. Vgl. Krm. weris. rez, Weingarten, Weinberg. Vgl. Krm. rezi tri. rind, schön, gut; s. Krm. rind. rim, Speer, Lanze; s. Krm. rim. ri, Barl. S. Krm. ri 2). rö, Bach. rönist, setzte sich, 63.2; s. ruen’a. Vgl. Krni. r...			reh	212	410	Verify headword and German gloss against the source, then add reviewed English/Turkish glosses.
3	not_qa_reviewed; raw_ocr_extraction; missing_english; missing_turkish	lerch_glossary_p216_r0487:entry	rna	rna			word	ocr_extracted			wir.			rna	216	487	Verify headword and German gloss against the source, then add reviewed English/Turkish glosses.
3	not_qa_reviewed; raw_ocr_extraction; missing_english; missing_turkish	lerch_glossary_p217_r0540:entry	rnyörde	rnyorde			word	ocr_extracted			Ehemann. Vgl. Krm. mer.			rnyörde	217	540	Verify headword and German gloss against the source, then add reviewed English/Turkish glosses.
3	not_qa_reviewed; raw_ocr_extraction; missing_english; missing_turkish	lerch_glossary_p210_r0349:entry	Sahrestdn	sahrestdn			word	ocr_extracted			Stadt; vgl. npers			Sahrestdn	210	349	Verify headword and German gloss against the source, then add reviewed English/Turkish glosses.
3	not_qa_reviewed; raw_ocr_extraction; missing_english; missing_turkish	lerch_glossary_p210_r0351:entry	Sanel märi	sanel mari			phrase	ocr_extracted			Regenwurm.			Sanel märi	210	351	Verify headword and German gloss against the source, then add reviewed English/Turkish glosses.
3	not_qa_reviewed; raw_ocr_extraction; missing_english; missing_turkish	lerch_glossary_p210_r0347:entry	Sau	sau			word	ocr_extracted			Nacht. V'gl. Krm. Sev. Sau'e, Nachts, (52.6 sq. saüa ksl (= saue ke sl), ver- gangene Nacht.			Sau	210	347	Verify headword and German gloss against the source, then add reviewed English/Turkish glosses.
3	not_qa_reviewed; raw_ocr_extraction; missing_english; missing_turkish	lerch_glossary_p211_r0374:entry	sav	sav			word	ocr_extracted			hart, fest (pers. «!-*-).			sav	211	374	Verify headword and German gloss against the source, then add reviewed English/Turkish glosses.
3	not_qa_reviewed; raw_ocr_extraction; missing_english; missing_turkish	lerch_glossary_p210_r0348:entry	SaüSevüke	sausevuke			word	ocr_extracted			ein Vogel dessen Schrei: vei, vei.			SaüSevüke	210	348	Verify headword and German gloss against the source, then add reviewed English/Turkish glosses.
3	not_qa_reviewed; raw_ocr_extraction; missing_english; missing_turkish	lerch_glossary_p210_r0357:entry	Sc	sc			word	ocr_extracted			ging, 54.10; s. suen’a.			Sc	210	357	Verify headword and German gloss against the source, then add reviewed English/Turkish glosses.
3	not_qa_reviewed; raw_ocr_extraction; missing_english; missing_turkish	lerch_glossary_p210_r0360:entry	sebSkc	sebskc			word	ocr_extracted			Gitterfenster (arab. ±JLi «feuestrae reticulatac»), Git- terthür.			sebSkc	210	360	Verify headword and German gloss against the source, then add reviewed English/Turkish glosses.
3	not_qa_reviewed; raw_ocr_extraction; missing_english; missing_turkish	lerch_glossary_p211_r0381:entry	seiie	seiie			word	ocr_extracted			welcher, e, es, 59.16.			seiie	211	381	Verify headword and German gloss against the source, then add reviewed English/Turkish glosses.
3	not_qa_reviewed; raw_ocr_extraction; missing_english; missing_turkish	lerch_glossary_p210_r0359:entry	Seistiyin	seistiyin			word	ocr_extracted			scchszigste.			Seistiyin	210	359	Verify headword and German gloss against the source, then add reviewed English/Turkish glosses.
3	not_qa_reviewed; raw_ocr_extraction; missing_english; missing_turkish	lerch_glossary_p210_r0358:entry	selsti	selsti			word	ocr_extracted			sechszig.			selsti	210	358	Verify headword and German gloss against the source, then add reviewed English/Turkish glosses.
3	not_qa_reviewed; raw_ocr_extraction; missing_english; missing_turkish	lerch_glossary_p211_r0380:entry	sen’ie	senie			word	ocr_extracted			warum, 52.7.			sen’ie	211	380	Verify headword and German gloss against the source, then add reviewed English/Turkish glosses.
3	not_qa_reviewed; raw_ocr_extraction; missing_english; missing_turkish	lerch_glossary_p211_r0383:entry	ser (postpos.)	ser postpos			phrase	ocr_extracted			gegeu, zu.			ser (postpos.)	211	383	Verify headword and German gloss against the source, then add reviewed English/Turkish glosses.
3	not_qa_reviewed; raw_ocr_extraction; missing_english; missing_turkish	lerch_glossary_p211_r0388:entry	serkalü	serkalu			word	ocr_extracted			Pfeifenrohr.			serkalü	211	388	Verify headword and German gloss against the source, then add reviewed English/Turkish glosses.
3	not_qa_reviewed; raw_ocr_extraction; missing_english; missing_turkish	lerch_glossary_p210_r0355:entry	SeSln	sesln			word	ocr_extracted			sechste.			SeSln	210	355	Verify headword and German gloss against the source, then add reviewed English/Turkish glosses.
3	not_qa_reviewed; raw_ocr_extraction; missing_english; missing_turkish	lerch_glossary_p210_r0366:entry	sid	sid			word	ocr_extracted			Milch.			sid	210	366	Verify headword and German gloss against the source, then add reviewed English/Turkish glosses.
3	not_qa_reviewed; raw_ocr_extraction; missing_english; missing_turkish	lerch_glossary_p210_r0367:entry	SimSyßr	simsyssr			word	ocr_extracted			Schwert. Vgl. Krm. sür, syür.			SimSyßr	210	367	Verify headword and German gloss against the source, then add reviewed English/Turkish glosses.
3	not_qa_reviewed; raw_ocr_extraction; missing_english; missing_turkish	lerch_glossary_p210_r0364:entry	Siyeslu	siyeslu			word	ocr_extracted			sechszehute.			» Siyeslu	210	364	Verify headword and German gloss against the source, then add reviewed English/Turkish glosses.
3	not_qa_reviewed; raw_ocr_extraction; missing_english; missing_turkish	lerch_glossary_p210_r0362:entry	Sl	sl			word	ocr_extracted			Si, gingen, 59.5; s. suen’a.			Sl	210	362	Verify headword and German gloss against the source, then add reviewed English/Turkish glosses.
3	not_qa_reviewed; raw_ocr_extraction; missing_english; missing_turkish	lerch_glossary_p210_r0368:entry	Slv	slv			word	ocr_extracted			Weinmoost. S. Krm. sIV.			Slv	210	368	Verify headword and German gloss against the source, then add reviewed English/Turkish glosses.
3	not_qa_reviewed; raw_ocr_extraction; missing_english; missing_turkish	lerch_glossary_p199_r0063:entry	Sre’u	sreu			word	ocr_extracted			spät.			Sre’u	199	63	Verify headword and German gloss against the source, then add reviewed English/Turkish glosses.
3	not_qa_reviewed; raw_ocr_extraction; missing_english; missing_turkish	lerch_glossary_p199_r0070:entry	Sstere	sstere			word	ocr_extracted			Horn: s. Krm. stüru. espär. weristbeespdr, stieg zu Pferde, 67.il.			Sstere	199	70	Verify headword and German gloss against the source, then add reviewed English/Turkish glosses.
3	not_qa_reviewed; raw_ocr_extraction; missing_english; missing_turkish	lerch_glossary_p210_r0369:entry	sußn’a	sussna			word	ocr_extracted			(ich) gehe. Süe (imp.), geh, 52. io. te sueu’i, du gehst; hesußn’i, du gehst uicht 52.10. Syera, (ich) werde gehen; ma Syßri , wir werden gehen , 49.4; 55.»; 62.7. Se, ging; Sl, Si, gingen. Syeri, geht (imp. 2. pl.), 55.8. Vgl. JC: siyu (i...			sußn’a	210	369	Verify headword and German gloss against the source, then add reviewed English/Turkish glosses.
3	not_qa_reviewed; raw_ocr_extraction; missing_english; missing_turkish	lerch_glossary_p210_r0371:entry	Syer	syer			word	ocr_extracted			Löwe. Vgl. Krm. slr, syer.			Syer	210	371	Verify headword and German gloss against the source, then add reviewed English/Turkish glosses.
3	not_qa_reviewed; raw_ocr_extraction; missing_english; missing_turkish	lerch_glossary_p210_r0350:entry	sändc	sandc			word	ocr_extracted			Abends.			sändc	210	350	Verify headword and German gloss against the source, then add reviewed English/Turkish glosses.
3	not_qa_reviewed; raw_ocr_extraction; missing_english; missing_turkish	lerch_glossary_p210_r0352:entry	Säri	sari			word	ocr_extracted			fremd.			Säri	210	352	Verify headword and German gloss against the source, then add reviewed English/Turkish glosses.
3	not_qa_reviewed; raw_ocr_extraction; missing_english; missing_turkish	lerch_glossary_p205_r0200:entry	tankäl	tankal			word	ocr_extracted			Fledermaus,			tankäl	205	200	Verify headword and German gloss against the source, then add reviewed English/Turkish glosses.
3	not_qa_reviewed; raw_ocr_extraction; missing_english; missing_turkish	lerch_glossary_p205_r0201:entry	tare	tare			word	ocr_extracted			Stirn,			tare	205	201	Verify headword and German gloss against the source, then add reviewed English/Turkish glosses.
3	not_qa_reviewed; raw_ocr_extraction; missing_english; missing_turkish	lerch_glossary_p205_r0203:entry	taresin	taresin			word	ocr_extracted			vierzehnte,			taresin	205	203	Verify headword and German gloss against the source, then add reviewed English/Turkish glosses.
3	not_qa_reviewed; raw_ocr_extraction; missing_english; missing_turkish	lerch_glossary_p205_r0205:entry	tarSQ	tarsq			word	ocr_extracted			Markt; s. Krm. tarsü. tek = tek.			tarSQ	205	205	Verify headword and German gloss against the source, then add reviewed English/Turkish glosses.
3	not_qa_reviewed; raw_ocr_extraction; missing_english; missing_turkish	lerch_glossary_p205_r0204:entry	taräcme	taracme			word	ocr_extracted			Mittwoch. Vgl. Krm. tarsembe.			taräcme	205	204	Verify headword and German gloss against the source, then add reviewed English/Turkish glosses.
3	not_qa_reviewed; raw_ocr_extraction; missing_english; missing_turkish	lerch_glossary_p205_r0202:entry	tarös	taros			word	ocr_extracted			vierzehn,			tarös	205	202	Verify headword and German gloss against the source, then add reviewed English/Turkish glosses.
3	not_qa_reviewed; raw_ocr_extraction; missing_english; missing_turkish	lerch_glossary_p205_r0196:entry	tau	tau			word	ocr_extracted			Jemand. tau tchemia, niemals, taüde, nirgend, tewi desti, keines Menschen Hand.			tau	205	196	Verify headword and German gloss against the source, then add reviewed English/Turkish glosses.
3	not_qa_reviewed; raw_ocr_extraction; missing_english; missing_turkish	lerch_glossary_p205_r0198:entry	tauresin	tauresin			word	ocr_extracted			vierzigste.			tauresin	205	198	Verify headword and German gloss against the source, then add reviewed English/Turkish glosses.
3	not_qa_reviewed; raw_ocr_extraction; missing_english; missing_turkish	lerch_glossary_p205_r0197:entry	taurös	tauros			word	ocr_extracted			vierzig,			taurös	205	197	Verify headword and German gloss against the source, then add reviewed English/Turkish glosses.
3	not_qa_reviewed; raw_ocr_extraction; missing_english; missing_turkish	lerch_glossary_p207_r0266:entry	tebdr	tebdr			word	ocr_extracted			heraus, hinaus. se tebdr, ging hinaus,			tebdr	207	266	Verify headword and German gloss against the source, then add reviewed English/Turkish glosses.
3	not_qa_reviewed; raw_ocr_extraction; missing_english; missing_turkish	lerch_glossary_p205_r0211:entry	teherin	teherin			word	ocr_extracted			vierte,			teherin	205	211	Verify headword and German gloss against the source, then add reviewed English/Turkish glosses.
3	not_qa_reviewed; raw_ocr_extraction; missing_english; missing_turkish	lerch_glossary_p205_r0210:entry	tehtir	tehtir			word	ocr_extracted			vier,			tehtir	205	210	Verify headword and German gloss against the source, then add reviewed English/Turkish glosses.
3	not_qa_reviewed; raw_ocr_extraction; missing_english; missing_turkish	lerch_glossary_p207_r0263:entry	teir	teir			word	ocr_extracted			(ar.^rX), Vogel, terä kerd = tra kerd ; s. tra ken’a.			teir	207	263	Verify headword and German gloss against the source, then add reviewed English/Turkish glosses.
3	not_qa_reviewed; raw_ocr_extraction; missing_english; missing_turkish	lerch_glossary_p205_r0212:entry	tek	tek			word	ocr_extracted			Pistole.			tek	205	212	Verify headword and German gloss against the source, then add reviewed English/Turkish glosses.
3	not_qa_reviewed; raw_ocr_extraction; missing_english; missing_turkish	lerch_glossary_p205_r0206:entry	tend	tend			word	ocr_extracted			wie viel.			tend	205	206	Verify headword and German gloss against the source, then add reviewed English/Turkish glosses.
3	not_qa_reviewed; raw_ocr_extraction; missing_english; missing_turkish	lerch_glossary_p205_r0213:entry	tenitaqü	tenitaqu			word	ocr_extracted			temteqü pa§ä, 84 sq.			tenitaqü	205	213	Verify headword and German gloss against the source, then add reviewed English/Turkish glosses.
3	not_qa_reviewed; raw_ocr_extraction; missing_english; missing_turkish	lerch_glossary_p207_r0264:entry	terd geraut	terd geraut			phrase	ocr_extracted			entriss, riss aus (der Hand).			terd geraut	207	264	Verify headword and German gloss against the source, then add reviewed English/Turkish glosses.
3	not_qa_reviewed; raw_ocr_extraction; missing_english; missing_turkish	lerch_glossary_p207_r0265:entry	terek	terek			word	ocr_extracted			Fehde,			terek	207	265	Verify headword and German gloss against the source, then add reviewed English/Turkish glosses.
3	not_qa_reviewed; raw_ocr_extraction; missing_english; missing_turkish	lerch_glossary_p207_r0270:entry	tia	tia			word	ocr_extracted			hier; s. ctia. sein, 62 9.			tia	207	270	Verify headword and German gloss against the source, then add reviewed English/Turkish glosses.
3	not_qa_reviewed; raw_ocr_extraction; missing_english; missing_turkish	lerch_glossary_p205_r0219:entry	tide	tide			word	ocr_extracted			Brust (weibliche). Vgl. P. Boetticher Arica, p. 72 (172).			tide	205	219	Verify headword and German gloss against the source, then add reviewed English/Turkish glosses.
3	not_qa_reviewed; raw_ocr_extraction; missing_english; missing_turkish	lerch_glossary_p206_r0222:entry	tihü	tihu			word	ocr_extracted			ist nicht, 55.12-13. Vgl. Krm. tune,			tihü	206	222	Verify headword and German gloss against the source, then add reviewed English/Turkish glosses.
3	not_qa_reviewed; raw_ocr_extraction; missing_english; missing_turkish	lerch_glossary_p207_r0278:entry	tiii	tiii			word	ocr_extracted			Schein, Glanz.			tiii	207	278	Verify headword and German gloss against the source, then add reviewed English/Turkish glosses.
3	not_qa_reviewed; raw_ocr_extraction; missing_english; missing_turkish	lerch_glossary_p207_r0279:entry	tilislm	tilislm			word	ocr_extracted			(ar. fJL), Talisman.			tilislm	207	279	Verify headword and German gloss against the source, then add reviewed English/Turkish glosses.
3	not_qa_reviewed; raw_ocr_extraction; missing_english; missing_turkish	lerch_glossary_p205_r0221:entry	tinßn’a	tinssna			word	ocr_extracted			(ich) schneide, mähe, tina, schnitt, 49.9; 50.8. bitiua, (ich) werde schneiden, bitini, werden schneiden, 49.7.			tinßn’a	205	221	Verify headword and German gloss against the source, then add reviewed English/Turkish glosses.
3	not_qa_reviewed; raw_ocr_extraction; missing_english; missing_turkish	lerch_glossary_p206_r0223:entry	tiralic	tiralic			word	ocr_extracted			(ar. ^Ij»), Chirurg. [ez tirdhei d'ewya, ich bin der Chirurg des Dev, nicht: ich			tiralic	206	223	Verify headword and German gloss against the source, then add reviewed English/Turkish glosses.
3	not_qa_reviewed; raw_ocr_extraction; missing_english; missing_turkish	lerch_glossary_p206_r0235:entry	tiri	tiri			word	ocr_extracted			warum, 73.7.			tiri	206	235	Verify headword and German gloss against the source, then add reviewed English/Turkish glosses.
3	not_qa_reviewed; raw_ocr_extraction; missing_english; missing_turkish	lerch_glossary_p206_r0236:entry	tirtele	tirtele			word	ocr_extracted			Heimchen,			tirtele	206	236	Verify headword and German gloss against the source, then add reviewed English/Turkish glosses.
3	not_qa_reviewed; raw_ocr_extraction; missing_english; missing_turkish	lerch_glossary_p205_r0217:entry	tiän	tian			word	ocr_extracted			(türk. ^L»), Eidechse,			tiän	205	217	Verify headword and German gloss against the source, then add reviewed English/Turkish glosses.
3	not_qa_reviewed; raw_ocr_extraction; missing_english; missing_turkish	lerch_glossary_p205_r0214:entry	tjmke	tjmke			word	ocr_extracted			sobald, 70.i2-t3.			tjmke	205	214	Verify headword and German gloss against the source, then add reviewed English/Turkish glosses.
3	not_qa_reviewed; raw_ocr_extraction; missing_english; missing_turkish	lerch_glossary_p207_r0268:entry	Tjrk	tjrk			word	ocr_extracted			Türke.			Tjrk	207	268	Verify headword and German gloss against the source, then add reviewed English/Turkish glosses.
3	not_qa_reviewed; raw_ocr_extraction; missing_english; missing_turkish	lerch_glossary_p207_r0269:entry	tjrs	tjrs			word	ocr_extracted			Schild (nicht Gürtel wie 72. übersetzt ist),			tjrs	207	269	Verify headword and German gloss against the source, then add reviewed English/Turkish glosses.
3	not_qa_reviewed; raw_ocr_extraction; missing_english; missing_turkish	lerch_glossary_p207_r0267:entry	tjzi	tjzi			word	ocr_extracted			auch du; s. tu.			tjzi	207	267	Verify headword and German gloss against the source, then add reviewed English/Turkish glosses.
3	not_qa_reviewed; raw_ocr_extraction; missing_english; missing_turkish	lerch_glossary_p206_r0239:entry	toadüli	toaduli			word	ocr_extracted			Säugling; s. tjde.			toadüli	206	239	Verify headword and German gloss against the source, then add reviewed English/Turkish glosses.
3	not_qa_reviewed; raw_ocr_extraction; missing_english; missing_turkish	lerch_glossary_p207_r0280:entry	top kerd	top kerd			phrase	ocr_extracted			sammelte, versammelte. tople kerd, versammelte,			top kerd	207	280	Verify headword and German gloss against the source, then add reviewed English/Turkish glosses.
3	not_qa_reviewed; raw_ocr_extraction; missing_english; missing_turkish	lerch_glossary_p207_r0286:entry	tra ken’a	tra kena			phrase	ocr_extracted			reisse aus, schlage ab. tra ke (imp.), schlage ab. tra kerd, riss ab, schlug ab.			tra ken’a	207	286	Verify headword and German gloss against the source, then add reviewed English/Turkish glosses.
3	not_qa_reviewed; raw_ocr_extraction; missing_english; missing_turkish	lerch_glossary_p207_r0284:entry	tufiiig	tufiiig			word	ocr_extracted			Flinte; s. Krm. tufeng.			tufiiig	207	284	Verify headword and German gloss against the source, then add reviewed English/Turkish glosses.
3	not_qa_reviewed; raw_ocr_extraction; missing_english; missing_turkish	lerch_glossary_p207_r0281:entry	turge	turge			word	ocr_extracted			’ Hagel,			turge	207	281	Verify headword and German gloss against the source, then add reviewed English/Turkish glosses.
3	not_qa_reviewed; raw_ocr_extraction; missing_english; missing_turkish	lerch_glossary_p207_r0285:entry	tuyera	tuyera			word	ocr_extracted			däre tuyera, Maulbeerbaum,			tuyera	207	285	Verify headword and German gloss against the source, then add reviewed English/Turkish glosses.
3	not_qa_reviewed; raw_ocr_extraction; missing_english; missing_turkish	lerch_glossary_p205_r0199:entry	tÄke	take			word	ocr_extracted			Schienbein,			tÄke	205	199	Verify headword and German gloss against the source, then add reviewed English/Turkish glosses.
3	not_qa_reviewed; raw_ocr_extraction; missing_english; missing_turkish	lerch_glossary_p206_r0238:entry	tö	to			word	ocr_extracted			tü, Stab.			tö	206	238	Verify headword and German gloss against the source, then add reviewed English/Turkish glosses.
3	not_qa_reviewed; raw_ocr_extraction; missing_english; missing_turkish	lerch_glossary_p206_r0240:entry	tü	tu			word	ocr_extracted			s. tö.			tü	206	240	Verify headword and German gloss against the source, then add reviewed English/Turkish glosses.
3	not_qa_reviewed; raw_ocr_extraction; missing_english; missing_turkish	lerch_glossary_p216_r0494:entry	uiära kerde xüeri	uiara kerde xueri			phrase	ocr_extracted			heirathete, 58.4. Vgl. Krm. mer.			uiära kerde xüeri	216	494	Verify headword and German gloss against the source, then add reviewed English/Turkish glosses.
3	not_qa_reviewed; raw_ocr_extraction; missing_english; missing_turkish	lerch_glossary_p200_r0073:entry	umi'id	umiid			word	ocr_extracted			Hoffnung. Vgl. Krm. f vi.			umi'id	200	73	Verify headword and German gloss against the source, then add reviewed English/Turkish glosses.
3	not_qa_reviewed; raw_ocr_extraction; missing_english; missing_turkish	lerch_glossary_p217_r0531:entry	vai	vai			word	ocr_extracted			Ausrufung.			vai	217	531	Verify headword and German gloss against the source, then add reviewed English/Turkish glosses.
3	not_qa_reviewed; raw_ocr_extraction; missing_english; missing_turkish	lerch_glossary_p218_r0551:entry	vard	vard			word	ocr_extracted			I) Lamm. Vgl. Krm. berli. vard. 2) s. vardn.			vard	218	551	Verify headword and German gloss against the source, then add reviewed English/Turkish glosses.
3	not_qa_reviewed; raw_ocr_extraction; missing_english; missing_turkish	lerch_glossary_p218_r0552:entry	vardn	vardn			word	ocr_extracted			Kegen. vardn vard, es regnete. Vgl. Krm. bardn. varük = vard.			vardn	218	552	Verify headword and German gloss against the source, then add reviewed English/Turkish glosses.
3	not_qa_reviewed; raw_ocr_extraction; missing_english; missing_turkish	lerch_glossary_p218_r0550:entry	vaz (Lina	vaz lina			phrase	ocr_extracted			(ich) laufe. Vgl. Krm. baz, bezfa. vaz da, lief, 72.7.			vaz (Lina	218	550	Verify headword and German gloss against the source, then add reviewed English/Turkish glosses.
3	not_qa_reviewed; raw_ocr_extraction; missing_english; missing_turkish	lerch_glossary_p217_r0545:entry	vaüre	vaure			word	ocr_extracted			Schnee. Vgl. Krm. berf.			vaüre	217	545	Verify headword and German gloss against the source, then add reviewed English/Turkish glosses.
3	not_qa_reviewed; raw_ocr_extraction; missing_english; missing_turkish	lerch_glossary_p218_r0548:entry	vdtiä	vdtia			word	ocr_extracted			abscheulich, 82.4.			vdtiä	218	548	Verify headword and German gloss against the source, then add reviewed English/Turkish glosses.
3	not_qa_reviewed; raw_ocr_extraction; missing_english; missing_turkish	lerch_glossary_p218_r0555:entry	veden'a	vedena			word	ocr_extracted			(ich) gehe aus, heraus, ve da, ging aus.			veden'a	218	555	Verify headword and German gloss against the source, then add reviewed English/Turkish glosses.
3	not_qa_reviewed; raw_ocr_extraction; missing_english; missing_turkish	lerch_glossary_p219_r0570:entry	velgö	velgo			word	ocr_extracted			Blätter, Laub. G: belk foglia ; B. III: 63: varak feuille. Vgl. npers: kälL; cf. 1*Z. III, 45. veih = verig.			velgö	219	570	Verify headword and German gloss against the source, then add reviewed English/Turkish glosses.
3	not_qa_reviewed; raw_ocr_extraction; missing_english; missing_turkish	lerch_glossary_p218_r0560:entry	ver ken’a	ver kena			phrase	ocr_extracted			(ich) bereite. ver ke, bereite, 5l.to; 52.«.			ver ken’a	218	560	Verify headword and German gloss against the source, then add reviewed English/Turkish glosses.
3	not_qa_reviewed; raw_ocr_extraction; missing_english; missing_turkish	lerch_glossary_p218_r0562:entry	vera ddna	vera ddna			phrase	ocr_extracted			s. verddna.			vera ddna	218	562	Verify headword and German gloss against the source, then add reviewed English/Turkish glosses.
3	not_qa_reviewed; raw_ocr_extraction; missing_english; missing_turkish	lerch_glossary_p219_r0572:entry	verdana	verdana			word	ocr_extracted			(ich) werfe weg, lasse los, verschone, vera däna, (ich) verschone, ver dä, warf weg, 72.«. verddnl, du bissest, 55.». v6ra medi , verschonet eicht, 75.9.			verdana	219	572	Verify headword and German gloss against the source, then add reviewed English/Turkish glosses.
3	not_qa_reviewed; raw_ocr_extraction; missing_english; missing_turkish	lerch_glossary_p218_r0567:entry	verddni	verddni			word	ocr_extracted			s. verddna.			verddni	218	567	Verify headword and German gloss against the source, then add reviewed English/Turkish glosses.
3	not_qa_reviewed; raw_ocr_extraction; missing_english; missing_turkish	lerch_glossary_p218_r0566:entry	veryün’e	veryune			word	ocr_extracted			erste			veryün’e	218	566	Verify headword and German gloss against the source, then add reviewed English/Turkish glosses.
3	not_qa_reviewed; raw_ocr_extraction; missing_english; missing_turkish	lerch_glossary_p218_r0556:entry	vesün’a	vesuna			word	ocr_extracted			brenne(inlr.); s. vesnün’a. veSa, brannte.			vesün’a	218	556	Verify headword and German gloss against the source, then add reviewed English/Turkish glosses.
3	not_qa_reviewed; raw_ocr_extraction; missing_english; missing_turkish	lerch_glossary_p218_r0557:entry	veünün’a	veununa			word	ocr_extracted			(ich) brenne nieder, vcsud, brannte nieder, veäni , brennet nieder (imp.), 68.8.			veünün’a	218	557	Verify headword and German gloss against the source, then add reviewed English/Turkish glosses.
3	not_qa_reviewed; raw_ocr_extraction; missing_english; missing_turkish	lerch_glossary_p218_r0558:entry	vgt	vgt			word	ocr_extracted			weg, aus , zeinddna vet ard, führte aus dem Gefängnisse, 56. n.			vgt	218	558	Verify headword and German gloss against the source, then add reviewed English/Turkish glosses.
3	not_qa_reviewed; raw_ocr_extraction; missing_english; missing_turkish	lerch_glossary_p211_r0385:entry	VH	vh			word	ocr_extracted			322. seraksie, in vergangenem Jahre, sera paryin’e, in vergangenem Jahre.			VH	211	385	Verify headword and German gloss against the source, then add reviewed English/Turkish glosses.
3	not_qa_reviewed; raw_ocr_extraction; missing_english; missing_turkish	lerch_glossary_p219_r0579:entry	vidn’a	vidna			word	ocr_extracted			(ich) sehe; s. aunön’a. aünd, sah. vi6n’e, komme; s. yön’a.			vidn’a	219	579	Verify headword and German gloss against the source, then add reviewed English/Turkish glosses.
3	not_qa_reviewed; raw_ocr_extraction; missing_english; missing_turkish	lerch_glossary_p202_r0143:entry	VII	vii			word	ocr_extracted			323). keiye, ins Haus, nach Hause, 51 .9; 53.9.			VII	202	143	Verify headword and German gloss against the source, then add reviewed English/Turkish glosses.
3	not_qa_reviewed; raw_ocr_extraction; missing_english; missing_turkish	lerch_glossary_p219_r0580:entry	vindßn’a	vindssna			word	ocr_extracted			(ich) bleibe, s. venden’a. vjndd, bleibe stehen, 57.6. äqjli vinde, bleibe vernünftig, 86.7. nevinddn’i, bleiben nicht, 67. io. vinert = venert.			vindßn’a	219	580	Verify headword and German gloss against the source, then add reviewed English/Turkish glosses.
3	not_qa_reviewed; raw_ocr_extraction; missing_english; missing_turkish	lerch_glossary_p219_r0583:entry	vizyfri	vizyfri			word	ocr_extracted			gestern Abend. Vgl. oss: izar Abtnd (R.)			vizyfri	219	583	Verify headword and German gloss against the source, then add reviewed English/Turkish glosses.
3	not_qa_reviewed; raw_ocr_extraction; missing_english; missing_turkish	lerch_glossary_p219_r0581:entry	vlst. zwanzig	vlst zwanzig			phrase	ocr_extracted						vlst. zwanzig	219	581	Verify headword and German gloss against the source, then add reviewed English/Turkish glosses.
3	not_qa_reviewed; raw_ocr_extraction; missing_english; missing_turkish	lerch_glossary_p219_r0582:entry	vlstin	vlstin			word	ocr_extracted			zwanzigste,			vlstin	219	582	Verify headword and German gloss against the source, then add reviewed English/Turkish glosses.
3	not_qa_reviewed; raw_ocr_extraction; missing_english; missing_turkish	lerch_glossary_p219_r0573:entry	wa	wa			word	ocr_extracted			er, sie.			wa	219	573	Verify headword and German gloss against the source, then add reviewed English/Turkish glosses.
3	not_qa_reviewed; raw_ocr_extraction; missing_english; missing_turkish	lerch_glossary_p219_r0586:entry	waddre	waddre			word	ocr_extracted			s. weddri.			waddre	219	586	Verify headword and German gloss against the source, then add reviewed English/Turkish glosses.
3	not_qa_reviewed; raw_ocr_extraction; missing_english; missing_turkish	lerch_glossary_p219_r0577:entry	wade	wade			word	ocr_extracted			(türk.o^jl), Zimmer, 62.2. waät = waiät.			wade	219	577	Verify headword and German gloss against the source, then add reviewed English/Turkish glosses.
3	not_qa_reviewed; raw_ocr_extraction; missing_english; missing_turkish	lerch_glossary_p219_r0574:entry	wai	wai			word	ocr_extracted			Schwester.			wai	219	574	Verify headword and German gloss against the source, then add reviewed English/Turkish glosses.
3	not_qa_reviewed; raw_ocr_extraction; missing_english; missing_turkish	lerch_glossary_p219_r0576:entry	waift	waift			word	ocr_extracted			(ar. tUj), Zeit.			waift	219	576	Verify headword and German gloss against the source, then add reviewed English/Turkish glosses.
3	not_qa_reviewed; raw_ocr_extraction; missing_english; missing_turkish	lerch_glossary_p219_r0575:entry	waiät	waiat			word	ocr_extracted			wünschte; s. wazdn’a.			waiät	219	575	Verify headword and German gloss against the source, then add reviewed English/Turkish glosses.
3	not_qa_reviewed; raw_ocr_extraction; missing_english; missing_turkish	lerch_glossary_p220_r0587:entry	war	war			word	ocr_extracted			Winterlager, 60.12-13.			war	220	587	Verify headword and German gloss against the source, then add reviewed English/Turkish glosses.
3	not_qa_reviewed; raw_ocr_extraction; missing_english; missing_turkish	lerch_glossary_p220_r0588:entry	warezä	wareza			word	ocr_extracted			Neffe, Schwestersohn. Vgl. Krm. xoärz. ward6n’a = warzdn’a.			warezä	220	588	Verify headword and German gloss against the source, then add reviewed English/Turkish glosses.
3	not_qa_reviewed; raw_ocr_extraction; missing_english; missing_turkish	lerch_glossary_p220_r0589:entry	warzdn’a	warzdna			word	ocr_extracted			(ich) erhebe mich, stehe auf. wärzi, stehet auf. weriät, erhob sich, stand auf. S. warden’a, werddn’a. we = wa.			warzdn’a	220	589	Verify headword and German gloss against the source, then add reviewed English/Turkish glosses.
3	not_qa_reviewed; raw_ocr_extraction; missing_english; missing_turkish	lerch_glossary_p219_r0578:entry	wazdn'a	wazdna			word	ocr_extracted			(ich) wünsche, will, freie. waiSt, wa$t, wünschte, freite. Vgl. Krm. xöast. verd dai, liess los, 84.2. vera nedäna , ich verschone nicht, 70.11-12. me verdi , verschonet nicht, 69.4.			wazdn'a	219	578	Verify headword and German gloss against the source, then add reviewed English/Turkish glosses.
3	not_qa_reviewed; raw_ocr_extraction; missing_english; missing_turkish	lerch_glossary_p220_r0599:entry	wdn’iäi	wdniai			word	ocr_extracted			geht entgegen, 84.1».			wdn’iäi	220	599	Verify headword and German gloss against the source, then add reviewed English/Turkish glosses.
3	not_qa_reviewed; raw_ocr_extraction; missing_english; missing_turkish	lerch_glossary_p220_r0592:entry	weddri	weddri			word	ocr_extracted			bestattet. meitani me wadere taüde me — w tinu, ich habe Niemanden, v 1 um meine Leichen zu be- statten, 79.3-6. weddrti, bestatteten, 65.7.			weddri	220	592	Verify headword and German gloss against the source, then add reviewed English/Turkish glosses.
3	not_qa_reviewed; raw_ocr_extraction; missing_english; missing_turkish	lerch_glossary_p220_r0598:entry	welra	welra			word	ocr_extracted			dort.			welra	220	598	Verify headword and German gloss against the source, then add reviewed English/Turkish glosses.
3	not_qa_reviewed; raw_ocr_extraction; missing_english; missing_turkish	lerch_glossary_p220_r0597:entry	weriät	weriat			word	ocr_extracted			stand auf. weriät be espär, sassauf, setzte sich zu Pferde, machte sich zu Pferde auf. werddn’a = warzdn’a. wirdi, standen auf, 62.ii.			weriät	220	597	Verify headword and German gloss against the source, then add reviewed English/Turkish glosses.
3	not_qa_reviewed; raw_ocr_extraction; missing_english; missing_turkish	lerch_glossary_p220_r0596:entry	weränd	werand			word	ocr_extracted			dest äjmäyöri yöe werdnd, nahm sein Schwert in die Hand, 72.t.			weränd	220	596	Verify headword and German gloss against the source, then add reviewed English/Turkish glosses.
3	not_qa_reviewed; raw_ocr_extraction; missing_english; missing_turkish	lerch_glossary_p220_r0591:entry	weye kdn’a	weye kdna			phrase	ocr_extracted			jage weg. weta = vet.			weye kdn’a	220	591	Verify headword and German gloss against the source, then add reviewed English/Turkish glosses.
3	not_qa_reviewed; raw_ocr_extraction; missing_english; missing_turkish	lerch_glossary_p220_r0593:entry	weä	wea			word	ocr_extracted			gut, gesund, 81.3. Vgl. Krm. xo§. weäi kdn’a, (ich) versöhne, ma pya weäi ke, versöhne uns mit einander, 70.6.			weä	220	593	Verify headword and German gloss against the source, then add reviewed English/Turkish glosses.
3	not_qa_reviewed; raw_ocr_extraction; missing_english; missing_turkish	lerch_glossary_p220_r0600:entry	widd	widd			word	ocr_extracted			wid&ra, sogleich, 66. e.			widd	220	600	Verify headword and German gloss against the source, then add reviewed English/Turkish glosses.
3	not_qa_reviewed; raw_ocr_extraction; missing_english; missing_turkish	lerch_glossary_p200_r0086:entry	XVII	xvii			word	ocr_extracted			4 ' 1 s. Bnf. Gl. s. v.)			XVII	200	86	Verify headword and German gloss against the source, then add reviewed English/Turkish glosses.
3	not_qa_reviewed; raw_ocr_extraction; missing_english; missing_turkish	lerch_glossary_p203_r0162:entry	XVII	xvii			word	ocr_extracted			381); huzv: ao; pärs: (Sp. llzv.Gr. §21 Anm. 5); npers: i afgli: (H.); oss: xox, xoqx.			XVII	203	162	Verify headword and German gloss against the source, then add reviewed English/Turkish glosses.
3	not_qa_reviewed; raw_ocr_extraction; missing_english; missing_turkish	lerch_glossary_p210_r0370:entry	XVII	xvii			word	ocr_extracted			295); pärs; * -sing, praes; 3. sing, praes; Vhj. imp.; inliu. (s. Sp. PGr. §72 Anm.); npers:			XVII	210	370	Verify headword and German gloss against the source, then add reviewed English/Turkish glosses.
3	not_qa_reviewed; raw_ocr_extraction; missing_english; missing_turkish	lerch_glossary_p207_r0261:entry	ya rödi	ya rodi			phrase	ocr_extracted			längst,			ya rödi	207	261	Verify headword and German gloss against the source, then add reviewed English/Turkish glosses.
3	not_qa_reviewed; raw_ocr_extraction; missing_english; missing_turkish	lerch_glossary_p207_r0259:entry	yatina	yatina			word	ocr_extracted			der, die, das andere, yaundes = yaudes.			yatina	207	259	Verify headword and German gloss against the source, then add reviewed English/Turkish glosses.
3	not_qa_reviewed; raw_ocr_extraction; missing_english; missing_turkish	lerch_glossary_p207_r0256:entry	yau	yau			word	ocr_extracted			ein, eine, ein.			yau	207	256	Verify headword and German gloss against the source, then add reviewed English/Turkish glosses.
3	not_qa_reviewed; raw_ocr_extraction; missing_english; missing_turkish	lerch_glossary_p207_r0257:entry	yaudds	yaudds			word	ocr_extracted			eilf.			yaudds	207	257	Verify headword and German gloss against the source, then add reviewed English/Turkish glosses.
3	not_qa_reviewed; raw_ocr_extraction; missing_english; missing_turkish	lerch_glossary_p207_r0258:entry	yaudesin	yaudesin			word	ocr_extracted			eilfte.			yaudesin	207	258	Verify headword and German gloss against the source, then add reviewed English/Turkish glosses.
3	not_qa_reviewed; raw_ocr_extraction; missing_english; missing_turkish	lerch_glossary_p207_r0260:entry	yaüve	yauve			word	ocr_extracted			erste,			yaüve	207	260	Verify headword and German gloss against the source, then add reviewed English/Turkish glosses.
3	not_qa_reviewed; raw_ocr_extraction; missing_english; missing_turkish	lerch_glossary_p207_r0275:entry	ydni	ydni			word	ocr_extracted			sein, seine, sein; ihr, ihre, ihr, 49.3. y£ne, 64.3. ydnera, 64.4.			ydni	207	275	Verify headword and German gloss against the source, then add reviewed English/Turkish glosses.
3	not_qa_reviewed; raw_ocr_extraction; missing_english; missing_turkish	lerch_glossary_p207_r0262:entry	yedeg	yedeg			word	ocr_extracted			Ring am Finger.			yedeg	207	262	Verify headword and German gloss against the source, then add reviewed English/Turkish glosses.
3	not_qa_reviewed; raw_ocr_extraction; missing_english; missing_turkish	lerch_glossary_p207_r0273:entry	yei	yei			word	ocr_extracted			s. ya.			yei	207	273	Verify headword and German gloss against the source, then add reviewed English/Turkish glosses.
3	not_qa_reviewed; raw_ocr_extraction; missing_english; missing_turkish	lerch_glossary_p205_r0209:entry	Yjzmkär	yjzmkar			word	ocr_extracted			jfizni- kär. Tele = krm. Tirt.			Yjzmkär	205	209	Verify headword and German gloss against the source, then add reviewed English/Turkish glosses.
3	not_qa_reviewed; raw_ocr_extraction; missing_english; missing_turkish	lerch_glossary_p211_r0391:entry	zadur	zadur			word	ocr_extracted			Weide (sali*). ; sei, wie. seidewän, Jäger. Vgl. Krm. se’idvär. sendn’u, wie ist, 59.i; s. sen’ie. sepf, weiss. S. Krm. sepf. sipyerdjs, Weissbart, Dorfältester, 59.8 sq.; s. erdjs u. sepf. sil, Mist. Vgl. KW.			zadur	211	391	Verify headword and German gloss against the source, then add reviewed English/Turkish glosses.
3	not_qa_reviewed; raw_ocr_extraction; missing_english; missing_turkish	lerch_glossary_p211_r0389:entry	Zazd	zazd			word	ocr_extracted			Zazd. .			Zazd	211	389	Verify headword and German gloss against the source, then add reviewed English/Turkish glosses.
3	not_qa_reviewed; raw_ocr_extraction; missing_english; missing_turkish	lerch_glossary_p211_r0390:entry	Zazdde	zazdde			word	ocr_extracted			Appellativ von Zazd.			Zazdde	211	390	Verify headword and German gloss against the source, then add reviewed English/Turkish glosses.
3	not_qa_reviewed; raw_ocr_extraction; missing_english; missing_turkish	lerch_glossary_p212_r0397:entry	zeindän	zeindan			word	ocr_extracted			Gefängniss, Grube, 57 .8; 80.9. Vgl. npers: (j\jjj-			zeindän	212	397	Verify headword and German gloss against the source, then add reviewed English/Turkish glosses.
3	not_qa_reviewed; raw_ocr_extraction; missing_english; missing_turkish	lerch_glossary_p212_r0396:entry	zered	zered			word	ocr_extracted			Schneehuhn: - —ff' , zerd, gelb. Vgl. Krm. zer.			zered	212	396	Verify headword and German gloss against the source, then add reviewed English/Turkish glosses.
3	not_qa_reviewed; raw_ocr_extraction; missing_english; missing_turkish	lerch_glossary_p212_r0404:entry	zien	zien			word	ocr_extracted			Sattel. Vgl. Krm. zin.			zien	212	404	Verify headword and German gloss against the source, then add reviewed English/Turkish glosses.
3	not_qa_reviewed; raw_ocr_extraction; missing_english; missing_turkish	lerch_glossary_p212_r0406:entry	zimöli	zimoli			word	ocr_extracted			* Schnurrbart. Vgl. Krm. simböl.			zimöli	212	406	Verify headword and German gloss against the source, then add reviewed English/Turkish glosses.
3	not_qa_reviewed; raw_ocr_extraction; missing_english; missing_turkish	lerch_glossary_p212_r0402:entry	zind	zind			word	ocr_extracted			Nase,			zind	212	402	Verify headword and German gloss against the source, then add reviewed English/Turkish glosses.
3	not_qa_reviewed; raw_ocr_extraction; missing_english; missing_turkish	lerch_glossary_p212_r0405:entry	zirQt	zirqt			word	ocr_extracted			Knabe. 70. n.			zirQt	212	405	Verify headword and German gloss against the source, then add reviewed English/Turkish glosses.
3	not_qa_reviewed; raw_ocr_extraction; missing_english; missing_turkish	lerch_glossary_p212_r0408:entry	zuän	zuan			word	ocr_extracted			Zunge, 57.8. Vgl. Krm. zemäh 1).			zuän	212	408	Verify headword and German gloss against the source, then add reviewed English/Turkish glosses.
3	not_qa_reviewed; raw_ocr_extraction; missing_english; missing_turkish	lerch_glossary_p197_r0004:entry	äunün’a	aununa			word	ocr_extracted			(ich) sehe. aund, aunä, sah, 50.i; 51.8; 64.8. aunal, sahen, 49.6. baüni, sieh, schau zu, seht, 63.9; 78.1.			äunün’a	197	4	Verify headword and German gloss against the source, then add reviewed English/Turkish glosses.
3	not_qa_reviewed; raw_ocr_extraction; missing_english; missing_turkish	lerch_glossary_p205_r0215:entry	çı	ci			word	ocr_extracted			Speise, 54.10.			çı	205	215	Verify headword and German gloss against the source, then add reviewed English/Turkish glosses.
3	not_qa_reviewed; raw_ocr_extraction; missing_english; missing_turkish	lerch_glossary_p200_r0084:entry	üda	uda			word	ocr_extracted			nieder. üda ru£n’a, fallt nieder, 55.2.			üda	200	84	Verify headword and German gloss against the source, then add reviewed English/Turkish glosses.
4	not_qa_reviewed; missing_english; parented_but_needs_review	lerch_glossary_p198_r0035:entry	altunin	altunin	altunın	altunin	word	headword_parented		matched_harun_headword	golden.		altınlı	altunin	198	35	Confirm parent/variant relation and inherit or add reviewed public definitions.
4	not_qa_reviewed; missing_english; parented_but_needs_review	lerch_glossary_p198_r0034:entry	altün	altun	altun, altın	altun altin	word	headword_parented		matched_harun_headword	(türk. ,jyJl), Gold,		altın	altün	198	34	Confirm parent/variant relation and inherit or add reviewed public definitions.
4	not_qa_reviewed; parented_but_needs_review	lerch_glossary_p198_r0024:entry	ar	ar	ard	ard	word	headword_parented	matched_headword	matched_dezd_headword	Mehl. Gld: ar.	flour	un	ar	198	24	Confirm parent/variant relation and inherit or add reviewed public definitions.
4	not_qa_reviewed; parented_but_needs_review	lerch_glossary_p198_r0028:entry	ard	ard	hard	hard	word	headword_parented	matched_headword	matched_dezd_headword	Erde. Vgl. Krm. ard.	earth, soil, earth’s surface	toprak, yer, yeryüzü	ard	198	28	Confirm parent/variant relation and inherit or add reviewed public definitions.
4	not_qa_reviewed; parented_but_needs_review	lerch_glossary_p198_r0029:entry	ard	ard	ardene	ardene	word	headword_parented	matched_headword	matched_dezd_headword	brachte. ärdu, (dass du) brachtest, 52.8. Ärdi, brachten, 56.8; 65.7. bidri, biari, werden bringen, 62.8; 79.7; 84.12.	bring, bring here	getirmek	ard	198	29	Confirm parent/variant relation and inherit or add reviewed public definitions.
4	not_qa_reviewed; missing_english; parented_but_needs_review	lerch_glossary_p198_r0026:entry	aris	aris	arış	aris	word	headword_parented		matched_harun_headword	Mühle, 83.3.		ekmeklik tahıl; | öğütmek için değirmene götürülen tahıl,un	aris	198	26	Confirm parent/variant relation and inherit or add reviewed public definitions.
4	not_qa_reviewed; missing_english; parented_but_needs_review	lerch_glossary_p197_r0018:entry	asiret	asiret	aşiret, 'eşiret	asiret esiret	word	headword_parented		matched_harun_headword	(arab. ^ic), Stamm, Tri- bus.		aşiret	asiret	197	18	Confirm parent/variant relation and inherit or add reviewed public definitions.
4	not_qa_reviewed; parented_but_needs_review	lerch_glossary_p213_r0427:entry	Avesta	avesta	Avesta	avesta	word	headword_parented	matched_headword	matched_dezd_headword	Uebers. I, 152, Anm. 2); npers: <UiL.	zoroastrian scriptures	Zerdüştlüğün kutsal kitabı	Avesta	213	427	Confirm parent/variant relation and inherit or add reviewed public definitions.
4	not_qa_reviewed; parented_but_needs_review	lerch_glossary_p197_r0010:entry	ayä	aya	ağa, axa	aga axa	word	headword_parented	matched_headword	manual_override	Agha	agha; notable; lord	ağa	ayä	197	10	Confirm parent/variant relation and inherit or add reviewed public definitions.
4	not_qa_reviewed; parented_but_needs_review	lerch_glossary_p215_r0471:entry	berd	berd	berdene	berdene	word	headword_parented	matched_headword	matched_dezd_headword	trug, 52.4, s: 54. t: s. ard.	to take away, to move on, to carry away, to take (or accompany) there	götürmek	berd	215	471	Confirm parent/variant relation and inherit or add reviewed public definitions.
4	not_qa_reviewed; parented_but_needs_review	lerch_glossary_p215_r0470:entry	ber’e	bere	ardene	ardene	word	headword_parented	matched_headword	matched_dezd_headword	bringe (imp.); s. ard.	bring, bring here	getirmek	ber’e	215	470	Confirm parent/variant relation and inherit or add reviewed public definitions.
4	not_qa_reviewed; missing_english; parented_but_needs_review	lerch_glossary_p216_r0486:entry	bye	bye	bie, bye, bê	bie bye be	word	headword_parented		matched_harun_headword	1 ) ohne, 73. 12.		olmadan, olmaksızın, -sız, -siz, -suz, -süz	bye	216	486	Confirm parent/variant relation and inherit or add reviewed public definitions.
4	not_qa_reviewed; parented_but_needs_review	lerch_glossary_p215_r0467:entry	bärut	barut	barut	barut	word	headword_parented	matched_headword	matched_dezd_headword	Schiesspulver, 73.1.	gunpowder	barut	bärut	215	467	Confirm parent/variant relation and inherit or add reviewed public definitions.
4	not_qa_reviewed; parented_but_needs_review	lerch_glossary_p208_r0287:entry	da	da	dayene	dayene	word	headword_parented	matched_headword	matched_dezd_headword	gab; s. d;iua.	give	vermek	da	208	287	Confirm parent/variant relation and inherit or add reviewed public definitions.
4	not_qa_reviewed; parented_but_needs_review	lerch_glossary_p208_r0301:entry	del	del	del	del	word	headword_parented	matched_headword	manual_override	Hündin	female dog; bitch	dişi köpek	del	208	301	Confirm parent/variant relation and inherit or add reviewed public definitions.
4	not_qa_reviewed; parented_but_needs_review	lerch_glossary_p208_r0306:entry	deläl	delal	dellal	dellal	word	headword_parented	matched_headword	manual_override	Ausrufer, Herold	town crier; herald	tellal, yüksek sesle bağırıp bir şeyi ilan eden kişi	deläl	208	306	Confirm parent/variant relation and inherit or add reviewed public definitions.
4	not_qa_reviewed; parented_but_needs_review	lerch_glossary_p208_r0300:entry	derd	derd	derd	derd	word	headword_parented	matched_headword	matched_dezd_headword	Schmerz. S. Krm. derd.	worry, sorrow	dert	derd	208	300	Confirm parent/variant relation and inherit or add reviewed public definitions.
4	not_qa_reviewed; parented_but_needs_review	lerch_glossary_p208_r0299:entry	derg	derg	derg	derg	word	headword_parented	matched_headword	matched_dezd_headword	lang. Vgl. Krm. deröü. derg ken’a, verlängere, mache lang.	1) long 2) high	1) yüksek 2) büyük (direk, ağaç)	derg	208	299	Confirm parent/variant relation and inherit or add reviewed public definitions.
4	not_qa_reviewed; missing_english; parented_but_needs_review	lerch_glossary_p208_r0296:entry	des	des	des	des	word	headword_parented		matched_harun_headword	zehn,		on	des	208	296	Confirm parent/variant relation and inherit or add reviewed public definitions.
4	not_qa_reviewed; missing_english; parented_but_needs_review	lerch_glossary_p209_r0337:entry	des	des	dês	des	word	headword_parented		matched_dezd_headword	Waud.		duvar	des	209	337	Confirm parent/variant relation and inherit or add reviewed public definitions.
4	not_qa_reviewed; parented_but_needs_review	lerch_glossary_p208_r0298:entry	dest	dest	dest	dest	word	headword_parented	matched_headword	matched_dezd_headword	Hand. S. Krm. dest.	hand	el	dest	208	298	Confirm parent/variant relation and inherit or add reviewed public definitions.
4	not_qa_reviewed; parented_but_needs_review	lerch_glossary_p208_r0302:entry	deve	deve	deve	deve	word	headword_parented	matched_headword	matched_dezd_headword	(ar. 0_>a). Kameel.	camel	deve	deve	208	302	Confirm parent/variant relation and inherit or add reviewed public definitions.
4	not_qa_reviewed; parented_but_needs_review	lerch_glossary_p208_r0307:entry	di	di	dı	di	word	headword_parented	matched_headword	matched_dezd_headword	zwei.	two, 2	iki, 2	di	208	307	Confirm parent/variant relation and inherit or add reviewed public definitions.
4	not_qa_reviewed; parented_but_needs_review	lerch_glossary_p208_r0312:entry	dirnä	dirna	dırnayene	dirnayene	word	headword_parented	matched_headword	matched_dezd_headword	zerriss, 5l.n.	to tear up	yırtmak, parça parça etmek	dirnä	208	312	Confirm parent/variant relation and inherit or add reviewed public definitions.
4	not_qa_reviewed; parented_but_needs_review	lerch_glossary_p208_r0308:entry	diSeme	diseme	dışeme	diseme	word	headword_parented	matched_headword	matched_dezd_headword	Montag. Vgl. Krm. duäembü.	monday	pazartesi	diSeme	208	308	Confirm parent/variant relation and inherit or add reviewed public definitions.
4	not_qa_reviewed; parented_but_needs_review	lerch_glossary_p208_r0309:entry	dismen	dismen	dışmen	dismen	word	headword_parented	matched_headword	matched_dezd_headword	Feind,	enemy	düşman	dismen	208	309	Confirm parent/variant relation and inherit or add reviewed public definitions.
4	not_qa_reviewed; parented_but_needs_review	lerch_glossary_p208_r0310:entry	dizd	dizd	dızd	dizd	word	headword_parented	matched_headword	matched_dezd_headword	Dieb. Vgl. Krm. diz.	thief	hırsız	dizd	208	310	Confirm parent/variant relation and inherit or add reviewed public definitions.
4	not_qa_reviewed; parented_but_needs_review	lerch_glossary_p208_r0319:entry	dost	dost	dost	dost	word	headword_parented	matched_headword	manual_override	Freund, Kamerad	friend	dost, arkadaş, yar	dost	208	319	Confirm parent/variant relation and inherit or add reviewed public definitions.
4	not_qa_reviewed; parented_but_needs_review	lerch_glossary_p208_r0320:entry	du	du	dı	di	word	headword_parented	matched_headword	manual_override	zwei, 2	two, 2	iki, 2	du	208	320	Confirm parent/variant relation and inherit or add reviewed public definitions.
4	not_qa_reviewed; missing_english; parented_but_needs_review	lerch_glossary_p208_r0322:entry	duyesin	duyesin	dûyesın	duyesin	word	headword_parented		matched_harun_headword	zwölfte,		on ikinci, on ikili	duyesin	208	322	Confirm parent/variant relation and inherit or add reviewed public definitions.
4	not_qa_reviewed; missing_english; parented_but_needs_review	lerch_glossary_p199_r0055:entry	egit	egit	eğit	egit	word	headword_parented		matched_harun_headword	(türk. vlX), Held, 56, «4. ingist = engiät.		yiğit	egit	199	55	Confirm parent/variant relation and inherit or add reviewed public definitions.
4	not_qa_reviewed; missing_english; parented_but_needs_review	lerch_glossary_p198_r0038:entry	ek’e	eke	eke	eke	word	headword_parented		matched_dezd_headword	wenn. Vgl. Krm. ek.		diğinde	ek’e	198	38	Confirm parent/variant relation and inherit or add reviewed public definitions.
4	not_qa_reviewed; missing_english; parented_but_needs_review	lerch_glossary_p199_r0067:entry	em’a	ema	am, aem	am aem	word	headword_parented		matched_harun_headword	Vaterschwester.		hala, bibi	em’a	199	67	Confirm parent/variant relation and inherit or add reviewed public definitions.
4	not_qa_reviewed; parented_but_needs_review	lerch_glossary_p199_r0061:entry	ez	ez	ez	ez	word	headword_parented	matched_headword	matched_dezd_headword	ich. erd = ard.	I	ben	ez	199	61	Confirm parent/variant relation and inherit or add reviewed public definitions.
4	not_qa_reviewed; parented_but_needs_review	lerch_glossary_p217_r0526:entry	fek	fek	fek	fek	word	headword_parented	matched_headword	matched_dezd_headword	feg, Mund. feg veld’i, gähnte,	mouth	ağız	fek	217	526	Confirm parent/variant relation and inherit or add reviewed public definitions.
4	not_qa_reviewed; parented_but_needs_review	lerch_glossary_p204_r0176:entry	ga	ga	ga	ga	word	headword_parented	matched_headword	matched_dezd_headword	Stier. Vgl. Krin. ga, ge. gai büeri, brauner Stier, gai suri, rother Stier,	ox, bullock	öküz (kısırlaştırılmış boğa)	ga	204	176	Confirm parent/variant relation and inherit or add reviewed public definitions.
4	not_qa_reviewed; missing_english; parented_but_needs_review	lerch_glossary_p204_r0184:entry	gil	gil	gıl	gil	word	headword_parented		matched_dezd_headword	Ast. gile = g|2ik.		1) dal 2) uç, zirve	gil	204	184	Confirm parent/variant relation and inherit or add reviewed public definitions.
4	not_qa_reviewed; parented_but_needs_review	lerch_glossary_p204_r0189:entry	göst	gost	goşt	gost	word	headword_parented	matched_headword	matched_dezd_headword	Fleisch. Vgl. Krm. göst.	meat	et	göst	204	189	Confirm parent/variant relation and inherit or add reviewed public definitions.
4	not_qa_reviewed; parented_but_needs_review	lerch_glossary_p200_r0080:entry	hak	hak	hak	hak	word	headword_parented	matched_headword	matched_dezd_headword	Ei. Vgl. Krm. hek.	egg	yumurta	hak	200	80	Confirm parent/variant relation and inherit or add reviewed public definitions.
4	not_qa_reviewed; parented_but_needs_review	lerch_glossary_p201_r0107:entry	hema	hema	hema	hema	word	headword_parented	matched_headword	manual_override	aber	however; only	ancak	hema	201	107	Confirm parent/variant relation and inherit or add reviewed public definitions.
4	not_qa_reviewed; missing_english; parented_but_needs_review	lerch_glossary_p201_r0108:entry	heme	heme	heme	heme	word	headword_parented		matched_dezd_headword	hennue, alle,		1) hep(si), genel, herkes 2) mama, yemek, yiyecek (çocuk dilinde)	heme	201	108	Confirm parent/variant relation and inherit or add reviewed public definitions.
4	not_qa_reviewed; missing_english; parented_but_needs_review	lerch_glossary_p201_r0104:entry	hengi	hengi	hıng, heng	hing heng	word	headword_parented		matched_harun_headword	Biene. Vgl. Krm. hingtV, Honig,		arı, bal arısı	hengi	201	104	Confirm parent/variant relation and inherit or add reviewed public definitions.
4	not_qa_reviewed; parented_but_needs_review	lerch_glossary_p200_r0095:entry	hers	hers	hêrs	hers	word	headword_parented	matched_headword	matched_dezd_headword	böse. Vgl. Krm. hirs.	anger, rage, fury	öfke, sinir, kızgınlık,, şiddetli istek	hers	200	95	Confirm parent/variant relation and inherit or add reviewed public definitions.
4	not_qa_reviewed; missing_english; parented_but_needs_review	lerch_glossary_p200_r0083:entry	häl	hal	hâl	hal	word	headword_parented		matched_dezd_headword	(arab. jU), Zustand. ön’a Mle, dieses Mal, 77.12. Ml, Onkel von mütterlicher Seite. Vocat. hälö, 63.7. Mia, Tante von mütterlicher Seite, habür, (arab._^i), Nachricht, Bot- schaft. habür ersau’üte, benachrich- tigte, 62.12-13. ;		hâl 1) durum 2) tutum, tavır 3) şimdiki zaman, içinde yaşanılan zaman 4) takat 5) kötü durum, sıkıntı, dert	häl	200	83	Confirm parent/variant relation and inherit or add reviewed public definitions.
4	not_qa_reviewed; parented_but_needs_review	lerch_glossary_p202_r0125:entry	kar	kar	kar	kar	word	headword_parented	matched_headword	matched_dezd_headword	Arbeit; cf. Krm. s. ead. v. kar kena, (ich)arbeite; s. kün’a.	1) work, activity 2) profit	1) çalışma, iş, eylem 2) kâr, kazanç	kar	202	125	Confirm parent/variant relation and inherit or add reviewed public definitions.
4	not_qa_reviewed; parented_but_needs_review	lerch_glossary_p202_r0141:entry	ke	ke	ke	ke	word	headword_parented	matched_headword	matched_dezd_headword	dass.	1) so that, that, after, when 2) do, make	1) ki, eğer, şayet, ise, -diğini/-diğine, -eceğini/-eceğine, -dikten sonra 2) et	ke	202	141	Confirm parent/variant relation and inherit or add reviewed public definitions.
4	not_qa_reviewed; missing_english; parented_but_needs_review	lerch_glossary_p202_r0140:entry	kebäb	kebab	kebab	kebab	word	headword_parented		matched_harun_headword	Braten,		kebap	kebäb	202	140	Confirm parent/variant relation and inherit or add reviewed public definitions.
4	not_qa_reviewed; parented_but_needs_review	lerch_glossary_p203_r0149:entry	ken'a	kena	kerdene	kerdene	word	headword_parented	matched_headword	manual_override	(ich) mache	to do; to make	yapmak, etmek	ken'a	203	149	Confirm parent/variant relation and inherit or add reviewed public definitions.
4	not_qa_reviewed; parented_but_needs_review	lerch_glossary_p203_r0148:entry	kenär	kenar	kınar	kinar	word	headword_parented	matched_headword	matched_dezd_headword	Seile, Gegend. Vgl. npers: jbf.	edge	kenar	kenär	203	148	Confirm parent/variant relation and inherit or add reviewed public definitions.
4	not_qa_reviewed; parented_but_needs_review	lerch_glossary_p202_r0139:entry	kerge	kerge	kerge	kerge	word	headword_parented	matched_headword	matched_dezd_headword	Huhn. G: kurka yallina che cova; s. PZ. IV 26, 27. kergai mjsri, Truthenne,	chicken	tavuk	kerge	202	139	Confirm parent/variant relation and inherit or add reviewed public definitions.
4	not_qa_reviewed; parented_but_needs_review	lerch_glossary_p203_r0150:entry	ki	ki	kerdene	kerdene	word	headword_parented	matched_headword	manual_override	(du) machst	to do; to make	yapmak, etmek	ki	203	150	Confirm parent/variant relation and inherit or add reviewed public definitions.
4	not_qa_reviewed; missing_english; parented_but_needs_review	lerch_glossary_p203_r0159:entry	kift	kift	kıft	kift	word	headword_parented		matched_harun_headword	Schulter.		omuz	kift	203	159	Confirm parent/variant relation and inherit or add reviewed public definitions.
4	not_qa_reviewed; missing_english; parented_but_needs_review	lerch_glossary_p203_r0155:entry	Kird	kird	Kırd	kird	word	headword_parented		matched_dezd_headword	Kurde,		bazışafi zazaların (Bingöl, Palu, Lice) kırdki dil tanımının yanında kullandıklarıkimlik tanımı	Kird	203	155	Confirm parent/variant relation and inherit or add reviewed public definitions.
4	not_qa_reviewed; parented_but_needs_review	lerch_glossary_p203_r0173:entry	kütik	kutik	kutık	kutik	word	headword_parented	matched_headword	matched_dezd_headword	Hund. Vgl. Krm. kütik, kuti.	dog	köpek	kütik	203	173	Confirm parent/variant relation and inherit or add reviewed public definitions.
4	not_qa_reviewed; missing_english; parented_but_needs_review	lerch_glossary_p216_r0495:entry	mal	mal	mal	mal	word	headword_parented		matched_dezd_headword	(ar. JL), Eigenlhum, Haus.		1) büyükbaş hayvan 2) mal, mülkiyet, eşya 3) büyükbaş hayvan sürüsü 4) aşağılık, bayağıkötü kimse 5) aptal veya saf kimse	mal	216	495	Confirm parent/variant relation and inherit or add reviewed public definitions.
4	not_qa_reviewed; parented_but_needs_review	lerch_glossary_p216_r0493:entry	mar	mar	mar	mar	word	headword_parented	matched_headword	matched_dezd_headword	Schlange; s. Krip. mar.	snake	yılan	mar	216	493	Confirm parent/variant relation and inherit or add reviewed public definitions.
4	not_qa_reviewed; parented_but_needs_review	lerch_glossary_p216_r0492:entry	mast	mast	mast	mast	word	headword_parented	matched_headword	matched_dezd_headword	saure Milch,	yog(h)urt	yoğurt	mast	216	492	Confirm parent/variant relation and inherit or add reviewed public definitions.
4	not_qa_reviewed; parented_but_needs_review	lerch_glossary_p216_r0506:entry	mebere	mebere	berdene	berdene	word	headword_parented	matched_headword	manual_override	nimm nicht	to take away; to carry away; to take there	götürmek	mebere	216	506	Confirm parent/variant relation and inherit or add reviewed public definitions.
4	not_qa_reviewed; parented_but_needs_review	lerch_glossary_p216_r0514:entry	mend	mend	mendene	mendene	word	headword_parented	matched_headword	matched_dezd_headword	blieb, mündi. blieben. yaudSmemend, ein Monat ver- strich, 68.8. Vgl. Krm. ma, mend.	stay	kalmak	mend	216	514	Confirm parent/variant relation and inherit or add reviewed public definitions.
4	not_qa_reviewed; parented_but_needs_review	lerch_glossary_p216_r0503:entry	merd	merd	merdim	merdim	word	headword_parented	matched_headword	manual_override	Mann	man; person; human; relative	adam; insan; akraba	merd	216	503	Confirm parent/variant relation and inherit or add reviewed public definitions.
4	not_qa_reviewed; parented_but_needs_review	lerch_glossary_p216_r0507:entry	mevinde	mevinde	mevınde!	mevinde	word	headword_parented	matched_headword	matched_dezd_headword	säume nicht, 67.ii; s. vindün’a. mevindi, säumet nicht, 64.1-2.	do not wait!	bekleme!	mevinde	216	507	Confirm parent/variant relation and inherit or add reviewed public definitions.
4	not_qa_reviewed; missing_english; parented_but_needs_review	lerch_glossary_p213_r0412:entry	pa	pa	pa	pa	word	headword_parented		matched_harun_headword	zu.		-e, -a; | ona, onlara	pa	213	412	Confirm parent/variant relation and inherit or add reviewed public definitions.
4	not_qa_reviewed; parented_but_needs_review	lerch_glossary_p213_r0425:entry	paşt	past	paşt	past	word	headword_parented	matched_headword	manual_override	Schulter	back; rear	sırt, arka	paşt	213	425	Confirm parent/variant relation and inherit or add reviewed public definitions.
4	not_qa_reviewed; missing_english; parented_but_needs_review	lerch_glossary_p214_r0443:entry	pel	pel	pel	pel	word	headword_parented		matched_harun_headword	Flügel,		yaprak; | kanat	pel	214	443	Confirm parent/variant relation and inherit or add reviewed public definitions.
4	not_qa_reviewed; missing_english; parented_but_needs_review	lerch_glossary_p213_r0429:entry	penir	penir	pendir, penir	pendir penir	word	headword_parented		matched_harun_headword	Käse. Vgl. Krm. pantr, penir.		peynir	penir	213	429	Confirm parent/variant relation and inherit or add reviewed public definitions.
4	not_qa_reviewed; missing_english; parented_but_needs_review	lerch_glossary_p214_r0431:entry	pes	pes	pes	pes	word	headword_parented		matched_harun_headword	Vieh,		(koyun, keçi) küçük baş hayvan; | keçi veya koyun sürüsü	pes	214	431	Confirm parent/variant relation and inherit or add reviewed public definitions.
4	not_qa_reviewed; missing_english; parented_but_needs_review	lerch_glossary_p214_r0449:entry	pir	pir	pir	pir	word	headword_parented		matched_dezd_headword	alt. \		1) dini lider 2) yaşlı, koca, ihtiyar kimse 3) adamakıllı, iyice 4) herhangi bir konuda, bir meslekte deneyim kazanmış, eskimiş kimse, guru	pir	214	449	Confirm parent/variant relation and inherit or add reviewed public definitions.
4	not_qa_reviewed; parented_but_needs_review	lerch_glossary_p214_r0445:entry	pird	pird	pırd	pird	word	headword_parented	matched_headword	matched_dezd_headword	Brücke. Vgl. Krm. pir.	bridge	köprü	pird	214	445	Confirm parent/variant relation and inherit or add reviewed public definitions.
4	not_qa_reviewed; parented_but_needs_review	lerch_glossary_p214_r0455:entry	purt	purt	purt	purt	word	headword_parented	matched_headword	matched_dezd_headword	Pelz, 65.io.	1) feather of birds	1) tüy (kanatlıhayvan tüyü) 2) yün	purt	214	455	Confirm parent/variant relation and inherit or add reviewed public definitions.
4	not_qa_reviewed; missing_english; parented_but_needs_review	lerch_glossary_p214_r0457:entry	pya	pya	pia, pıya, pya	pia piya pya	word	headword_parented		matched_harun_headword	der eine und der andere, pya be wesi, jfalai dai pyera, versöhnten sich , tauschten mit einander Ehrenkleider aus, 71.1. pydru mdndi wddede, blieben mit einander ira Hause, 65.2.		birbirine	pya	214	457	Confirm parent/variant relation and inherit or add reviewed public definitions.
4	not_qa_reviewed; parented_but_needs_review	lerch_glossary_p213_r0426:entry	päsnä	pasna	pasna	pasna	word	headword_parented	matched_headword	matched_dezd_headword	Ferse. Vgl. altb: pashna (Sp.	heel	topuk	päsnä	213	426	Confirm parent/variant relation and inherit or add reviewed public definitions.
4	not_qa_reviewed; parented_but_needs_review	lerch_glossary_p211_r0373:entry	sa	sa	sa	sa	word	headword_parented	matched_headword	manual_override	was	what	ne	sa	211	373	Confirm parent/variant relation and inherit or add reviewed public definitions.
4	not_qa_reviewed; parented_but_needs_review	lerch_glossary_p211_r0376:entry	sabün	sabun	sabun	sabun	word	headword_parented	matched_headword	matched_dezd_headword	Seife. sabün kerd, seifte ein, machte Seife au, 56.12.	soap	sabun	sabün	211	376	Confirm parent/variant relation and inherit or add reviewed public definitions.
4	not_qa_reviewed; missing_english; parented_but_needs_review	lerch_glossary_p211_r0375:entry	sayer	sayer	sayyer, sayer	sayyer sayer	word	headword_parented		matched_harun_headword	däre sayer, Apfelbaum, 60. t.		elma ağacı	sayer	211	375	Confirm parent/variant relation and inherit or add reviewed public definitions.
4	not_qa_reviewed; missing_english; parented_but_needs_review	lerch_glossary_p211_r0377:entry	se	se	se	se	word	headword_parented		matched_harun_headword	1) was.		ne, hangi şey	se	211	377	Confirm parent/variant relation and inherit or add reviewed public definitions.
4	not_qa_reviewed; parented_but_needs_review	lerch_glossary_p211_r0378:entry	se	se	se	se	word	headword_parented	matched_headword	manual_override	hundert	hundred	yüz, yüz sayısı	se	211	378	Confirm parent/variant relation and inherit or add reviewed public definitions.
4	not_qa_reviewed; parented_but_needs_review	lerch_glossary_p210_r0356:entry	Seme	seme	şeme	seme	word	headword_parented	matched_headword	matched_dezd_headword	Sonnabend. Vgl. Krm. Sembß.	saturday	cumartesi	Seme	210	356	Confirm parent/variant relation and inherit or add reviewed public definitions.
4	not_qa_reviewed; parented_but_needs_review	lerch_glossary_p211_r0382:entry	ser	ser	ser	ser	word	headword_parented	matched_headword	matched_dezd_headword	sere, Haupt, Kopf. seri yau koi, auf einem Berge, seri bäni, Hausdach, Hauste- rasse.	1) top, upper 2) top(most), uppermost 3) above	1) üst, üzeri 2) en yüksek nokta, baş 3) ... üstünde	ser	211	382	Confirm parent/variant relation and inherit or add reviewed public definitions.
4	not_qa_reviewed; parented_but_needs_review	lerch_glossary_p211_r0384:entry	sera	sera	serr	serr	word	headword_parented	matched_headword	manual_override	Jahr	year; age; lifetime	yıl, sene, yaş; ömür	sera	211	384	Confirm parent/variant relation and inherit or add reviewed public definitions.
4	not_qa_reviewed; missing_english; parented_but_needs_review	lerch_glossary_p211_r0386:entry	sera	sera	sera	sera	word	headword_parented		matched_harun_headword	wohin, 57. l,		nere, nereye, hangi yere	sera	211	386	Confirm parent/variant relation and inherit or add reviewed public definitions.
4	not_qa_reviewed; missing_english; parented_but_needs_review	lerch_glossary_p210_r0354:entry	ses	ses	şeş	ses	word	headword_parented		matched_harun_headword	sechs.		altı	ses	210	354	Confirm parent/variant relation and inherit or add reviewed public definitions.
4	not_qa_reviewed; parented_but_needs_review	lerch_glossary_p210_r0363:entry	Sia	sia	şiyayene , şiyene	siyayene siyene	word	headword_parented	matched_headword	matched_dezd_headword	hin gegangen, (50.16. si6s, sechzehn. s&’at, (ar. *l«cL.), Stunde. di s&’ati, zwei Stunden, 51.8. : . s.	to go	gitmek	Sia	210	363	Confirm parent/variant relation and inherit or add reviewed public definitions.
4	not_qa_reviewed; parented_but_needs_review	lerch_glossary_p210_r0361:entry	Simä	sima	şıma	sima	word	headword_parented	matched_headword	matched_dezd_headword	ihr.	1) you 2) your 3) you (rarely in polite phrases)	1) siz 2) sizin, size, sizi 3) siz (nadiren kibar ifadelerde)	Simä	210	361	Confirm parent/variant relation and inherit or add reviewed public definitions.
4	not_qa_reviewed; parented_but_needs_review	lerch_glossary_p210_r0365:entry	Sit	sit	şütene	sutene	word	headword_parented	matched_headword	manual_override	waschen; wusch	wash	yıkamak	Sit	210	365	Confirm parent/variant relation and inherit or add reviewed public definitions.
4	not_qa_reviewed; parented_but_needs_review	lerch_glossary_p211_r0393:entry	sür	sur	sur	sur	word	headword_parented	matched_headword	manual_override	Rot	red	kırmızı, al	. sür	211	393	Confirm parent/variant relation and inherit or add reviewed public definitions.
4	not_qa_reviewed; parented_but_needs_review	lerch_glossary_p207_r0282:entry	tu	tu	tı	ti	word	headword_parented	matched_headword	matched_dezd_headword	du.	you	sen, seni	tu	207	282	Confirm parent/variant relation and inherit or add reviewed public definitions.
4	not_qa_reviewed; parented_but_needs_review	lerch_glossary_p207_r0283:entry	tumäni	tumani	tumani	tumani	word	headword_parented	matched_headword	matched_dezd_headword	Hosen.	underpants	külotlar	tumäni	207	283	Confirm parent/variant relation and inherit or add reviewed public definitions.
4	not_qa_reviewed; parented_but_needs_review	lerch_glossary_p217_r0546:entry	va	va	vatene	vatene	word	headword_parented	matched_headword	manual_override	s. väna, väda	to say; to tell; to speak	söylemek, demek	va	217	546	Confirm parent/variant relation and inherit or add reviewed public definitions.
4	not_qa_reviewed; parented_but_needs_review	lerch_glossary_p218_r0554:entry	veng	veng	veng	veng	word	headword_parented	matched_headword	matched_dezd_headword	Stimme, Laut, Schrei, vetig ddna, (ich) schreie, rufe, veng kün’a, (ich) gebe einen Laut von mir. venge )föe inekiri, gebet kei- nen Laut von Euch, 50. s.	Sound, Audio, Voice	ses	veng	218	554	Confirm parent/variant relation and inherit or add reviewed public definitions.
4	not_qa_reviewed; missing_english; parented_but_needs_review	lerch_glossary_p218_r0559:entry	ver	ver	ver	ver	word	headword_parented		matched_dezd_headword	Potipos. gegen, zu, nach, aus; s. vera. kaut ver, folgte, 70.8.		1) ön 2) dolayı, yüzünden 3) karşı	ver	218	559	Confirm parent/variant relation and inherit or add reviewed public definitions.
4	not_qa_reviewed; parented_but_needs_review	lerch_glossary_p218_r0561:entry	vera	vera	vera	vera	word	headword_parented	matched_headword	matched_dezd_headword	aus, heraus, entgegen, geraüte vera , nahm heraus 64.». ez vlst nierdumi tüe yau mer- dümi jföe verakiäün’a, zwan- zig der Deinigen tödte ich gegen einen der (Kernigen, 66,10-it.	against, toward, contrary to, compared with, versus, for	karşı, karşısında, önüne, öne doğru, yerine	vera	218	561	Confirm parent/variant relation and inherit or add reviewed public definitions.
4	not_qa_reviewed; parented_but_needs_review	lerch_glossary_p218_r0568:entry	verde	verde	verde	verde	word	headword_parented	matched_headword	matched_dezd_headword	s. verddna.	before	evvel	verde	218	568	Confirm parent/variant relation and inherit or add reviewed public definitions.
4	not_qa_reviewed; parented_but_needs_review	lerch_glossary_p218_r0569:entry	verde	verde	verde	verde	word	headword_parented	matched_headword	matched_dezd_headword	vor. tj verde, vor dir. velk = verg.	before	evvel	verde	218	569	Confirm parent/variant relation and inherit or add reviewed public definitions.
4	not_qa_reviewed; parented_but_needs_review	lerch_glossary_p218_r0564:entry	verg	verg	verg	verg	word	headword_parented	matched_headword	matched_dezd_headword	Wolf. Vgl. altb; vöhrka (vahrka), vb- rbka; cf. PZ.	wolf	kurt	verg	218	564	Confirm parent/variant relation and inherit or add reviewed public definitions.
4	not_qa_reviewed; missing_english; parented_but_needs_review	lerch_glossary_p218_r0563:entry	veri	veri	vêr, veri	ver veri	word	headword_parented		matched_harun_headword	erst, zuerst. ez tüe veri eixöe kiäün’a, ich tödte dich selbst zuerst, 64.7. veri doan, einst, 65.».		ön, önü (bükümlü hali)	veri	218	563	Confirm parent/variant relation and inherit or add reviewed public definitions.
4	not_qa_reviewed; parented_but_needs_review	lerch_glossary_p217_r0547:entry	väda	vada	vatene	vatene	word	headword_parented	matched_headword	manual_override	(ich) spreche, sage	to say; to tell; to speak	söylemek, demek	väda	217	547	Confirm parent/variant relation and inherit or add reviewed public definitions.
4	not_qa_reviewed; parented_but_needs_review	lerch_glossary_p220_r0590:entry	wend	wend	wendene , wantene	wendene wantene	word	headword_parented	matched_headword	matched_dezd_headword	las. Vgl. Krm. yo6nd.	1) read 2) go to school, to study 3) to sing	1) okumak 2) okula gitmek 3) şarkısöylemek	wend	220	590	Confirm parent/variant relation and inherit or add reviewed public definitions.
4	not_qa_reviewed; parented_but_needs_review	lerch_glossary_p207_r0255:entry	ya	ya	a	a	word	headword_parented	matched_headword	matched_dezd_headword	sie (3. pcrs. sing.), 51.7. tide yai (yei), ihre Brust, ihre Brüste, 1.«. niyßrde yai, ihr Mann, bauke ye, ihr Vater (leur pere), 64 . 13-14 .	she	o	ya	207	255	Confirm parent/variant relation and inherit or add reviewed public definitions.
4	not_qa_reviewed; parented_but_needs_review	lerch_glossary_p207_r0272:entry	ye	ye	a	a	word	headword_parented	matched_headword	matched_dezd_headword	s. ya.	she	o	ye	207	272	Confirm parent/variant relation and inherit or add reviewed public definitions.
4	not_qa_reviewed; missing_english; parented_but_needs_review	lerch_glossary_p207_r0277:entry	yemiS	yemis	yemiş	yemis	word	headword_parented		matched_harun_headword	Frucht.		yemiş	yemiS	207	277	Confirm parent/variant relation and inherit or add reviewed public definitions.
4	not_qa_reviewed; parented_but_needs_review	lerch_glossary_p207_r0276:entry	yere	yere	yere	yere	word	headword_parented	matched_headword	manual_override	Abend; Nachmittagszeit	afternoon; late afternoon prayer time	ikindi, öğle ile akşam arası vakit	yere	207	276	Confirm parent/variant relation and inherit or add reviewed public definitions.
4	not_qa_reviewed; missing_english; parented_but_needs_review	lerch_glossary_p212_r0399:entry	zemän	zeman	zemun, zeman	zemun zeman	word	headword_parented		matched_harun_headword	Zeit.		zaman	zemän	212	399	Confirm parent/variant relation and inherit or add reviewed public definitions.
4	not_qa_reviewed; parented_but_needs_review	lerch_glossary_p212_r0398:entry	zer	zer	zêrr, zerr	zerr zerr	word	headword_parented	matched_headword	manual_override	Herz; Gemüt; Inneres	interior; heart; soul; belly	iç; gönül, kalp, yürek; karın; bağır	zer	212	398	Confirm parent/variant relation and inherit or add reviewed public definitions.
4	not_qa_reviewed; parented_but_needs_review	lerch_glossary_p212_r0395:entry	zere	zere	zerre	zerre	word	headword_parented	matched_headword	manual_override	innen; innere; herein	inside; interior	iç; içeri, içerisi	zere	212	395	Confirm parent/variant relation and inherit or add reviewed public definitions.
4	not_qa_reviewed; parented_but_needs_review	lerch_glossary_p212_r0403:entry	zime	zime	zıme	zime	word	headword_parented	matched_headword	manual_override	Erde; Feld	north; shady slope; earth, ground	kuzey; güneş almayan yamaç; yeryüzü, toprak	zime	212	403	Confirm parent/variant relation and inherit or add reviewed public definitions.
4	not_qa_reviewed; missing_english; parented_but_needs_review	lerch_glossary_p212_r0407:entry	zozän	zozan	zuezun, zozan	zuezun zozan	word	headword_parented		matched_harun_headword	Sommerlager. S. Krm. zozän.		yayla	zozän	212	407	Confirm parent/variant relation and inherit or add reviewed public definitions.
4	not_qa_reviewed; parented_but_needs_review	lerch_glossary_p197_r0015:entry	äna	ana	ana	ana	word	headword_parented	matched_headword	manual_override	diese(r) hier, die hier, der hier	this; this is	bu, -dır, -dir, -dur, -dür	äna	197	15	Confirm parent/variant relation and inherit or add reviewed public definitions.
4	not_qa_reviewed; parented_but_needs_review	lerch_glossary_p197_r0016:entry	äna	ana	ardene	ardene	word	headword_parented	matched_headword	matched_dezd_headword	(ich) bringe, 84.16. änu, (er) bringe, 51.9. Vgl. Krm. ani.	bring, bring here	getirmek	äna	197	16	Confirm parent/variant relation and inherit or add reviewed public definitions.
4	not_qa_reviewed; parented_but_needs_review	lerch_glossary_p197_r0019:entry	äsma	asma	Aşme	asme	word	headword_parented	matched_headword	matched_dezd_headword	äsme, Monat, Mond; s. Abth. I, S. xv, xxv, Anm. 12 .	1) moon 2) month 3) girl name	1) ay (gökyüzü), 2) ay (takvim ayı) 3) bir kız ismi	äsma	197	19	Confirm parent/variant relation and inherit or add reviewed public definitions.
4	not_qa_reviewed; parented_but_needs_review	lerch_glossary_p205_r0207:entry	çene	cene	çene	cene	word	headword_parented	matched_headword	manual_override	Kinn	1) corner, edge 2) chin, mentum 3) talkativeness, loquacity	1) köşe 2) çene 3) çok konuşma huyu, gevezelik	çene	205	207	Confirm parent/variant relation and inherit or add reviewed public definitions.
4	not_qa_reviewed; parented_but_needs_review	lerch_glossary_p205_r0216:entry	çı	ci	çı	ci	word	headword_parented	matched_headword	manual_override	was	what	ne	çı	205	216	Confirm parent/variant relation and inherit or add reviewed public definitions.
4	not_qa_reviewed; parented_but_needs_review	lerch_glossary_p206_r0237:entry	çım	cim	çım	cim	word	headword_parented	matched_headword	manual_override	Auge	eye	göz	çım	206	237	Confirm parent/variant relation and inherit or add reviewed public definitions.
9		lerch_glossary_p198_r0041:entry	amá	ama	amayene	amayene	word	qa_reviewed	reviewed_manual	reviewed_qa	ich komme	to come / I come	gelmek / geliyorum	amd	198	41	Looks ready from this audit, pending broader editorial checks.
9		lerch_glossary_p200_r0079:entry	haul	haul			word	qa_reviewed	reviewed_manual	reviewed_qa	Lohn (?)	reward / pay	ödül / ücret	haul	200	79	Looks ready from this audit, pending broader editorial checks.
9		lerch_glossary_p200_r0091:entry	her	her	her	her	word	qa_reviewed	reviewed_manual	reviewed_qa	Esel	donkey	eşek	her	200	91	Looks ready from this audit, pending broader editorial checks.
9		lerch_glossary_p203_r0164:entry	kör	kor	kor	kor	word	qa_reviewed	reviewed_manual	reviewed_qa	blind	blind	kör	kör	203	164	Looks ready from this audit, pending broader editorial checks.
9		lerch_glossary_p217_r0520:entry	migal’e	migale			word	qa_reviewed	reviewed_manual	reviewed_qa	?	eyelash?	kirpik?	mjgal’e	217	520	Looks ready from this audit, pending broader editorial checks.
9		lerch_glossary_p214_r0441:entry	pero däna	pero dana			phrase	qa_reviewed	reviewed_manual	reviewed_qa	gebe einen Schlag	to strike / give a blow	vurmak / darbe vurmak	perp d;ina	214	441	Looks ready from this audit, pending broader editorial checks.
9		lerch_glossary_p214_r0454:entry	pili	pili	pil	pil	word	qa_reviewed	reviewed_manual	reviewed_qa	ältester, gross	oldest / big	en yaşlı / büyük	pili	214	454	Looks ready from this audit, pending broader editorial checks.
9		lerch_glossary_p201_r0114:entry	qandaüke	qandauke			word	qa_reviewed	reviewed_manual	reviewed_qa	wo nur, an welchem Orte	wherever / at which place	her nerede / hangi yerde	»; qandaüke	201	114	Looks ready from this audit, pending broader editorial checks.
9		lerch_glossary_p205_r0218:entry	tikarei	tikarei			word	qa_reviewed	reviewed_manual	reviewed_qa	was treibt ihr, was macht ihr?	what are you doing?	ne yapıyorsunuz?	tikarei	205	218	Looks ready from this audit, pending broader editorial checks.
9		lerch_glossary_p205_r0220:entry	tinau	tinau			word	qa_reviewed	reviewed_manual	reviewed_qa	wie ist?	how is it?	nasıl?	tinau	205	220	Looks ready from this audit, pending broader editorial checks.
9		lerch_glossary_p217_r0532:entry	vaištüra	vaistura	vaştüriye	vasturiye	word	qa_reviewed	reviewed_manual	reviewed_qa	Sichel	sickle	orak	vaiStüra	217	532	Looks ready from this audit, pending broader editorial checks.
9		lerch_glossary_p218_r0553:entry	ve ken’a	ve kena			phrase	qa_reviewed	reviewed_manual	reviewed_qa	(ich) berühre (?), thue an	to touch / put onto	dokunmak / üzerine koymak	ve kün’a	218	553	Looks ready from this audit, pending broader editorial checks.
9		lerch_glossary_p219_r0571:entry	venert	venert	vındetene	vindetene	word	qa_reviewed	reviewed_manual	reviewed_qa	stand, sass, blieb	stood / sat / remained	durdu / kaldı	venert	219	571	Looks ready from this audit, pending broader editorial checks.
9		lerch_glossary_p207_r0274:entry	yen’a	yena	amayene	amayene	word	qa_reviewed	reviewed_manual	reviewed_qa	ich komme	to come / I come	gelmek / geliyorum	ydn’a	207	274	Looks ready from this audit, pending broader editorial checks.
9		lerch_glossary_p198_r0040:entry	äbéra	abera			word	qa_reviewed	reviewed_manual	reviewed_qa	ich lasse fallen	to let fall / drop	bırakmak / düşürmek	;lbera	198	40	Looks ready from this audit, pending broader editorial checks.
