lemma_key	status	token_count	text_count	text_counts	lemma_hints	zazaki_variants	lerch_variants	context_gloss_hints	glossary_entries	glossary_match_sources	example_ref	example_token_zazaki	example_token_lerch	example_line_zazaki	example_line_lerch
aga	glossary_match	87	4	ali-agha-ladi-kelhani:46; kauge-nyerib-u-sivani:20; kauge-nyerib-u-hyeni:19; uc-kardes-masali:2	aga; aγa	ağa; ağay; ağayra; ağara	aγá; aγaí; aγá; aγá,; aγá,; aγaíra.; aγā́; aγaíra	Agha; agha; EZ/OBL; Agha, title; GOAL/RECIP; lord; RECIP; ABL	ayä	lemma	ali-agha-ladi-kelhani:a01_l01:1	ağa	aγá	Ali ağa laci Kêlhani mirêy na'hêy Karbegani. Namêy daway	Áli aγá lā́d̮i Kelháni mírei nah̔eí Karbe̱gā́ni. Nameí daú’ai
agai	glossary_match	89	3	kauge-nyerib-u-hyeni:48; kauge-nyerib-u-sivani:40; uc-kardes-masali:1	agai	ağay; ağayri; ağayra; Ağay	aγái; aγái; aγáiri; aγáira:; aγáira; aγaíri; aγāiri; aγaí	Agha; GOAL/RECIP; Agha, title	ayä	lemma	kauge-nyerib-u-hyeni:h02_l04:5	ağay	aγái	ver da, şê Nyêrib Xalef ağay 'hêt, yêra va kê: mê yaw merdümû	ve̱r dā, šẹ̄ Ńeríb Χalé̱f aγái h̔et, yéra vā ke: me yau me̱rdṳ́mu
ageira	glossary_match	1	1	kauge-nyerib-u-hyeni:1	ageira	agêyra	ageíra,	set out	ageira	lemma	kauge-nyerib-u-hyeni:h01_l02:8	agêyra	ageíra,	Veri coan yaw merdüm Nyêribra werişt şê Dawzra agêyra,	Vé̱ri d̮ṓan yau me̱rdṳ́m Ńeríbra we̱ríšt šẹ̄ Daúzra ageíra,
ah	glossary_match	1	1	kauge-nyerib-u-sivani:1	ah	A'h	Ah̔-	Ahmed-	Avdul’ah	lemma	kauge-nyerib-u-sivani:s01_l05:10	A'h	Ah̔-	dızdê ra: tê qangcaray. Dızdi va kê: ez Nyêribraya. Laci Mêla A'h-	dí̥zdera: te qāṅd̮araí. Dí̥zdi vā ke: e̱z Ńeríbraya. Lā́d̮i Mél’a Ah̔-
ama	glossary_match	3	2	ali-agha-ladi-kelhani:2; kauge-nyerib-u-hyeni:1	ama	ama	amá; āmá; āmá.	to come	amá	lemma	ali-agha-ladi-kelhani:a02_l10:11	ama	amá	Qasim ağa şi Ali ağay hetê ronişt va kê: ağa, ez ama twêra ric	Qasím aγá ši Áli aγaí hé̱te rōníšt vā ke: aγá, e̱z amá túera rīd̮
ame	glossary_match	26	5	uc-kardes-masali:10; degirmenci-ve-tilki:7; kauge-nyerib-u-hyeni:5; goin-puhu-kusunun-hikayesi:2; kauge-nyerib-u-sivani:2	ame	ame; amê	āmé; amé; āmé̱; āmé̱,; āmé̱; āmé̱; āmé̱,; āmé,	came	amá; yen’a	lemma	degirmenci-ve-tilki:mf01_l03:2	ame	āmé̱	sêbah werişt, ame arêyê, awnyaykê ardi mêsahıdi çınyi; aya şawê	sebáh we̱ríšt, āmé̱ āréye, auńaíke ā́rdi mesáhi̥di t̮í̥ńi; áya šaú’e
amei	glossary_match	24	6	ali-agha-ladi-kelhani:5; goin-puhu-kusunun-hikayesi:5; degirmenci-ve-tilki:4; kauge-nyerib-u-sivani:4; kauge-nyerib-u-hyeni:3; uc-kardes-masali:3	amei	amêy	āmeí; āmeí; āmeí,; āmeí,; ameí; ameí,	came	amá; yen’a	lemma	ali-agha-ladi-kelhani:a01_l06:1	amêy	āmeí	Sivani amêy pyêser, mêşore kerd, ağalêrani Sivani, Qasim ağa	Sivā́ni āmeí pyesé̱r, méšore̱ ke̱rd, aγálerāni Sivā́ni, Qasím aγá
ameiya	glossary_match	2	2	ali-agha-ladi-kelhani:1; uc-kardes-masali:1	ameiya	amêya	ameíya,; ameíya,	I have come	amá; yen’a	lemma	ali-agha-ladi-kelhani:a03_l11:8	amêya	ameíya,	ver, veng da va kê A'hmêdira: warêza, ez amêya, tı kû sera	ve̱r, ve̱ṅg dā vā ke Ah̔médira: wáreza, e̱z ameíya, ti̥ ku sé̱ra
ana	glossary_match	4	3	uc-kardes-masali:2; degirmenci-ve-tilki:1; kauge-nyerib-u-hyeni:1	ana	ana	ā́na.; āna.; ā́na	this; I bring	äna	lemma	degirmenci-ve-tilki:mf03_l09:5	ana	āna.	byêrû tya, ez twêri 'haberê ana.	byẹ̄́ru tía, e̱z túeri h̔abé̱re āna.
ard	glossary_match	7	5	kauge-nyerib-u-sivani:2; uc-kardes-masali:2; ali-agha-ladi-kelhani:1; degirmenci-ve-tilki:1; kauge-nyerib-u-hyeni:1	ard	ard	ārd,; ārd; ārd; ārd.; ārd,	brought	ar; ard	lemma	ali-agha-ladi-kelhani:a02_l04:7	ard	ārd	ağa enyê wirdi şi, kêy Ali ağay ard dawê, çêhêr hemê lacana	aγá ḗ̱n’ie wírdi šī, kei Áli aγaí ārd daú’e, t̮ehér hé̱me lad̮ā́na
ardi	glossary_match	8	6	degirmenci-ve-tilki:2; uc-kardes-masali:2; ali-agha-ladi-kelhani:1; goin-puhu-kusunun-hikayesi:1; kauge-nyerib-u-hyeni:1; kauge-nyerib-u-sivani:1	ardi	ardi	ā́rdi; ā́rdi; ā́rdi,	brought	ar; ard; müäi ärdi	lemma	ali-agha-ladi-kelhani:a04_l13:4	ardi	ā́rdi	hêyşt merdûmi ğaribana gêrawti ardi berdi wederti.	heíšt mē̱rdúmi γaribā́na geraúti ā́rdi bé̱rdi we̱dé̱rti.
arewanti	glossary_match	15	1	degirmenci-ve-tilki:15	arewanti	arêwangçi; Arêwangçi; arêwangçira; Arêwangti	Ārewāṅt̮í; ārewāṅt̮í; ārewāṅt̮íra:; ārewāṅt̮íra; Ārewāṅtí; ārewāṅt̮í;	miller; RECIP	arewantf	lemma	degirmenci-ve-tilki:mf01_l01:8	arêwangçi	ārewāṅt̮í	Cayki bi çi nyêbi, yaw Alah bê, yaw arêwangçi bê. Ariş tê'h-	D̮aíki bī t̮i ńébī, yau Aláh bẹ̄, yau ārewāṅt̮í bẹ̄. Āríš tēh̔-
arewantiri	glossary_match	1	1	degirmenci-ve-tilki:1	arewantiri	arêwangçiri	ārewāṅt̮íri	to the miller	arewantf	lemma	degirmenci-ve-tilki:mf02_l08:7	arêwangçiri	ārewāṅt̮íri	va kê: tı mêri swangd bwanê. Lûê arêwangçiri swangd wend, arê-	vā ke: ti̥ méri suáṅd buáne. Lú’e ārewāṅt̮íri suáṅd we̱nd, āre-
aris	glossary_match	1	1	degirmenci-ve-tilki:1	aris	Ariş	Āríš	mill	aris	lemma	degirmenci-ve-tilki:mf01_l01:10	Ariş	Āríš	Cayki bi çi nyêbi, yaw Alah bê, yaw arêwangçi bê. Ariş tê'h-	D̮aíki bī t̮i ńébī, yau Aláh bẹ̄, yau ārewāṅt̮í bẹ̄. Āríš tēh̔-
asan	glossary_match	1	1	uc-kardes-masali:1	asan	asang	asā́ṅ	rest	asän be	lemma	uc-kardes-masali:tb02_l15:0	asang	asā́ṅ	asang bê.	asā́ṅ bẹ̄.
asirani	glossary_match	2	1	kauge-nyerib-u-hyeni:2	asirani	aşirani	aširā́ni,	tribal men	asirän	lemma	kauge-nyerib-u-hyeni:h04_l13:4	aşirani	aširā́ni,	bıki, ma cang mırdi aşirani, metêrsi, ez 'ha şıma ver, kêykê ez	bi̥kí, mā d̮āṅ mí̥rdi aširā́ni, mé̱tersi, e̱z h̔ā ši̥má ve̱r, keíke e̱z
asiret	glossary_match	4	2	gespraech-mit-hassan:3; uc-kardes-masali:1	asiret	aşirêta; aşiranû; aşirêt	ašíreta; aširā́nu.; aširét,	tribe; EZ/GEN; PL; OBL/EZ	asiret	lemma	gespraech-mit-hassan:h01_l03:1	aşirêta	ašíreta	Namêy aşirêta tê çinaw?	Nāmeí ašíreta te t̮ínau?
asmai	glossary_match	1	1	gespraech-mit-hassan:1	asmai	aşmay	ā́šmai	moon	äsma	lemma	gespraech-mit-hassan:h03_l07:1	aşmay	ā́šmai	Ma aşmay paizi veryêni yêni war.	Mā ā́šmai pa’ízi vē̱ryén’i yén’i wār.
asme	glossary_match	4	4	degirmenci-ve-tilki:1; gespraech-mit-hassan:1; kauge-nyerib-u-sivani:1; uc-kardes-masali:1	asme	aşmê; Aşmê	ášme; Ā́šme; ā́šme; ā́šme	month	äsma	lemma	degirmenci-ve-tilki:mf04_l09:10	aşmê	ášme	pişt, berd kûnağ û seryê; va kê paşay Mısrira: yaw aşmê aqıl	píšt, be̱rd kunáγ u sé̱rye; vā ke pašai Mi̥srira: yau ášme āqí̥l
au	glossary_match	1	1	uc-kardes-masali:1	au	Aw	Au	that	d'au	lemma	uc-kardes-masali:tb02_l01:4	Aw	Au	'Hasanêk awna yaw dûma. Aw dûma daw bû. Vêcaw awdara,	Hʿasanék auná yau dumá. Au dumá dau bū. Ved̮aú aúdara,
audara	glossary_match	1	1	uc-kardes-masali:1	audara	awdara	aúdara,	out	aüdara	lemma	uc-kardes-masali:tb02_l01:9	awdara	aúdara,	'Hasanêk awna yaw dûma. Aw dûma daw bû. Vêcaw awdara,	Hʿasanék auná yau dumá. Au dumá dau bū. Ved̮aú aúdara,
aukai	glossary_match	5	1	kauge-nyerib-u-sivani:5	aukai	awkay	aúkai	stream	aüka	lemma	kauge-nyerib-u-sivani:s02_l05:5	awkay	aúkai	mêyştê eskêri xoê gêna, yêna awkay Şêlê ver, tızi wicara eskêri	meíšte e̱skéri χóe ǵén’a, yén’a aúkai Šél’e ve̱r, tí̥zi wid̮ára e̱skéri
awe	glossary_match	2	1	uc-kardes-masali:2	awe	awe	awé̱	that	awe	lemma	uc-kardes-masali:tb02_l04:2	awe	awé̱	yêni: metêrsi, awe kê estû awe dyaw, yênû ma 'hêt, mara vanû:	yéni: mé̱tersi, awé̱ ke é̱stu awé̱ d́au, yén’u mā h̔ēt, mā́ra vā́nu:
aya	glossary_match	6	4	goin-puhu-kusunun-hikayesi:2; uc-kardes-masali:2; ali-agha-ladi-kelhani:1; degirmenci-ve-tilki:1	aya	aya	áya; áya; aya	that; Agha	ayä	lemma	ali-agha-ladi-kelhani:a04_l05:0	aya	áya	aya xancêri kişti. A'hmêd kişya. 'Hiryê heme bêrai A'hmêdi bawkê	áya χand̮éri kíšti. Ah̔méd kíšya. Hʿī́rye hé̱me̱ berá’i Ah̔médi baúke
bar	glossary_match	1	1	ali-agha-ladi-kelhani:1	bar	bar	bār	load	bar kdn’a	lemma	ali-agha-ladi-kelhani:a01_l04:3	bar	bār	ağay kêyê xoê bar kêrd, şê Syêraçûrê. Hiris û şêş roci vênert	aγaí keíye χóe bār kerd, šẹ̄ Syérat̮ūre. Híris u šẹ̄š rṓd̮i vené̱rt
barut	glossary_match	2	1	kauge-nyerib-u-hyeni:2	barut	barût	bā́rut; bārút,	gunpowder	bärut	lemma	kauge-nyerib-u-hyeni:h02_l15:8	barût	bā́rut	têra rêki xoê bıkêri, 'Hyênêyici madê kawğe kêni, barût bigêri,	téra réki χóe bi̥kéri, Hʿyẹ̄́neyíd̮í mā́de kauγé̱ kén’i, bā́rut bigéri,
bau	glossary_match	4	1	goin-puhu-kusunun-hikayesi:4	bau	baw	bau,	father	bau kdli	lemma	goin-puhu-kusunun-hikayesi:g02_l07:7	baw	bau,	êyştû zêyndang. Sêbah wardêna, bawki xoêra vana: baw, mê em-	eíštu zeindā́ṅ. Sebáh wardén’a, bāúki χóera vā́na: bau, me é̱m-
bauki	glossary_match	11	3	goin-puhu-kusunun-hikayesi:9; ali-agha-ladi-kelhani:1; gespraech-mit-hassan:1	bauki	Bawki; bawki	Baúki; baúki; Bāúki; bāúki	father; perhaps	bauk	lemma	ali-agha-ladi-kelhani:a03_l02:4	bawki	baúki	ma mebêrê, tê xaini, bawki mê serêdê aqıl çinyû, rocêy ramazanyû,	mā mé̱bere, te χa’íni, baúki me sé̱rede áqi̥l t̮íńu, rṓd̮ei ramazányu,
bauni	glossary_match	3	3	ali-agha-ladi-kelhani:1; kauge-nyerib-u-hyeni:1; uc-kardes-masali:1	bauni	bawni	baúni,; baúni,; baúni	look; match	baüni	lemma	ali-agha-ladi-kelhani:a03_l03:0	bawni	baúni,	bawni, xalo, tê çêkani ma bêni, pêynıdê tê xain vêci, ez twê kı-	baúni, χálō, te t̮ékāni mā bén’i, peíni̥de te χa’ín ved̮í, e̱z túe ki̥-
be	glossary_match	36	6	uc-kardes-masali:9; kauge-nyerib-u-hyeni:8; kauge-nyerib-u-sivani:8; degirmenci-ve-tilki:5; ali-agha-ladi-kelhani:4; goin-puhu-kusunun-hikayesi:2	be	bê; bêna; bêni; bênû; bênu	be,; be; bén’a; bẹ̄,; bẹ̄.; bén’u,; bén’u,; bén’i,	be; PRS.1SG; be/take; PRS/FUT.3SG; PRS/FUT; with/by; take/be	asän be; bye	lemma	ali-agha-ladi-kelhani:a02_l01:4	bênu	bén’u,	Weşini va kê: rınd bênû, ma şyêri Ali ağay byari bıkşi. Ağalê-	We̱šíni vā ke: ri̥nd bén’u, mā šyẹ̄́ri Áli aγaí biári bi̥kší. Aγale-
beirakdar	glossary_match	1	1	kauge-nyerib-u-hyeni:1	beirakdar	bêyrakdar	beirakdā́r	standard-bearer	beirakdär	lemma	kauge-nyerib-u-hyeni:h08_l08:9	bêyrakdar	beirakdā́r	bıdê, ma şyêri kawğe. Xalef ağa va kê: erş! bêyrakdar kawt eskêri	bi̥dé, mā šyẹ̄́ri kauγé̱. Χalé̱f aγá vā ke: e̱rš! beirakdā́r kaut e̱skéri
ber	glossary_match	4	2	ali-agha-ladi-kelhani:2; uc-kardes-masali:2	ber	bêr; ber	ber; bé̱r	door; thanks	ber’e; ber äekit	lemma	ali-agha-ladi-kelhani:a03_l08:3	bêr	ber	ama tebêr, mevindi, bêr bışikni, şyêri zerê, Ali ağay çêhêr hemê	āmá te̱bér, mé̱vindi, ber bi̥šíkni, šyẹ̄́ri zé̱re, Áli aγaí t̮ehér hé̱me
berai	glossary_match	46	3	uc-kardes-masali:27; goin-puhu-kusunun-hikayesi:18; ali-agha-ladi-kelhani:1	berai	bêray; bêrai; Bêray; Bêrai	beraí; beraí; berá’i; Beraí; berá’i; berāí; berā́’i; Berá’i	brother; brothers	berd	lemma	ali-agha-ladi-kelhani:a04_l05:7	bêrai	berá’i	aya xancêri kişti. A'hmêd kişya. 'Hiryê heme bêrai A'hmêdi bawkê	áya χand̮éri kíšti. Ah̔méd kíšya. Hʿī́rye hé̱me̱ berá’i Ah̔médi baúke
berd	glossary_match	14	4	uc-kardes-masali:8; degirmenci-ve-tilki:4; ali-agha-ladi-kelhani:1; goin-puhu-kusunun-hikayesi:1	berd	berd	be̱rd; be̱rd,	took; carried; put; carried away	berd	lemma	ali-agha-ladi-kelhani:a04_l01:1	berd	be̱rd	xoê berd zerêy şibakê, yaw xancêri zerêy şıbakêdê di gêrawtê vera,	χóe be̱rd ze̱reí šibāke, yau χand̮éri ze̱reí ši̥bā́kede dī geraúte vé̱ra,
berdene	glossary_match	2	1	kauge-nyerib-u-sivani:2	berdene	bêna	bén’a,; bén’a.	take.IPFV.1SG	berd; mebere	lemma	kauge-nyerib-u-sivani:s01_l10:8	bêna	bén’a,	bıkêra, bêra twê ez dyang, lakimkê ez ha bêna, zor bêna. Laci	bi̥kéra, berá túe e̱z diā́ṅ, lakímke e̱z hā bén’a, zōr bén’a. Lā́d̮i
berdi	glossary_match	5	4	ali-agha-ladi-kelhani:2; degirmenci-ve-tilki:1; kauge-nyerib-u-hyeni:1; uc-kardes-masali:1	berdi	berdi	bé̱rdi,; bé̱rdi; bé̱rdi,; bé̱rdi	carried; carried away; brother	berd; berdi	lemma	ali-agha-ladi-kelhani:a02_l05:0	berdi	bé̱rdi,	berdi, kêrdi wadey Mê'hmêdi 'Hêndani. Qasim ağay şawê 'habêrê	bé̱rdi, kérdi wade̱i Meh̔médi Hʿendā́ni. Qasím aγaí šaú’e h̔abére
bere	glossary_match	3	3	kauge-nyerib-u-hyeni:1; kauge-nyerib-u-sivani:1; uc-kardes-masali:1	bere	berê	bé̱re,; bé̱re; bé̱r’e,	bring, bring here	ber’e	lemma	kauge-nyerib-u-hyeni:h09_l02:5	berê	bé̱re,	pyêrû kişyay, byê mêytani xoê berê, mêytani mê waderê çawdê	pyéru kišyái, bye meitāni χóe bé̱re, meitāni me wáde̱re t̮aúde
beri	glossary_match	5	3	degirmenci-ve-tilki:2; uc-kardes-masali:2; ali-agha-ladi-kelhani:1	beri	beri; bêri	bé̱ri; bé̱ri; béri; bēri,	one day; brother; carry	ber’e; ber äekit	lemma	ali-agha-ladi-kelhani:a04_l10:9	beri	bé̱ri	aylana dês û hêyşt teni merdümi ğaribana 'hetya byêri beri we-	aílāna des u heíšt té̱ni me̱rdṳ́mi γaribā́na h̔é̱tia bíeri bé̱ri we̱-
bersau	glossary_match	7	2	uc-kardes-masali:6; kauge-nyerib-u-hyeni:1	bersau	berşaw	bḗ̱ršau,; bḗ̱ršau; bē̱ršaú	send; send word	berSau	lemma	kauge-nyerib-u-hyeni:h02_l13:5	berşaw	bē̱ršaú	Wesman ağayri va kê: 'habêrê berşaw Dêyştêy 'Henzi Mê'hmêt ağayri.	We̱smán aγáiri vā ke: h̔abére bē̱ršaú Deíštei Hʿé̱nzi Meh̔mét aγaíri.
bidi	glossary_match	1	1	kauge-nyerib-u-sivani:1	bidi	bıdi	bi̥dí	for	da; däna; pero däna	lemma	kauge-nyerib-u-sivani:s05_l12:4	bıdi	bi̥dí	tê ağay ena gêlankê bıdi ricay mê Xalef ağay. Avdûlah ağa va	te aγái ḗ̱n’a gelā́ṅke bi̥dí rid̮aī me Χalé̱f aγái. Avdúl’ah aγá vā
bie	glossary_match	3	2	goin-puhu-kusunun-hikayesi:2; ali-agha-ladi-kelhani:1	bie	byê	bíe; bī́e.	became	bye	lemma	ali-agha-ladi-kelhani:a04_l04:2	byê	bíe	çimyirû, goêni byê A'hmêdi çimi. A'hmêd hyêrs bê, 'hawt teni pêy	t̮ímyiru, gó’eni bíe Ah̔médi t̮ími. Ah̔méd hyẹ̄rs be, h̔aut té̱ni pei
byare	glossary_match	1	1	degirmenci-ve-tilki:1	byare	byarê	byā́re,	bring	j byäre; byßri = byäre	lemma	degirmenci-ve-tilki:mf05_l04:3	byarê	byā́re,	lwêra: mıri awkê byarê, ez şwêna dêsmaç. Lwê werişt şyê, awkê	lúera: mí̥ri aúke byā́re, e̱z šuen’a desmāt̮. Lúe we̱ríšt šíe, aúke
byari	glossary_match	1	1	degirmenci-ve-tilki:1	byari	byari	byā́ri,	bring	äna; ard; ber’e	lemma	degirmenci-ve-tilki:mf03_l05:8	byari	byā́ri,	wa wênisi, wa twêdê byêri, mıri çêmçêqû paşay byari, enoê ca	wa wén’isi, wa túede byẹ̄́ri, mí̥ri t̮emt̮eqú pašai byā́ri, ḗ̱n’oe d̮ā
bye	glossary_match	23	5	kauge-nyerib-u-hyeni:13; kauge-nyerib-u-sivani:6; degirmenci-ve-tilki:2; ali-agha-ladi-kelhani:1; uc-kardes-masali:1	bye	byê	bye; bye,; bye.	come	bye	lemma	ali-agha-ladi-kelhani:a03_l05:9	byê	bye	kê: 'halo xancêray mê bıdê, ez zana, tê xaini, byê ba'htêdê tı ma	ke: h̔álō χand̮érai me bi̥dé, e̱z zána, te χa’íni, bye bah̔tẹ̄́de ti̥ mā
byeri	glossary_match	3	2	kauge-nyerib-u-hyeni:2; degirmenci-ve-tilki:1	byeri	byêri	byẹ̄́ri,; byẹ̄́ri; byẹ̄́ri,	come; bring	bye	lemma	degirmenci-ve-tilki:mf03_l05:4	byêri	byẹ̄́ri,	wa wênisi, wa twêdê byêri, mıri çêmçêqû paşay byari, enoê ca	wa wén’isi, wa túede byẹ̄́ri, mí̥ri t̮emt̮eqú pašai byā́ri, ḗ̱n’oe d̮ā
da	glossary_match	33	5	uc-kardes-masali:14; kauge-nyerib-u-hyeni:9; ali-agha-ladi-kelhani:4; degirmenci-ve-tilki:4; kauge-nyerib-u-sivani:2	da	da; ca	dā; dā; dā.; d̮ā; dā,; dā:; dā-	gave; called; overran	da	lemma	ali-agha-ladi-kelhani:a01_l02:7	da	dā	Ali ağay Narbyêş. Ali ağa çêhêr dawang da pyêrû, hiris û çêhêr	Áli aγaí Nārbyẹ̄́š. Áli aγá t̮ehér daú’āṅ dā pyérū, híris u t̮ehér
dai	glossary_match	21	6	degirmenci-ve-tilki:6; uc-kardes-masali:6; kauge-nyerib-u-sivani:4; ali-agha-ladi-kelhani:2; kauge-nyerib-u-hyeni:2; goin-puhu-kusunun-hikayesi:1	dai	day; cay	dai; d̮ai; dai.; dai,; daí	struck; gave; there; exchanged	da; däna; pero däna	lemma	ali-agha-ladi-kelhani:a02_l14:11	day	dai	wênd. Ali ağay çêki xoê çêhêr hemê lacana xoê aryê kerdi, day Qasim	wend. Áli aγaí t̮éki χóe t̮ehér hé̱me lad̮ā́na χóe ā́rye ké̱rdi, dai Qasím
dan	glossary_match	4	2	kauge-nyerib-u-hyeni:2; uc-kardes-masali:2	dan	cang	d̮āṅ	people; blow	dan mirdi	lemma	kauge-nyerib-u-hyeni:h04_l13:2	cang	d̮āṅ	bıki, ma cang mırdi aşirani, metêrsi, ez 'ha şıma ver, kêykê ez	bi̥kí, mā d̮āṅ mí̥rdi aširā́ni, mé̱tersi, e̱z h̔ā ši̥má ve̱r, keíke e̱z
dana	glossary_match	6	3	uc-kardes-masali:3; kauge-nyerib-u-hyeni:2; kauge-nyerib-u-sivani:1	dana	dana	dā́na; dána; dā́na; dā́na.; dāna.	I give	däna; pero däna	lemma	kauge-nyerib-u-hyeni:h03_l12:6	dana	dā́na	qamêk vyêna byê sila serêy cêy dana püroê. Daqma begi va kê:	qā́meḱ vyén’a bye silá sé̱rei d̮ei dā́na pṳ́roe. Dáqma bé̱gi vā ke:
dani	glossary_match	3	2	uc-kardes-masali:2; kauge-nyerib-u-sivani:1	dani	dani; cani	d̮ā́ni; dā́ni?; dā́ni,	preserve	dan mirdi	lemma	kauge-nyerib-u-sivani:s04_l09:1	cani	d̮ā́ni	Alah cani twê sağ bêdû, hetakê pêynyay ma nyêmêrû, twêri çi çinyû.	Aláh d̮ā́ni túe saγ bedú, he̱táke peíńai mā ńémeru, túeri t̮i t̮íńu.
dau	glossary_match	26	5	uc-kardes-masali:19; kauge-nyerib-u-sivani:4; ali-agha-ladi-kelhani:1; degirmenci-ve-tilki:1; kauge-nyerib-u-hyeni:1	dau	dyaw; daw; Dyaw; dawang; Dawang; Daw; caw	d́au; D́au; dau; Dauā́ṅ; Dau; dau.; daú,; dauā́ṅ	dev; village; PL; attack; with	dau; d'au	lemma	ali-agha-ladi-kelhani:a01_l08:3	daw	dau.	Ali ağay byari daw. Qasim ağa va kê: ma Ali ağay bê'hapêyni, ma	Áli aγaí biā́ri dau. Qasím aγá vā ke: mā Áli aγaí beh̔apeíni, mā
delali	glossary_match	1	1	kauge-nyerib-u-hyeni:1	delali	dêlali	delā́li	herald	deläl	lemma	kauge-nyerib-u-hyeni:h03_l10:4	dêlali	delā́li	Daqma begi zerêy 'Hyênidê dêlali vêyng da: nyêçaw ğarib şahrêstan	Dáqma bé̱gi ze̱reí Hʿyẹ̄́nide delā́li veiṅ dā: ńét̮au γarib šáhrestān
derdi	glossary_match	2	2	degirmenci-ve-tilki:1; kauge-nyerib-u-hyeni:1	derdi	derdi	dé̱rdi; de̱rdi	worry, sorrow; grief	derd	lemma	degirmenci-ve-tilki:mf02_l11:5	derdi	dé̱rdi	şay Mısri va kê lûêra: derdi tû çyû, mıri vacê. Lûê va kê:	šai Mí̥sri vā ke lú’era: dé̱rdi tu t̮yu, mí̥ri vā́d̮e. Lú’e vā ke:
des	glossary_match	7	3	ali-agha-ladi-kelhani:5; degirmenci-ve-tilki:1; kauge-nyerib-u-hyeni:1	des	dês; Dês	des; Des; des-	ten; ablution	des	lemma	ali-agha-ladi-kelhani:a03_l09:3	dês	des	lacan bıkşi; hêma dês û hêyşti merdwomi ğaribi yênê 'hetê esti,	lád̮ān bi̥kší; hém’a des u heíšti mē̱rduó̤mi γarī́bi yéne h̔é̱te é̱sti,
dest	glossary_match	6	3	uc-kardes-masali:3; degirmenci-ve-tilki:2; kauge-nyerib-u-hyeni:1	dest	dest	de̱st; dé̱st-; dé̱st,; de̱st,	hand	dest	lemma	degirmenci-ve-tilki:mf03_l02:9	dest	de̱st	mê yaw kerre tepişt pa vênerta, ez awnyaya yaw dest ame gna mê	me yau ké̱re̱ te̱píšt pa vené̱rta, e̱z auńáya yau de̱st āmé̱ gnā me
desti	glossary_match	4	3	ali-agha-ladi-kelhani:2; degirmenci-ve-tilki:1; kauge-nyerib-u-hyeni:1	desti	desti	dé̱sti; dé̱sti	hand	dest	lemma	ali-agha-ladi-kelhani:a01_l03:7	desti	dé̱sti	kişti. Çawdi Ali ağay çi nyêbê, çewi desti Ali ağay nyêgêrawt. Ali	kíšti. T̮aúdi Áli aγaí t̮i ńébe, t̮é̱wi dé̱sti Áli aγaí ńegeraút. Áli
destra	glossary_match	1	1	uc-kardes-masali:1	destra	destra	dé̱stra	hand	dest	lemma	uc-kardes-masali:tb07_l13:7	destra	dé̱stra	Qayfeçi 'Hasanêkira va kê: lacim, bêray twê destra tê gûre yênû.	Qaife̱t̮í H̔asanékira vā ke: lā́d̮im, beraí túe dé̱stra te gúre̱ yén’u.
dewi	glossary_match	57	4	uc-kardes-masali:47; kauge-nyerib-u-sivani:5; ali-agha-ladi-kelhani:3; gespraech-mit-hassan:2	dewi	dyewi; dewi; dyewira; Dyewi; dyêwi; Dewi; Dêwi; dêwi	d́é̱wi; dé̱wi; d́é̱wi.; dé̱wi; D́é̱wi; d́é̱wira; dé̱wi; d́éwi	of the dev; villages; dev; RECIP	dau; d'au	lemma	ali-agha-ladi-kelhani:a01_l05:4	dewi	dé̱wi	Syêraçûrêdê. Hiris û çêhêr dewi Karbegani, hiris û çêhêr dewi	Syerat̮ūrede. Híris u t̮ehér dé̱wi Karbe̱gā́ni, híris u t̮ehér dé̱wi
dewiri	glossary_match	2	1	uc-kardes-masali:2	dewiri	dyewiri	d́é̱wiri.	to the dev	dau; d'au	lemma	uc-kardes-masali:tb04_l02:3	dyewiri	d́é̱wiri.	rawt, şê, berd dyewiri.	raút, šẹ̄, be̱rd d́é̱wiri.
deyine	glossary_match	1	1	uc-kardes-masali:1	deyine	dêyinê	deyíne	however	deyine	lemma	uc-kardes-masali:tb01_l02:9	dêyinê	deyíne	namêy bêray myanyêni Qasim, namêy bêray pili Şaban. Çi dêyinê	nameí beraí myańéni Qasím, nameí beraí pī́li Šabán. T̮í deyíne
di	glossary_match	29	7	uc-kardes-masali:7; gespraech-mit-hassan:6; goin-puhu-kusunun-hikayesi:6; ali-agha-ladi-kelhani:3; kauge-nyerib-u-hyeni:3; degirmenci-ve-tilki:2; kauge-nyerib-u-sivani:2	di	di; dı; ci; Dı; dyi	di̥; dī,; dī,; dī; di,; d̮i; dī?; dī.	saw; two; in; two, 2; found; find; see	di; du	lemma	ali-agha-ladi-kelhani:a01_l09:4	di	di,	şawê venga êskêrê xoê di, eskêri dawang wa pyêrû bêrû pyêser,	šaú’e vé̱ṅga eskére χóe di, e̱skéri daú’āṅ wa pyéru béru pyesé̱r,
diei	glossary_match	1	1	uc-kardes-masali:1	diei	cyêy	d̮ieí,	together	diei	lemma	uc-kardes-masali:tb02_l10:6	cyêy	d̮ieí,	'Hasanêki va: ma hiryê heminê bêrai cyêy, ma amêy, enoê ğalêy	H̔asanéki vā: mā hī́rye hé̱mine berā́’i d̮ieí, ma āmeí, ḗ̱n’oe γaleí
dirna	glossary_match	2	1	uc-kardes-masali:2	dirna	dırna	di̥rná,	to tear up	dirnä	lemma	uc-kardes-masali:tb03_l08:6	dırna	di̥rná,	berşaw mıri, ez wêna. 'Hasanêki kağit dırna, êşt, yawna kağit	bḗ̱ršau mí̥ri, e̱z wén’a. H̔asanéki kaγít di̥rná, ẹ̄št, yaúna kaγít
dismeni	glossary_match	2	2	goin-puhu-kusunun-hikayesi:1; kauge-nyerib-u-hyeni:1	dismeni	dışmêni; cişmêni	di̥šmén’i; d̮išmeni	enemy	dismen	lemma	goin-puhu-kusunun-hikayesi:g02_l01:10	dışmêni	di̥šmén’i	seri venert, yaw kêyna aya cênira byê. Ena cênyê byê dışmêni	sé̱ri ve̱né̱rt, yau keína áya d̮énira bī́e. Ē̱n’a d̮énie bíe di̥šmén’i
dit	glossary_match	3	1	kauge-nyerib-u-hyeni:3	dit	cit	d̮it	plow	dit	lemma	kauge-nyerib-u-hyeni:h01_l03:8	cit	d̮it	amê zımêy 'Hyêni. Yaw merdüm 'Hyênêyic zımecê xoêri cit kêrdini.	āmé zi̥meí Hʿyẹ̄́ni. Yau me̱rdṳ́m Hʿyẹ̄́neyid̮ zi̥mé̱d̮e χóeri d̮it kerdíni.
dizd	glossary_match	1	1	kauge-nyerib-u-sivani:1	dizd	dızd	di̥zd,	thief	dizd	lemma	kauge-nyerib-u-sivani:s01_l04:7	dızd	di̥zd,	bêrû. Laci Mêla A'hmêdi 'Hûsêyni di enoê dızd, tepişt va kê	bér’u. Lā́d̮i Mél’a Ah̔médi Hʿuseíni dī é̱n’oe di̥zd, te̱píšt vā ke
dizdi	glossary_match	5	1	kauge-nyerib-u-sivani:5	dizdi	Dızdi; dızdi	Dí̥zdi; dí̥zdi	thief	dizd	lemma	kauge-nyerib-u-sivani:s01_l05:3	Dızdi	Dí̥zdi	dızdê ra: tê qangcaray. Dızdi va kê: ez Nyêribraya. Laci Mêla A'h-	dí̥zdera: te qāṅd̮araí. Dí̥zdi vā ke: e̱z Ńeríbraya. Lā́d̮i Mél’a Ah̔-
doan	glossary_match	2	2	kauge-nyerib-u-hyeni:1; kauge-nyerib-u-sivani:1	doan	coan	d̮ṓan	once	döan	lemma	kauge-nyerib-u-hyeni:h01_l02:1	coan	d̮ṓan	Veri coan yaw merdüm Nyêribra werişt şê Dawzra agêyra,	Vé̱ri d̮ṓan yau me̱rdṳ́m Ńeríbra we̱ríšt šẹ̄ Daúzra ageíra,
duma	glossary_match	2	1	uc-kardes-masali:2	duma	dûma	dumá.; dumá	behind	dumä	lemma	uc-kardes-masali:tb02_l01:3	dûma	dumá.	'Hasanêk awna yaw dûma. Aw dûma daw bû. Vêcaw awdara,	Hʿasanék auná yau dumá. Au dumá dau bū. Ved̮aú aúdara,
efendim	glossary_match	10	4	kauge-nyerib-u-hyeni:4; degirmenci-ve-tilki:3; uc-kardes-masali:2; kauge-nyerib-u-sivani:1	efendim	êfêndim	eféndim,; eféndim:; eféndim,; efendím,; eféndim.	my lord	efendim	lemma	degirmenci-ve-tilki:mf02_l12:0	êfêndim	eféndim:	êfêndim: izmi mê bıdê, ez twêri vaca. Paşay Mısri izmi lûê da.	eféndim: ī́zmi me bi̥dé, e̱z túeri vā́d̮a. Pašaí Mi̥sri ī́zmi lú’e dā.
egit	glossary_match	2	1	uc-kardes-masali:2	egit	êgit	egít	hero	egit	lemma	uc-kardes-masali:tb08_l10:10	êgit	egít	bêrai mê emanêtay twê bû. Qabas başi 'Hasanêkira va kê: êgit tê	berá’i me e̱mánetai túe bu. Qabás baší H̔asanékira vā ke: egít te
ehende	glossary_match	1	1	kauge-nyerib-u-sivani:1	ehende	ehêndê	é̱hende	some	ehende	lemma	kauge-nyerib-u-sivani:s03_l11:3	ehêndê	é̱hende	va kê: twe ehêndê eskêri mê kişt, twê şeş dawê mê veşnay, taalan	vā ke: túe̱ é̱hende e̱skéri me kišt, túe še̱š dau’e me ve̱šnai, tá’alan
eiroe	glossary_match	1	1	kauge-nyerib-u-hyeni:1	eiroe	êyroê	eíroe	today	eiroe	lemma	kauge-nyerib-u-hyeni:h01_l08:6	êyroê	eíroe	yaw ğızmkari piriki min kiştû, ez êyroê 'hêyfi twêra gênû. Merdümi	yau γi̥zmkā́ri pī́riki min kíštu, e̱z eíroe h̔eífi túera ǵén’u. Me̱rdṳ́mi
ek	glossary_match	10	2	goin-puhu-kusunun-hikayesi:7; uc-kardes-masali:3	ek	ek; Ek	e̱k; E̱k	that; if	ek’e	lemma	goin-puhu-kusunun-hikayesi:g02_l04:0	ek	e̱k	ek bêray xoê çınû pêrsêna cênyay bawki xoê, vana kê: bêray mê	e̱k beraí χoe t̮í̥nu persén’a d̮éniai baúki χóe, vā́na ke: beraí me
eke	glossary_match	17	5	uc-kardes-masali:10; goin-puhu-kusunun-hikayesi:3; kauge-nyerib-u-sivani:2; degirmenci-ve-tilki:1; kauge-nyerib-u-hyeni:1	eke	ekê	é̱ke; é̱k’e; é̱ḱe; é̱ke; é̱ke; é̱ḱ’e; ḗ̱ke	if	ek’e	lemma	degirmenci-ve-tilki:mf02_l07:0	ekê	é̱ḱe	ekê mê nyêwayştê kêynay paşadê Mısri, tı mê vera dê. Arêwangçi	é̱ḱe me ńewaište keínai pašáde Mi̥sri, ti̥ me ve̱rá de. Ārewāṅt̮í
em	glossary_match	1	1	goin-puhu-kusunun-hikayesi:1	em	em	é̱m-	this	em’a	lemma	goin-puhu-kusunun-hikayesi:g02_l07:9	em	é̱m-	êyştû zêyndang. Sêbah wardêna, bawki xoêra vana: baw, mê em-	eíštu zeindā́ṅ. Sebáh wardén’a, bāúki χóera vā́na: bau, me é̱m-
ena	glossary_match	25	5	uc-kardes-masali:18; kauge-nyerib-u-sivani:4; ali-agha-ladi-kelhani:1; goin-puhu-kusunun-hikayesi:1; kauge-nyerib-u-hyeni:1	ena	ena; Ena; êna	ḗ̱n’a; ḗ̱n’a; ḗ̱n’a; Ē̱n’a; ḗ̱n’a; én’a	this	äna; awe	lemma	ali-agha-ladi-kelhani:a03_l12:4	ena	ḗ̱n’a	şyêri, ez serêy twê ena gêlankê wêna. A'hmêdi veng da va kê:	šyẹ̄́ri, e̱z sé̱rei túe ḗ̱n’a gelā́ṅke wén’a. Ah̔médi ve̱ṅg dā vā ke:
enkai	glossary_match	1	1	kauge-nyerib-u-sivani:1	enkai	enkay	ē̱nkaí	as soon as	enkai	lemma	kauge-nyerib-u-sivani:s02_l08:7	enkay	ē̱nkaí	dûlah ağayri va kê: eskêri mê 'hadraw, enkay ez amêya Dêyştêdê	dúl’ah aγaíri vā ke: e̱skéri me h̔adraú, ē̱nkaí e̱z āmeía Deíštede
enoe	glossary_match	29	5	uc-kardes-masali:15; degirmenci-ve-tilki:7; kauge-nyerib-u-hyeni:3; kauge-nyerib-u-sivani:3; goin-puhu-kusunun-hikayesi:1	enoe	enoê; Enoê; ênoê	ḗ̱n’oe; ẹ̄́n’oe; Ḗ̱n’oe; é̱n’oe; Ḗ̱n’oe; ḗ̱n’oe	this; that	äna; awe	lemma	degirmenci-ve-tilki:mf03_l03:2	enoê	ḗ̱n’oe	lingê, mê enoê dest tepişt awkêra vecyaya tebêr, çêmçêqû paşa	líṅge, me ḗ̱n’oe de̱st te̱píšt aúkera ve̱d̮iáya te̱bér, t̮emt̮equ pašá
er	glossary_match	1	1	kauge-nyerib-u-sivani:1	er	er	e̱r-	sent-	ku. (er) macht	lemma	kauge-nyerib-u-sivani:s04_l01:8	er	e̱r-	cû'hi nyêvêrdana, heminê serê bırmêna. Avdûlah ağay 'habêr er-	d̮úh̔i ńeverdā́na, hé̱mine sé̱re bi̥rmén’a. Avdúl’ah aγái h̔abér e̱r-
ers	glossary_match	5	2	kauge-nyerib-u-sivani:3; kauge-nyerib-u-hyeni:2	ers	erş	e̱rš; e̱rš!	sent; did	ers kerd	lemma	kauge-nyerib-u-hyeni:h05_l10:2	erş	e̱rš!	va kê: erş! Eskêri Xalef ağay kêrd: wakê wakê. Hyêris û çêhêr	vā ke: e̱rš! Ē̱skéri Χalé̱f aγái kerd: wáke wáke. Hyéris u t̮ehér
ersauute	glossary_match	28	3	kauge-nyerib-u-hyeni:19; kauge-nyerib-u-sivani:8; ali-agha-ladi-kelhani:1	ersauute	erşawûtê; êrşawûtê; erşawutê	e̱ršau’úte; e̱ršau’úte; eršau’úte	sent	eräau’üte	lemma	ali-agha-ladi-kelhani:a02_l06:0	erşawutê	e̱ršau’úte	erşawûtê dawana va kê: şıma çê vênerti? ma şyêri Ali ağay bıkşi.	e̱ršau’úte dauwā́na vā ke: ší̥ma t̮e vené̱rti? mā šyẹ̄́ri Áli aγaí bi̥kši.
espar	glossary_match	9	3	kauge-nyerib-u-hyeni:5; kauge-nyerib-u-sivani:3; degirmenci-ve-tilki:1	espar	êspar	espā́r; espā́r,; espā́r,	horse	Sstere	lemma	degirmenci-ve-tilki:mf03_l04:12	êspar	espā́r	erzê xoê mê wica ver daw, ez amêya Paşay Mısri va kê: êspar	é̱rz’e χóe me wíd̮a ve̱r daú, e̱z āmeía.] Pašaí Mí̥sri vā ke: espā́r
espari	glossary_match	1	1	degirmenci-ve-tilki:1	espari	êspari	espā́ri	horsemen	Sstere	lemma	degirmenci-ve-tilki:mf02_l14:9	êspari	espā́ri	zênû xoêri, yaw tûêrgê varay, laser ame pangc sêy êspari çêmçeqû	zén’u χóeri, [yau tu’érge varai, lasé̱r āmé̱ paṅd̮ sei espā́ri t̮emt̮e̱qú
esti	glossary_match	9	2	gespraech-mit-hassan:8; ali-agha-ladi-kelhani:1	esti	esti; êsti	é̱sti?; é̱sti,; é̱sti.; ésti.; ésti,; é̱sti,; é̱sti	there are	estii	lemma	ali-agha-ladi-kelhani:a03_l09:10	esti	é̱sti,	lacan bıkşi; hêma dês û hêyşti merdwomi ğaribi yênê 'hetê esti,	lád̮ān bi̥kší; hém’a des u heíšti mē̱rduó̤mi γarī́bi yéne h̔é̱te é̱sti,
estu	glossary_match	16	3	gespraech-mit-hassan:10; uc-kardes-masali:5; kauge-nyerib-u-sivani:1	estu	estû; Estû; êstû	é̱stu,; é̱stu; é̱stu.; é̱stu; é̱stu,; é̱stu?; É̱stu; éstu,	there is; exists	estii	lemma	gespraech-mit-hassan:h02_l01:5	estû	é̱stu.	Ali Beg sıpyerdışû dawê Aldûni estû.	Áli Be̱g si̥pye̱rdí̥šu daúe Aldū́ni é̱stu.
ez	glossary_match	103	7	kauge-nyerib-u-hyeni:24; uc-kardes-masali:20; kauge-nyerib-u-sivani:18; degirmenci-ve-tilki:13; goin-puhu-kusunun-hikayesi:11; ali-agha-ladi-kelhani:10; gespraech-mit-hassan:7	ez	ez; Ez	e̱z; E̱z	I; 1SG.DIR	ez	lemma	ali-agha-ladi-kelhani:a02_l10:10	ez	e̱z	Qasim ağa şi Ali ağay hetê ronişt va kê: ağa, ez ama twêra ric	Qasím aγá ši Áli aγaí hé̱te rōníšt vā ke: aγá, e̱z amá túera rīd̮
ga	glossary_match	1	1	uc-kardes-masali:1	ga	ga	ga	ox, bullock	ga	lemma	uc-kardes-masali:tb06_l09:6	ga	ga	'Hasanêk werişt va cênyay dyewira: ena ga mê xatır bê twê ez 'ha	H̔asanék we̱ríšt vā d̮éniai d́é̱wira: ḗ̱n’a ga me χatí̥r be túe e̱z h̔a
gamye	glossary_match	1	1	uc-kardes-masali:1	gamye	gamyê	gā́mye	one	gämye	lemma	uc-kardes-masali:tb02_l14:10	gamyê	gā́mye	tê vaystûray xoê bıdê mê, ez hêlyê ğalê çınêna, tê gamyê roşê,	te vaísturai χóe bí̥de me, e̱z hḗlye γalé t̮i̥nén’a, te gā́mye rṓše,
geira	glossary_match	7	2	uc-kardes-masali:6; goin-puhu-kusunun-hikayesi:1	geira	gêyra	geíra; geíra,; geíra; geírá,	searched	geira	lemma	goin-puhu-kusunun-hikayesi:g03_l04:2	gêyra	geíra	kêynêkê ame, gêyra bêray kêynêkê, eki kistû, êyştû zêyndang, cordê	keíneke āmé̱, geíra beraí keíneke, é̱ki kístu, eíštu zeindā́ṅ, d̮ṓrde
gena	glossary_match	3	3	kauge-nyerib-u-hyeni:1; kauge-nyerib-u-sivani:1; uc-kardes-masali:1	gena	gêna	ǵén’a; ǵén’a,; ǵén’a.	I lead; I take	gen’a	lemma	kauge-nyerib-u-hyeni:h03_l14:2	gêna	ǵén’a	desti çwa gêna çaw mevindi, mêyştê kawyaw.	dé̱sti t̮ua ǵén’a t̮au mé̱vindi, meíšte kauyaú.
geraut	glossary_match	14	5	uc-kardes-masali:8; ali-agha-ladi-kelhani:3; goin-puhu-kusunun-hikayesi:1; kauge-nyerib-u-hyeni:1; kauge-nyerib-u-sivani:1	geraut	gêrawt	geraút,; geraút,; geraút; geraút.; geraut,	took	terd geraut	lemma	ali-agha-ladi-kelhani:a02_l09:4	gêrawt	geraút,	amêy Ğêytê, Ğêytêra sêytê gêrawt, bi pangd sêytê şi Ali ağay 'het.	āmeí Γeíte, Γeítera seíte geraút, bi pāṅd seíte ši Áli aγaí h̔e̱t.
gerauti	glossary_match	6	4	degirmenci-ve-tilki:2; kauge-nyerib-u-hyeni:2; ali-agha-ladi-kelhani:1; kauge-nyerib-u-sivani:1	gerauti	gêrawti	geraúti; geraúti,; geraúti	took	terd geraut	lemma	ali-agha-ladi-kelhani:a04_l13:3	gêrawti	geraúti	hêyşt merdûmi ğaribana gêrawti ardi berdi wederti.	heíšt mē̱rdúmi γaribā́na geraúti ā́rdi bé̱rdi we̱dé̱rti.
go	glossary_match	1	1	uc-kardes-masali:1	go	go	gō	said	gö’en; gö’elik	lemma	uc-kardes-masali:tb07_l14:2	go	gō	'Hasanêki qayfetira go kê: ağa, tê çê gûrawkê vaci bêrai mê dest-	H̔asanéki qaife̱tíra gō ke: aγá, te t̮e guraúke vā́d̮i berá’i me dé̱st-
goeni	glossary_match	1	1	ali-agha-ladi-kelhani:1	goeni	goêni	gó’eni	blood	gö’en	lemma	ali-agha-ladi-kelhani:a04_l04:1	goêni	gó’eni	çimyirû, goêni byê A'hmêdi çimi. A'hmêd hyêrs bê, 'hawt teni pêy	t̮ímyiru, gó’eni bíe Ah̔médi t̮ími. Ah̔méd hyẹ̄rs be, h̔aut té̱ni pei
goleki	glossary_match	1	1	goin-puhu-kusunun-hikayesi:1	goleki	golêki	gṓleki	cattle	gölek	lemma	goin-puhu-kusunun-hikayesi:g03_l03:3	golêki	gṓleki	Kêynêk werişt şi, golêki xoê vêr day, şi golêkangdê. Bawki	Keínek we̱ríšt ši, gṓleki χóe ver dai, ši golekā́ṅde. Baúki
gosti	glossary_match	5	1	uc-kardes-masali:5	gosti	goşti	gṓšti	meat	göst	lemma	uc-kardes-masali:tb03_l14:11	goşti	gṓšti	kû, sêba ena pilaw byarû. Cênyay dyewi gay bwêr serê bırna, goşti	ku, sebā́ ḗ̱n’a pilaú biáru. D̮éniai d́é̱wi gai búer sé̱re bi̥rnā́, gṓšti
ha	glossary_match	18	5	uc-kardes-masali:8; kauge-nyerib-u-hyeni:5; goin-puhu-kusunun-hikayesi:2; kauge-nyerib-u-sivani:2; ali-agha-ladi-kelhani:1	ha	'ha; 'Ha; ha	h̔a; h̔ā; h̔ā; H̔a-; hā	here; there; was; PROG/NOW	ha in	lemma	ali-agha-ladi-kelhani:a03_l14:7	'ha	h̔ā	bıkşû. A'hmêd awnya dyêsi wedi, yaw şıbakê 'ha dyêsê wedidê, desti	bi̥kšú. Ah̔méd auńā́ d́ési we̱dí, yau ši̥bā́ke h̔ā d́ése wé̱dide, dé̱sti
haber	glossary_match	18	2	kauge-nyerib-u-hyeni:12; kauge-nyerib-u-sivani:6	haber	'haber; 'habêr	h̔abé̱r; h̔abér; h̔abér	message	häl	lemma	kauge-nyerib-u-hyeni:h02_l14:2	'haber	h̔abé̱r	Wesman ağa 'haber erşawûtê Dêyştêy 'Henzi Mê'hmêt ağayri va kê:	We̱smán aγā h̔abé̱r e̱ršau’úte Deíštei Hʿé̱nzi Meh̔mét aγáiri vā ke:
habere	glossary_match	20	4	kauge-nyerib-u-hyeni:13; kauge-nyerib-u-sivani:4; degirmenci-ve-tilki:2; ali-agha-ladi-kelhani:1	habere	'habêrê; 'haberê	h̔abé̱re; h̔abére; h̔abér’e; h̔abére; hʿabére	message; news	häl	lemma	ali-agha-ladi-kelhani:a02_l05:8	'habêrê	h̔abére	berdi, kêrdi wadey Mê'hmêdi 'Hêndani. Qasim ağay şawê 'habêrê	bé̱rdi, kérdi wade̱i Meh̔médi Hʿendā́ni. Qasím aγaí šaú’e h̔abére
hal	glossary_match	4	1	ali-agha-ladi-kelhani:4	hal	'Hal; 'halira	Hʿāl; h̔ā́lira	uncle; ABL	häl	lemma	ali-agha-ladi-kelhani:a03_l06:6	'Hal	Hʿāl	kişêni. 'Hali xancêray A'hmêdi nyêday cê. 'Hal şê tebêr, eskêri	kišén’i. Hʿāli χand̮érai Ah̔médi ńédai d̮e. Hʿāl šẹ̄ te̱bér, e̱skéri
hali	glossary_match	2	1	ali-agha-ladi-kelhani:2	hali	'Hali; 'hali	Hʿāli; h̔ā́li	uncle	häl	lemma	ali-agha-ladi-kelhani:a03_l06:1	'Hali	Hʿāli	kişêni. 'Hali xancêray A'hmêdi nyêday cê. 'Hal şê tebêr, eskêri	kišén’i. Hʿāli χand̮érai Ah̔médi ńédai d̮e. Hʿāl šẹ̄ te̱bér, e̱skéri
hau	glossary_match	2	1	goin-puhu-kusunun-hikayesi:2	hau	'haw	h̔āu; h̔au	dream	hau	lemma	goin-puhu-kusunun-hikayesi:g02_l06:5	'haw	h̔āu	Kêynêk aya şû ra kwêna, 'haw vyênêna, ek bêray xoê kiştû,	Keínek aya šu rā kuén’a, h̔āu vyenén’a, e̱k beraí χóe kíštu,
hauna	glossary_match	1	1	uc-kardes-masali:1	hauna	'hawnya	h̔aúńa	match	haüna	lemma	uc-kardes-masali:tb05_l01:8	'hawnya	h̔aúńa	gêlankê enoê merdüm sağ amê mê 'hêt, ez 'hawnya yêna serê	gelā́ṅke ḗ̱n’oe me̱rdṳ́m saγ amé me h̔ēt, e̱z h̔aúńa yén’a sé̱re
haut	glossary_match	3	2	uc-kardes-masali:2; ali-agha-ladi-kelhani:1	haut	hawt; 'hawt	haut; h̔aut	seven	haut	lemma	ali-agha-ladi-kelhani:a04_l04:8	'hawt	h̔aut	çimyirû, goêni byê A'hmêdi çimi. A'hmêd hyêrs bê, 'hawt teni pêy	t̮ímyiru, gó’eni bíe Ah̔médi t̮ími. Ah̔méd hyẹ̄rs be, h̔aut té̱ni pei
he	glossary_match	3	2	gespraech-mit-hassan:2; uc-kardes-masali:1	he	'Hê; he; 'he	Hʿe-; he̱-; h̔é̱	Hemık; pomegranate; not	he	lemma	gespraech-mit-hassan:h01_l08:6	'Hê	Hʿe-	Fatrakom, 'Hopsor, Tênik, Rêjwan, Zımag, 'Hoêrsig, 'Hê-	Fatrakó̤m, Hʿo̤psó̤r, Teníḱ, Réžuān, Zi̥máǵ, Hʿoersíǵ, Hʿe-
helye	glossary_match	1	1	uc-kardes-masali:1	helye	hêlyê	hḗlye	a little	helye	lemma	uc-kardes-masali:tb02_l14:6	hêlyê	hḗlye	tê vaystûray xoê bıdê mê, ez hêlyê ğalê çınêna, tê gamyê roşê,	te vaísturai χóe bí̥de me, e̱z hḗlye γalé t̮i̥nén’a, te gā́mye rṓše,
hema	glossary_match	4	3	kauge-nyerib-u-hyeni:2; ali-agha-ladi-kelhani:1; uc-kardes-masali:1	hema	hema; hêma; 'hema	hém’a; h̔é̱m’a; hé̱m’a; he̱ma	however	hema	lemma	ali-agha-ladi-kelhani:a03_l09:2	hêma	hém’a	lacan bıkşi; hêma dês û hêyşti merdwomi ğaribi yênê 'hetê esti,	lád̮ān bi̥kší; hém’a des u heíšti mē̱rduó̤mi γarī́bi yéne h̔é̱te é̱sti,
heme	glossary_match	9	3	ali-agha-ladi-kelhani:7; kauge-nyerib-u-hyeni:1; uc-kardes-masali:1	heme	hemê; heme	hé̱me; hé̱me̱; hé̱me	all	heme	lemma	ali-agha-ladi-kelhani:a01_l10:6	hemê	hé̱me	ma şawê şyêri Ali ağay çêhêr hemê lacana ma bıkşi. 'Hasan ağay	mā šaú’e šyẹ̄́ri Áli aγaí t̮ehér hé̱me lad̮ā́na mā bi̥kší. Hʿasán aγaí
hemine	glossary_match	11	3	kauge-nyerib-u-sivani:5; uc-kardes-masali:4; kauge-nyerib-u-hyeni:2	hemine	heminê	hé̱mine; hé̱mine; hé̱mine; hé̱mine.	all	heme	lemma	kauge-nyerib-u-hyeni:h05_l08:6	heminê	hé̱mine	çewi eskêri Daqma begi vêra medi, heminê bıkşi. Eskêri Xalef	t̮é̱wi e̱skéri Dáqma bé̱gi véra mé̱di, hé̱mine bi̥kší. E̱skéri Χalé̱f
hergu	glossary_match	1	1	ali-agha-ladi-kelhani:1	hergu	hêrgu	hérgu	each	hergu	lemma	ali-agha-ladi-kelhani:a04_l07:0	hêrgu	hérgu	hêrgû kês şi kêy xoê. Cênazay Ali ağay, çêhêr heme lacana, dês û	hérgu kes ši kei χóe. D̮enazaí Áli aγaí, t̮ehér hé̱me̱ lād̮ā́na, des u
hers	glossary_match	1	1	goin-puhu-kusunun-hikayesi:1	hers	'hêrs	h̔ẹ̄rs	anger	hers	lemma	goin-puhu-kusunun-hikayesi:g03_l15:1	'hêrs	h̔ẹ̄rs	Myêrdêk 'hêrs bê, şê leşê lacêki zêyndana vetê ardi cêni 'het,	Myẹ̄́rdek h̔ẹ̄rs be, šẹ̄ lé̱še lā́d̮eki zeindā́na vé̱te ā́rdi d̮éni h̔e̱t,
heta	glossary_match	7	3	kauge-nyerib-u-hyeni:5; degirmenci-ve-tilki:1; kauge-nyerib-u-sivani:1	heta	'hêta; 'heta; hêta; heta	h̔éta; h̔é̱t’a; h̔e̱ta; héta; hé̱ta	until	hetakü	lemma	degirmenci-ve-tilki:mf03_l08:8	'heta	h̔é̱t’a	'hata dı rodi eskêri xoê mevêcê sêlam lêğêy, 'heta çêmçaqû paşa	h̔ā́t’a di̥ rōdi e̱skéri χóe mé̱ved̮e selám leγeí, h̔é̱t’a t̮emt̮aqú pašá
hirye	glossary_match	12	5	uc-kardes-masali:8; ali-agha-ladi-kelhani:1; degirmenci-ve-tilki:1; kauge-nyerib-u-hyeni:1; kauge-nyerib-u-sivani:1	hirye	hiryê; 'Hiryê	hī́rye; hírye; Hʿī́rye	three	diei	lemma	ali-agha-ladi-kelhani:a04_l05:5	'Hiryê	Hʿī́rye	aya xancêri kişti. A'hmêd kişya. 'Hiryê heme bêrai A'hmêdi bawkê	áya χand̮éri kíšti. Ah̔méd kíšya. Hʿī́rye hé̱me̱ berá’i Ah̔médi baúke
kai	glossary_match	2	2	kauge-nyerib-u-hyeni:1; uc-kardes-masali:1	kai	kay	kai; kaí	riding about; now	kai kün'a	lemma	kauge-nyerib-u-hyeni:h05_l03:1	kay	kai	êspar kay kênû, qamûk byû pêye, qamûk na wênû, qamûk govêndi	espā́r kai kén’u, qā́muk byu peíye̱, qā́muk nā wén’u, qā́muk gōvéndi
kali	glossary_match	1	1	uc-kardes-masali:1	kali	kali	kā́li	speaks	käli kün’a	lemma	uc-kardes-masali:tb09_l04:5	kali	kā́li	erû, serêy dyewidê zwang estû, kali kênû, twêra vanû yawnay pêro	é̱ru, sé̱rei d́é̱wide zuā́ṅ é̱stu, kā́li kén’u, túera vā́nu yaunaí péro̤
kar	glossary_match	1	1	uc-kardes-masali:1	kar	kar	kār	work	kar	lemma	uc-kardes-masali:tb01_l05:0	kar	kār	kar bıkêri, pêy dabaray ma bobû. Enyê hiryê hemê weristi şi, ve-	kār bi̥kérí, pei dabā́rai ma bo̤bú. Ḗ̱n’ie hī́rye hé̱me we̱rísti ši, ve̱-
kauge	glossary_match	51	3	kauge-nyerib-u-hyeni:26; kauge-nyerib-u-sivani:14; gespraech-mit-hassan:11	kauge	kawğe; kawğei; kawğê; Kawğê	kauγé̱; kauγé̱’i; kauγé̱; kauγé; kauγé̱.; kauγé̱,; kauγé̱,; kauγé̱	fight; feud; EZ/GEN	kauyä	lemma	gespraech-mit-hassan:h03_l08:2	kawğe	kauγé̱	Tû zaf kawğe di?	Tu zāf kauγé̱ dī?
kaut	glossary_match	12	5	kauge-nyerib-u-hyeni:4; kauge-nyerib-u-sivani:4; uc-kardes-masali:2; ali-agha-ladi-kelhani:1; degirmenci-ve-tilki:1	kaut	kawt	kaut; kaut,; kaut.	went; fell	kaut	lemma	ali-agha-ladi-kelhani:a04_l02:6	kawt	kaut.	day 'hali bınê çici raştirû. 'Hal kawt. A'hmêdi xancêri 'halira vetê,	dai h̔ā́li bí̥ne t̮íd̮i rā́štiru. Hʿāl kaut. Ah̔médi χand̮éri h̔ā́lira vé̱te,
kauti	glossary_match	2	2	kauge-nyerib-u-hyeni:1; kauge-nyerib-u-sivani:1	kauti	kawti	kaúti; kaúti	went	kaut	lemma	kauge-nyerib-u-hyeni:h08_l09:2	kawti	kaúti	Daqma begi, kawti temya, dı saati kawğe kerd, pêynıdê	Dáqma bé̱gi, kaúti te̱myá, di̥ sā’ati kauγé̱ ke̱rd, peíni̥de
kayit	glossary_match	2	1	uc-kardes-masali:2	kayit	kayit	kayít	letter	kayit	lemma	uc-kardes-masali:tb05_l03:5	kayit	kayít	rayêrang ver dana. Daw werişt, kayit noşt, da 'Hasanêkira. 'Ha-	rayerā́ṅ ve̱r dāna. Dau we̱ríšt, kayít nošt, dā H̔asanékira. H̔a-
ke	glossary_match	187	6	kauge-nyerib-u-hyeni:55; uc-kardes-masali:45; kauge-nyerib-u-sivani:33; degirmenci-ve-tilki:24; ali-agha-ladi-kelhani:17; goin-puhu-kusunun-hikayesi:13	ke	kê; Kê; ke	ke:; ke; ke,; Ke; ké:; ke̱:	that	ke	lemma	ali-agha-ladi-kelhani:a01_l07:7	kê	ke:	Karbêgani, 'Hasan ağa Weşini amêy pyêser va kê: ma şyêri kêy	Karbegā́ni, Hʿasán aγá We̱šíni āmeí pyesé̱r vā ke: mā šyẹ̄́ri kei
kebab	glossary_match	8	1	uc-kardes-masali:8	kebab	kebab; kêbab	ke̱bā́b; kebā́b.	kebab	kebäb	lemma	uc-kardes-masali:tb04_l14:4	kebab	ke̱bā́b	wani 'Hasanêki tra kê, kebab kê, pawjê, miri berşaw, ek ena	wā́ni H̔asanéki trā ke, ke̱bā́b ke, paúže, míri bḗ̱ršau, e̱k ḗ̱n’a
kei	glossary_match	15	6	ali-agha-ladi-kelhani:4; uc-kardes-masali:4; kauge-nyerib-u-sivani:3; goin-puhu-kusunun-hikayesi:2; gespraech-mit-hassan:1; kauge-nyerib-u-hyeni:1	kei	kêy	kei; keí-	house	kei	lemma	ali-agha-ladi-kelhani:a01_l07:10	kêy	kei	Karbêgani, 'Hasan ağa Weşini amêy pyêser va kê: ma şyêri kêy	Karbegā́ni, Hʿasán aγá We̱šíni āmeí pyesé̱r vā ke: mā šyẹ̄́ri kei
keif	glossary_match	2	1	uc-kardes-masali:2	keif	kêyf	keif	pleasure	keif = Krm. keif	lemma	uc-kardes-masali:tb06_l05:15	kêyf	keif	serê bırna, goşti gay şûri kêrd kêbab. 'Hasanêk aya şawê kêyna kıci 'hêtê ra kawt, kêyf sêfa kêrd 'he	sé̱re bi̥rná, gṓšti gai šúri kerd kebā́b. H̔asanék áya šaúe keína ki̥d̮i h̔ēte rā kaut, keif sefá kerd h̔é̱
keifi	glossary_match	1	1	kauge-nyerib-u-sivani:1	keifi	kêyfi	keífi	wish	keif = Krm. keif	lemma	kauge-nyerib-u-sivani:s05_l09:0	kêyfi	keífi	kêyfi twê wazênû ez mal dana twê. 'Haydêr ağa werişt bê êspar,	keífi túe wazén’u e̱z māl dā́na túe. Hʿaidér aγá we̱ríšt be espā́r,
keike	glossary_match	2	2	kauge-nyerib-u-hyeni:1; uc-kardes-masali:1	keike	kêykê	keíke	even if; as soon as	keike	lemma	kauge-nyerib-u-hyeni:h04_l13:10	kêykê	keíke	bıki, ma cang mırdi aşirani, metêrsi, ez 'ha şıma ver, kêykê ez	bi̥kí, mā d̮āṅ mí̥rdi aširā́ni, mé̱tersi, e̱z h̔ā ši̥má ve̱r, keíke e̱z
keina	glossary_match	4	2	uc-kardes-masali:3; goin-puhu-kusunun-hikayesi:1	keina	kêyna	keína; keína	daughter; girl	kcina	lemma	goin-puhu-kusunun-hikayesi:g02_l01:3	kêyna	keína	seri venert, yaw kêyna aya cênira byê. Ena cênyê byê dışmêni	sé̱ri ve̱né̱rt, yau keína áya d̮énira bī́e. Ē̱n’a d̮énie bíe di̥šmén’i
keinai	glossary_match	15	3	uc-kardes-masali:10; degirmenci-ve-tilki:4; goin-puhu-kusunun-hikayesi:1	keinai	kêynay; Kêynay	keínai; keínai; Keínai	daughter; girl	kcina	lemma	degirmenci-ve-tilki:mf02_l04:4	kêynay	keínai	vera dê, ez twêri kêynay paşadê Mısri wazêna. Arêwangçi va	ve̱rā́ de, e̱z túeri keínai pašáde Mí̥sri wazén’a. Ārewāṅt̮í vā
keiye	glossary_match	17	6	goin-puhu-kusunun-hikayesi:5; uc-kardes-masali:5; degirmenci-ve-tilki:2; kauge-nyerib-u-hyeni:2; kauge-nyerib-u-sivani:2; ali-agha-ladi-kelhani:1	keiye	kêyê; kêye; kêyêdê	keíye,; keíye,; keíye; keíye̱,; keíye.; keíye; keíyede; keíye.	house; LOC	kei	lemma	ali-agha-ladi-kelhani:a01_l04:1	kêyê	keíye	ağay kêyê xoê bar kêrd, şê Syêraçûrê. Hiris û şêş roci vênert	aγaí keíye χóe bār kerd, šẹ̄ Syérat̮ūre. Híris u šẹ̄š rṓd̮i vené̱rt
kenari	glossary_match	1	1	degirmenci-ve-tilki:1	kenari	kênari	kenā́ri	to do	kenär; ken'a; tra ken’a; ve ken’a; ver ken’a	lemma	degirmenci-ve-tilki:mf03_l15:11	kênari	kenā́ri	ryê xoê tayşt; ame, kinci gêrawti pêra, lwê kawtê ver, şi kênari	ríe χóe taišt; āmé̱, kínd̮i geraúti perá, lúe kaúte ve̱r, šī kenā́ri
kenu	glossary_match	5	3	kauge-nyerib-u-hyeni:2; uc-kardes-masali:2; degirmenci-ve-tilki:1	kenu	kênû	kén’u.; kén’u,; ḱén’u.	does; will cut	ken'a; tra ken’a; ve ken’a; ver ken’a; ki	lemma	degirmenci-ve-tilki:mf04_l13:8	kênû	kén’u.	lwêra: paşay Mısri nêkay yênû, serêy mê têra kênû. Lwê va kê:	lúera: pašaí Mí̥sri nekāí yén’u, sé̱rei me terá kén’u. Lúe vā ke:
kerd	glossary_match	43	6	kauge-nyerib-u-hyeni:13; uc-kardes-masali:11; kauge-nyerib-u-sivani:10; degirmenci-ve-tilki:4; ali-agha-ladi-kelhani:3; goin-puhu-kusunun-hikayesi:2	kerd	kêrd; kerd; kêna; kêni	kerd,; ke̱rd,; kerd; kerd.; kén’a,; kén’i.; ke̱rd; kén’a.	did; do/make; PRS.1SG; PRS; cut	ers kerd; top kerd; müSore (ar. L») kerd	lemma	ali-agha-ladi-kelhani:a01_l04:4	kêrd	kerd,	ağay kêyê xoê bar kêrd, şê Syêraçûrê. Hiris û şêş roci vênert	aγaí keíye χóe bār kerd, šẹ̄ Syérat̮ūre. Híris u šẹ̄š rṓd̮i vené̱rt
kerde	glossary_match	2	1	uc-kardes-masali:2	kerde	kerdê	ké̱rde	did	uiära kerde xüeri	lemma	uc-kardes-masali:tb09_l14:2	kerdê	ké̱rde	gêrawtê mara kerdê xoêri, şê gêyra bêrai xoê Qasim Şaban di,	geraúte mā́ra ké̱rde χóeri, šẹ̄ geíra berá’i χóe Qasím Šabán dī,
kerdi	glossary_match	7	4	kauge-nyerib-u-sivani:3; ali-agha-ladi-kelhani:2; degirmenci-ve-tilki:1; kauge-nyerib-u-hyeni:1	kerdi	kerdi; kêrdi	ké̱rdi,; kérdi; ké̱rdi.; ké̱rdí; kérdi,; ké̱rdi.	did; brought; gathered	ers kerd; top kerd; müSore (ar. L») kerd	lemma	ali-agha-ladi-kelhani:a02_l05:1	kêrdi	kérdi	berdi, kêrdi wadey Mê'hmêdi 'Hêndani. Qasim ağay şawê 'habêrê	bé̱rdi, kérdi wade̱i Meh̔médi Hʿendā́ni. Qasím aγaí šaú’e h̔abére
ki	glossary_match	4	3	uc-kardes-masali:2; degirmenci-ve-tilki:1; kauge-nyerib-u-hyeni:1	ki	ki	ki,; ki.; ki	to do; that	ki	lemma	degirmenci-ve-tilki:mf04_l10:12	ki	ki,	nyinyû enêy serê. Paşay Mısri va kê: beri wade cay cey ra ki, we	ńíńu ḗ̱n’ei sé̱re. Pašai Mí̥sri vā ke: bé̱ri wadé̱ d̮ai d̮e̱i rā ki, we̱
kist	glossary_match	20	5	ali-agha-ladi-kelhani:6; kauge-nyerib-u-hyeni:6; kauge-nyerib-u-sivani:5; goin-puhu-kusunun-hikayesi:2; degirmenci-ve-tilki:1	kist	kişt; kışêna; kişênû; kişêni; kişêna; kı; sêna; kişênya	kišt,; kišén’i.; kišt.; ki̥-; sén’a.; ki̥šén’a.; kišén’u.; kīšén’u?	kill; PRS/FUT.1SG; killed; PRS/FUT.3SG; PRS/FUT; kill stem continuation	kisen’a	lemma	ali-agha-ladi-kelhani:a03_l03:12	kı	ki̥-	bawni, xalo, tê çêkani ma bêni, pêynıdê tê xain vêci, ez twê kı-	baúni, χálō, te t̮ékāni mā bén’i, peíni̥de te χa’ín ved̮í, e̱z túe ki̥-
kisti	glossary_match	8	3	ali-agha-ladi-kelhani:4; kauge-nyerib-u-hyeni:2; kauge-nyerib-u-sivani:2	kisti	kişti	kíšti.; kíšti,; kíšti; kíšti,	killed	kisen’a	lemma	ali-agha-ladi-kelhani:a01_l03:0	kişti	kíšti.	kişti. Çawdi Ali ağay çi nyêbê, çewi desti Ali ağay nyêgêrawt. Ali	kíšti. T̮aúdi Áli aγaí t̮i ńébe, t̮é̱wi dé̱sti Áli aγaí ńegeraút. Áli
kistu	glossary_match	12	2	goin-puhu-kusunun-hikayesi:9; kauge-nyerib-u-hyeni:3	kistu	kiştû; kistû	kíštu,; kíštu,; kíštu,; kístu,; kíštu; kištu,	killed	kisen’a	lemma	goin-puhu-kusunun-hikayesi:g02_l06:10	kiştû	kíštu,	Kêynêk aya şû ra kwêna, 'haw vyênêna, ek bêray xoê kiştû,	Keínek aya šu rā kuén’a, h̔āu vyenén’a, e̱k beraí χóe kíštu,
koi	glossary_match	2	1	uc-kardes-masali:2	koi	koy	koi,	mountain	koi	lemma	uc-kardes-masali:tb01_l06:3	koy	koi,	cyay seri yaw koy, awnyay yaw dêyştê, asêni pirû ğalêa. 'Hasanêki	d̮iaí sé̱ri yau koi, auńaí yau deíšte, asén’i pī́ru γaléa. Hʿasanéki
kopeki	glossary_match	1	1	goin-puhu-kusunun-hikayesi:1	kopeki	kopeki	kōpé̱ki,	of a dog	köpeki	lemma	goin-puhu-kusunun-hikayesi:g04_l01:4	kopeki	kōpé̱ki,	va kê cênira, kêynay kopeki, la qami kiştû ênoê lacêk? Zwani	vā ke d̮énira, keínai kōpé̱ki, la qā́mi kíštu ẹ̄́n’oe lā́d̮ek? Zuā́ni
ku	glossary_match	8	3	uc-kardes-masali:6; ali-agha-ladi-kelhani:1; degirmenci-ve-tilki:1	ku	kû; ku	ku,; ku; ku.	that; where; lie down	ku. (er) macht	lemma	ali-agha-ladi-kelhani:a03_l11:10	ku	ku	ver, veng da va kê A'hmêdira: warêza, ez amêya, tı kû sera	ve̱r, ve̱ṅg dā vā ke Ah̔médira: wáreza, e̱z ameíya, ti̥ ku sé̱ra
kuena	glossary_match	1	1	goin-puhu-kusunun-hikayesi:1	kuena	kwêna	kuén’a,	lay down	kuen a; ra kuen’a	lemma	goin-puhu-kusunun-hikayesi:g02_l06:4	kwêna	kuén’a,	Kêynêk aya şû ra kwêna, 'haw vyênêna, ek bêray xoê kiştû,	Keínek aya šu rā kuén’a, h̔āu vyenén’a, e̱k beraí χóe kíštu,
kut	glossary_match	1	1	kauge-nyerib-u-hyeni:1	kut	kûçan	kút̮ān,	meadow; PL	kut	lemma	kauge-nyerib-u-hyeni:h04_l07:4	kûçan	kút̮ān,	pêye pyêrû erşawût pêy kûçan, êspar pyêrû erşawût pêy rezan.	peíye̱ pyéru e̱ršau’út pei kút̮ān, espā́r pyéru e̱ršau’út pei ré̱zān.
kutiki	glossary_match	3	1	uc-kardes-masali:3	kutiki	kûtıki	kuti̥ki; kuti̥ki,; kutí̥ki,	bad	kütik	lemma	uc-kardes-masali:tb04_l05:1	kûtıki	kuti̥ki	kêynay kûtıki senyyê enoê nang 'hadre kerdû, daw twê, twê enoê	keínai kuti̥ki sé̱ń’ie ḗ̱n’oe nāṅ h̔adré̱ ké̱rdu, dau túe, túe ḗ̱n’oe
lue	glossary_match	32	1	degirmenci-ve-tilki:32	lue	Lwê; Lûê; lwê; lûê; lwêra; lûêra	Lúe; Lú’e; lú’e; lúe; lúera:; lú’era:; lúe.; lúe,	fox; RECIP	lu	lemma	degirmenci-ve-tilki:mf02_l01:7	lûê	lú’e	newêtê paûtê, awnyay kê myanê şawê yaw lûê amêy zerê, şyê mê-	né̱wete pa’úte, auńaí ke myā́ne šaú’e yau lú’e āmeí zé̱re, šíe me-
ma	glossary_match	71	6	kauge-nyerib-u-hyeni:21; uc-kardes-masali:19; kauge-nyerib-u-sivani:12; ali-agha-ladi-kelhani:11; gespraech-mit-hassan:7; degirmenci-ve-tilki:1	ma	ma; Ma; mara	mā; mā; ma; Mā; mā́ra; ma,; mā,	we; us; RECIP; 1PL.POSS	rna	lemma	ali-agha-ladi-kelhani:a01_l07:8	ma	mā	Karbêgani, 'Hasan ağa Weşini amêy pyêser va kê: ma şyêri kêy	Karbegā́ni, Hʿasán aγá We̱šíni āmeí pyesé̱r vā ke: mā šyẹ̄́ri kei
mal	glossary_match	7	1	kauge-nyerib-u-sivani:7	mal	mal	māl	property	mal	lemma	kauge-nyerib-u-sivani:s02_l15:6	mal	māl	dawani va ke: metêrsi, seri mıri, mal şımari. Dawang va kê: ma	dauā́ni vā ke̱: mé̱tersi, sé̱ri mí̥ri, māl ši̥mā́ri. Dauā́ṅ vā ke: mā
mali	glossary_match	2	2	kauge-nyerib-u-hyeni:1; kauge-nyerib-u-sivani:1	mali	mali	mā́li; mā́li	property	mal	lemma	kauge-nyerib-u-hyeni:h02_l08:8	mali	mā́li	xoê bi, şıma merdümi şari kişti, şar yênû, mali şıma bênû, şıma	χóe bi, ši̥mā́ me̱rdṳ́mi šā́rí kíšti, šār yén’u, mā́li ši̥mā́ bén’u, ši̥mā́
mari	glossary_match	2	1	uc-kardes-masali:2	mari	mari	māri; mā́ri	to us	Sanel märi; mar	lemma	uc-kardes-masali:tb01_l08:4	mari	māri	wayêri ênyê yali êstû, mari yaw hawlê bikêrû. Ênyê bêray wê-	wayéri én’ie yalí éstu, māri yau haúle bikeru. Én’ie beraí we-
me	glossary_match	128	7	kauge-nyerib-u-hyeni:25; kauge-nyerib-u-sivani:24; uc-kardes-masali:24; goin-puhu-kusunun-hikayesi:19; degirmenci-ve-tilki:14; ali-agha-ladi-kelhani:12; gespraech-mit-hassan:10	me; me-	mê; metêrsi; mêra; mevindi; metêrsê; Mê; mevindê; me'hêpinê	me; me,; méra; mé̱tersi,; mé̱vindi,; mé̱tersi,; me.; Me	my; NEG.IMP; 1SG; me; fear; delay; I; 1SG.OBL	mjri; ez	lemma	ali-agha-ladi-kelhani:a02_l11:7	mê	me	amênêt kêna. Ali ağa va kê: ağa, mê me'hêpinê, ez çêkanê xoê	amenét kén’a. Áli aγá vā ke: aγá, me me̱h̔épine, e̱z t̮ékāne χóe
meiti	glossary_match	1	1	kauge-nyerib-u-hyeni:1	meiti	mêyti	meíti	dead bodies	meit	lemma	kauge-nyerib-u-hyeni:h09_l04:3	mêyti	meíti	byari. Merdüm şi, mêyti ardi, ronişt.	biári. Me̱rdṳ́m ši, meíti ā́rdi, rōníšt.
mekse	glossary_match	1	1	degirmenci-ve-tilki:1	mekse	mêkşê	mékše,	do not kill	mekSe	lemma	degirmenci-ve-tilki:mf02_l06:7	mêkşê	mékše,	Mısri wazêni? Lûê va kê: tı mê mêkşê, ez twêri wazêna,	Mí̥sri wazén’i? Lú’e vā ke: ti̥ me mékše, e̱z túeri wazén’a,
mela	glossary_match	12	3	kauge-nyerib-u-sivani:7; kauge-nyerib-u-hyeni:3; ali-agha-ladi-kelhani:2	mela	Mêla; mêla	Mél’a; Mél’a; mél’a	mullah; Mela, religious title	möl’a	lemma	ali-agha-ladi-kelhani:a04_l09:4	mêla	mél’a	veng da va kê mêla Qasimi Dêsmûncira: byêri cênazay Ali ağay	ve̱ṅg dā vā ke mél’a Qasími Desmúnd̮ira: bíeri d̮enazaí Áli aγaí
melai	glossary_match	1	1	ali-agha-ladi-kelhani:1	melai	Mêlay	Mél’ai	mullah	möl’a	lemma	ali-agha-ladi-kelhani:a04_l08:7	Mêlay	Mél’ai	hêyşt merdümi ğaribana pyêrû mêndi wadedê. Soba Mêlay Rêsa	heišt me̱rdṳ́mi γaribā́na pyéru méndi wáde̱de. So̤bá Mél’ai Resá
mend	glossary_match	3	2	kauge-nyerib-u-sivani:2; kauge-nyerib-u-hyeni:1	mend	mênd; Mênd	mend,; mend.; Mend	passed	mend	lemma	kauge-nyerib-u-hyeni:h03_l05:2	mênd	mend,	Kê aşmi mênd, Daqma begi 'Hyêni 'habêrê erşawûtê Nyêribû	Ke āšmi mend, Dáqma bé̱gí Hʿyẹ̄́ni h̔abére e̱ršau’úte Ńeríbu
mendi	glossary_match	1	1	ali-agha-ladi-kelhani:1	mendi	mêndi	méndi	stay	mend	lemma	ali-agha-ladi-kelhani:a04_l08:4	mêndi	méndi	hêyşt merdümi ğaribana pyêrû mêndi wadedê. Soba Mêlay Rêsa	heišt me̱rdṳ́mi γaribā́na pyéru méndi wáde̱de. So̤bá Mél’ai Resá
merd	glossary_match	2	2	goin-puhu-kusunun-hikayesi:1; uc-kardes-masali:1	merd	merd	me̱rd,	man	merd	lemma	goin-puhu-kusunun-hikayesi:g01_l02:3	merd	me̱rd,	têra bi. Cênyay merd, pêynıdê myêrdê şê yawna cêni ardê. Dı	terá bī. D̮éniai me̱rd, peíni̥de myérde šẹ̄ yaúna d̮éni ā́rde. Di̥
merda	glossary_match	1	1	kauge-nyerib-u-hyeni:1	merda	merda	mé̱rdā	die	merda	lemma	kauge-nyerib-u-hyeni:h04_l14:0	merda	mé̱rdā	merda şıma 'hema şyêri kawğê. Eskêri Xalef ağay va kê, peki,	mé̱rdā ši̥má h̔é̱m’a šyẹ̄́ri kauγé. E̱sḱéri Χalé̱f aγái vā ke, pé̱ḱi,
merdum	glossary_match	38	6	kauge-nyerib-u-hyeni:23; uc-kardes-masali:5; ali-agha-ladi-kelhani:4; kauge-nyerib-u-sivani:3; gespraech-mit-hassan:2; degirmenci-ve-tilki:1	merdum	merdümi; merdüm; Merdümi; merdümû; merdumi; Merdûm; merdûm; Mêrdümi	me̱rdṳ́mi; Me̱rdṳ́mi; me̱rdṳ́m; me̱rdṳ́m; me̱rdṳ́mu; mē̱rdṳ́mi; mē̱rdúmi; me̱rdṳ́mu	man/person; OBL/EZ; person; man; RECIP	merdüm	lemma	ali-agha-ladi-kelhani:a04_l06:6	merdümi	me̱rdṳ́mi	yê kişti. Dês û 'hêyşt teni merdümi ğaribi kişti. Eskêr ağayra şê,	ye kíšti. Des u h̔eíšt té̱ni me̱rdṳ́mi γarī́bi kíšti. E̱skér aγaíra šẹ̄,
mi	glossary_match	2	2	degirmenci-ve-tilki:1; goin-puhu-kusunun-hikayesi:1	mi	mı	mi̥	me	mjri; ez	lemma	degirmenci-ve-tilki:mf05_l02:1	mı	mi̥	yênû, mı kişênû. Lwê va kê: warzê, ez twêri awkê kêna mesi-	yén’u, mi̥ kišén’u. Lúe vā ke: wárze, e̱z túeri aúke kén’a me̱si-
mirdi	glossary_match	2	1	kauge-nyerib-u-hyeni:2	mirdi	mırdi	mí̥rdi	brave	dan mirdi	lemma	kauge-nyerib-u-hyeni:h04_l13:3	mırdi	mí̥rdi	bıki, ma cang mırdi aşirani, metêrsi, ez 'ha şıma ver, kêykê ez	bi̥kí, mā d̮āṅ mí̥rdi aširā́ni, mé̱tersi, e̱z h̔ā ši̥má ve̱r, keíke e̱z
miri	glossary_match	27	3	uc-kardes-masali:19; kauge-nyerib-u-sivani:5; degirmenci-ve-tilki:3	miri	miri; mıri	míri; mí̥ri; mí̥ri,; mi̥ri,; mi̥ri; míri.; míri,	to me; mine	mjri; ez	lemma	degirmenci-ve-tilki:mf02_l11:8	mıri	mí̥ri	şay Mısri va kê lûêra: derdi tû çyû, mıri vacê. Lûê va kê:	šai Mí̥sri vā ke lú’era: dé̱rdi tu t̮yu, mí̥ri vā́d̮e. Lú’e vā ke:
nau	glossary_match	1	1	uc-kardes-masali:1	nau	naw	nau,	now	nau	lemma	uc-kardes-masali:tb06_l13:9	naw	nau,	kêyê. 'Hasanêki va kê: bêray mêy, kêy dyewi xerab naw, warzi ma	keíye. H̔asanéki vā ke: beraí mei, kei d́é̱wi χe̱ráb nau, wárzi ma
navauke	glossary_match	2	1	kauge-nyerib-u-sivani:2	navauke	nyavawkê	ńavaúke	until	navaüke	lemma	kauge-nyerib-u-sivani:s02_l06:8	nyavawkê	ńavaúke	xoê bıgi, byê Cayt ver, ma kawğê bıki, nyavawkê tê serêy mê wêni,	χóe bi̥ǵí, bye D̮ait ve̱r, mā kauγé bi̥kí, ńavaúke te sé̱rei me wén’i,
nekai	glossary_match	5	2	degirmenci-ve-tilki:3; uc-kardes-masali:2	nekai	nêkay	nekaí; nekāí	now	nekai	lemma	degirmenci-ve-tilki:mf04_l13:3	nêkay	nekāí	lwêra: paşay Mısri nêkay yênû, serêy mê têra kênû. Lwê va kê:	lúera: pašaí Mí̥sri nekāí yén’u, sé̱rei me terá kén’u. Lúe vā ke:
nesena	glossary_match	1	1	gespraech-mit-hassan:1	nesena	nyêşêna	ńešén’a	I cannot	nesen’a väda	lemma	gespraech-mit-hassan:h04_l01:2	nyêşêna	ńešén’a	Ez rocêya, nyêşêna vaca, zerêy mê kalüna wazêna.	E̱z rōd̮eia, ńešén’a vā́d̮a, ze̱réi me kalṳ́na wazén’a.
neyai	glossary_match	2	1	uc-kardes-masali:2	neyai	nêyay	neyaí	bent down	neyai	lemma	uc-kardes-masali:tb01_l09:2	nêyay	neyaí	risti şı, nêyay yalêa, yalê çına di roci.	rísti ši̥, neyaí yaléa, yalé t̮í̥na di rṓd̮i.
nu	glossary_match	3	3	ali-agha-ladi-kelhani:1; degirmenci-ve-tilki:1; kauge-nyerib-u-sivani:1	nu	nyû; nyu	ńu.; ńu,; ńu,	not	nu	lemma	ali-agha-ladi-kelhani:a02_l03:1	nyu	ńu.	lazim nyû. Ağalêri Sivani ci giryay şi kêy xoê. Qasim ağa, 'Hasan	lazím ńu. Aγáleri Sivā́ni d̮i giríai šī kei χóe. Qasím aγá, Hʿasán
nusena	glossary_match	1	1	uc-kardes-masali:1	nusena	nûsêna	nusén’a,	I schreibe, ngst, schrieb	nusen’a	lemma	uc-kardes-masali:tb04_l11:2	nûsêna	nusén’a,	ez nêkay nûsêna, dana twê, bigû, şwê, bıdê cênyay mê, ena gêlankê	e̱z nekaí nusén’a, dā́na túe, biǵú, šúe, bi̥dé d̮éniai me, ḗ̱n’a gelāṅke
pa	glossary_match	4	2	degirmenci-ve-tilki:3; uc-kardes-masali:1	pa	pa; Pa	pa; Pa-; pa-	to	pa	lemma	degirmenci-ve-tilki:mf02_l10:10	Pa	Pa-	Lûê weriştê, şyê Mısr, şi paşay Mısr 'hêt, temênê kêrd. Pa-	Lú’e we̱ríšte, šíe Mi̥sr, šī pašai Mí̥sr h̔et, té̱mene kerd. Pa-
pei	glossary_match	13	4	kauge-nyerib-u-hyeni:9; ali-agha-ladi-kelhani:2; degirmenci-ve-tilki:1; uc-kardes-masali:1	pei	pêy	pei	after; then; between; with	pei	lemma	ali-agha-ladi-kelhani:a04_l03:9	pêy	pei	A'hmêdi Êysan kişt, 'Hasani Kalan kişt. Kalme gna A'hmêdi pêy	Ah̔médi Eisā́n kišt, Hʿasāni Kalā́n kišt. Kā́lme̱ gnā Ah̔médi pei
peira	glossary_match	1	1	kauge-nyerib-u-sivani:1	peira	pêyra	peíra	after it	pei; peira	lemma	kauge-nyerib-u-sivani:s05_l01:3	pêyra	peíra	kêri Adûlah ağay pêyra kawt, bana dewi pyêrû taalan kerdi, sû-	kéri Adúl’ah aγái peíra kaut, bā́na dé̱wi pyéru tá’alan ké̱rdi, su-
peiye	glossary_match	2	1	kauge-nyerib-u-hyeni:2	peiye	pêye	peíye̱; peíye̱,	infantry	peiye	lemma	kauge-nyerib-u-hyeni:h04_l07:0	pêye	peíye̱	pêye pyêrû erşawût pêy kûçan, êspar pyêrû erşawût pêy rezan.	peíye̱ pyéru e̱ršau’út pei kút̮ān, espā́r pyéru e̱ršau’út pei ré̱zān.
peki	glossary_match	3	2	kauge-nyerib-u-hyeni:2; kauge-nyerib-u-sivani:1	peki	peki	pé̱ḱi,; pé̱ki,	very well; good	peki	lemma	kauge-nyerib-u-hyeni:h04_l14:10	peki	pé̱ḱi,	merda şıma 'hema şyêri kawğê. Eskêri Xalef ağay va kê, peki,	mé̱rdā ši̥má h̔é̱m’a šyẹ̄́ri kauγé. E̱sḱéri Χalé̱f aγái vā ke, pé̱ḱi,
pero	glossary_match	4	1	uc-kardes-masali:4	pero	pêro	péro̤	blow	pero däna	lemma	uc-kardes-masali:tb09_l03:6	pêro	péro̤	dyewi amê bêra zerê yaw şimşyêr pêro dê serêy dyewi tra kê gnênû	d́é̱wi āmé berá zé̱re yau šimšyẹ̄́r péro̤ de sé̱rei d́é̱wi trā ke gnén’u
pesi	glossary_match	1	1	kauge-nyerib-u-sivani:1	pesi	pesi	pé̱si	livestock	pes	lemma	kauge-nyerib-u-sivani:s05_l02:4	pesi	pé̱si	anêy Nyêrbican pyêrû kişti, pesi cinê pyêrû ard.	aneí Ńerbid̮ān pyéru kíšti, pé̱si d̮īne pyéru ārd.
pil	glossary_match	1	1	kauge-nyerib-u-hyeni:1	pil	pil	pil	oldest	pili	lemma	kauge-nyerib-u-hyeni:h03_l06:0	pil	pil	pil Xalef ağayri: twê çiri enoê merdümi mê kiştû, waxtê xoêdê	pil Χalé̱f aγáiri: túe t̮íri ḗ̱n’oe me̱rdṳ́mi me kíštu, wáχte χóede
pilau	glossary_match	15	1	uc-kardes-masali:15	pilau	pilaw	pilaú	pilaf	pilau	lemma	uc-kardes-masali:tb03_l07:2	pilaw	pilaú	trakê, mıri pilaw pawjê, serêy enyê merdümi mıri pilaw ver kê,	trā́ke, mí̥ri pilaú paúže, sé̱rei ḗ̱n’ie me̱rdṳ́mi mí̥ri pilaú ve̱r ke,
pili	glossary_match	1	1	uc-kardes-masali:1	pili	pili	pī́li	big	pili	lemma	uc-kardes-masali:tb01_l02:6	pili	pī́li	namêy bêray myanyêni Qasim, namêy bêray pili Şaban. Çi dêyinê	nameí beraí myańéni Qasím, nameí beraí pī́li Šabán. T̮í deyíne
puroe	glossary_match	7	3	kauge-nyerib-u-hyeni:3; kauge-nyerib-u-sivani:3; uc-kardes-masali:1	puroe	püroê	pṳ́roe,; pṳ́roe,; pṳ́roe.; pṳ́roe.	upon	pero däna	lemma	kauge-nyerib-u-hyeni:h03_l12:7	püroê	pṳ́roe.	qamêk vyêna byê sila serêy cêy dana püroê. Daqma begi va kê:	qā́meḱ vyén’a bye silá sé̱rei d̮ei dā́na pṳ́roe. Dáqma bé̱gi vā ke:
purti	glossary_match	1	1	kauge-nyerib-u-sivani:1	purti	pûrti	púrti	fur coat	purt	lemma	kauge-nyerib-u-sivani:s01_l03:4	pûrti	púrti	Mêla A'hmêdi Qafan akêrd, pûrti Mêla A'hmêdi Qafan gêrawt	Mél’a Ah̔médi Qafán ākérd, púrti Mél’a Ah̔médi Qafán geraút
pya	glossary_match	4	2	kauge-nyerib-u-hyeni:2; kauge-nyerib-u-sivani:2	pya	pya	pyā; pya	together	pya	lemma	kauge-nyerib-u-hyeni:h09_l06:6	pya	pyā	Xalef ağay daw pyêrû byêri, ma pya weşı ki. Ağay Zıriki werişti,	Χalé̱f aγái dau pyéru byẹ̄́ri, mā pyā wé̱ši̥ ki. Aγái Zí̥riki we̱ríšti,
pyeru	glossary_match	24	4	kauge-nyerib-u-hyeni:12; kauge-nyerib-u-sivani:6; ali-agha-ladi-kelhani:4; degirmenci-ve-tilki:2	pyeru	pyêrû; pyêru	pyéru; pyéru; pyérū,	all	pyeru	lemma	ali-agha-ladi-kelhani:a01_l02:8	pyêru	pyérū,	Ali ağay Narbyêş. Ali ağa çêhêr dawang da pyêrû, hiris û çêhêr	Áli aγaí Nārbyẹ̄́š. Áli aγá t̮ehér daú’āṅ dā pyérū, híris u t̮ehér
pyeser	glossary_match	6	3	ali-agha-ladi-kelhani:4; kauge-nyerib-u-hyeni:1; kauge-nyerib-u-sivani:1	pyeser	pyêser; pyêsêr	pyesé̱r,; pyesé̱r; pyesé̱r,; pyesér,; pyesé̱r,; pyesé̱r.	together	pyeser	lemma	ali-agha-ladi-kelhani:a01_l06:2	pyêser	pyesé̱r,	Sivani amêy pyêser, mêşore kerd, ağalêrani Sivani, Qasim ağa	Sivā́ni āmeí pyesé̱r, méšore̱ ke̱rd, aγálerāni Sivā́ni, Qasím aγá
qam	glossary_match	7	3	kauge-nyerib-u-hyeni:3; gespraech-mit-hassan:2; kauge-nyerib-u-sivani:2	qam	qam	qām; qām	which; who	qam	lemma	gespraech-mit-hassan:h03_l02:1	qam	qām	Şüma qam waxtê şwêni zozang?	Šṳ́ma qām wáχte šuén’i zozā́ṅ?
qami	glossary_match	3	2	uc-kardes-masali:2; goin-puhu-kusunun-hikayesi:1	qami	qami	qā́mi; qā́mi,; qā́mi	who	qam	lemma	goin-puhu-kusunun-hikayesi:g04_l01:6	qami	qā́mi	va kê cênira, kêynay kopeki, la qami kiştû ênoê lacêk? Zwani	vā ke d̮énira, keínai kōpé̱ki, la qā́mi kíštu ẹ̄́n’oe lā́d̮ek? Zuā́ni
qandauke	glossary_match	1	1	kauge-nyerib-u-sivani:1	qandauke	qancawkê	qand̮aúke	wherever	qandaüke	lemma	kauge-nyerib-u-sivani:s03_l12:9	qancawkê	qand̮aúke	kêrdi, waxtê xoêdê 'hadre bê, ez ena gêlankê yêna, qancawkê	kérdi, wā́χte χóede h̔adré̱ be, e̱z ḗ̱n’a gelā́ṅke yén’a, qand̮aúke
qauvi	glossary_match	3	1	uc-kardes-masali:3	qauvi	qawvi	qaúvi	why	qaüvi	lemma	uc-kardes-masali:tb07_l05:4	qawvi	qaúvi	va kê: bêra tê qawvi mê etya ver dani? Bêray 'Hasanêki Şaban	vā ke: berā́ te qaúvi me e̱tía ve̱r dā́ni? Beraí H̔asanéki Šabán
qirqisun	glossary_match	1	1	kauge-nyerib-u-hyeni:1	qirqisun	qırqışûn	qi̥rqi̥šún	match	qirqiSün	lemma	kauge-nyerib-u-hyeni:h04_l06:5	qırqışûn	qi̥rqi̥šún	pêy kûnaği Temir begi, barût, qırqışûn da eskêri xoê, êspar vici,	pei kunáγi Te̱mír bé̱gi, bārút, qi̥rqi̥šún dā e̱skéri χóe, espā́r vid̮í,
ra	glossary_match	14	4	uc-kardes-masali:8; degirmenci-ve-tilki:4; goin-puhu-kusunun-hikayesi:1; kauge-nyerib-u-hyeni:1	ra	ra	rā; ra; rā	to; from	ra kdn’a; ra kuen’a	lemma	degirmenci-ve-tilki:mf01_l02:10	ra	rā	nayni. Roc yêkê beri ari qafêlna şê kêyê, şawê kêyê ra kawt,	naíni. Rōd̮ yéke bé̱ri ārí qáfelnā šẹ̄ keíye, šaú’e keíye rā kaut,
rodi	glossary_match	9	4	kauge-nyerib-u-hyeni:4; uc-kardes-masali:3; ali-agha-ladi-kelhani:1; degirmenci-ve-tilki:1	rodi	roci; rodi	rṓd̮i; rṓd̮i; rōdi; rōd̮i; rṓd̮i.; rṓd̮i,	days; day	ya rödi	lemma	ali-agha-ladi-kelhani:a01_l04:10	roci	rṓd̮i	ağay kêyê xoê bar kêrd, şê Syêraçûrê. Hiris û şêş roci vênert	aγaí keíye χóe bār kerd, šẹ̄ Syérat̮ūre. Híris u šẹ̄š rṓd̮i vené̱rt
sa	glossary_match	3	2	uc-kardes-masali:2; gespraech-mit-hassan:1	sa	Sa; sa; Şa	Sā́-; sa; Ša-	what	sa	lemma	gespraech-mit-hassan:h01_l09:8	Sa	Sā́-	mêk, Bılıkê, Melêkang, Mark, Aldûn, Gewêl, Kasan, 'Hoêna, Sa-	méḱ, Bi̥lí̥ke, Me̱lekā́ṅ, Marḱ, Aldū́n, Ge̱wél, Kasán, Hʿóena, Sā́-
sabun	glossary_match	1	1	uc-kardes-masali:1	sabun	sabûn	sabún	soap	sabün	lemma	uc-kardes-masali:tb08_l08:3	sabûn	sabún	Şaban berd 'hêmam, sabûn kerd, şit, temiz kerd, bêray xoê Şa-	Šabán be̱rd h̔emám, sabún ke̱rd, šit, te̱míz ke̱rd, beraí χóe Ša-
sari	glossary_match	1	1	kauge-nyerib-u-hyeni:1	sari	şari	šā́rí	stranger	Säri	lemma	kauge-nyerib-u-hyeni:h02_l08:4	şari	šā́rí	xoê bi, şıma merdümi şari kişti, şar yênû, mali şıma bênû, şıma	χóe bi, ši̥mā́ me̱rdṳ́mi šā́rí kíšti, šār yén’u, mā́li ši̥mā́ bén’u, ši̥mā́
sau	glossary_match	1	1	kauge-nyerib-u-hyeni:1	sau	saw	sau	hundred	Sau	lemma	kauge-nyerib-u-hyeni:h09_l01:9	saw	sau	va kê: eskêri twê şêyşti tên çinû, eskêri mê saw hêyştê tên çinû,	vā ke: e̱skéri túe šeíšti ten t̮ínu, e̱skéri me sau heíšte ten t̮ínu,
saue	glossary_match	8	3	ali-agha-ladi-kelhani:4; degirmenci-ve-tilki:3; uc-kardes-masali:1	saue	şawê	šaú’e; šaú’e; šaúe	night	meäni saüe	lemma	ali-agha-ladi-kelhani:a01_l09:0	şawê	šaú’e	şawê venga êskêrê xoê di, eskêri dawang wa pyêrû bêrû pyêser,	šaú’e vé̱ṅga eskére χóe di, e̱skéri daú’āṅ wa pyéru béru pyesé̱r,
sayer	glossary_match	1	1	gespraech-mit-hassan:1	sayer	sayêr	sayér	apple trees	sayer	lemma	gespraech-mit-hassan:h02_l11:3	sayêr	sayér	Darê tüyêra estû, sayêr estû, mişmişyêr estû, xawxir, he-	Dā́re tṳ́yera é̱stu, sayér é̱stu, mišmišyẹ̄́r é̱stu, χauχir, he̱-
se	glossary_match	36	6	uc-kardes-masali:12; kauge-nyerib-u-sivani:9; kauge-nyerib-u-hyeni:7; ali-agha-ladi-kelhani:3; degirmenci-ve-tilki:3; goin-puhu-kusunun-hikayesi:2	se	şê; se; sê	šẹ̄; šẹ̄; šẹ̄,; šẹ̄,; se̱; šẹ̄; se,	went; what; left	se; set = se	lemma	ali-agha-ladi-kelhani:a01_l04:5	şê	šẹ̄	ağay kêyê xoê bar kêrd, şê Syêraçûrê. Hiris û şêş roci vênert	aγaí keíye χóe bār kerd, šẹ̄ Syérat̮ūre. Híris u šẹ̄š rṓd̮i vené̱rt
senie	glossary_match	2	2	goin-puhu-kusunun-hikayesi:1; uc-kardes-masali:1	senie	senyê; senyyê	sḗ̱n’ie; sé̱ń’ie	why	sen’ie	lemma	goin-puhu-kusunun-hikayesi:g02_l09:7	senyê	sḗ̱n’ie	Bawki kêynêkê xoêra va kê: 'hêyr bû, senyê bêray twê kişênû?	Baúki keíneke χóera vā ke: h̔eir bu, sḗ̱n’ie berāí túe kīšén’u?
ser	glossary_match	4	3	goin-puhu-kusunun-hikayesi:2; kauge-nyerib-u-hyeni:1; kauge-nyerib-u-sivani:1	ser	ser; sêr	se̱r.; se̱r,; ser.	head; against	ser; ser (postpos.)	lemma	goin-puhu-kusunun-hikayesi:g03_l05:4	ser	se̱r.	zıbil wêlê kêrda lacêki ser. Bawki kêynêk amêy kêyê, cênyay	zi̥bíl wél’e kérda lā́d̮eki se̱r. Baúki keínek āmeí keíye, d̮éniai
sera	glossary_match	3	3	ali-agha-ladi-kelhani:1; goin-puhu-kusunun-hikayesi:1; uc-kardes-masali:1	sera	sera	sé̱ra; sé̱ra	year; head	sera	lemma	ali-agha-ladi-kelhani:a03_l11:11	sera	sé̱ra	ver, veng da va kê A'hmêdira: warêza, ez amêya, tı kû sera	ve̱r, ve̱ṅg dā vā ke Ah̔médira: wáreza, e̱z ameíya, ti̥ ku sé̱ra
sere	glossary_match	15	4	uc-kardes-masali:7; kauge-nyerib-u-sivani:4; degirmenci-ve-tilki:3; ali-agha-ladi-kelhani:1	sere	serê; serêdê	sé̱re; sé̱re; sé̱rede; sé̱rede; sé̱re.	head; heads; LOC	ser; ser (postpos.)	lemma	ali-agha-ladi-kelhani:a03_l02:6	serêdê	sé̱rede	ma mebêrê, tê xaini, bawki mê serêdê aqıl çinyû, rocêy ramazanyû,	mā mé̱bere, te χa’íni, baúki me sé̱rede áqi̥l t̮íńu, rṓd̮ei ramazányu,
serei	glossary_match	22	6	uc-kardes-masali:10; kauge-nyerib-u-hyeni:6; kauge-nyerib-u-sivani:3; ali-agha-ladi-kelhani:1; degirmenci-ve-tilki:1; goin-puhu-kusunun-hikayesi:1	serei	serêy; sêrêy	sé̱rei; sé̱rei; sé̱rei; sērei; sé̱rei,	head	ser; ser (postpos.)	lemma	ali-agha-ladi-kelhani:a03_l12:2	serêy	sé̱rei	şyêri, ez serêy twê ena gêlankê wêna. A'hmêdi veng da va kê:	šyẹ̄́ri, e̱z sé̱rei túe ḗ̱n’a gelā́ṅke wén’a. Ah̔médi ve̱ṅg dā vā ke:
seri	glossary_match	12	5	uc-kardes-masali:6; degirmenci-ve-tilki:2; kauge-nyerib-u-sivani:2; goin-puhu-kusunun-hikayesi:1; kauge-nyerib-u-hyeni:1	seri	seri	sé̱ri; sé̱ri; sé̱ri	on; head; flood-cont.	ser; ser (postpos.)	lemma	degirmenci-ve-tilki:mf03_l01:4	seri	sé̱ri	paşay bê, pyêrû la seri berd, ez twêri cinê pyêrû la seri berdi,	pašaí be, pyéru la sé̱ri be̱rd, e̱z túeri d̮íne pyéru la sé̱ri bé̱rdi,
ses	glossary_match	3	2	kauge-nyerib-u-sivani:2; ali-agha-ladi-kelhani:1	ses	şêş; şeş	šẹ̄š; šeš; še̱š	six	ses	lemma	ali-agha-ladi-kelhani:a01_l04:9	şêş	šẹ̄š	ağay kêyê xoê bar kêrd, şê Syêraçûrê. Hiris û şêş roci vênert	aγaí keíye χóe bār kerd, šẹ̄ Syérat̮ūre. Híris u šẹ̄š rṓd̮i vené̱rt
si	glossary_match	27	6	ali-agha-ladi-kelhani:7; degirmenci-ve-tilki:7; goin-puhu-kusunun-hikayesi:5; kauge-nyerib-u-hyeni:3; uc-kardes-masali:3; kauge-nyerib-u-sivani:2	si	şi; Şi; şı	ši; šī; ši,; ši; šī; šī,; Ši,; šī.	went	Sia; sußn’a; Sc; Sl	lemma	ali-agha-ladi-kelhani:a02_l03:6	şi	šī	lazim nyû. Ağalêri Sivani ci giryay şi kêy xoê. Qasim ağa, 'Hasan	lazím ńu. Aγáleri Sivā́ni d̮i giríai šī kei χóe. Qasím aγá, Hʿasán
sia	glossary_match	1	1	gespraech-mit-hassan:1	sia	şya	šía	to go	Sia	lemma	gespraech-mit-hassan:h03_l10:2	şya	šía	di, ez şya kawğei Nyêribi û 'Hyêni, kawğei E'hmêd begi û Sivani	dī, e̱z šía kauγé̱’i Ńeríbi u Hʿyẹ̄́ni, kauγé̱’i E̱h̔méd bé̱gi u Sivā́ni
sid	glossary_match	1	1	goin-puhu-kusunun-hikayesi:1	sid	şid	šid,	washed	sid	lemma	goin-puhu-kusunun-hikayesi:g04_l03:2	şid	šid,	Bawki lacêki şid, berd mezêl, wedert, ame kêye, serêy cê-	Baúki lā́d̮eki šid, be̱rd me̱zél, we̱dé̱rt, āmé̱ keíye̱, sé̱rei d̮é-
sima	glossary_match	11	3	kauge-nyerib-u-hyeni:5; kauge-nyerib-u-sivani:5; ali-agha-ladi-kelhani:1	sima	şıma; şımari; şı-mari; sımari	ši̥mā́; ši̥má; ší̥ma; ši̥mā́ri.; ši̥-māri.; ši̥mā́ri,; sí̥mā́ri.; ši̥māri,	you; 2PL; GOAL/POSS	Simä	lemma	ali-agha-ladi-kelhani:a02_l06:4	şıma	ší̥ma	erşawûtê dawana va kê: şıma çê vênerti? ma şyêri Ali ağay bıkşi.	e̱ršau’úte dauwā́na vā ke: ší̥ma t̮e vené̱rti? mā šyẹ̄́ri Áli aγaí bi̥kši.
sit	glossary_match	2	2	degirmenci-ve-tilki:1; uc-kardes-masali:1	sit	şit	šit,	washed; wash	Sit	lemma	degirmenci-ve-tilki:mf05_l09:9	şit	šit,	merdû. Paşay Mısri va kê: şyêri byari. Şi, ard, şit, wedert.	mé̱rdu. Pašai Mí̥sri vā ke: šyẹ̄́ri biári. Ši, ārd, šit, we̱dé̱rt.
sueni	glossary_match	12	4	gespraech-mit-hassan:4; kauge-nyerib-u-hyeni:3; uc-kardes-masali:3; kauge-nyerib-u-sivani:2	sueni	şwêni; swêni	šuén’i; šuén’i,; šuén’i; suén’i; šuén’i.	we go	Sia; sußn’a	lemma	gespraech-mit-hassan:h02_l16:1	şwêni	šuén’i	Şüma şwêni zozang?	Šṳ́ma šuén’i zozā́ṅ?
suma	glossary_match	15	3	uc-kardes-masali:8; gespraech-mit-hassan:6; ali-agha-ladi-kelhani:1	suma	şüma; Şüma; şûma; şümari	Šṳ́ma; šṳ́ma; šúma; šṳ́ma; šṳmári; šṳ́ma	you.PL; 2PL; GOAL/RECIP	Simä	lemma	ali-agha-ladi-kelhani:a02_l02:11	şümari	šṳmári	rani Sivani va kê: ma qarış nyêbêni. Qasim ağay va kê: şümari	rā́ni Sivā́ni vā ke: mā qarí̥š ńebén’i. Qasím aγaí vā ke: šṳmári
sur	glossary_match	2	1	uc-kardes-masali:2	sur	sür	sṳr	red	sür	lemma	uc-kardes-masali:tb06_l02:6	sür	sṳr	pilaw kebab byarû. Cênyay dyewi gay sür serê bırna, goşti gay şüri	pilaú ke̱bā́b biáru. D̮éniai d́é̱wi gaí sṳr sé̱re bi̥rná, gṓšti gai šṳ́ri
suri	glossary_match	5	1	uc-kardes-masali:5	suri	şüri; şûri	šṳ́ri; šúri	red	sür	lemma	uc-kardes-masali:tb05_l11:7	şüri	šṳ́ri	ğit noşt, ekê miri ena gêlankê gay şüri serê bırnê, miri kebab	γít nöšt, é̱ke míri ḗ̱n’a gelā́ṅke gai šṳ́ri sé̱re bí̥rné, míri ke̱bā́b
syeri	glossary_match	21	5	ali-agha-ladi-kelhani:6; uc-kardes-masali:6; kauge-nyerib-u-hyeni:5; degirmenci-ve-tilki:2; kauge-nyerib-u-sivani:2	syeri	şyêri	šyẹ̄́ri; šyẹ̄́ri; šyẹ̄́ri; šyẹ̄́ri.; šyẹ̄́ri,; šyẹ́ri; šyéri	go	Syer; Sia; sußn’a	lemma	ali-agha-ladi-kelhani:a01_l07:9	şyêri	šyẹ̄́ri	Karbêgani, 'Hasan ağa Weşini amêy pyêser va kê: ma şyêri kêy	Karbegā́ni, Hʿasán aγá We̱šíni āmeí pyesé̱r vā ke: mā šyẹ̄́ri kei
tau	glossary_match	9	4	kauge-nyerib-u-hyeni:4; uc-kardes-masali:3; goin-puhu-kusunun-hikayesi:1; kauge-nyerib-u-sivani:1	tau	çaw	t̮au; t̮au?	no one	tau	lemma	goin-puhu-kusunun-hikayesi:g02_l05:0	çaw	t̮au?	çaw? Cenyêkê kêynêkra vana kê: bêray twê şyû kêy 'halanê xoê.	t̮au? D̮é̱ńeke keínekra vā́na ke: beraí túe šyu kei h̔ā́lāne χóe.
te	glossary_match	53	7	uc-kardes-masali:18; kauge-nyerib-u-sivani:10; kauge-nyerib-u-hyeni:8; ali-agha-ladi-kelhani:6; gespraech-mit-hassan:5; degirmenci-ve-tilki:3; goin-puhu-kusunun-hikayesi:3	te	tê; tedê; çê; te	te; té̱de; té̱de; t̮e; te̱-; te,	you; it; LOC; why; 2SG.POSS	tü; tu	lemma	ali-agha-ladi-kelhani:a02_l06:5	çê	t̮e	erşawûtê dawana va kê: şıma çê vênerti? ma şyêri Ali ağay bıkşi.	e̱ršau’úte dauwā́na vā ke: ší̥ma t̮e vené̱rti? mā šyẹ̄́ri Áli aγaí bi̥kši.
teher	glossary_match	18	4	ali-agha-ladi-kelhani:11; kauge-nyerib-u-hyeni:3; gespraech-mit-hassan:2; uc-kardes-masali:2	teher	çêhêr	t̮ehér; t̮ehér	four	tehtir	lemma	ali-agha-ladi-kelhani:a01_l02:5	çêhêr	t̮ehér	Ali ağay Narbyêş. Ali ağa çêhêr dawang da pyêrû, hiris û çêhêr	Áli aγaí Nārbyẹ̄́š. Áli aγá t̮ehér daú’āṅ dā pyérū, híris u t̮ehér
teki	glossary_match	4	2	ali-agha-ladi-kelhani:2; kauge-nyerib-u-hyeni:2	teki	çêki; çeki	t̮éki; t̮é̱ki	weapons; weapon	tek	lemma	ali-agha-ladi-kelhani:a02_l14:3	çêki	t̮éki	wênd. Ali ağay çêki xoê çêhêr hemê lacana xoê aryê kerdi, day Qasim	wend. Áli aγaí t̮éki χóe t̮ehér hé̱me lad̮ā́na χóe ā́rye ké̱rdi, dai Qasím
terek	glossary_match	2	2	kauge-nyerib-u-hyeni:1; kauge-nyerib-u-sivani:1	terek	terêk; Têrêk	té̱rek; Térek	feud	terek	lemma	kauge-nyerib-u-hyeni:h09_l10:9	terêk	té̱rek	beg yaw rez da Xalef ağayra, pya bi weşi, terêk na.	be̱g yau re̱z dā Χalé̱f aγáira, pyā bi wé̱ši, té̱rek nā.
ti	glossary_match	27	7	uc-kardes-masali:8; degirmenci-ve-tilki:5; goin-puhu-kusunun-hikayesi:4; kauge-nyerib-u-hyeni:4; ali-agha-ladi-kelhani:3; kauge-nyerib-u-sivani:2; gespraech-mit-hassan:1	ti	tı; çi; çı; Tı; Çi	ti̥; t̮i; t̮í; t̮i̥; Ti̥; T̮í; tí̥	you; thing; what; nothing	tu	lemma	ali-agha-ladi-kelhani:a01_l03:4	çi	t̮i	kişti. Çawdi Ali ağay çi nyêbê, çewi desti Ali ağay nyêgêrawt. Ali	kíšti. T̮aúdi Áli aγaí t̮i ńébe, t̮é̱wi dé̱sti Áli aγaí ńegeraút. Áli
tia	glossary_match	1	1	degirmenci-ve-tilki:1	tia	tya	tía,	here	h&tia; tia	lemma	degirmenci-ve-tilki:mf03_l09:1	tya	tía,	byêrû tya, ez twêri 'haberê ana.	byẹ̄́ru tía, e̱z túeri h̔abé̱re āna.
tikarei	glossary_match	1	1	uc-kardes-masali:1	tikarei	çikarêy	t̮ikareí,	what are you doing?	tikarei	lemma	uc-kardes-masali:tb02_l07:2	çikarêy	t̮ikareí,	ma çi çikarêy, şûma namêy mê nêşnaûtû, ez kê êsta ez daw, ez	ma t̮í t̮ikareí, šúma nameí me nešna’útu, e̱z ke está e̱z dau, e̱z
tinau	glossary_match	3	1	gespraech-mit-hassan:3	tinau	çinaw	t̮ínau?	what is	tinau	lemma	gespraech-mit-hassan:h01_l03:3	çinaw	t̮ínau?	Namêy aşirêta tê çinaw?	Nāmeí ašíreta te t̮ínau?
tiri	glossary_match	1	1	kauge-nyerib-u-hyeni:1	tiri	çiri	t̮íri	from me	tiri	lemma	kauge-nyerib-u-hyeni:h03_l06:4	çiri	t̮íri	pil Xalef ağayri: twê çiri enoê merdümi mê kiştû, waxtê xoêdê	pil Χalé̱f aγáiri: túe t̮íri ḗ̱n’oe me̱rdṳ́mi me kíštu, wáχte χóede
to	glossary_match	1	1	kauge-nyerib-u-sivani:1	to	twê	túe	2SG.OBL	tö	lemma	kauge-nyerib-u-sivani:s01_l10:2	twê	túe	bıkêra, bêra twê ez dyang, lakimkê ez ha bêna, zor bêna. Laci	bi̥kéra, berá túe e̱z diā́ṅ, lakímke e̱z hā bén’a, zōr bén’a. Lā́d̮i
top	glossary_match	2	2	kauge-nyerib-u-hyeni:1; kauge-nyerib-u-sivani:1	top	top	top	gathered	top kerd	lemma	kauge-nyerib-u-hyeni:h04_l05:5	top	top	Daqma begi eskêri xoê hemê top kêrd, eskêr pyêrû kêrand	Dáqma bé̱gi e̱skéri χóe hé̱me top kerd, e̱skér pyéru keránd
tra	glossary_match	6	1	uc-kardes-masali:6	tra	tra	trā	from	tra ken’a	lemma	uc-kardes-masali:tb04_l09:5	tra	trā	şwêna, ena gêlankê serêy min tra kêna, twêri kêna pilaw ver,	šuen’a, ḗ̱n’a gelānke sé̱rei min trā kén’a, túeri ken’a pilaú ve̱r,
tu	glossary_match	9	6	gespraech-mit-hassan:3; ali-agha-ladi-kelhani:2; degirmenci-ve-tilki:1; kauge-nyerib-u-hyeni:1; kauge-nyerib-u-sivani:1; uc-kardes-masali:1	tu	tû; twêra; Tû	tu; túera; Tu	you; 2SG.OBL; RECIP	tü; tu	lemma	ali-agha-ladi-kelhani:a02_l10:12	twêra	túera	Qasim ağa şi Ali ağay hetê ronişt va kê: ağa, ez ama twêra ric	Qasím aγá ši Áli aγaí hé̱te rōníšt vā ke: aγá, e̱z amá túera rīd̮
tue	glossary_match	77	7	kauge-nyerib-u-hyeni:18; uc-kardes-masali:17; kauge-nyerib-u-sivani:16; goin-puhu-kusunun-hikayesi:11; degirmenci-ve-tilki:8; ali-agha-ladi-kelhani:4; gespraech-mit-hassan:3	tue	twê; twêri; twêra; çwê; tüyêra; twe	túe; túe; túeri; túera; túe,; túe.; túeri; túe,	your; 2SG.OBL; GOAL/RECIP; ABL/RECIP; you; 2SG.POSS/your; LOC/REL	tü; tu	lemma	ali-agha-ladi-kelhani:a02_l13:9	twê	túe.	ağa va kê: tê xaini, ez çêkani xoê nyêdana twê. Qasim ağay swend	aγá vā ke: te χa’íni, e̱z t̮ékāni χóe ńédāna túe. Qasím aγaí sué̱nd
u	glossary_match	24	7	ali-agha-ladi-kelhani:9; gespraech-mit-hassan:8; kauge-nyerib-u-hyeni:3; degirmenci-ve-tilki:1; goin-puhu-kusunun-hikayesi:1; kauge-nyerib-u-sivani:1; uc-kardes-masali:1	u	û	u	and	Sre’u; pures neydn’u; manün’u	lemma	ali-agha-ladi-kelhani:a01_l02:10	û	u	Ali ağay Narbyêş. Ali ağa çêhêr dawang da pyêrû, hiris û çêhêr	Áli aγaí Nārbyẹ̄́š. Áli aγá t̮ehér daú’āṅ dā pyérū, híris u t̮ehér
uda	glossary_match	1	1	uc-kardes-masali:1	uda	ûca	ud̮á	down	üda	lemma	uc-kardes-masali:tb06_l12:8	ûca	ud̮á	da dyewi. Dyaw nang gêrawt, xêrs bê, nang ûca rwêna, werişt şê	dā d́é̱wi. D́au nāṅ geraút, χers be, nāṅ ud̮á ruén’a, we̱ríšt šẹ̄
ute	glossary_match	1	1	kauge-nyerib-u-sivani:1	ute	ûtê	úte	-sent	eräau’üte	lemma	kauge-nyerib-u-sivani:s02_l01:0	ûtê	úte	ûtê Avdûlah ağay Kêlang va kê: mê Nyêribdê kawğê kêrd, la-	úte Avdúl’ah aγaí Kelā́ṅ vā ke: me Ńeríbde kauγé kerd, la-
va	glossary_match	172	6	kauge-nyerib-u-hyeni:50; uc-kardes-masali:38; kauge-nyerib-u-sivani:30; degirmenci-ve-tilki:25; ali-agha-ladi-kelhani:17; goin-puhu-kusunun-hikayesi:12	va	va	vā; vā; vā:; vā:; va	said	va; va$	lemma	ali-agha-ladi-kelhani:a01_l07:6	va	vā	Karbêgani, 'Hasan ağa Weşini amêy pyêser va kê: ma şyêri kêy	Karbegā́ni, Hʿasán aγá We̱šíni āmeí pyesé̱r vā ke: mā šyẹ̄́ri kei
vada	glossary_match	3	3	degirmenci-ve-tilki:1; gespraech-mit-hassan:1; uc-kardes-masali:1	vada	vaca	vā́d̮a.; vā́d̮a,; vād̮a;	say; speak; to say	nesen’a väda; väda	lemma	degirmenci-ve-tilki:mf02_l12:6	vaca	vā́d̮a.	êfêndim: izmi mê bıdê, ez twêri vaca. Paşay Mısri izmi lûê da.	eféndim: ī́zmi me bi̥dé, e̱z túeri vā́d̮a. Pašaí Mi̥sri ī́zmi lú’e dā.
vaisturai	glossary_match	1	1	uc-kardes-masali:1	vaisturai	vaystûray	vaísturai	sickle	vaištüra	lemma	uc-kardes-masali:tb02_l14:1	vaystûray	vaísturai	tê vaystûray xoê bıdê mê, ez hêlyê ğalê çınêna, tê gamyê roşê,	te vaísturai χóe bí̥de me, e̱z hḗlye γalé t̮i̥nén’a, te gā́mye rṓše,
ve	glossary_match	2	2	ali-agha-ladi-kelhani:1; uc-kardes-masali:1	ve	ve	ve̱; ve̱-	touch; out	ve ken’a	lemma	ali-agha-ladi-kelhani:a03_l10:1	ve	ve̱	yênêra ve meki. Eskêri Qasim ağay bêr şêkit, Qasim ağay kawta	yénera ve̱ mé̱ki. E̱skéri Qasím aγaí ber šekít, Qasím aγaí kaúta
vedena	glossary_match	1	1	kauge-nyerib-u-hyeni:1	vedena	vecêna	ve̱d̮én’a.	I will gouge	veden'a	lemma	kauge-nyerib-u-hyeni:h07_l11:6	vecêna	ve̱d̮én’a.	kê: warzê, byê, ez çimani twê vecêna.	ké: wárze, bye, e̱z t̮imā́ni túe ve̱d̮én’a.
venert	glossary_match	5	3	uc-kardes-masali:3; ali-agha-ladi-kelhani:1; goin-puhu-kusunun-hikayesi:1	venert	vênert; venert	vené̱rt.; vené̱rt; ve̱né̱rt,; vené̱rt,	stood; stayed	venert	lemma	ali-agha-ladi-kelhani:a01_l04:11	vênert	vené̱rt	ağay kêyê xoê bar kêrd, şê Syêraçûrê. Hiris û şêş roci vênert	aγaí keíye χóe bār kerd, šẹ̄ Syérat̮ūre. Híris u šẹ̄š rṓd̮i vené̱rt
venerti	glossary_match	1	1	ali-agha-ladi-kelhani:1	venerti	vênerti	vené̱rti?	waiting	venert	lemma	ali-agha-ladi-kelhani:a02_l06:6	vênerti	vené̱rti?	erşawûtê dawana va kê: şıma çê vênerti? ma şyêri Ali ağay bıkşi.	e̱ršau’úte dauwā́na vā ke: ší̥ma t̮e vené̱rti? mā šyẹ̄́ri Áli aγaí bi̥kši.
veng	glossary_match	4	2	ali-agha-ladi-kelhani:3; goin-puhu-kusunun-hikayesi:1	veng	veng	ve̱ṅg	Sound, Audio, Voice; sound	veng	lemma	ali-agha-ladi-kelhani:a03_l11:1	veng	ve̱ṅg	ver, veng da va kê A'hmêdira: warêza, ez amêya, tı kû sera	ve̱r, ve̱ṅg dā vā ke Ah̔médira: wáreza, e̱z ameíya, ti̥ ku sé̱ra
vengi	glossary_match	2	1	uc-kardes-masali:2	vengi	vengi	vḗ̱ngi; vé̱ṅgi	voice	veng	lemma	uc-kardes-masali:tb02_l05:8	vengi	vḗ̱ngi	şüma qawi enoê ğalê mê çınêni, şüma çaw vengi xoê mekiri,	šṳ́ma qaúwi ḗ̱n’oe γalé me t̮i̥nén’i, šṳ́ma t̮au vḗ̱ngi χóe mé̱kiri,
ver	glossary_match	33	6	uc-kardes-masali:14; kauge-nyerib-u-sivani:8; kauge-nyerib-u-hyeni:5; ali-agha-ladi-kelhani:2; degirmenci-ve-tilki:2; goin-puhu-kusunun-hikayesi:2	ver	ver; vêr; verdê	ve̱r; ve̱r,; ver,; ver; vé̱rde	front; front of; LOC	ver; ver ken’a; veri	lemma	ali-agha-ladi-kelhani:a02_l08:10	vêr	ver,	Qasim ağa 'hêt. Qasim ağa werişt bê aspar, kawta eskêri vêr,	Qasím aγá h̔ēt. Qasím aγá we̱ríšt be aspā́r, kaúta e̱skéri ver,
vera	glossary_match	8	5	degirmenci-ve-tilki:3; kauge-nyerib-u-sivani:2; ali-agha-ladi-kelhani:1; kauge-nyerib-u-hyeni:1; uc-kardes-masali:1	vera	vera; vêra	ve̱rā́; véra; vé̱ra; vé̱ra,; ve̱rá	for; out	vera; vera ddna	lemma	ali-agha-ladi-kelhani:a04_l01:10	vera	vé̱ra,	xoê berd zerêy şibakê, yaw xancêri zerêy şıbakêdê di gêrawtê vera,	χóe be̱rd ze̱reí šibāke, yau χand̮éri ze̱reí ši̥bā́kede dī geraúte vé̱ra,
veri	glossary_match	4	4	ali-agha-ladi-kelhani:1; kauge-nyerib-u-hyeni:1; kauge-nyerib-u-sivani:1; uc-kardes-masali:1	veri	veri; Veri	Vé̱ri; vé̱ri; vé̱ri	first	veri; ver; ver ken’a	lemma	ali-agha-ladi-kelhani:a03_l13:6	veri	vé̱ri	Alah izmê mê bıdû, ez twê veri êyxoê kışêna. 'Hal şi kê A'hmêdi	Aláh ī́zme me bi̥dú, e̱z túe vé̱ri eiχóe ki̥šén’a. Hʿāl ši ke Ah̔médi
wa	glossary_match	16	4	uc-kardes-masali:6; degirmenci-ve-tilki:5; kauge-nyerib-u-hyeni:4; ali-agha-ladi-kelhani:1	wa	wa	wa; wā; wa-	let	wa	lemma	ali-agha-ladi-kelhani:a01_l09:7	wa	wa	şawê venga êskêrê xoê di, eskêri dawang wa pyêrû bêrû pyêser,	šaú’e vé̱ṅga eskére χóe di, e̱skéri daú’āṅ wa pyéru béru pyesé̱r,
wade	glossary_match	4	3	degirmenci-ve-tilki:2; ali-agha-ladi-kelhani:1; gespraech-mit-hassan:1	wade	wade; wadedê	wadé̱; wáde̱de.	room; bed; LOC	wade	lemma	ali-agha-ladi-kelhani:a04_l08:5	wadedê	wáde̱de.	hêyşt merdümi ğaribana pyêrû mêndi wadedê. Soba Mêlay Rêsa	heišt me̱rdṳ́mi γaribā́na pyéru méndi wáde̱de. So̤bá Mél’ai Resá
wadei	glossary_match	2	2	ali-agha-ladi-kelhani:1; gespraech-mit-hassan:1	wadei	wadey; wadêy	wade̱i; wadeí	house; rooms	wade	lemma	ali-agha-ladi-kelhani:a02_l05:2	wadey	wade̱i	berdi, kêrdi wadey Mê'hmêdi 'Hêndani. Qasim ağay şawê 'habêrê	bé̱rdi, kérdi wade̱i Meh̔médi Hʿendā́ni. Qasím aγaí šaú’e h̔abére
wai	glossary_match	2	1	goin-puhu-kusunun-hikayesi:2	wai	way; Way	wai; Wai	sister	wai	lemma	goin-puhu-kusunun-hikayesi:g03_l06:8	way	wai	xoêra va kê: twê qawi laci mê kiştû, way cêy bi şewi 'hawni xoê-	χóera vā ke: túe qaúwi lā́d̮i me kíštu, wai d̮ei bi še̱wi h̔aúni χóe-
war	glossary_match	3	2	gespraech-mit-hassan:2; degirmenci-ve-tilki:1	war	war	war,; wār?; wār.	down	war	lemma	degirmenci-ve-tilki:mf04_l08:7	war	war,	paşa berd kûnaği paşay Mısri, fintoêra amêy war, lwê desti yê te-	pašá be̱rd kunáγi pašaí Mí̥sri, fintṓera āmeí war, lúe dé̱sti ye te̱-
wareza	glossary_match	2	1	ali-agha-ladi-kelhani:2	wareza	warêza	wáreza,	nephew	warezä	lemma	ali-agha-ladi-kelhani:a03_l04:6	warêza	wáreza,	sêna. Qasim ağa va kê A'hmêdira: warêza, metêrsê. A'hmêdi va	sén’a. Qasím aγā́ vā ke Ah̔médira: wáreza, mé̱terse. Ah̔médi vā
warze	glossary_match	5	3	degirmenci-ve-tilki:3; kauge-nyerib-u-hyeni:1; kauge-nyerib-u-sivani:1	warze	warzê	wárze,; wárze	get up; rise	warzdn’a	lemma	degirmenci-ve-tilki:mf03_l12:3	warzê	wárze,	şadê Mısri wayştê, warzê, şwê 'hemam, xoê bışû, temiz kê, byê,	šáde Mi̥sri waíšte, wárze, šúe h̔é̱m’ām, χóe bi̥šú, te̱míz ke, bye,
wend	glossary_match	7	3	uc-kardes-masali:5; ali-agha-ladi-kelhani:1; degirmenci-ve-tilki:1	wend	wengd; wênd; wend; wêngd	we̱ṅd,; wend.; we̱nd,; weṅd	read; swore	wend	lemma	ali-agha-ladi-kelhani:a02_l14:0	wênd	wend.	wênd. Ali ağay çêki xoê çêhêr hemê lacana xoê aryê kerdi, day Qasim	wend. Áli aγaí t̮éki χóe t̮ehér hé̱me lad̮ā́na χóe ā́rye ké̱rdi, dai Qasím
werand	glossary_match	1	1	kauge-nyerib-u-hyeni:1	werand	werand	we̱rā́nd,	put	weränd	lemma	kauge-nyerib-u-hyeni:h02_l01:9	werand	we̱rā́nd,	xoê gêrawti tırsi xoê kêrd, xo dest şımşyêri xoê werand, şê merdümi	χóe geraúti ti̥rsi χóe kerd, χo de̱st ši̥mšyẹ̄́ri χóe we̱rā́nd, šẹ̄ me̱rdṳ́mi
werist	glossary_match	27	6	uc-kardes-masali:7; ali-agha-ladi-kelhani:5; degirmenci-ve-tilki:5; kauge-nyerib-u-hyeni:5; kauge-nyerib-u-sivani:4; goin-puhu-kusunun-hikayesi:1	werist	werişt; werişti; werışt	we̱ríšt; we̱ríšt,; we̱ríšt; we̱ríšt,; we̱ríšti,; we̱rí̥št,	got up; set out; mounted; arose; rose	weriät; warzdn’a	lemma	ali-agha-ladi-kelhani:a02_l07:5	werişti	we̱ríšti,	Dewi pyêrû amêy pyêsêr, şawê werişti, çêhêr sêy eskêr vıcyay, amêy	Dé̱wi pyéru āmeí pyesér, šaú’e we̱ríšti, t̮ehér sei e̱skér vi̥d̮iai, āmeí
weristi	glossary_match	3	2	uc-kardes-masali:2; kauge-nyerib-u-hyeni:1	weristi	werişti; weristi	we̱ríšti,; we̱rísti; we̱ríšti,	got up; rose	weriät; warzdn’a	lemma	kauge-nyerib-u-hyeni:h09_l06:11	werişti	we̱ríšti,	Xalef ağay daw pyêrû byêri, ma pya weşı ki. Ağay Zıriki werişti,	Χalé̱f aγái dau pyéru byẹ̄́ri, mā pyā wé̱ši̥ ki. Aγái Zí̥riki we̱ríšti,
xoe	glossary_match	112	6	uc-kardes-masali:31; kauge-nyerib-u-hyeni:28; goin-puhu-kusunun-hikayesi:18; kauge-nyerib-u-sivani:18; ali-agha-ladi-kelhani:10; degirmenci-ve-tilki:7	xoe	xoê; xoêri; xoêra; xoêdê; xora	χóe; χóe; χóeri; χóera; χóede; χóera:; χóede; χóe.	own; self/own; REFL/OBL; REFL/RECIP; LOC/TEMP; RECIP/GOAL	ez	lemma	ali-agha-ladi-kelhani:a01_l04:2	xoê	χóe	ağay kêyê xoê bar kêrd, şê Syêraçûrê. Hiris û şêş roci vênert	aγaí keíye χóe bār kerd, šẹ̄ Syérat̮ūre. Híris u šẹ̄š rṓd̮i vené̱rt
ya	glossary_match	2	2	goin-puhu-kusunun-hikayesi:1; uc-kardes-masali:1	ya	ya	ya	she	ya; ya rödi	lemma	goin-puhu-kusunun-hikayesi:g04_l08:8	ya	ya	dêsmaç gêrawt, dı rêkati nêmac kêrd, va kê: ya rabi, tı mê yaw	desmā́t̮ geraut, di̥ rekā́ti nemā́d̮ kerd, vā ke: ya rā́bi, ti̥ me yau
yau	glossary_match	58	7	uc-kardes-masali:20; degirmenci-ve-tilki:13; kauge-nyerib-u-hyeni:8; goin-puhu-kusunun-hikayesi:7; kauge-nyerib-u-sivani:6; ali-agha-ladi-kelhani:2; gespraech-mit-hassan:2	yau	yaw; Yaw	yau; Yau; [yau; yāu; yau.; yau,	one	yau	lemma	ali-agha-ladi-kelhani:a03_l14:5	yaw	yau	bıkşû. A'hmêd awnya dyêsi wedi, yaw şıbakê 'ha dyêsê wedidê, desti	bi̥kšú. Ah̔méd auńā́ d́ési we̱dí, yau ši̥bā́ke h̔ā d́ése wé̱dide, dé̱sti
ye	glossary_match	9	3	kauge-nyerib-u-hyeni:6; ali-agha-ladi-kelhani:2; degirmenci-ve-tilki:1	ye	yê; Yê; yênêra; yêra	ye; Ye; yénera; yéra	she; his; 3PL.OBL; STIM/OBJ; him; RECIP	ye	lemma	ali-agha-ladi-kelhani:a03_l10:0	yênêra	yénera	yênêra ve meki. Eskêri Qasim ağay bêr şêkit, Qasim ağay kawta	yénera ve̱ mé̱ki. E̱skéri Qasím aγaí ber šekít, Qasím aγaí kaúta
yena	glossary_match	10	4	goin-puhu-kusunun-hikayesi:3; kauge-nyerib-u-hyeni:3; kauge-nyerib-u-sivani:2; uc-kardes-masali:2	yena	yêna	yén’a; yén’a; yén’a,	I come	yen’a	lemma	goin-puhu-kusunun-hikayesi:g02_l03:7	yêna	yén’a,	Kêynêkê şwêna golikangdê; kêynêk rocêki yerêy golikana yêna,	Keíneke šuén’a gōlikā́ṅde; keínek rṓd̮eki yé̱rei gōlikā́na yén’a,
yeni	glossary_match	8	3	kauge-nyerib-u-hyeni:3; uc-kardes-masali:3; gespraech-mit-hassan:2	yeni	yêni	yéni:; yén’i; yén’i,; yén’i	come; his; we come	yen’a	lemma	gespraech-mit-hassan:h03_l06:3	yêni	yén’i	Şüma qam waxtê yêni war?	Šṳ́ma qām wáχte yén’i wār?
yenu	glossary_match	7	3	uc-kardes-masali:4; degirmenci-ve-tilki:2; kauge-nyerib-u-hyeni:1	yenu	yênû	yén’u,; yén’u.; yén’u	comes	amá; yen’a	lemma	degirmenci-ve-tilki:mf04_l13:4	yênû	yén’u,	lwêra: paşay Mısri nêkay yênû, serêy mê têra kênû. Lwê va kê:	lúera: pašaí Mí̥sri nekāí yén’u, sé̱rei me terá kén’u. Lúe vā ke:
yerei	glossary_match	3	1	goin-puhu-kusunun-hikayesi:3	yerei	yêrêy; yerêy	yérei; yé̱rei	afternoon	yere	lemma	goin-puhu-kusunun-hikayesi:g02_l03:5	yerêy	yé̱rei	Kêynêkê şwêna golikangdê; kêynêk rocêki yerêy golikana yêna,	Keíneke šuén’a gōlikā́ṅde; keínek rṓd̮eki yé̱rei gōlikā́na yén’a,
zeindan	glossary_match	10	2	goin-puhu-kusunun-hikayesi:6; uc-kardes-masali:4	zeindan	zêyndang; zêyndan; zêyndandê	zeindā́ṅ.; zeindā́ṅ,; zeindā́n.; zeindā́nde; zeindā́ṅ,	pit; prison; LOC	zeindän	lemma	goin-puhu-kusunun-hikayesi:g02_l07:1	zêyndang	zeindā́ṅ.	êyştû zêyndang. Sêbah wardêna, bawki xoêra vana: baw, mê em-	eíštu zeindā́ṅ. Sebáh wardén’a, bāúki χóera vā́na: bau, me é̱m-
zere	glossary_match	7	3	degirmenci-ve-tilki:3; uc-kardes-masali:3; ali-agha-ladi-kelhani:1	zere	zerê	zé̱re,; zé̱re,; zé̱re	inside	zere	lemma	ali-agha-ladi-kelhani:a03_l08:6	zerê	zé̱re,	ama tebêr, mevindi, bêr bışikni, şyêri zerê, Ali ağay çêhêr hemê	āmá te̱bér, mé̱vindi, ber bi̥šíkni, šyẹ̄́ri zé̱re, Áli aγaí t̮ehér hé̱me
zerei	glossary_match	5	3	ali-agha-ladi-kelhani:2; kauge-nyerib-u-hyeni:2; gespraech-mit-hassan:1	zerei	zerêy	ze̱reí; ze̱réi	inside; into; behind; heart	zere	lemma	ali-agha-ladi-kelhani:a04_l01:2	zerêy	ze̱reí	xoê berd zerêy şibakê, yaw xancêri zerêy şıbakêdê di gêrawtê vera,	χóe be̱rd ze̱reí šibāke, yau χand̮éri ze̱reí ši̥bā́kede dī geraúte vé̱ra,
zimei	glossary_match	1	1	kauge-nyerib-u-hyeni:1	zimei	zımêy	zi̥meí	north	zime	lemma	kauge-nyerib-u-hyeni:h01_l03:1	zımêy	zi̥meí	amê zımêy 'Hyêni. Yaw merdüm 'Hyênêyic zımecê xoêri cit kêrdini.	āmé zi̥meí Hʿyẹ̄́ni. Yau me̱rdṳ́m Hʿyẹ̄́neyid̮ zi̥mé̱d̮e χóeri d̮it kerdíni.
zozan	glossary_match	5	1	gespraech-mit-hassan:5	zozan	zozang; zozangdê	zozā́ṅ?; zozā́ṅ.; zozā́ṅde	summer pasture; pasture; LOC	zozän	lemma	gespraech-mit-hassan:h02_l16:2	zozang	zozā́ṅ?	Şüma şwêni zozang?	Šṳ́ma šuén’i zozā́ṅ?
zuan	glossary_match	1	1	uc-kardes-masali:1	zuan	zwang	zuā́ṅ	tongue	zuän	lemma	uc-kardes-masali:tb09_l04:3	zwang	zuā́ṅ	erû, serêy dyewidê zwang estû, kali kênû, twêra vanû yawnay pêro	é̱ru, sé̱rei d́é̱wide zuā́ṅ é̱stu, kā́li kén’u, túera vā́nu yaunaí péro̤
zuani	glossary_match	1	1	goin-puhu-kusunun-hikayesi:1	zuani	Zwani	Zuā́ni	tongue	zuän	lemma	goin-puhu-kusunun-hikayesi:g04_l01:10	Zwani	Zuā́ni	va kê cênira, kêynay kopeki, la qami kiştû ênoê lacêk? Zwani	vā ke d̮énira, keínai kōpé̱ki, la qā́mi kíštu ẹ̄́n’oe lā́d̮ek? Zuā́ni
abasa	low_frequency_unmatched	1	1	gespraech-mit-hassan:1	abasa	Abasa	Ábasa,	Abasa			gespraech-mit-hassan:h01_l11:2	Abasa	Ábasa,	Mıstang, Sayêrê, Abasa, Wis'hêyn, 'Haspêg, Sêraçyori, Akêragi,	Mí̥stāṅ, Sáyere, Ábasa, Wísh̔ein, Hʿaspéǵ, Serat̮yó̤ri, Akerā́gi,
afe	low_frequency_unmatched	1	1	uc-kardes-masali:1	afe	afê	ā́fe-	well done			uc-kardes-masali:tb02_l12:10	afê	ā́fe-	hêlbêt mari yaw 'hawlê kênû. Dewi va 'Hasanêkira: laci mê, afê-	helbét mā́ri yau h̔aúle ḱén’u. Dé̱wi va H̔asanékira: lād̮i me, ā́fe-
agale	low_frequency_unmatched	1	1	ali-agha-ladi-kelhani:1	agale	Ağalê	Aγale-	aghas-			ali-agha-ladi-kelhani:a02_l01:11	Ağalê	Aγale-	Weşini va kê: rınd bênû, ma şyêri Ali ağay byari bıkşi. Ağalê-	We̱šíni vā ke: ri̥nd bén’u, mā šyẹ̄́ri Áli aγaí biári bi̥kší. Aγale-
agaler	low_frequency_unmatched	1	1	kauge-nyerib-u-hyeni:1	agaler	ağalêr	aγalér,	aghas			kauge-nyerib-u-hyeni:h07_l13:10	ağalêr	aγalér,	pyêrû ame pyêser, Xalef ağa va kê eskêri xoêra: bawni, ağalêr,	pyéru āmé̱ pyesé̱r, Χalé̱f aγá vā ke e̱skéri χóera: baúni, aγalér,
agalerani	low_frequency_unmatched	1	1	ali-agha-ladi-kelhani:1	agalerani	ağalêrani	aγálerāni	the aghas			ali-agha-ladi-kelhani:a01_l06:5	ağalêrani	aγálerāni	Sivani amêy pyêser, mêşore kerd, ağalêrani Sivani, Qasim ağa	Sivā́ni āmeí pyesé̱r, méšore̱ ke̱rd, aγálerāni Sivā́ni, Qasím aγá
agalerem	low_frequency_unmatched	1	1	kauge-nyerib-u-hyeni:1	agalerem	ağalêrêm	aγālerem.	my aghas			kauge-nyerib-u-hyeni:h05_l01:3	ağalêrêm	aγālerem.	va kê: afêrêm, ağalêrêm. Xalef ağa kawt eskêri xoê ver, şi vecyay	vā ke: ā́ferem, aγālerem. Χalé̱f aγá kaut e̱skéri χóe ve̱r, ši ve̱d̮íai
agaleri	low_frequency_unmatched	1	1	ali-agha-ladi-kelhani:1	agaleri	Ağalêri	Aγáleri	the aghas			ali-agha-ladi-kelhani:a02_l03:2	Ağalêri	Aγáleri	lazim nyû. Ağalêri Sivani ci giryay şi kêy xoê. Qasim ağa, 'Hasan	lazím ńu. Aγáleri Sivā́ni d̮i giríai šī kei χóe. Qasím aγá, Hʿasán
agalerim	low_frequency_unmatched	1	1	kauge-nyerib-u-hyeni:1	agalerim	ağalêrim	ā́γálerim.	my aghas			kauge-nyerib-u-hyeni:h08_l03:10	ağalêrim	ā́γálerim.	'hêta nyêmiri twêri çı çinyû. Xalef ağa va kê: afêrêm ağalêrim.	h̔éta ńémiri túeri t̮i̥ t̮íńu. Χalé̱f aγá vā ke: āferém ā́γálerim.
agani	low_frequency_unmatched	1	1	kauge-nyerib-u-hyeni:1	agani	ağani	aγā́ni	aghas			kauge-nyerib-u-hyeni:h09_l05:4	ağani	aγā́ni	Daqma begi 'haber erşawûtê ağani Zıriki, va kê: byêri mênû	Dáqma bé̱gi h̔abé̱r e̱ršau’úte aγā́ni Zí̥riki, vā ke: byẹ̄́ri ménu
age	low_frequency_unmatched	1	1	degirmenci-ve-tilki:1	age	agê	āge-	returned			degirmenci-ve-tilki:mf03_l10:10	agê	āge-	Paşay Mısri yaw qati kincan da lwê. Lwê kinci gêrawti, agê-	Pašaí Mí̥sri yau qáti kind̮ā́n dā lúe. Lúe kínd̮i geraúti, āge-
ail	low_frequency_unmatched	1	1	ali-agha-ladi-kelhani:1	ail	aylana	aílāna	child/family; PL; EZ/OBL			ali-agha-ladi-kelhani:a04_l10:0	aylana	aílāna	aylana dês û hêyşt teni merdümi ğaribana 'hetya byêri beri we-	aílāna des u heíšt té̱ni me̱rdṳ́mi γaribā́na h̔é̱tia bíeri bé̱ri we̱-
akeragi	low_frequency_unmatched	1	1	gespraech-mit-hassan:1	akeragi	Akêragi	Akerā́gi,	Akeragı			gespraech-mit-hassan:h01_l11:6	Akêragi	Akerā́gi,	Mıstang, Sayêrê, Abasa, Wis'hêyn, 'Haspêg, Sêraçyori, Akêragi,	Mí̥stāṅ, Sáyere, Ábasa, Wísh̔ein, Hʿaspéǵ, Serat̮yó̤ri, Akerā́gi,
aldun	low_frequency_unmatched	1	1	gespraech-mit-hassan:1	aldun	Aldûn	Aldū́n,	Aldun			gespraech-mit-hassan:h01_l09:4	Aldûn	Aldū́n,	mêk, Bılıkê, Melêkang, Mark, Aldûn, Gewêl, Kasan, 'Hoêna, Sa-	méḱ, Bi̥lí̥ke, Me̱lekā́ṅ, Marḱ, Aldū́n, Ge̱wél, Kasán, Hʿóena, Sā́-
alduni	low_frequency_unmatched	2	1	gespraech-mit-hassan:2	alduni	Aldûni	Aldū́ni	Aldun			gespraech-mit-hassan:h01_l13:2	Aldûni	Aldū́ni	Sıpyerdışi dewe Aldûni qamû?	Si̥pye̱rdí̥ši dé̱we̱ Aldū́ni qā́mu?
alia	low_frequency_unmatched	1	1	gespraech-mit-hassan:1	alia	Alya	Alía	Ali			gespraech-mit-hassan:h02_l03:1	Alya	Alía	Mistêfa Alya sıpyerdışû.	Mistefā́ Alía si̥pye̱rdí̥šu.
altunene	low_frequency_unmatched	1	1	uc-kardes-masali:1	altunene	altûnyênêdê	altúńenede	gold; LOC			uc-kardes-masali:tb08_l13:6	altûnyênêdê	altúńenede	yaw şimşyêri dyewi estû 'ha kalanya altûnyênêdê 'ha qûlavi myandê,	yau šimšyẹ̄́ri d́é̱wi é̱stu h̔a kalā́nia altúńenede h̔a qulā́vi myā́nde,
amau	low_frequency_unmatched	2	1	goin-puhu-kusunun-hikayesi:2	amau	amaw	āmaú,	come			goin-puhu-kusunun-hikayesi:g02_l12:3	amaw	āmaú,	ekê bêray mê amaw, ez zana weşû, 'hêyrkê bêray mê nyamaw ez	é̱k’e beraí me āmaú, e̱z zā́na wé̱šu, h̔eirke beraí me ńāmaú e̱z
ameiye	low_frequency_unmatched	2	1	kauge-nyerib-u-hyeni:2	ameiye	amêyê	āmeíye; āmeíye,	has come			kauge-nyerib-u-hyeni:h03_l01:6	amêyê	āmeíye	'hadre kêri, qam rocûkê 'Hyênêra 'haberê amêyê ma kawğe kêni.	h̔adré̱ kéri, qām rṓd̮uke Hʿyẹ̄́nera h̔abé̱re āmeíye mā kauγé̱ kén’i.
amenet	low_frequency_unmatched	1	1	ali-agha-ladi-kelhani:1	amenet	amênêt	amenét	plea			ali-agha-ladi-kelhani:a02_l11:0	amênêt	amenét	amênêt kêna. Ali ağa va kê: ağa, mê me'hêpinê, ez çêkanê xoê	amenét kén’a. Áli aγá vā ke: aγá, me me̱h̔épine, e̱z t̮ékāne χóe
anei	low_frequency_unmatched	1	1	kauge-nyerib-u-sivani:1	anei	anêy	aneí	-shepherds			kauge-nyerib-u-sivani:s05_l02:0	anêy	aneí	anêy Nyêrbican pyêrû kişti, pesi cinê pyêrû ard.	aneí Ńerbid̮ān pyéru kíšti, pé̱si d̮īne pyéru ārd.
anu	low_frequency_unmatched	2	1	uc-kardes-masali:2	anu	anû	ā́nu	brings			uc-kardes-masali:tb03_l06:4	anû	ā́nu	enoê merdüm enyê kağiti anû kêyê, mıri serêy enyê merdwomi	ḗ̱n’oe me̱rdṳ́m ḗ̱n’ie kaγíti ā́nu keíye, mí̥ri sé̱rei ḗ̱n’ie me̱rduómi
aqili	low_frequency_unmatched	1	1	degirmenci-ve-tilki:1	aqili	aqıli	āqí̥li	mind			degirmenci-ve-tilki:mf04_l14:3	aqıli	āqí̥li	metêrsê, ez nyêvêrdana, aqıli vindê, paşay Mısri nêkay ame zerê,	mé̱terse, e̱z ńeverdā́na, āqí̥li vínde, pašai Mí̥sri nekaí āmé̱ zé̱re,
arda	low_frequency_unmatched	1	1	uc-kardes-masali:1	arda	arda	ā́rda	flour			uc-kardes-masali:tb08_l06:4	arda	ā́rda	ez dyan, ez gêrawta arda bısta enoê zêyndan. 'Hasanêki bêrai	e̱z dían, e̱z geraúta ā́rda bi̥stā ḗ̱n’oe zeindā́n. H̔asanéki berá’i
ardu	low_frequency_unmatched	1	1	uc-kardes-masali:1	ardu	ardû	árdu,	brought			uc-kardes-masali:tb04_l06:2	ardû	árdu,	nang miri ardû, mê ena kağit nyênoşt bê, ekê miri 'Hasanêki serê	nāṅ míri árdu, me ḗ̱n’a kaγít ńeno̤št bẹ̄, é̱ke míri H̔asanéki sé̱re
are	low_frequency_unmatched	1	1	degirmenci-ve-tilki:1	are	arê	āre-	miller			degirmenci-ve-tilki:mf02_l08:10	arê	āre-	va kê: tı mêri swangd bwanê. Lûê arêwangçiri swangd wend, arê-	vā ke: ti̥ méri suáṅd buáne. Lú’e ārewāṅt̮íri suáṅd we̱nd, āre-
arewantia	low_frequency_unmatched	1	1	degirmenci-ve-tilki:1	arewantia	arêwangçya	ārewāṅt̮ía,	miller			degirmenci-ve-tilki:mf02_l05:4	arêwangçya	ārewāṅt̮ía,	kê: ez yaw merdümû arêwangçya, tı mêri çitay kêynay paşadê	ke: e̱z yau me̱rdṳ́mu ārewāṅt̮ía, ti̥ méri t̮itaí keínai pašáde
arewantiyu	low_frequency_unmatched	1	1	degirmenci-ve-tilki:1	arewantiyu	arêwangçiyû	ārewāṅt̮íyu.	is a miller			degirmenci-ve-tilki:mf04_l06:6	arêwangçiyû	ārewāṅt̮íyu.	enoê paşa nyû, qamêk va: enoê arêwangçiyû. Lwê agêray cigêray,	ḗ̱n’oe pašá ńu, qāmek vā: ḗ̱n’oe ārewāṅt̮íyu. Lúe āgeraí d̮igeraí,
areye	low_frequency_unmatched	1	1	degirmenci-ve-tilki:1	areye	arêyê	āréye,	mill			degirmenci-ve-tilki:mf01_l03:3	arêyê	āréye,	sêbah werişt, ame arêyê, awnyaykê ardi mêsahıdi çınyi; aya şawê	sebáh we̱ríšt, āmé̱ āréye, auńaíke ā́rdi mesáhi̥di t̮í̥ńi; áya šaú’e
ari	low_frequency_unmatched	1	1	degirmenci-ve-tilki:1	ari	ari	ārí	mill			degirmenci-ve-tilki:mf01_l02:4	ari	ārí	nayni. Roc yêkê beri ari qafêlna şê kêyê, şawê kêyê ra kawt,	naíni. Rōd̮ yéke bé̱ri ārí qáfelnā šẹ̄ keíye, šaú’e keíye rā kaut,
arye	low_frequency_unmatched	1	1	ali-agha-ladi-kelhani:1	arye	aryê	ā́rye	together			ali-agha-ladi-kelhani:a02_l14:9	aryê	ā́rye	wênd. Ali ağay çêki xoê çêhêr hemê lacana xoê aryê kerdi, day Qasim	wend. Áli aγaí t̮éki χóe t̮ehér hé̱me lad̮ā́na χóe ā́rye ké̱rdi, dai Qasím
aseni	low_frequency_unmatched	1	1	uc-kardes-masali:1	aseni	asêni	asén’i	appeared			uc-kardes-masali:tb01_l06:7	asêni	asén’i	cyay seri yaw koy, awnyay yaw dêyştê, asêni pirû ğalêa. 'Hasanêki	d̮iaí sé̱ri yau koi, auńaí yau deíšte, asén’i pī́ru γaléa. Hʿasanéki
asiranu	low_frequency_unmatched	2	1	kauge-nyerib-u-sivani:2	asiranu	aşiranû	aširā́nu,	tribal			kauge-nyerib-u-sivani:s02_l10:6	aşiranû	aširā́nu,	Enoê kawğe Tırkan nyû, enoê kawğê aşiranû, tı byê xoêri vyênê.	Ḗ̱n’oe kauγé̱ Ti̥rkā́n ńu, ḗ̱n’oe kauγé aširā́nu, ti̥ bye χóeri vyén’e.
asmi	low_frequency_unmatched	1	1	kauge-nyerib-u-hyeni:1	asmi	aşmi	āšmi	month			kauge-nyerib-u-hyeni:h03_l05:1	aşmi	āšmi	Kê aşmi mênd, Daqma begi 'Hyêni 'habêrê erşawûtê Nyêribû	Ke āšmi mend, Dáqma bé̱gí Hʿyẹ̄́ni h̔abére e̱ršau’úte Ńeríbu
aspar	low_frequency_unmatched	1	1	ali-agha-ladi-kelhani:1	aspar	aspar	aspā́r,	horse			ali-agha-ladi-kelhani:a02_l08:7	aspar	aspā́r,	Qasim ağa 'hêt. Qasim ağa werişt bê aspar, kawta eskêri vêr,	Qasím aγá h̔ēt. Qasím aγá we̱ríšt be aspā́r, kaúta e̱skéri ver,
auda	low_frequency_unmatched	1	1	goin-puhu-kusunun-hikayesi:1	auda	Awca	Aúd̮a	at once			goin-puhu-kusunun-hikayesi:g04_l09:2	Awca	Aúd̮a	goinê kêri. Awca bi yaw goinê, fêrayê, şi.	gō’íne kéri. Aúd̮a bī yau gō’íne, ferā́ye, šī.
aue	low_frequency_unmatched	1	1	gespraech-mit-hassan:1	aue	Awê	Aú’e	those			gespraech-mit-hassan:h03_l13:7	Awê	Aú’e	û Sivani mê di, ez tedê bya. Awê kawğei aşiranû. Ez kawğe	u Sivā́ni me dī, e̱z té̱de bía. Aú’e kauγé̱’i aširā́nu. E̱z kauγé̱
auki	low_frequency_unmatched	1	1	goin-puhu-kusunun-hikayesi:1	auki	awki	aúki	stream			goin-puhu-kusunun-hikayesi:g04_l07:9	awki	aúki	sera şay, bêray twê merdû. Kêynêk bermayê, amêy, şi awki vêr,	sé̱ra šai, beraí túe mé̱rdu. Keínek be̱rmáye, āmeí, ši aúki ver,
aunaike	low_frequency_unmatched	1	1	degirmenci-ve-tilki:1	aunaike	awnyaykê	auńaíke	saw that			degirmenci-ve-tilki:mf01_l03:4	awnyaykê	auńaíke	sêbah werişt, ame arêyê, awnyaykê ardi mêsahıdi çınyi; aya şawê	sebáh we̱ríšt, āmé̱ āréye, auńaíke ā́rdi mesáhi̥di t̮í̥ńi; áya šaú’e
aunaya	low_frequency_unmatched	1	1	degirmenci-ve-tilki:1	aunaya	awnyaya	auńáya	I saw			degirmenci-ve-tilki:mf03_l02:7	awnyaya	auńáya	mê yaw kerre tepişt pa vênerta, ez awnyaya yaw dest ame gna mê	me yau ké̱re̱ te̱píšt pa vené̱rta, e̱z auńáya yau de̱st āmé̱ gnā me
avdelan	low_frequency_unmatched	1	1	gespraech-mit-hassan:1	avdelan	Avdêlang	Ávdelāṅ,	Avdelan			gespraech-mit-hassan:h01_l10:6	Avdêlang	Ávdelāṅ,	ma, Emêra, Şêkêra, 'Hêylang, Bazyang, Mala-İbrahimang, Avdêlang,	ma, É̱merā, Šékera, Hʿeílāṅ, Báziāṅ, Mála-Ibrahimā́ṅ, Ávdelāṅ,
avdula	low_frequency_unmatched	2	1	gespraech-mit-hassan:2	avdula	Avdûla	Avdúla	Avdula			gespraech-mit-hassan:h03_l11:6	Avdûla	Avdúla	ez tedê bya; kawğei Sivani û Avdûla begi mê di, ez tedê bya;	e̱z té̱de bía; kauγé̱’i Sivā́ni u Avdúla bé̱gi me dī, e̱z té̱de bía;
aye	low_frequency_unmatched	2	1	uc-kardes-masali:2	aye	ayê	áye; ā́ye	that			uc-kardes-masali:tb03_l02:6	ayê	áye	enoê rayêr bıgi, şwê, bawni seri ayê koy, kûnaği mê 'ha ayê koyû,	ḗ̱n’oe rayér bi̥ǵí, šúe, baúni sé̱ri áye koi, kunáγi me h̔a ā́ye kóyu,
ba	low_frequency_unmatched	1	1	uc-kardes-masali:1	ba	ba	bā-	with			uc-kardes-masali:tb09_l06:10	ba	bā-	'Hasanêk werişt şê qûnaği dyewi gêyra, cay dyewi di, bıni ba-	H̔asanék we̱ríšt šẹ̄ qunāγi d́é̱wi geírá, d̮ai d́é̱wi dī, bí̥ni bā-
bahtede	low_frequency_unmatched	1	1	ali-agha-ladi-kelhani:1	bahtede	ba'htêdê	bah̔tẹ̄́de	unfortunate			ali-agha-ladi-kelhani:a03_l05:10	ba'htêdê	bah̔tẹ̄́de	kê: 'halo xancêray mê bıdê, ez zana, tê xaini, byê ba'htêdê tı ma	ke: h̔álō χand̮érai me bi̥dé, e̱z zána, te χa’íni, bye bah̔tẹ̄́de ti̥ mā
bana	low_frequency_unmatched	1	1	kauge-nyerib-u-sivani:1	bana	bana	bā́na	houses			kauge-nyerib-u-sivani:s05_l01:5	bana	bā́na	kêri Adûlah ağay pêyra kawt, bana dewi pyêrû taalan kerdi, sû-	kéri Adúl’ah aγái peíra kaut, bā́na dé̱wi pyéru tá’alan ké̱rdi, su-
bauke	low_frequency_unmatched	1	1	ali-agha-ladi-kelhani:1	bauke	bawkê	baúke	father			ali-agha-ladi-kelhani:a04_l05:9	bawkê	baúke	aya xancêri kişti. A'hmêd kişya. 'Hiryê heme bêrai A'hmêdi bawkê	áya χand̮éri kíšti. Ah̔méd kíšya. Hʿī́rye hé̱me̱ berá’i Ah̔médi baúke
baxsi	low_frequency_unmatched	1	1	kauge-nyerib-u-sivani:1	baxsi	baxşi	báχši	granted			kauge-nyerib-u-sivani:s05_l15:7	baxşi	báχši	kê tê amêy mê Xalef ağa kerd baxşi twê. 'Haydêr ağay lawna Av-	ke te āmeí me Χalé̱f aγá ke̱rd báχši túe. Hʿaidér aγái launā́ Av-
bazian	low_frequency_unmatched	1	1	gespraech-mit-hassan:1	bazian	Bazyang	Báziāṅ,	Bazian			gespraech-mit-hassan:h01_l10:4	Bazyang	Báziāṅ,	ma, Emêra, Şêkêra, 'Hêylang, Bazyang, Mala-İbrahimang, Avdêlang,	ma, É̱merā, Šékera, Hʿeílāṅ, Báziāṅ, Mála-Ibrahimā́ṅ, Ávdelāṅ,
behapeini	low_frequency_unmatched	1	1	ali-agha-ladi-kelhani:1	behapeini	bê'hapêyni	beh̔apeíni,	deceive			ali-agha-ladi-kelhani:a01_l08:11	bê'hapêyni	beh̔apeíni,	Ali ağay byari daw. Qasim ağa va kê: ma Ali ağay bê'hapêyni, ma	Áli aγaí biā́ri dau. Qasím aγá vā ke: mā Áli aγaí beh̔apeíni, mā
behti	low_frequency_unmatched	2	1	kauge-nyerib-u-sivani:2	behti	bê'hti; be'hti	beh̔ti; bé̱h̔ti	protection			kauge-nyerib-u-sivani:s05_l04:4	bê'hti	beh̔ti	ağara va: ez kawta bê'hti twê, Avdûlah ağay Kelang eskêri mê pyêrû	aγára vā: e̱z kaúta beh̔ti túe, Avdúl’ah aγái Ké̱lāṅ é̱skéri me pyéru
berara	low_frequency_unmatched	1	1	uc-kardes-masali:1	berara	bêrara	berára	before			uc-kardes-masali:tb07_l01:5	bêrara	berára	Bêray 'Hasanêki werişti, 'Hasanêk kawt bêrara ver, şi çêhêr	Beraí H̔asanéki we̱ríšti, H̔asanék kaut berára ve̱r, šī t̮ehér
berarani	low_frequency_unmatched	1	1	uc-kardes-masali:1	berarani	bêrarani	berarā́ni	to his brothers			uc-kardes-masali:tb07_l03:7	bêrarani	berarā́ni	stang, bêray xoê berdi çarşû, va kê bêrarani xoêra: xoêri kancawkê	stā́ṅ, beraí χóe bé̱rdi t̮āršū́, vā ke berarā́ni χóera: χóeri kand̮aúke
berde	low_frequency_unmatched	1	1	goin-puhu-kusunun-hikayesi:1	berde	berdê	bé̱rde,	took			goin-puhu-kusunun-hikayesi:g04_l04:4	berdê	bé̱rde,	nyay xoê têra kêrd, berdê, êyştê zêyndang. Way lacêki golikana	niai χóe terá kerd, bé̱rde, eíšte zeindā́ṅ. Wai lā́d̮eki gōlikā́na
berma	low_frequency_unmatched	1	1	uc-kardes-masali:1	berma	berma	be̱rmā́.	wept			uc-kardes-masali:tb07_l06:0	berma	be̱rmā́.	berma. 'Hasanêki va kê: bêra tû qawvi bermêni? Alah kêrimû.	be̱rmā́. H̔asanéki vā ke: berá tu qaúvi be̱rmén’i? Aláh kerī́mu.
bermai	low_frequency_unmatched	1	1	degirmenci-ve-tilki:1	bermai	bermay	be̱rmaí.	cried			degirmenci-ve-tilki:mf02_l03:4	bermay	be̱rmaí.	erzya lûê têpiştê, lûê bermay. Lûê va kê arêwangçira: tê mê	e̱rzia lú’e tepíšte, lú’e be̱rmaí. Lú’e vā ke ārewāṅt̮íra: te me
bermaye	low_frequency_unmatched	2	1	goin-puhu-kusunun-hikayesi:2	bermaye	bermayê	be̱rmáye,	wept			goin-puhu-kusunun-hikayesi:g03_l07:8	bermayê	be̱rmáye,	dê di bê, ek bêray xoê kiştû, amêy, bermayê, mêra va kê: baw,	de dī be, e̱k beraí χóe kíštu, āmeí, be̱rmáye, méra vā ke: bau,
bermeni	low_frequency_unmatched	1	1	uc-kardes-masali:1	bermeni	bermêni	be̱rmén’i?	are you crying?			uc-kardes-masali:tb07_l06:7	bermêni	be̱rmén’i?	berma. 'Hasanêki va kê: bêra tû qawvi bermêni? Alah kêrimû.	be̱rmā́. H̔asanéki vā ke: berá tu qaúvi be̱rmén’i? Aláh kerī́mu.
bestia	low_frequency_unmatched	1	1	kauge-nyerib-u-hyeni:1	bestia	bestya	bé̱stia	was breaking			kauge-nyerib-u-hyeni:h04_l08:1	bestya	bé̱stia	Şefak bestya bıroşt 'habêr erşawûtê Nyêrib Xalef ağayri va kê: têrês,	Še̱fák bé̱stia bi̥rōšt h̔abér e̱ršau’úte Ńeríb Χalé̱f aγáiri vā ke: terés,
bidu	low_frequency_unmatched	1	1	uc-kardes-masali:1	bidu	bıdû	bi̥dú	give			uc-kardes-masali:tb03_l13:2	bıdû	bi̥dú	ver kû, bıdû 'Hasanêkira, 'Hasanêki emşoê wa kêynay pilê 'het ra	ve̱r ku, bi̥dú H̔asanékira, H̔asanéki ḗ̱mšoe wa keínai pī́le h̔e̱t rā
bigeru	low_frequency_unmatched	1	1	degirmenci-ve-tilki:1	bigeru	bigêrû	biǵeru,	take			degirmenci-ve-tilki:mf05_l06:1	bigêrû	biǵeru,	maç bigêrû, nyêzana rayêr qancaw. Lwê paût, arêwangçi nyawme,	mā́t̮ biǵeru, ńézana rayér qānd̮aú. Lúe pa’út, ārewāṅt̮í ńaúme̱,
bigu	low_frequency_unmatched	2	1	uc-kardes-masali:2	bigu	bigû	biǵú,	take			uc-kardes-masali:tb04_l11:5	bigû	biǵú,	ez nêkay nûsêna, dana twê, bigû, şwê, bıdê cênyay mê, ena gêlankê	e̱z nekaí nusén’a, dā́na túe, biǵú, šúe, bi̥dé d̮éniai me, ḗ̱n’a gelāṅke
bilike	low_frequency_unmatched	1	1	gespraech-mit-hassan:1	bilike	Bılıkê	Bi̥lí̥ke,	Bılıko			gespraech-mit-hassan:h01_l09:1	Bılıkê	Bi̥lí̥ke,	mêk, Bılıkê, Melêkang, Mark, Aldûn, Gewêl, Kasan, 'Hoêna, Sa-	méḱ, Bi̥lí̥ke, Me̱lekā́ṅ, Marḱ, Aldū́n, Ge̱wél, Kasán, Hʿóena, Sā́-
bine	low_frequency_unmatched	1	1	ali-agha-ladi-kelhani:1	bine	bınê	bí̥ne	side			ali-agha-ladi-kelhani:a04_l02:2	bınê	bí̥ne	day 'hali bınê çici raştirû. 'Hal kawt. A'hmêdi xancêri 'halira vetê,	dai h̔ā́li bí̥ne t̮íd̮i rā́štiru. Hʿāl kaut. Ah̔médi χand̮éri h̔ā́lira vé̱te,
bini	low_frequency_unmatched	2	1	uc-kardes-masali:2	bini	bini; bıni	bíni; bí̥ni	above			uc-kardes-masali:tb08_l14:6	bini	bíni	caw kê dyaw ra kwênû, 'ha bini seri dyewidê şimşyêri dyewi bıgê,	d̮aú ke d́au rā kuén’u, h̔a bíni sé̱ri d́é̱wide šimšyẹ̄́ri d́é̱wi bi̥gé,
birmena	low_frequency_unmatched	1	1	kauge-nyerib-u-sivani:1	birmena	bırmêna	bi̥rmén’a.	cut off			kauge-nyerib-u-sivani:s04_l01:4	bırmêna	bi̥rmén’a.	cû'hi nyêvêrdana, heminê serê bırmêna. Avdûlah ağay 'habêr er-	d̮úh̔i ńeverdā́na, hé̱mine sé̱re bi̥rmén’a. Avdúl’ah aγái h̔abér e̱r-
birost	low_frequency_unmatched	1	1	kauge-nyerib-u-hyeni:1	birost	bıroşt	bi̥rōšt	became light			kauge-nyerib-u-hyeni:h04_l08:2	bıroşt	bi̥rōšt	Şefak bestya bıroşt 'habêr erşawûtê Nyêrib Xalef ağayri va kê: têrês,	Še̱fák bé̱stia bi̥rōšt h̔abér e̱ršau’úte Ńeríb Χalé̱f aγáiri vā ke: terés,
bista	low_frequency_unmatched	1	1	uc-kardes-masali:1	bista	bısta	bi̥stā	thrown			uc-kardes-masali:tb08_l06:5	bısta	bi̥stā	ez dyan, ez gêrawta arda bısta enoê zêyndan. 'Hasanêki bêrai	e̱z dían, e̱z geraúta ā́rda bi̥stā ḗ̱n’oe zeindā́n. H̔asanéki berá’i
bisti	low_frequency_unmatched	1	1	uc-kardes-masali:1	bisti	bısti	bi̥stī	thrown			uc-kardes-masali:tb08_l04:9	bısti	bi̥stī	Bêrai xoê Şabanira va kê: bêra, qami tê ardi bısti enoê zêyndan.	Berá’i χóe Šabánira vā ke: berá, qā́mi te ā́rdi bi̥stī ḗ̱n’oe zeindā́n.
bisu	low_frequency_unmatched	1	1	degirmenci-ve-tilki:1	bisu	bışû	bi̥šú,	wash yourself			degirmenci-ve-tilki:mf03_l12:7	bışû	bi̥šú,	şadê Mısri wayştê, warzê, şwê 'hemam, xoê bışû, temiz kê, byê,	šáde Mi̥sri waíšte, wárze, šúe h̔é̱m’ām, χóe bi̥šú, te̱míz ke, bye,
bitine	low_frequency_unmatched	1	1	uc-kardes-masali:1	bitine	bıçinê	bi̥t̮íne.	cut			uc-kardes-masali:tb02_l13:1	bıçinê	bi̥t̮íne.	rêm, bıçinê. Dyaw vınert 'Hasanêki 'het, 'Hasanêkira va: laci mê,	rem, bi̥t̮íne. D́au vi̥né̱rt H̔asanéki h̔e̱t, H̔asanékira vā: lā́d̮i me,
bitini	low_frequency_unmatched	1	1	uc-kardes-masali:1	bitini	bitini	bitíni,	cut			uc-kardes-masali:tb01_l07:9	bitini	bitíni,	va bêrar yêni: warzi, ma şyêri yalêy êna dêyştê bitini, hêlbêt	vā berār yéni: wārzi, mā šyéri yaleí én’a deíšte bitíni, helbét
bizane	low_frequency_unmatched	1	1	goin-puhu-kusunun-hikayesi:1	bizane	bızanê	bi̥zā́ne	know			goin-puhu-kusunun-hikayesi:g03_l01:6	bızanê	bi̥zā́ne	rêna, ekê mê bêray twê di, bızanê kê: ek cênyay mê şımadê	rén’a, é̱k’e me beraí túe dī, bi̥zā́ne ke: e̱k d̮éniai me ši̥máde
bobu	low_frequency_unmatched	1	1	uc-kardes-masali:1	bobu	bobû	bo̤bú.	will be			uc-kardes-masali:tb01_l05:5	bobû	bo̤bú.	kar bıkêri, pêy dabaray ma bobû. Enyê hiryê hemê weristi şi, ve-	kār bi̥kérí, pei dabā́rai ma bo̤bú. Ḗ̱n’ie hī́rye hé̱me we̱rísti ši, ve̱-
buane	low_frequency_unmatched	1	1	degirmenci-ve-tilki:1	buane	bwanê	buáne.	give			degirmenci-ve-tilki:mf02_l08:5	bwanê	buáne.	va kê: tı mêri swangd bwanê. Lûê arêwangçiri swangd wend, arê-	vā ke: ti̥ méri suáṅd buáne. Lú’e ārewāṅt̮íri suáṅd we̱nd, āre-
buer	low_frequency_unmatched	1	1	uc-kardes-masali:1	buer	bwêr	búer	brown			uc-kardes-masali:tb03_l14:8	bwêr	búer	kû, sêba ena pilaw byarû. Cênyay dyewi gay bwêr serê bırna, goşti	ku, sebā́ ḗ̱n’a pilaú biáru. D̮éniai d́é̱wi gai búer sé̱re bi̥rnā́, gṓšti
byeru	low_frequency_unmatched	1	1	degirmenci-ve-tilki:1	byeru	byêrû	byẹ̄́ru	comes			degirmenci-ve-tilki:mf03_l09:0	byêrû	byẹ̄́ru	byêrû tya, ez twêri 'haberê ana.	byẹ̄́ru tía, e̱z túeri h̔abé̱re āna.
dabarai	low_frequency_unmatched	1	1	uc-kardes-masali:1	dabarai	dabaray	dabā́rai	livelihood			uc-kardes-masali:tb01_l05:3	dabaray	dabā́rai	kar bıkêri, pêy dabaray ma bobû. Enyê hiryê hemê weristi şi, ve-	kār bi̥kérí, pei dabā́rai ma bo̤bú. Ḗ̱n’ie hī́rye hé̱me we̱rísti ši, ve̱-
dade	low_frequency_unmatched	1	1	kauge-nyerib-u-hyeni:1	dade	cadê	d̮āde	corpse			kauge-nyerib-u-hyeni:h02_l03:9	cadê	d̮āde	têra gêrawt, pêy seri merdümi 'Hyênici têra kerd kişt, cadê	terá geraút, pei sé̱ri me̱rdṳ́mi Hʿyẹ̄́nid̮i terá ke̱rd kišt, d̮āde
dare	low_frequency_unmatched	1	1	gespraech-mit-hassan:1	dare	Darê	Dā́re	trees			gespraech-mit-hassan:h02_l11:0	Darê	Dā́re	Darê tüyêra estû, sayêr estû, mişmişyêr estû, xawxir, he-	Dā́re tṳ́yera é̱stu, sayér é̱stu, mišmišyẹ̄́r é̱stu, χauχir, he̱-
dauai	low_frequency_unmatched	1	1	ali-agha-ladi-kelhani:1	dauai	daway	daú’ai	of the village			ali-agha-ladi-kelhani:a01_l01:8	daway	daú’ai	Ali ağa laci Kêlhani mirêy na'hêy Karbegani. Namêy daway	Áli aγá lā́d̮i Kelháni mírei nah̔eí Karbe̱gā́ni. Nameí daú’ai
dauz	low_frequency_unmatched	1	1	kauge-nyerib-u-hyeni:1	dauz	Dawzra	Daúzra	Dauz; ABL			kauge-nyerib-u-hyeni:h01_l02:7	Dawzra	Daúzra	Veri coan yaw merdüm Nyêribra werişt şê Dawzra agêyra,	Vé̱ri d̮ṓan yau me̱rdṳ́m Ńeríbra we̱ríšt šẹ̄ Daúzra ageíra,
debabe	low_frequency_unmatched	1	1	uc-kardes-masali:1	debabe	cebabê	d̮e̱bā́be	answer			uc-kardes-masali:tb02_l06:1	cebabê	d̮e̱bā́be	ez cebabê dyewi dana. Ğalê çina, awnyay kê dyaw ame, dyewi va: şü-	e̱z d̮e̱bā́be d́é̱wi dā́na. Γalé t̮ína, auńaí ke d́au amé̱, d́é̱wi vā: šṳ́-
deineki	low_frequency_unmatched	1	1	goin-puhu-kusunun-hikayesi:1	deineki	cêynêki	d̮éineki	the woman's			goin-puhu-kusunun-hikayesi:g04_l02:0	cêynêki	d̮éineki	cêynêki qafêlya, cêyni têrsayê, 'hêni nyawtaray veng bıkêrû.	d̮éineki qáfelya, d̮éini tersáye, h̔én’i ńaútarai ve̱ṅg bi̥kéru.
deini	low_frequency_unmatched	1	1	goin-puhu-kusunun-hikayesi:1	deini	cêyni	d̮éini	woman			goin-puhu-kusunun-hikayesi:g04_l02:2	cêyni	d̮éini	cêynêki qafêlya, cêyni têrsayê, 'hêni nyawtaray veng bıkêrû.	d̮éineki qáfelya, d̮éini tersáye, h̔én’i ńaútarai ve̱ṅg bi̥kéru.
delu	low_frequency_unmatched	2	1	degirmenci-ve-tilki:2	delu	delû; dêlû	dé̱lu,; délu;	drunk			degirmenci-ve-tilki:mf04_l05:6	delû	dé̱lu,	sêlam bêdû. Eskêri qamêk va: enoê delû, enoê dêlû; qamêk va:	selám bedú. E̱skéri qā́mek vā: ḗ̱n’oe dé̱lu, ḗ̱n’oe délu; qā́mek vā:
denazai	low_frequency_unmatched	2	1	ali-agha-ladi-kelhani:2	denazai	Cênazay; cênazay	D̮enazaí; d̮enazaí	corpse			ali-agha-ladi-kelhani:a04_l07:5	Cênazay	D̮enazaí	hêrgû kês şi kêy xoê. Cênazay Ali ağay, çêhêr heme lacana, dês û	hérgu kes ši kei χóe. D̮enazaí Áli aγaí, t̮ehér hé̱me̱ lād̮ā́na, des u
deneke	low_frequency_unmatched	1	1	goin-puhu-kusunun-hikayesi:1	deneke	Cenyêkê	D̮é̱ńeke	woman			goin-puhu-kusunun-hikayesi:g02_l05:1	Cenyêkê	D̮é̱ńeke	çaw? Cenyêkê kêynêkra vana kê: bêray twê şyû kêy 'halanê xoê.	t̮au? D̮é̱ńeke keínekra vā́na ke: beraí túe šyu kei h̔ā́lāne χóe.
denie	low_frequency_unmatched	1	1	goin-puhu-kusunun-hikayesi:1	denie	cênyê	d̮énie	woman			goin-puhu-kusunun-hikayesi:g02_l01:8	cênyê	d̮énie	seri venert, yaw kêyna aya cênira byê. Ena cênyê byê dışmêni	sé̱ri ve̱né̱rt, yau keína áya d̮énira bī́e. Ē̱n’a d̮énie bíe di̥šmén’i
derman	low_frequency_unmatched	1	1	kauge-nyerib-u-hyeni:1	derman	dermang	de̱rmā́ṅ	remedy			kauge-nyerib-u-hyeni:h01_l09:9	dermang	de̱rmā́ṅ	'Hyênêyici va kê: ez ğızmkara, derdi twê ebê mê dermang nyêbênû.	Hʿyẹ̄́neyid̮i vā ke: e̱z γi̥zmkā́ra, de̱rdi túe é̱be me de̱rmā́ṅ ńebén’u.
desmund	low_frequency_unmatched	1	1	ali-agha-ladi-kelhani:1	Desmund	Dêsmuncira	Desmúnd̮ira:	Desmund; ABL			ali-agha-ladi-kelhani:a04_l09:6	Dêsmuncira	Desmúnd̮ira:	veng da va kê mêla Qasimi Dêsmûncira: byêri cênazay Ali ağay	ve̱ṅg dā vā ke mél’a Qasími Desmúnd̮ira: bíeri d̮enazaí Áli aγaí
destani	low_frequency_unmatched	2	1	uc-kardes-masali:2	destani	destani	de̱stā́ni	hands			uc-kardes-masali:tb05_l02:0	destani	de̱stā́ni	destani lingani twê, kêynay kûtıki, tra kêna, twê bêna seri hawt	de̱stā́ni liṅgā́ni túe, keínai kuti̥ki, trā kén’a, túe bén’a sé̱ri haut
devadi	low_frequency_unmatched	1	1	uc-kardes-masali:1	devadi	dêvaci	devā́d̮i.	speak			uc-kardes-masali:tb02_l09:11	dêvaci	devā́d̮i.	mê bıdê, ez toêri yaw laqardi vaca; dyewi va: laci mê dêvaci.	me bi̥dé, e̱z tóeri yau laqardī́ vād̮a; d́é̱wi vā: lā́d̮i me devā́d̮i.
dewa	low_frequency_unmatched	2	1	gespraech-mit-hassan:2	dewa	dewa	dé̱wa	village			gespraech-mit-hassan:h02_l04:1	dewa	dé̱wa	Namêy dewa twê çinaw?	Nāmeí dé̱wa túe t̮ínau?
dewani	low_frequency_unmatched	1	1	gespraech-mit-hassan:1	dewani	dewani	dé̱wāni	villages			gespraech-mit-hassan:h01_l07:1	dewani	dé̱wāni	Namêy dewani aşirêta şüma çinaw?	Nāmeí dé̱wāni ašíreta šṳ́ma t̮ínau?
dewe	low_frequency_unmatched	1	1	gespraech-mit-hassan:1	dewe	dewe	dé̱we̱	village			gespraech-mit-hassan:h01_l13:1	dewe	dé̱we̱	Sıpyerdışi dewe Aldûni qamû?	Si̥pye̱rdí̥ši dé̱we̱ Aldū́ni qā́mu?
dewide	low_frequency_unmatched	2	1	uc-kardes-masali:2	dewide	dyewidê	d́é̱wide	of the dev			uc-kardes-masali:tb08_l14:8	dyewidê	d́é̱wide	caw kê dyaw ra kwênû, 'ha bini seri dyewidê şimşyêri dyewi bıgê,	d̮aú ke d́au rā kuén’u, h̔a bíni sé̱ri d́é̱wide šimšyẹ̄́ri d́é̱wi bi̥gé,
dewya	low_frequency_unmatched	2	1	uc-kardes-masali:2	dewya	dyewya	d́é̱wya,; d́é̱wya	of the dev			uc-kardes-masali:tb08_l12:10	dyewya	d́é̱wya,	Qabas başi 'Hasanêkira va kê: êgit tê şwêni ez çira'hêy dyewya,	Qabás baší H̔asanékira vā ke: egít te šuén’i e̱z t̮iráh̔ei d́é̱wya,
diai	low_frequency_unmatched	1	1	uc-kardes-masali:1	diai	cyay	d̮iaí	went out			uc-kardes-masali:tb01_l06:0	cyay	d̮iaí	cyay seri yaw koy, awnyay yaw dêyştê, asêni pirû ğalêa. 'Hasanêki	d̮iaí sé̱ri yau koi, auńaí yau deíšte, asén’i pī́ru γaléa. Hʿasanéki
digerai	low_frequency_unmatched	1	1	degirmenci-ve-tilki:1	digerai	cigêray	d̮igeraí,	went back and forth			degirmenci-ve-tilki:mf04_l06:9	cigêray	d̮igeraí,	enoê paşa nyû, qamêk va: enoê arêwangçiyû. Lwê agêray cigêray,	ḗ̱n’oe pašá ńu, qāmek vā: ḗ̱n’oe ārewāṅt̮íyu. Lúe āgeraí d̮igeraí,
dike	low_frequency_unmatched	1	1	kauge-nyerib-u-hyeni:1	dike	dıkê	di̥ké,	fight			kauge-nyerib-u-hyeni:h06_l05:1	dıkê	di̥ké,	kawğe dıkê, hêta hiryê roci kawğe mê kawğaw, ez eskêri twêra	kauγé̱ di̥ké, héta hī́rye rṓd̮i kauγé̱ me kauγaú, e̱z e̱skéri túera
dime	low_frequency_unmatched	1	1	kauge-nyerib-u-hyeni:1	dime	dımê	dí̥me	after			kauge-nyerib-u-hyeni:h05_l12:3	dımê	dí̥me	Xalef ağay kawta dımê berdi, kerdi zerêy şahrêstang, yaw ma'halay	Χalé̱f aγái kaúta dí̥me bé̱rdi, ké̱rdí ze̱reí šahrestāṅ, yau mah̔alai
dizde	low_frequency_unmatched	1	1	kauge-nyerib-u-sivani:1	dizde	dızdê ra	dí̥zdera:	thief; RECIP			kauge-nyerib-u-sivani:s01_l05:0	dızdê ra	dí̥zdera:	dızdê ra: tê qangcaray. Dızdi va kê: ez Nyêribraya. Laci Mêla A'h-	dí̥zdera: te qāṅd̮araí. Dí̥zdi vā ke: e̱z Ńeríbraya. Lā́d̮i Mél’a Ah̔-
dizdei	low_frequency_unmatched	1	1	kauge-nyerib-u-sivani:1	dizdei	dızdêy	dí̥zdeí	to steal			kauge-nyerib-u-sivani:s01_l09:11	dızdêy	dí̥zdeí	malê mê bêni. Dızdi va kê: ez Nyêrbida amêya malê twê, dızdêy	mā́le me bén’i. Dí̥zdi vā ke: e̱z Ńerbída āmeía mā́le tue, dí̥zdeí
dizdeie	low_frequency_unmatched	1	1	kauge-nyerib-u-sivani:1	dizdeie	dızdêyê	di̥zdeíe,	to steal			kauge-nyerib-u-sivani:s01_l02:8	dızdêyê	di̥zdeíe,	Veri coan yaw lacêkû Nyêrbic şê Sivang, 'Horsigê dızdêyê, bani	Vé̱ri d̮ṓan yau lā́d̮eku Ńerbíd̮ šẹ̄ Sivā́ṅ, Hʿōrsíge di̥zdeíe, bā́ni
dorde	low_frequency_unmatched	1	1	goin-puhu-kusunun-hikayesi:1	dorde	cordê	d̮ṓrde	there			goin-puhu-kusunun-hikayesi:g03_l04:9	cordê	d̮ṓrde	kêynêkê ame, gêyra bêray kêynêkê, eki kistû, êyştû zêyndang, cordê	keíneke āmé̱, geíra beraí keíneke, é̱ki kístu, eíštu zeindā́ṅ, d̮ṓrde
duhi	low_frequency_unmatched	1	1	kauge-nyerib-u-sivani:1	duhi	cû'hi	d̮úh̔i	child			kauge-nyerib-u-sivani:s04_l01:0	cû'hi	d̮úh̔i	cû'hi nyêvêrdana, heminê serê bırmêna. Avdûlah ağay 'habêr er-	d̮úh̔i ńeverdā́na, hé̱mine sé̱re bi̥rmén’a. Avdúl’ah aγái h̔abér e̱r-
dula	low_frequency_unmatched	1	1	kauge-nyerib-u-sivani:1	dula	dûla	dúl’a	-Avdulah			kauge-nyerib-u-sivani:s06_l01:0	dûla	dúl’a	dûla ağa serêrû şê Xalef ağa ard, lawna Avdûlah ağa lingêrû,	dúl’a aγá sé̱reru šẹ̄ Χalé̱f aγá ārd, launā́ Avdúl’ah aγá líṅgeru,
dulah	low_frequency_unmatched	2	1	kauge-nyerib-u-sivani:2	dulah	dûlah	dúl’ah	-Avdulah			kauge-nyerib-u-sivani:s02_l08:0	dûlah	dúl’ah	dûlah ağayri va kê: eskêri mê 'hadraw, enkay ez amêya Dêyştêdê	dúl’ah aγaíri vā ke: e̱skéri me h̔adraú, ē̱nkaí e̱z āmeía Deíštede
dumilbaze	low_frequency_unmatched	1	1	kauge-nyerib-u-hyeni:1	dumilbaze	dûmilbazê	dumilbā́ze	drums			kauge-nyerib-u-hyeni:h07_l12:3	dûmilbazê	dumilbā́ze	Xalef ağa werişt, dûmilbazê day püroê. Êskêri Xalef ağa	Χalé̱f aγá we̱ríšt, dumilbā́ze dai pṳ́roe. Eskéri Χalé̱f aγá
duzi	low_frequency_unmatched	1	1	kauge-nyerib-u-hyeni:1	duzi	dûzi	dúzi	field			kauge-nyerib-u-hyeni:h07_l06:1	dûzi	dúzi	yêna dûzi 'Hemyêra, tê eskêri xoê bıgê, byê pêy rezan metırisi,	yén’a dúzi Hʿé̱myera, te e̱skéri χóe bi̥gé, bye pei re̱zā́n me̱tí̥risi,
dyes	low_frequency_unmatched	2	1	ali-agha-ladi-kelhani:2	dyes	dyêsi; dyêsê	d́ési; d́ése	wall; in the wall			ali-agha-ladi-kelhani:a03_l14:3	dyêsi	d́ési	bıkşû. A'hmêd awnya dyêsi wedi, yaw şıbakê 'ha dyêsê wedidê, desti	bi̥kšú. Ah̔méd auńā́ d́ési we̱dí, yau ši̥bā́ke h̔ā d́ése wé̱dide, dé̱sti
ebe	low_frequency_unmatched	1	1	kauge-nyerib-u-hyeni:1	ebe	ebê	é̱be	through			kauge-nyerib-u-hyeni:h01_l09:7	ebê	é̱be	'Hyênêyici va kê: ez ğızmkara, derdi twê ebê mê dermang nyêbênû.	Hʿyẹ̄́neyid̮i vā ke: e̱z γi̥zmkā́ra, de̱rdi túe é̱be me de̱rmā́ṅ ńebén’u.
efendi	low_frequency_unmatched	1	1	kauge-nyerib-u-hyeni:1	efendi	êfêndi	eféndi	Efendi, title			kauge-nyerib-u-hyeni:h05_l13:4	êfêndi	eféndi	'Hyêni veşnay, serêy Xalil êfêndi têra kêrd, ard, da Xalef	Hʿyẹ̄́ni ve̱šnaí, sé̱rei Χalíl eféndi terá kerd, ārd, dā Χalé̱f
ehmed	low_frequency_unmatched	1	1	gespraech-mit-hassan:1	ehmed	E'hmêd	E̱h̔méd	Ahmed			gespraech-mit-hassan:h03_l10:8	E'hmêd	E̱h̔méd	di, ez şya kawğei Nyêribi û 'Hyêni, kawğei E'hmêd begi û Sivani	dī, e̱z šía kauγé̱’i Ńeríbi u Hʿyẹ̄́ni, kauγé̱’i E̱h̔méd bé̱gi u Sivā́ni
eirue	low_frequency_unmatched	2	1	goin-puhu-kusunun-hikayesi:2	eirue	êyrwê	eírue	today			goin-puhu-kusunun-hikayesi:g02_l14:5	êyrwê	eírue	Bawki kêynêkê xoêra va kê: êyrwê tı şwê golikangdê, ez gê-	Baúki keíneke χóera vā ke: eírue ti̥ šúe gōlikā́ṅde, e̱z ge-
eixoe	low_frequency_unmatched	1	1	ali-agha-ladi-kelhani:1	eixoe	êyxoê	eiχóe	self			ali-agha-ladi-kelhani:a03_l13:7	êyxoê	eiχóe	Alah izmê mê bıdû, ez twê veri êyxoê kışêna. 'Hal şi kê A'hmêdi	Aláh ī́zme me bi̥dú, e̱z túe vé̱ri eiχóe ki̥šén’a. Hʿāl ši ke Ah̔médi
eki	low_frequency_unmatched	1	1	goin-puhu-kusunun-hikayesi:1	eki	eki	é̱ki	where			goin-puhu-kusunun-hikayesi:g03_l04:5	eki	é̱ki	kêynêkê ame, gêyra bêray kêynêkê, eki kistû, êyştû zêyndang, cordê	keíneke āmé̱, geíra beraí keíneke, é̱ki kístu, eíštu zeindā́ṅ, d̮ṓrde
emanetai	low_frequency_unmatched	1	1	uc-kardes-masali:1	emanetai	emanêtay	e̱mánetai	entrusted			uc-kardes-masali:tb08_l10:2	emanêtay	e̱mánetai	bêrai mê emanêtay twê bû. Qabas başi 'Hasanêkira va kê: êgit tê	berá’i me e̱mánetai túe bu. Qabás baší H̔asanékira vā ke: egít te
emani	low_frequency_unmatched	1	1	kauge-nyerib-u-sivani:1	emani	emani	e̱mā́ni	safe-conduct			kauge-nyerib-u-sivani:s01_l13:5	emani	e̱mā́ni	tû 'Hyênici pyêrû kişti ardi emani ser. Xalef ağay 'habêrê erşaw-	tu Hʿyẹ̄níd̮i pyéru kíšti ā́rdi e̱mā́ni se̱r. Χalé̱f aγaí h̔abér’e e̱ršau’-
emera	low_frequency_unmatched	1	1	gespraech-mit-hassan:1	emera	Emêra	É̱merā,	Emera			gespraech-mit-hassan:h01_l10:1	Emêra	É̱merā,	ma, Emêra, Şêkêra, 'Hêylang, Bazyang, Mala-İbrahimang, Avdêlang,	ma, É̱merā, Šékera, Hʿeílāṅ, Báziāṅ, Mála-Ibrahimā́ṅ, Ávdelāṅ,
enei	low_frequency_unmatched	1	1	degirmenci-ve-tilki:1	enei	enêy	ḗ̱n’ei	this			degirmenci-ve-tilki:mf04_l10:1	enêy	ḗ̱n’ei	nyinyû enêy serê. Paşay Mısri va kê: beri wade cay cey ra ki, we	ńíńu ḗ̱n’ei sé̱re. Pašai Mí̥sri vā ke: bé̱ri wadé̱ d̮ai d̮e̱i rā ki, we̱
ersau	low_frequency_unmatched	1	1	kauge-nyerib-u-sivani:1	ersau	erşaw	e̱ršau’-	sent-			kauge-nyerib-u-sivani:s01_l13:10	erşaw	e̱ršau’-	tû 'Hyênici pyêrû kişti ardi emani ser. Xalef ağay 'habêrê erşaw-	tu Hʿyẹ̄níd̮i pyéru kíšti ā́rdi e̱mā́ni se̱r. Χalé̱f aγaí h̔abér’e e̱ršau’-
ersauuti	low_frequency_unmatched	1	1	kauge-nyerib-u-hyeni:1	ersauuti	erşawûti	e̱ršau’úti	sent			kauge-nyerib-u-hyeni:h09_l03:5	erşawûti	e̱ršau’úti	mê çinyû. Xalef ağay merdüm erşawûti va kê: şyêri mêytani ma	me t̮íńu. Χalé̱f aγái me̱rdṳ́m e̱ršau’úti vā ke: šyẹ̄́ri meítāni mā
ersauwena	low_frequency_unmatched	1	1	kauge-nyerib-u-hyeni:1	ersauwena	erşawêna	e̱ršauwén’a.	I will send			kauge-nyerib-u-hyeni:h06_l13:2	erşawêna	e̱ršauwén’a.	twêri 'haberê erşawêna. Xalef ağa va kê: peki, êfêndim, 'haydi	túeri h̔abé̱re e̱ršauwén’a. Χalé̱f aγá vā ke: pé̱ḱi, eféndim, h̔aídi
erze	low_frequency_unmatched	1	1	degirmenci-ve-tilki:1	erze	erzê	é̱rz’e	himself			degirmenci-ve-tilki:mf03_l04:0	erzê	é̱rz’e	erzê xoê mê wica ver daw, ez amêya Paşay Mısri va kê: êspar	é̱rz’e χóe me wíd̮a ve̱r daú, e̱z āmeía.] Pašaí Mí̥sri vā ke: espā́r
erzia	low_frequency_unmatched	1	1	degirmenci-ve-tilki:1	erzia	erzya	e̱rzia	then			degirmenci-ve-tilki:mf02_l03:0	erzya	e̱rzia	erzya lûê têpiştê, lûê bermay. Lûê va kê arêwangçira: tê mê	e̱rzia lú’e tepíšte, lú’e be̱rmaí. Lú’e vā ke ārewāṅt̮íra: te me
es	low_frequency_unmatched	1	1	kauge-nyerib-u-sivani:1	es	es	e̱s-	army-			kauge-nyerib-u-sivani:s04_l15:10	es	e̱s-	weta amê bı Tawricyê, kawğe kerd, eskêri Xalef ağay rema, es-	wé̱ta āmé bi̥ Taúrid̮ye, kauγé̱ ke̱rd, e̱skéri Χalé̱f aγái re̱mā́, e̱s-
est	low_frequency_unmatched	2	1	uc-kardes-masali:2	est	êşt	ẹ̄št,	threw away			uc-kardes-masali:tb03_l08:7	êşt	ẹ̄št,	berşaw mıri, ez wêna. 'Hasanêki kağit dırna, êşt, yawna kağit	bḗ̱ršau mí̥ri, e̱z wén’a. H̔asanéki kaγít di̥rná, ẹ̄št, yaúna kaγít
fatrakom	low_frequency_unmatched	1	1	gespraech-mit-hassan:1	fatrakom	Fatrakom	Fatrakó̤m,	Fatrakom			gespraech-mit-hassan:h01_l08:0	Fatrakom	Fatrakó̤m,	Fatrakom, 'Hopsor, Tênik, Rêjwan, Zımag, 'Hoêrsig, 'Hê-	Fatrakó̤m, Hʿo̤psó̤r, Teníḱ, Réžuān, Zi̥máǵ, Hʿoersíǵ, Hʿe-
feraye	low_frequency_unmatched	1	1	goin-puhu-kusunun-hikayesi:1	feraye	fêrayê	ferā́ye,	flew			goin-puhu-kusunun-hikayesi:g04_l09:6	fêrayê	ferā́ye,	goinê kêri. Awca bi yaw goinê, fêrayê, şi.	gō’íne kéri. Aúd̮a bī yau gō’íne, ferā́ye, šī.
fintoe	low_frequency_unmatched	1	1	degirmenci-ve-tilki:1	fintoe	fintoêra	fintṓera	carriage; ABL			degirmenci-ve-tilki:mf04_l08:5	fintoêra	fintṓera	paşa berd kûnaği paşay Mısri, fintoêra amêy war, lwê desti yê te-	pašá be̱rd kunáγi pašaí Mí̥sri, fintṓera āmeí war, lúe dé̱sti ye te̱-
fintoye	low_frequency_unmatched	2	1	degirmenci-ve-tilki:2	fintoye	fintoyê	fintṓye	carriage			degirmenci-ve-tilki:mf04_l01:5	fintoyê	fintṓye	kê: çêmçaqû paşa ame, yaw fintoyê rınd bıdê, ez bêna çêmçaqû	ke: t̮emt̮aqú pašá āmé̱, yau fintṓye ri̥nd bi̥dé, e̱z bén’a t̮emt̮aqú
gahar	low_frequency_unmatched	1	1	gespraech-mit-hassan:1	gahar	Ğahar	Γáhār,	Gahar			gespraech-mit-hassan:h01_l12:1	Ğahar	Γáhār,	Letang, Ğahar, Ğoêmang, Kavarê, Talek.	Lé̱tāṅ, Γáhār, Γóemāṅ, Kávare, Tā́le̱k.
galea	low_frequency_unmatched	1	1	uc-kardes-masali:1	galea	ğalêa	γaléa.				uc-kardes-masali:tb01_l06:9	ğalêa	γaléa.	cyay seri yaw koy, awnyay yaw dêyştê, asêni pirû ğalêa. 'Hasanêki	d̮iaí sé̱ri yau koi, auńaí yau deíšte, asén’i pī́ru γaléa. Hʿasanéki
galei	low_frequency_unmatched	1	1	uc-kardes-masali:1	galei	ğalêy	γaleí				uc-kardes-masali:tb02_l10:10	ğalêy	γaleí	'Hasanêki va: ma hiryê heminê bêrai cyêy, ma amêy, enoê ğalêy	H̔asanéki vā: mā hī́rye hé̱mine berā́’i d̮ieí, ma āmeí, ḗ̱n’oe γaleí
gali	low_frequency_unmatched	1	1	uc-kardes-masali:1	gali	ğali	γalí				uc-kardes-masali:tb02_l11:11	ğali	γalí	ma etya di, ma nêyay pa çina, va: hêlbêt wayêri enyê ğali estû,	mā e̱tía dī, mā neyaí pa t̮ína, vā: helbét wáyeri ḗ̱n’ie γalí é̱stu,
garibi	low_frequency_unmatched	2	1	ali-agha-ladi-kelhani:2	garibi	ğaribi	γarī́bi	strangers			ali-agha-ladi-kelhani:a03_l09:7	ğaribi	γarī́bi	lacan bıkşi; hêma dês û hêyşti merdwomi ğaribi yênê 'hetê esti,	lád̮ān bi̥kší; hém’a des u heíšti mē̱rduó̤mi γarī́bi yéne h̔é̱te é̱sti,
garibu	low_frequency_unmatched	1	1	uc-kardes-masali:1	garibu	ğaribû	γarī́bu,				uc-kardes-masali:tb07_l08:9	ğaribû	γarī́bu,	etya ver dani, la ma xoêri se ki, caw ğaribû, cay ma çinyû, çaw	e̱tía ve̱r dā́ni, la mā χóeri se̱ ki, d̮au γarī́bu, d̮ai mā t̮íńu, t̮au
genu	low_frequency_unmatched	1	1	kauge-nyerib-u-hyeni:1	genu	gênû	ǵén’u.	I take			kauge-nyerib-u-hyeni:h01_l08:9	gênû	ǵén’u.	yaw ğızmkari piriki min kiştû, ez êyroê 'hêyfi twêra gênû. Merdümi	yau γi̥zmkā́ri pī́riki min kíštu, e̱z eíroe h̔eífi túera ǵén’u. Me̱rdṳ́mi
gerai	low_frequency_unmatched	1	1	degirmenci-ve-tilki:1	gerai	gêray	geraí,	searched			degirmenci-ve-tilki:mf05_l07:2	gêray	geraí,	lwê şi gêray, arêwangçi di, gnaw erû, merdû. Lwê amêy, paşay Mıs-	lúe ši geraí, ārewāṅt̮í dī, gnau é̱ru, mé̱rdu. Lúe āmeí, pašai Mí̥s-
gerauta	low_frequency_unmatched	1	1	uc-kardes-masali:1	gerauta	gêrawta	geraúta	took			uc-kardes-masali:tb08_l06:3	gêrawta	geraúta	ez dyan, ez gêrawta arda bısta enoê zêyndan. 'Hasanêki bêrai	e̱z dían, e̱z geraúta ā́rda bi̥stā ḗ̱n’oe zeindā́n. H̔asanéki berá’i
germu	low_frequency_unmatched	1	1	degirmenci-ve-tilki:1	germu	germû	gé̱rmu,	it is hot			degirmenci-ve-tilki:mf04_l07:3	germû	gé̱rmu,	eskêrira va kê: germû, aqıl çêmçaqû paşay serêdê çinû. Çêmçaqû	e̱skérira vā ke: gé̱rmu, āqí̥l t̮emt̮aqú pašai sé̱rede t̮ínu. T̮emt̮aqú
gewel	low_frequency_unmatched	2	1	gespraech-mit-hassan:2	gewel	Gewêl	Ge̱wél,; Ge̱wél	Gewel			gespraech-mit-hassan:h01_l09:5	Gewêl	Ge̱wél,	mêk, Bılıkê, Melêkang, Mark, Aldûn, Gewêl, Kasan, 'Hoêna, Sa-	méḱ, Bi̥lí̥ke, Me̱lekā́ṅ, Marḱ, Aldū́n, Ge̱wél, Kasán, Hʿóena, Sā́-
giriai	low_frequency_unmatched	1	1	ali-agha-ladi-kelhani:1	giriai	giryay	giríai	withdrew			ali-agha-ladi-kelhani:a02_l03:5	giryay	giríai	lazim nyû. Ağalêri Sivani ci giryay şi kêy xoê. Qasim ağa, 'Hasan	lazím ńu. Aγáleri Sivā́ni d̮i giríai šī kei χóe. Qasím aγá, Hʿasán
git	low_frequency_unmatched	2	1	uc-kardes-masali:2	git	ğit	γít				uc-kardes-masali:tb03_l12:0	ğit	γít	ğit gêrawt, akerd, wêngd ekê dyewi tedê noştû gay bwêri wa pilaw	γít geraút, aké̱rd, weṅd é̱ke d́é̱wi té̱de no̤štu gai búeri wa pilaú
gizmet	low_frequency_unmatched	2	1	uc-kardes-masali:2	gizmet	ğizmêt; ğızmêt	γizmet; γi̥zmét				uc-kardes-masali:tb07_l10:4	ğizmêt	γizmet	xoêri yaw ağay 'hêtê ğizmêt bıkêri. 'Hasanêki bêray xoê Qasim	χóeri yau aγái h̔ēte γizmet bi̥kerí. H̔asanéki beraí χóe Qasím
gizmkara	low_frequency_unmatched	1	1	kauge-nyerib-u-hyeni:1	gizmkara	ğızmkara	γi̥zmkā́ra,	servant			kauge-nyerib-u-hyeni:h01_l09:4	ğızmkara	γi̥zmkā́ra,	'Hyênêyici va kê: ez ğızmkara, derdi twê ebê mê dermang nyêbênû.	Hʿyẹ̄́neyid̮i vā ke: e̱z γi̥zmkā́ra, de̱rdi túe é̱be me de̱rmā́ṅ ńebén’u.
gnau	low_frequency_unmatched	2	1	degirmenci-ve-tilki:2	gnau	gnaw	gnau	fell			degirmenci-ve-tilki:mf05_l07:5	gnaw	gnau	lwê şi gêray, arêwangçi di, gnaw erû, merdû. Lwê amêy, paşay Mıs-	lúe ši geraí, ārewāṅt̮í dī, gnau é̱ru, mé̱rdu. Lúe āmeí, pašai Mí̥s-
gnenu	low_frequency_unmatched	1	1	uc-kardes-masali:1	gnenu	gnênû	gnén’u	falls			uc-kardes-masali:tb09_l03:12	gnênû	gnén’u	dyewi amê bêra zerê yaw şimşyêr pêro dê serêy dyewi tra kê gnênû	d́é̱wi āmé berá zé̱re yau šimšyẹ̄́r péro̤ de sé̱rei d́é̱wi trā ke gnén’u
goeman	low_frequency_unmatched	1	1	gespraech-mit-hassan:1	goeman	Ğoêmang	Γóemāṅ,	Gowman			gespraech-mit-hassan:h01_l12:2	Ğoêmang	Γóemāṅ,	Letang, Ğahar, Ğoêmang, Kavarê, Talek.	Lé̱tāṅ, Γáhār, Γóemāṅ, Kávare, Tā́le̱k.
goine	low_frequency_unmatched	2	1	goin-puhu-kusunun-hikayesi:2	goine	goinê	gō’íne; gō’íne,	go'in (eagle-owl)			goin-puhu-kusunun-hikayesi:g04_l09:0	goinê	gō’íne	goinê kêri. Awca bi yaw goinê, fêrayê, şi.	gō’íne kéri. Aúd̮a bī yau gō’íne, ferā́ye, šī.
golikana	low_frequency_unmatched	2	1	goin-puhu-kusunun-hikayesi:2	golikana	golikana	gōlikā́na	cattle			goin-puhu-kusunun-hikayesi:g02_l03:6	golikana	gōlikā́na	Kêynêkê şwêna golikangdê; kêynêk rocêki yerêy golikana yêna,	Keíneke šuén’a gōlikā́ṅde; keínek rṓd̮eki yé̱rei gōlikā́na yén’a,
govendi	low_frequency_unmatched	1	1	kauge-nyerib-u-hyeni:1	govendi	govêndi	gōvéndi	dance			kauge-nyerib-u-hyeni:h05_l03:10	govêndi	gōvéndi	êspar kay kênû, qamûk byû pêye, qamûk na wênû, qamûk govêndi	espā́r kai kén’u, qā́muk byu peíye̱, qā́muk nā wén’u, qā́muk gōvéndi
gu	low_frequency_unmatched	1	1	degirmenci-ve-tilki:1	gu	gû	ǵu;	put on			degirmenci-ve-tilki:mf03_l07:11	gû	ǵu;	yaw qati kincang bıdê mê, ez bêna çêmçaqû paşari, wa pêra gû;	yau qáti kind̮áṅ bi̥dé me, e̱z bén’a t̮emt̮aqú pašári, wa perá ǵu;
gurauke	low_frequency_unmatched	1	1	uc-kardes-masali:1	gurauke	gûrawkê	guraúke	work			uc-kardes-masali:tb07_l14:7	gûrawkê	guraúke	'Hasanêki qayfetira go kê: ağa, tê çê gûrawkê vaci bêrai mê dest-	H̔asanéki qaife̱tíra gō ke: aγá, te t̮e guraúke vā́d̮i berá’i me dé̱st-
gure	low_frequency_unmatched	1	1	uc-kardes-masali:1	gure	gûre	gúre̱	work			uc-kardes-masali:tb07_l13:9	gûre	gúre̱	Qayfeçi 'Hasanêkira va kê: lacim, bêray twê destra tê gûre yênû.	Qaife̱t̮í H̔asanékira vā ke: lā́d̮im, beraí túe dé̱stra te gúre̱ yén’u.
habera	low_frequency_unmatched	1	1	kauge-nyerib-u-hyeni:1	habera	'habêra	h̔abéra	message			kauge-nyerib-u-hyeni:h03_l07:9	'habêra	h̔abéra	'hadre bê, roci pangcinê kawğe mê kawğaw. Xalef ağay 'habêra xoê	h̔adré̱ be, rṓd̮i paṅd̮ine kauγé̱ me kauγaú. Χalé̱f aγái h̔abéra χóe
hadrei	low_frequency_unmatched	1	1	kauge-nyerib-u-hyeni:1	hadrei	'hadrêy	h̔ādréi,	ready			kauge-nyerib-u-hyeni:h03_l03:4	'hadrêy	h̔ādréi,	ağayra vadi: ma 'ha 'hadrêy, qam rocûkê 'haberê 'Hyênêra amêyê,	aγáira vā́di: mā h̔ā h̔ādréi, qām rṓd̮uke h̔abé̱re Hʿyẹ̄́nera āmeíye,
haidi	low_frequency_unmatched	2	1	kauge-nyerib-u-hyeni:2	haidi	'haici; 'haydi	h̔á’id̮i,; h̔aídi	all right			kauge-nyerib-u-hyeni:h06_l09:7	'haici	h̔á’id̮i,	mawlêt bıdê mê. Xalef ağa va kê: 'haici, wa twêri vist roc mawlêt,	maulét bi̥dé me. Χalé̱f aγá vā ke: h̔á’id̮i, wa túeri vīst rōd̮ maulét,
halane	low_frequency_unmatched	1	1	goin-puhu-kusunun-hikayesi:1	halane	'halanê	h̔ā́lāne	uncles'			goin-puhu-kusunun-hikayesi:g02_l05:9	'halanê	h̔ā́lāne	çaw? Cenyêkê kêynêkra vana kê: bêray twê şyû kêy 'halanê xoê.	t̮au? D̮é̱ńeke keínekra vā́na ke: beraí túe šyu kei h̔ā́lāne χóe.
hale	low_frequency_unmatched	1	1	kauge-nyerib-u-hyeni:1	hale	'halê	h̔āle	condition			kauge-nyerib-u-hyeni:h07_l10:1	'halê	h̔āle	ena 'halê ez ama. Daqma begi 'haber erşawûtê Xalef ağayri va	ḗ̱n’a h̔āle e̱z āmá. Dáqma bé̱gi h̔abé̱r e̱ršau’úte Χalé̱f aγaíri vā
halo	low_frequency_unmatched	2	1	ali-agha-ladi-kelhani:2	halo	'halo	h̔álō,; h̔álō	uncle			ali-agha-ladi-kelhani:a03_l01:10	'halo	h̔álō,	ağayra. Qasim ağay gêrawt. A'hmêd laci Ali ağay va kê: 'halo, çêkani	aγaíra. Qasím aγaí geraút. Ah̔méd lā́d̮i Áli aγaí vā ke: h̔álō, t̮ékāni
harebya	low_frequency_unmatched	1	1	kauge-nyerib-u-hyeni:1	harebya	'harêbya	h̔arébya	to your places			kauge-nyerib-u-hyeni:h05_l06:7	'harêbya	h̔arébya	venga eskêri xoê da va kê: kêyê 'harêbya yêni, eskêri Xalêf	vé̱ṅga e̱skéri χóe dā vā ke: keíye h̔arébya yén’i, e̱skéri Χaléf
hasane	low_frequency_unmatched	1	1	uc-kardes-masali:1	hasane	'Hasanê	H̔asané-	Hasanek			uc-kardes-masali:tb05_l05:9	'Hasanê	H̔asané-	dêwi kağiti noştû, ek ena gêlankê miri çimani, lawani 'Hasanê-	dēwi kaγíti no̤štu, e̱k ḗ̱n’a gelā́ṅke míri t̮imā́ni, lauwā́ni H̔asané-
haspeg	low_frequency_unmatched	1	1	gespraech-mit-hassan:1	haspeg	'Haspêg	Hʿaspéǵ,	Haspeg			gespraech-mit-hassan:h01_l11:4	'Haspêg	Hʿaspéǵ,	Mıstang, Sayêrê, Abasa, Wis'hêyn, 'Haspêg, Sêraçyori, Akêragi,	Mí̥stāṅ, Sáyere, Ábasa, Wísh̔ein, Hʿaspéǵ, Serat̮yó̤ri, Akerā́gi,
hata	low_frequency_unmatched	1	1	degirmenci-ve-tilki:1	hata	'hata	h̔ā́t’a	until			degirmenci-ve-tilki:mf03_l08:0	'hata	h̔ā́t’a	'hata dı rodi eskêri xoê mevêcê sêlam lêğêy, 'heta çêmçaqû paşa	h̔ā́t’a di̥ rōdi e̱skéri χóe mé̱ved̮e selám leγeí, h̔é̱t’a t̮emt̮aqú pašá
haule	low_frequency_unmatched	2	1	uc-kardes-masali:2	haule	hawlê; 'hawlê	haúle; h̔aúle	reward			uc-kardes-masali:tb01_l08:6	hawlê	haúle	wayêri ênyê yali êstû, mari yaw hawlê bikêrû. Ênyê bêray wê-	wayéri én’ie yalí éstu, māri yau haúle bikeru. Én’ie beraí we-
haulu	low_frequency_unmatched	1	1	gespraech-mit-hassan:1	haulu	'hawlû	h̔aúlu.	well			gespraech-mit-hassan:h01_l02:2	'hawlû	h̔aúlu.	Kêyfê mê 'hawlû.	Keífe me h̔aúlu.
hauni	low_frequency_unmatched	2	1	goin-puhu-kusunun-hikayesi:2	hauni	'hawni	h̔āúni; h̔aúni	dream			goin-puhu-kusunun-hikayesi:g02_l10:5	'hawni	h̔āúni	Kêynêk va kê: baw, mê 'hawni xoêdê dyi, bêray mê kiştû, êyştû	Keínek vā ke: bau, me h̔āúni χóede d́ī, beraí me kíštu, eíštu
hei	low_frequency_unmatched	1	1	uc-kardes-masali:1	hei	hêy	hei	hey			uc-kardes-masali:tb06_l08:6	hêy	hei	vêra sêlami dyewi kê, vaci kê: hêy teres, twê kêy mê xerab na.	véra selā́mi d́é̱wi ke, vā́d̮i ke: hei te̱ré̱s, túe kei me χe̱ráb nā.
heife	low_frequency_unmatched	1	1	uc-kardes-masali:1	heife	'hêyfê	h̔eífe	revenge			uc-kardes-masali:tb08_l11:7	'hêyfê	h̔eífe	sera şwêni. 'Hasanêki va kê qabas başira: 'hêyfê xoê dyewira gêna.	sé̱ra šuén’i. H̔asanéki vā ke qabās bašīra: h̔eífe χóe d́é̱wira ǵén’a.
heifi	low_frequency_unmatched	1	1	kauge-nyerib-u-hyeni:1	heifi	'hêyfi	h̔eífi	revenge			kauge-nyerib-u-hyeni:h01_l08:7	'hêyfi	h̔eífi	yaw ğızmkari piriki min kiştû, ez êyroê 'hêyfi twêra gênû. Merdümi	yau γi̥zmkā́ri pī́riki min kíštu, e̱z eíroe h̔eífi túera ǵén’u. Me̱rdṳ́mi
heilan	low_frequency_unmatched	1	1	gespraech-mit-hassan:1	heilan	'Hêylang	Hʿeílāṅ,	Heylan			gespraech-mit-hassan:h01_l10:3	'Hêylang	Hʿeílāṅ,	ma, Emêra, Şêkêra, 'Hêylang, Bazyang, Mala-İbrahimang, Avdêlang,	ma, É̱merā, Šékera, Hʿeílāṅ, Báziāṅ, Mála-Ibrahimā́ṅ, Ávdelāṅ,
heir	low_frequency_unmatched	2	1	goin-puhu-kusunun-hikayesi:2	heir	'hêyr	h̔eir	no			goin-puhu-kusunun-hikayesi:g02_l09:5	'hêyr	h̔eir	Bawki kêynêkê xoêra va kê: 'hêyr bû, senyê bêray twê kişênû?	Baúki keíneke χóera vā ke: h̔eir bu, sḗ̱n’ie berāí túe kīšén’u?
heirke	low_frequency_unmatched	2	1	goin-puhu-kusunun-hikayesi:2	heirke	'hêyrkê	h̔eirke	but if			goin-puhu-kusunun-hikayesi:g02_l12:7	'hêyrkê	h̔eirke	ekê bêray mê amaw, ez zana weşû, 'hêyrkê bêray mê nyamaw ez	é̱k’e beraí me āmaú, e̱z zā́na wé̱šu, h̔eirke beraí me ńāmaú e̱z
heiste	low_frequency_unmatched	1	1	kauge-nyerib-u-hyeni:1	heiste	hêyştê	heíšte	eighty			kauge-nyerib-u-hyeni:h09_l01:10	hêyştê	heíšte	va kê: eskêri twê şêyşti tên çinû, eskêri mê saw hêyştê tên çinû,	vā ke: e̱skéri túe šeíšti ten t̮ínu, e̱skéri me sau heíšte ten t̮ínu,
heisti	low_frequency_unmatched	1	1	ali-agha-ladi-kelhani:1	heisti	hêyşti	heíšti	eight			ali-agha-ladi-kelhani:a03_l09:5	hêyşti	heíšti	lacan bıkşi; hêma dês û hêyşti merdwomi ğaribi yênê 'hetê esti,	lád̮ān bi̥kší; hém’a des u heíšti mē̱rduó̤mi γarī́bi yéne h̔é̱te é̱sti,
hendani	low_frequency_unmatched	1	1	ali-agha-ladi-kelhani:1	hendani	'Hêndani	Hʿendā́ni.	Hendani, name			ali-agha-ladi-kelhani:a02_l05:4	'Hêndani	Hʿendā́ni.	berdi, kêrdi wadey Mê'hmêdi 'Hêndani. Qasim ağay şawê 'habêrê	bé̱rdi, kérdi wade̱i Meh̔médi Hʿendā́ni. Qasím aγaí šaú’e h̔abére
heremi	low_frequency_unmatched	1	1	uc-kardes-masali:1	heremi	'heremi	h̔e̱ré̱mi	chambers			uc-kardes-masali:tb06_l06:5	'heremi	h̔e̱ré̱mi	ta soba. Soba werişt, şê 'heremi dyêwi, va cênyay cewira, çi bıdê,	ta sobā́. So̤bā́ we̱ríšt, šẹ̄ h̔e̱ré̱mi d́éwi, vā d̮éniai d̮é̱wira, t̮i bi̥dé,
hetia	low_frequency_unmatched	1	1	ali-agha-ladi-kelhani:1	hetia	'hetya	h̔é̱tia	here			ali-agha-ladi-kelhani:a04_l10:7	'hetya	h̔é̱tia	aylana dês û hêyşt teni merdümi ğaribana 'hetya byêri beri we-	aílāna des u heíšt té̱ni me̱rdṳ́mi γaribā́na h̔é̱tia bíeri bé̱ri we̱-
hoena	low_frequency_unmatched	1	1	gespraech-mit-hassan:1	hoena	'Hoêna	Hʿóena,	Hoeni			gespraech-mit-hassan:h01_l09:7	'Hoêna	Hʿóena,	mêk, Bılıkê, Melêkang, Mark, Aldûn, Gewêl, Kasan, 'Hoêna, Sa-	méḱ, Bi̥lí̥ke, Me̱lekā́ṅ, Marḱ, Aldū́n, Ge̱wél, Kasán, Hʿóena, Sā́-
hoersig	low_frequency_unmatched	1	1	gespraech-mit-hassan:1	hoersig	'Hoêrsig	Hʿoersíǵ,	Horsıg			gespraech-mit-hassan:h01_l08:5	'Hoêrsig	Hʿoersíǵ,	Fatrakom, 'Hopsor, Tênik, Rêjwan, Zımag, 'Hoêrsig, 'Hê-	Fatrakó̤m, Hʿo̤psó̤r, Teníḱ, Réžuān, Zi̥máǵ, Hʿoersíǵ, Hʿe-
hopsor	low_frequency_unmatched	1	1	gespraech-mit-hassan:1	hopsor	'Hopsor	Hʿo̤psó̤r,	Hopsor			gespraech-mit-hassan:h01_l08:1	'Hopsor	Hʿo̤psó̤r,	Fatrakom, 'Hopsor, Tênik, Rêjwan, Zımag, 'Hoêrsig, 'Hê-	Fatrakó̤m, Hʿo̤psó̤r, Teníḱ, Réžuān, Zi̥máǵ, Hʿoersíǵ, Hʿe-
horsige	low_frequency_unmatched	1	1	kauge-nyerib-u-sivani:1	horsige	'Horsigê	Hʿōrsíge	Horsig place			kauge-nyerib-u-sivani:s01_l02:7	'Horsigê	Hʿōrsíge	Veri coan yaw lacêkû Nyêrbic şê Sivang, 'Horsigê dızdêyê, bani	Vé̱ri d̮ṓan yau lā́d̮eku Ńerbíd̮ šẹ̄ Sivā́ṅ, Hʿōrsíge di̥zdeíe, bā́ni
hyers	low_frequency_unmatched	1	1	ali-agha-ladi-kelhani:1	hyers	hyêrs	hyẹ̄rs	angry			ali-agha-ladi-kelhani:a04_l04:6	hyêrs	hyẹ̄rs	çimyirû, goêni byê A'hmêdi çimi. A'hmêd hyêrs bê, 'hawt teni pêy	t̮ímyiru, gó’eni bíe Ah̔médi t̮ími. Ah̔méd hyẹ̄rs be, h̔aut té̱ni pei
izme	low_frequency_unmatched	1	1	ali-agha-ladi-kelhani:1	izme	izmê	ī́zme	permission			ali-agha-ladi-kelhani:a03_l13:1	izmê	ī́zme	Alah izmê mê bıdû, ez twê veri êyxoê kışêna. 'Hal şi kê A'hmêdi	Aláh ī́zme me bi̥dú, e̱z túe vé̱ri eiχóe ki̥šén’a. Hʿāl ši ke Ah̔médi
izmu	low_frequency_unmatched	1	1	kauge-nyerib-u-hyeni:1	izmu	izmû	ī́zmu;	permission			kauge-nyerib-u-hyeni:h06_l14:1	izmû	ī́zmu;	twêri izmû; vist roc mawlêt da Daqma begira.	túeri ī́zmu; vīst rōd̮ maulét dā Dáqma bé̱gira.
kainai	low_frequency_unmatched	1	1	degirmenci-ve-tilki:1	kainai	kaynay	kaínai	daughter			degirmenci-ve-tilki:mf03_l11:10	kaynay	kaínai	ray, şi arêwangçi 'hêt. Lwê arêwangçira va kê: mê twêri kaynay pa-	raí, šī ārewāṅt̮í h̔et. Lúe ārewāṅt̮íra vā ke: me túeri kaínai pa-
kalania	low_frequency_unmatched	1	1	uc-kardes-masali:1	kalania	kalanya	kalā́nia	sheath			uc-kardes-masali:tb08_l13:5	kalanya	kalā́nia	yaw şimşyêri dyewi estû 'ha kalanya altûnyênêdê 'ha qûlavi myandê,	yau šimšyẹ̄́ri d́é̱wi é̱stu h̔a kalā́nia altúńenede h̔a qulā́vi myā́nde,
kalme	low_frequency_unmatched	1	1	ali-agha-ladi-kelhani:1	kalme	Kalme	Kā́lme̱	sword			ali-agha-ladi-kelhani:a04_l03:6	Kalme	Kā́lme̱	A'hmêdi Êysan kişt, 'Hasani Kalan kişt. Kalme gna A'hmêdi pêy	Ah̔médi Eisā́n kišt, Hʿasāni Kalā́n kišt. Kā́lme̱ gnā Ah̔médi pei
kaluna	low_frequency_unmatched	1	1	gespraech-mit-hassan:1	kaluna	kalüna	kalṳ́na	pipe			gespraech-mit-hassan:h04_l01:6	kalüna	kalṳ́na	Ez rocêya, nyêşêna vaca, zerêy mê kalüna wazêna.	E̱z rōd̮eia, ńešén’a vā́d̮a, ze̱réi me kalṳ́na wazén’a.
kandauke	low_frequency_unmatched	1	1	uc-kardes-masali:1	kandauke	kancawkê	kand̮aúke	where			uc-kardes-masali:tb07_l03:10	kancawkê	kand̮aúke	stang, bêray xoê berdi çarşû, va kê bêrarani xoêra: xoêri kancawkê	stā́ṅ, beraí χóe bé̱rdi t̮āršū́, vā ke berarā́ni χóera: χóeri kand̮aúke
karatadiri	low_frequency_unmatched	2	1	gespraech-mit-hassan:2	karatadiri	karaçaciridê; karaçaciricê	karat̮ad̮íride; karat̮ad̮írid̮e	black tents; LOC			gespraech-mit-hassan:h03_l04:2	karaçaciridê	karat̮ad̮íride	Şüma zozangdê karaçaciridê roşêni?	Šṳ́ma zozā́ṅde karat̮ad̮íride rōšén’i?
katei	low_frequency_unmatched	1	1	uc-kardes-masali:1	katei	katêy	kateí	bad			uc-kardes-masali:tb05_l10:2	katêy	kateí	kağit sa katêy tedê noştû. 'Hasanêki kağit dırna, êşt, yawna ka-	kaγít sa kateí té̱de nó̤štu. H̔asanéki kaγít di̥rná, ẹ̄št, yaúna ka-
kaule	low_frequency_unmatched	1	1	uc-kardes-masali:1	kaule	kawlê	kaúle	speech			uc-kardes-masali:tb09_l12:1	kawlê	kaúle	dyewira: kawlê cang mêrdang yaw, dyaw merd, 'Hasanêk werişt, leşay	d́é̱wira: kaúle d̮āṅ mẹ̄́rdāṅ yau, d́au me̱rd, H̔asanék we̱ríšt, lé̱šaí
kauli	low_frequency_unmatched	1	1	uc-kardes-masali:1	kauli	kawli	kaúli	word			uc-kardes-masali:tb09_l05:9	kawli	kaúli	dê, tê vaci kê ez hêni yawnay pêro nyêdana: kawli cang mêrdang yaw.	de, te vā́d̮i ke e̱z hén’ī yaúnai péro̤ ńedā́na: kaúli d̮āṅ mẹ̄́rdāṅ yau.
kaute	low_frequency_unmatched	1	1	degirmenci-ve-tilki:1	kaute	kawtê	kaúte	went			degirmenci-ve-tilki:mf03_l15:8	kawtê	kaúte	ryê xoê tayşt; ame, kinci gêrawti pêra, lwê kawtê ver, şi kênari	ríe χóe taišt; āmé̱, kínd̮i geraúti perá, lúe kaúte ve̱r, šī kenā́ri
kauyau	low_frequency_unmatched	1	1	kauge-nyerib-u-hyeni:1	kauyau	kawyaw	kauyaú.	we will fight			kauge-nyerib-u-hyeni:h03_l14:6	kawyaw	kauyaú.	desti çwa gêna çaw mevindi, mêyştê kawyaw.	dé̱sti t̮ua ǵén’a t̮au mé̱vindi, meíšte kauyaú.
keinaim	low_frequency_unmatched	1	1	goin-puhu-kusunun-hikayesi:1	keinaim	kêynaym	keínaim,	my daughter			goin-puhu-kusunun-hikayesi:g03_l08:8	kêynaym	keínaim,	bêray mê kiştû, êyştû zêyndang. Mê va kê: kêynaym, 'hêyr bû, me-	beraí me kíštu, eíštu zeindā́ṅ. Me vā ke: keínaim, h̔eir bu, mé̱-
keinau	low_frequency_unmatched	1	1	goin-puhu-kusunun-hikayesi:1	keinau	kêynaw	keínau	daughter			goin-puhu-kusunun-hikayesi:g01_l01:8	kêynaw	keínau	Zêmanê veryê yaw mırdaw cênyay xoê bi, yaw kêynaw yaw lac	Zemā́ne ve̱ríe yau mí̥rdau d̮éniai χóe bī, yau keínau yau lād̮
keineka	low_frequency_unmatched	1	1	goin-puhu-kusunun-hikayesi:1	keineka	kêynêka	keíneka	the girl			goin-puhu-kusunun-hikayesi:g02_l02:2	kêynêka	keíneka	lacêk û kêynêka veryênê.	lād̮eḱ u keíneka ve̱ryén’e.
kerand	low_frequency_unmatched	2	1	kauge-nyerib-u-hyeni:2	kerand	kêrand	keránd; kerā́nd,	withdrew			kauge-nyerib-u-hyeni:h04_l05:9	kêrand	keránd	Daqma begi eskêri xoê hemê top kêrd, eskêr pyêrû kêrand	Dáqma bé̱gi e̱skéri χóe hé̱me top kerd, e̱skér pyéru keránd
kerda	low_frequency_unmatched	1	1	goin-puhu-kusunun-hikayesi:1	kerda	kêrda	kérda	did			goin-puhu-kusunun-hikayesi:g03_l05:2	kêrda	kérda	zıbil wêlê kêrda lacêki ser. Bawki kêynêk amêy kêyê, cênyay	zi̥bíl wél’e kérda lā́d̮eki se̱r. Baúki keínek āmeí keíye, d̮éniai
kerdu	low_frequency_unmatched	1	1	uc-kardes-masali:1	kerdu	kerdû	ké̱rdu,	made			uc-kardes-masali:tb04_l05:6	kerdû	ké̱rdu,	kêynay kûtıki senyyê enoê nang 'hadre kerdû, daw twê, twê enoê	keínai kuti̥ki sé̱ń’ie ḗ̱n’oe nāṅ h̔adré̱ ké̱rdu, dau túe, túe ḗ̱n’oe
kere	low_frequency_unmatched	1	1	degirmenci-ve-tilki:1	kere	kerre	ké̱re̱	rock			degirmenci-ve-tilki:mf03_l02:2	kerre	ké̱re̱	mê yaw kerre tepişt pa vênerta, ez awnyaya yaw dest ame gna mê	me yau ké̱re̱ te̱píšt pa vené̱rta, e̱z auńáya yau de̱st āmé̱ gnā me
kerga	low_frequency_unmatched	1	1	kauge-nyerib-u-sivani:1	kerga	kêrga	kérgā	hen			kauge-nyerib-u-sivani:s04_l03:5	kêrga	kérgā	lankê ez amêya twêra yaw kêrga koêrê nyêvêrdanû. Xalef ağay	lāṅke e̱z ameía túera yāu kérgā kóere ńeverdā́nu. Χalé̱f aγái
kerimu	low_frequency_unmatched	1	1	uc-kardes-masali:1	kerimu	kêrimû	kerī́mu.	merciful			uc-kardes-masali:tb07_l06:9	kêrimû	kerī́mu.	berma. 'Hasanêki va kê: bêra tû qawvi bermêni? Alah kêrimû.	be̱rmā́. H̔asanéki vā ke: berá tu qaúvi be̱rmén’i? Aláh kerī́mu.
kes	low_frequency_unmatched	1	1	ali-agha-ladi-kelhani:1	kes	kês	kes	person			ali-agha-ladi-kelhani:a04_l07:1	kês	kes	hêrgû kês şi kêy xoê. Cênazay Ali ağay, çêhêr heme lacana, dês û	hérgu kes ši kei χóe. D̮enazaí Áli aγaí, t̮ehér hé̱me̱ lād̮ā́na, des u
kid	low_frequency_unmatched	2	1	kauge-nyerib-u-hyeni:2	kid	kic	kid̮,; kid̮	small			kauge-nyerib-u-hyeni:h02_l10:1	kic	kid̮,	Nyêribû kic, Dêyştêy 'Henzi wa mûqaytê xoê bi, wa malê xoê byê,	Ńeríbu kid̮, Deíštei Hʿé̱nzi wa muqaíte χóe bi, wa mā́le χóe bye,
kimke	low_frequency_unmatched	1	1	kauge-nyerib-u-sivani:1	kimke	kimkê	kímke	-but			kauge-nyerib-u-sivani:s02_l02:0	kimkê	kímke	kimkê wexti xoêdê 'hadre bê, twê merdümi mê kişt, bızani kê: ez	kímke wé̱χti χóede h̔ādré̱ be, túe mē̱rdṳ́mi me kišt, bi̥zā́ni ke: e̱z
kindi	low_frequency_unmatched	2	1	degirmenci-ve-tilki:2	kindi	kinci	kínd̮i	clothes			degirmenci-ve-tilki:mf03_l10:8	kinci	kínd̮i	Paşay Mısri yaw qati kincan da lwê. Lwê kinci gêrawti, agê-	Pašaí Mí̥sri yau qáti kind̮ā́n dā lúe. Lúe kínd̮i geraúti, āge-
kirdani	low_frequency_unmatched	1	1	kauge-nyerib-u-hyeni:1	kirdani	kırdani	kí̥rdāni,	Kurds			kauge-nyerib-u-hyeni:h07_l15:9	kırdani	kí̥rdāni,	Tırki, nyêşêngi madê kawğe bıki, ma pyêrû cang mırdi kırdani,	Tí̥rki, ńešéṅ’i mā́de kauγé̱ bi̥kí, mā pyéru d̮āṅ mí̥rdi kí̥rdāni,
kista	low_frequency_unmatched	2	1	uc-kardes-masali:2	kista	kişta	kíšta	right			uc-kardes-masali:tb09_l01:4	kişta	kíšta	byê bêri ver dê, kişta raştêdê yaw şêbakê esta, şwê aya şêbakêdê	bye béri ve̱r dé, kíšta rā́štede yau šebā́ke é̱sta, šúe áya šebā́kede
kisya	low_frequency_unmatched	1	1	ali-agha-ladi-kelhani:1	kisya	kişya	kíšya.	was killed			ali-agha-ladi-kelhani:a04_l05:4	kişya	kíšya.	aya xancêri kişti. A'hmêd kişya. 'Hiryê heme bêrai A'hmêdi bawkê	áya χand̮éri kíšti. Ah̔méd kíšya. Hʿī́rye hé̱me̱ berá’i Ah̔médi baúke
kisyai	low_frequency_unmatched	1	1	kauge-nyerib-u-hyeni:1	kisyai	kişyay	kišyái,	were killed			kauge-nyerib-u-hyeni:h09_l02:1	kişyay	kišyái,	pyêrû kişyay, byê mêytani xoê berê, mêytani mê waderê çawdê	pyéru kišyái, bye meitāni χóe bé̱re, meitāni me wáde̱re t̮aúde
koele	low_frequency_unmatched	1	1	kauge-nyerib-u-hyeni:1	koele	koêle	koéle̱	fur coat			kauge-nyerib-u-hyeni:h06_l02:2	koêle	koéle̱	wida yaw koêle erşawût Xalef ağayri va kê: eman êfêndim, çawdi	widā yau koéle̱ e̱ršau’út Χalé̱f aγáiri vā ke: e̱mán eféndim, t̮aúdi
koere	low_frequency_unmatched	1	1	kauge-nyerib-u-sivani:1	koere	koêrê	kóere	blind			kauge-nyerib-u-sivani:s04_l03:6	koêrê	kóere	lankê ez amêya twêra yaw kêrga koêrê nyêvêrdanû. Xalef ağay	lāṅke e̱z ameía túera yāu kérgā kóere ńeverdā́nu. Χalé̱f aγái
koyu	low_frequency_unmatched	1	1	uc-kardes-masali:1	koyu	koyû	kóyu,	mountain			uc-kardes-masali:tb03_l02:12	koyû	kóyu,	enoê rayêr bıgi, şwê, bawni seri ayê koy, kûnaği mê 'ha ayê koyû,	ḗ̱n’oe rayér bi̥ǵí, šúe, baúni sé̱ri áye koi, kunáγi me h̔a ā́ye kóyu,
kuenu	low_frequency_unmatched	1	1	uc-kardes-masali:1	kuenu	kwênû	kuén’u,	sleeps			uc-kardes-masali:tb08_l14:4	kwênû	kuén’u,	caw kê dyaw ra kwênû, 'ha bini seri dyewidê şimşyêri dyewi bıgê,	d̮aú ke d́au rā kuén’u, h̔a bíni sé̱ri d́é̱wide šimšyẹ̄́ri d́é̱wi bi̥gé,
kunag	low_frequency_unmatched	1	1	degirmenci-ve-tilki:1	kunag	kûnağ	kunáγ				degirmenci-ve-tilki:mf04_l09:2	kûnağ	kunáγ	pişt, berd kûnağ û seryê; va kê paşay Mısrira: yaw aşmê aqıl	píšt, be̱rd kunáγ u sé̱rye; vā ke pašai Mi̥srira: yau ášme āqí̥l
kunagde	low_frequency_unmatched	1	1	uc-kardes-masali:1	kunagde	kûnağdê	kunáγde				uc-kardes-masali:tb03_l03:6	kûnağdê	kunáγde	cênyay mê, hiryê kêynay mê 'ha kûnağdê roniştêy, kağit berê, bı-	d̮éniāi me, hī́rye keínai me h̔a kunáγde rṓništei, kaγít bé̱r’e, bi̥-
ladek	low_frequency_unmatched	2	1	goin-puhu-kusunun-hikayesi:2	ladek	lacêk	lād̮eḱ; lā́d̮ek?	boy			goin-puhu-kusunun-hikayesi:g02_l02:0	lacêk	lād̮eḱ	lacêk û kêynêka veryênê.	lād̮eḱ u keíneka ve̱ryén’e.
lakimke	low_frequency_unmatched	1	1	kauge-nyerib-u-sivani:1	lakimke	lakimkê	lakímke	but			kauge-nyerib-u-sivani:s01_l10:5	lakimkê	lakímke	bıkêra, bêra twê ez dyang, lakimkê ez ha bêna, zor bêna. Laci	bi̥kéra, berá túe e̱z diā́ṅ, lakímke e̱z hā bén’a, zōr bén’a. Lā́d̮i
lanke	low_frequency_unmatched	1	1	kauge-nyerib-u-sivani:1	lanke	lankê	lāṅke	-occasion			kauge-nyerib-u-sivani:s04_l03:0	lankê	lāṅke	lankê ez amêya twêra yaw kêrga koêrê nyêvêrdanû. Xalef ağay	lāṅke e̱z ameía túera yāu kérgā kóere ńeverdā́nu. Χalé̱f aγái
laqardi	low_frequency_unmatched	1	1	uc-kardes-masali:1	laqardi	laqardi	laqardī́	word			uc-kardes-masali:tb02_l09:5	laqardi	laqardī́	mê bıdê, ez toêri yaw laqardi vaca; dyewi va: laci mê dêvaci.	me bi̥dé, e̱z tóeri yau laqardī́ vād̮a; d́é̱wi vā: lā́d̮i me devā́d̮i.
laser	low_frequency_unmatched	1	1	degirmenci-ve-tilki:1	laser	laser	lasé̱r	flood			degirmenci-ve-tilki:mf02_l14:5	laser	lasé̱r	zênû xoêri, yaw tûêrgê varay, laser ame pangc sêy êspari çêmçeqû	zén’u χóeri, [yau tu’érge varai, lasé̱r āmé̱ paṅd̮ sei espā́ri t̮emt̮e̱qú
lauki	low_frequency_unmatched	1	1	goin-puhu-kusunun-hikayesi:1	lauki	lawki	laúki	boy			goin-puhu-kusunun-hikayesi:g04_l05:11	lawki	laúki	amêy kêyê. Ek bêray xoê çınû, cênyay bawki xoê çına, şi, lawki	āmeí keíye. E̱k beraí χóe t̮í̥nu, d̮éniai baúki χóe t̮í̥na, šī, laúki
lauwani	low_frequency_unmatched	1	1	uc-kardes-masali:1	lauwani	lawani	lauwā́ni	lips			uc-kardes-masali:tb05_l05:8	lawani	lauwā́ni	dêwi kağiti noştû, ek ena gêlankê miri çimani, lawani 'Hasanê-	dēwi kaγíti no̤štu, e̱k ḗ̱n’a gelā́ṅke míri t̮imā́ni, lauwā́ni H̔asané-
lazim	low_frequency_unmatched	1	1	ali-agha-ladi-kelhani:1	lazim	lazim	lazím	necessary			ali-agha-ladi-kelhani:a02_l03:0	lazim	lazím	lazim nyû. Ağalêri Sivani ci giryay şi kêy xoê. Qasim ağa, 'Hasan	lazím ńu. Aγáleri Sivā́ni d̮i giríai šī kei χóe. Qasím aγá, Hʿasán
lef	low_frequency_unmatched	1	1	kauge-nyerib-u-sivani:1	lef	lef	lé̱f	-Xalef			kauge-nyerib-u-sivani:s05_l06:0	lef	lé̱f	lef ağayra: tê mêra vani sê, ez nyêşyêna Sivangcandê kawğe bikêra,	lé̱f aγāira: te méra vā́ni se, e̱z ńešyén’a Sivā́ṅd̮ānde kauγé̱ bikéra,
lesai	low_frequency_unmatched	1	1	uc-kardes-masali:1	lesai	leşay	lé̱šaí	corpse			uc-kardes-masali:tb09_l12:9	leşay	lé̱šaí	dyewira: kawlê cang mêrdang yaw, dyaw merd, 'Hasanêk werişt, leşay	d́é̱wira: kaúle d̮āṅ mẹ̄́rdāṅ yau, d́au me̱rd, H̔asanék we̱ríšt, lé̱šaí
lese	low_frequency_unmatched	1	1	goin-puhu-kusunun-hikayesi:1	lese	leşê	lé̱še	body			goin-puhu-kusunun-hikayesi:g03_l15:4	leşê	lé̱še	Myêrdêk 'hêrs bê, şê leşê lacêki zêyndana vetê ardi cêni 'het,	Myẹ̄́rdek h̔ẹ̄rs be, šẹ̄ lé̱še lā́d̮eki zeindā́na vé̱te ā́rdi d̮éni h̔e̱t,
lesi	low_frequency_unmatched	1	1	ali-agha-ladi-kelhani:1	lesi	leşi	lé̱ši	bodies			ali-agha-ladi-kelhani:a04_l12:5	leşi	lé̱ši	Ramêdan ağay werişt Mêrzyêlêra, şi, leşi Ali ağay lacana dês û	Ramedán aγaí we̱ríšt Merzyélera, ši, lé̱ši Áli aγaí lā́d̮āna des u
letan	low_frequency_unmatched	1	1	gespraech-mit-hassan:1	letan	Letang	Lé̱tāṅ,	Letan			gespraech-mit-hassan:h01_l12:0	Letang	Lé̱tāṅ,	Letang, Ğahar, Ğoêmang, Kavarê, Talek.	Lé̱tāṅ, Γáhār, Γóemāṅ, Kávare, Tā́le̱k.
lingani	low_frequency_unmatched	2	1	uc-kardes-masali:2	lingani	lingani	liṅgā́ni; liṅgā́ni,	legs			uc-kardes-masali:tb05_l02:1	lingani	liṅgā́ni	destani lingani twê, kêynay kûtıki, tra kêna, twê bêna seri hawt	de̱stā́ni liṅgā́ni túe, keínai kuti̥ki, trā kén’a, túe bén’a sé̱ri haut
linge	low_frequency_unmatched	1	1	degirmenci-ve-tilki:1	linge	lingê	líṅge,	leg			degirmenci-ve-tilki:mf03_l03:0	lingê	líṅge,	lingê, mê enoê dest tepişt awkêra vecyaya tebêr, çêmçêqû paşa	líṅge, me ḗ̱n’oe de̱st te̱píšt aúkera ve̱d̮iáya te̱bér, t̮emt̮equ pašá
lisnai	low_frequency_unmatched	1	1	uc-kardes-masali:1	lisnai	lışnay	li̥šnaí	pillow			uc-kardes-masali:tb09_l07:0	lışnay	li̥šnaí	lışnay dyewira şimşyêri dyewi vêt gêrawt, amê veri bêri, awnya kişta	li̥šnaí d́é̱wira šimšyẹ̄́ri d́é̱wi vet geraút, āmé vé̱ri bēri, auńā́ kíšta
luede	low_frequency_unmatched	1	1	degirmenci-ve-tilki:1	luede	lwêdê	lúede	with the fox			degirmenci-ve-tilki:mf04_l03:5	lwêdê	lúede	fintoyê day lwê, hiryê qabasi lwêdê ray kerdi. Çêmçaqû paşa amêy	fintṓye dai lúe, hī́rye qabási lúede rai ké̱rdi. T̮emt̮aqú pašá āmeí
lueru	low_frequency_unmatched	1	1	degirmenci-ve-tilki:1	lueru	lûêrû	lú’eru;	to the fox			degirmenci-ve-tilki:mf02_l02:9	lûêrû	lú’eru;	sahê, ardi werdi. Arêwangçi werişt, yaw çwa gêrawtê, day lûêrû;	sáhe, ā́rdi wé̱rdi. Ārewāṅt̮í we̱ríšt, yau t̮úa geraúte, dai lú’eru;
made	low_frequency_unmatched	2	1	kauge-nyerib-u-hyeni:2	made	madê	mā́de	with us			kauge-nyerib-u-hyeni:h02_l15:5	madê	mā́de	têra rêki xoê bıkêri, 'Hyênêyici madê kawğe kêni, barût bigêri,	téra réki χóe bi̥kéri, Hʿyẹ̄́neyíd̮í mā́de kauγé̱ kén’i, bā́rut bigéri,
madi	low_frequency_unmatched	1	1	uc-kardes-masali:1	madi	maci	mā́d̮i				uc-kardes-masali:tb03_l01:0	maci	mā́d̮i	maci yêri. Dyaw werişt, yaw kağit noşt, da 'Hasanêkira, va kê:	mā́d̮i yẹ̄́rí. D́au we̱ríšt, yau kaγít no̤št, dā H̔asanékira, vā ke:
mahalai	low_frequency_unmatched	1	1	kauge-nyerib-u-hyeni:1	mahalai	ma'halay	mah̔alai	mahalle			kauge-nyerib-u-hyeni:h05_l12:9	ma'halay	mah̔alai	Xalef ağay kawta dımê berdi, kerdi zerêy şahrêstang, yaw ma'halay	Χalé̱f aγái kaúta dí̥me bé̱rdi, ké̱rdí ze̱reí šahrestāṅ, yau mah̔alai
mai	low_frequency_unmatched	1	1	gespraech-mit-hassan:1	mai	mai	mā́’i.	ours			gespraech-mit-hassan:h01_l06:5	mai	mā́’i.	Hyêris û çêhêr dewi aşirêta mai.	Hyéris u t̮ehér dé̱wi ašíreta mā́’i.
malaibrahiman	low_frequency_unmatched	1	1	gespraech-mit-hassan:1	malaibrahiman	Mala-İbrahimang	Mála-Ibrahimā́ṅ,	Mala Ibrahim			gespraech-mit-hassan:h01_l10:5	Mala-İbrahimang	Mála-Ibrahimā́ṅ,	ma, Emêra, Şêkêra, 'Hêylang, Bazyang, Mala-İbrahimang, Avdêlang,	ma, É̱merā, Šékera, Hʿeílāṅ, Báziāṅ, Mála-Ibrahimā́ṅ, Ávdelāṅ,
mark	low_frequency_unmatched	1	1	gespraech-mit-hassan:1	mark	Mark	Marḱ,	Mark			gespraech-mit-hassan:h01_l09:3	Mark	Marḱ,	mêk, Bılıkê, Melêkang, Mark, Aldûn, Gewêl, Kasan, 'Hoêna, Sa-	méḱ, Bi̥lí̥ke, Me̱lekā́ṅ, Marḱ, Aldū́n, Ge̱wél, Kasán, Hʿóena, Sā́-
mat	low_frequency_unmatched	1	1	degirmenci-ve-tilki:1	mat	maç	mā́t̮	ablution			degirmenci-ve-tilki:mf05_l06:0	maç	mā́t̮	maç bigêrû, nyêzana rayêr qancaw. Lwê paût, arêwangçi nyawme,	mā́t̮ biǵeru, ńézana rayér qānd̮aú. Lúe pa’út, ārewāṅt̮í ńaúme̱,
mau	low_frequency_unmatched	1	1	kauge-nyerib-u-sivani:1	mau	maw	mau,	our			kauge-nyerib-u-sivani:s02_l12:4	maw	mau,	awkay Şêlê verdê kawğê maw, Nyêrbicanû. Dawang 'habêr erşawûtê	aúkai Šél’e vé̱rde kauγé mau, Ńerbid̮ā́nu. Dauā́ṅ h̔abér e̱ršau’úte
mehladi	low_frequency_unmatched	1	1	kauge-nyerib-u-sivani:1	mehladi	me'hladi	mé̱h̔ladi.	from which mahalle?			kauge-nyerib-u-sivani:s01_l07:8	me'hladi	mé̱h̔ladi.	'Henzira. Laci Mêla A'hmêdi va kê: tê qam me'hladi. Dızdi va	Hʿé̱nzira. Lā́d̮i Mél’a Ah̔médi vā ke: te qām mé̱h̔ladi. Dí̥zdi vā
mehlai	low_frequency_unmatched	1	1	kauge-nyerib-u-sivani:1	mehlai	me'hlay	mé̱h̔lai	mahalle			kauge-nyerib-u-sivani:s01_l08:2	me'hlay	mé̱h̔lai	kê: ez me'hlay Şêynangda. Laci Mêla A'hmêdi va kê: tê qawi amêy	ke: e̱z mé̱h̔lai Šeinā́ṅda. Lā́d̮i Mél’a Ah̔médi vā ke: te qaú’i āmeí
mei	low_frequency_unmatched	1	1	uc-kardes-masali:1	mei	mêy	mei,	my			uc-kardes-masali:tb06_l13:5	mêy	mei,	kêyê. 'Hasanêki va kê: bêray mêy, kêy dyewi xerab naw, warzi ma	keíye. H̔asanéki vā ke: beraí mei, kei d́é̱wi χe̱ráb nau, wárzi ma
mek	low_frequency_unmatched	1	1	gespraech-mit-hassan:1	mek	mêk	méḱ,	Hemık			gespraech-mit-hassan:h01_l09:0	mêk	méḱ,	mêk, Bılıkê, Melêkang, Mark, Aldûn, Gewêl, Kasan, 'Hoêna, Sa-	méḱ, Bi̥lí̥ke, Me̱lekā́ṅ, Marḱ, Aldū́n, Ge̱wél, Kasán, Hʿóena, Sā́-
meke	low_frequency_unmatched	1	1	uc-kardes-masali:1	meke	mekê	mé̱ke,	do not make			uc-kardes-masali:tb04_l10:10	mekê	mé̱ke,	pawcêna, ana. Dyewi 'Hasanêkira va kê: lacim, tê vengi xoê mekê,	paud̮én’a, ā́na. D́é̱wi H̔asanékira va ke: lā́d̮im, te vé̱ṅgi χóe mé̱ke,
mekiri	low_frequency_unmatched	1	1	uc-kardes-masali:1	mekiri	mekiri	mé̱kiri,	do not make			uc-kardes-masali:tb02_l05:10	mekiri	mé̱kiri,	şüma qawi enoê ğalê mê çınêni, şüma çaw vengi xoê mekiri,	šṳ́ma qaúwi ḗ̱n’oe γalé me t̮i̥nén’i, šṳ́ma t̮au vḗ̱ngi χóe mé̱kiri,
melekan	low_frequency_unmatched	1	1	gespraech-mit-hassan:1	melekan	Melêkang	Me̱lekā́ṅ,	Melekan			gespraech-mit-hassan:h01_l09:2	Melêkang	Me̱lekā́ṅ,	mêk, Bılıkê, Melêkang, Mark, Aldûn, Gewêl, Kasan, 'Hoêna, Sa-	méḱ, Bi̥lí̥ke, Me̱lekā́ṅ, Marḱ, Aldū́n, Ge̱wél, Kasán, Hʿóena, Sā́-
melekani	low_frequency_unmatched	1	1	kauge-nyerib-u-sivani:1	melekani	Mêlêkani	Mél’ekāni,	Melekani district			kauge-nyerib-u-sivani:s04_l12:1	Mêlêkani	Mél’ekāni,	dyari Mêlêkani, awnya kê eskêri Xalef ağay tabûrê bêsta. Avdûlah	diā́ri Mél’ekāni, auńā́ ke e̱skéri Χalé̱f aγái tā́bure bestā́. Avdúl’ah
melmeket	low_frequency_unmatched	1	1	uc-kardes-masali:1	melmeket	mêlmêkêtra	melmekétra	country; ABL			uc-kardes-masali:tb01_l04:1	mêlmêkêtra	melmekétra	enoê mêlmêkêtra veci, ma şyêri xoêri yawna aşirêt, ma xoêri,	ḗ̱n’oe melmekétra ve̱d̮í, mā šyẹ̄́ri χóeri yaū́na aširét, mā χóeri,
menu	low_frequency_unmatched	2	1	kauge-nyerib-u-hyeni:2	menu	mênû	ménu,; ménu	for me			kauge-nyerib-u-hyeni:h01_l07:7	mênû	ménu,	va kê: Mêla Hasêyni Mûğara xoêra cişmêni mênû, wexti piriki mıdê	vā ke: Mél’a Haseíni Muγará χóera d̮išmeni ménu, wé̱χti pī́riki mí̥de
merdan	low_frequency_unmatched	2	1	uc-kardes-masali:2	merdan	mêrdang	mẹ̄́rdāṅ	heroes			uc-kardes-masali:tb09_l05:11	mêrdang	mẹ̄́rdāṅ	dê, tê vaci kê ez hêni yawnay pêro nyêdana: kawli cang mêrdang yaw.	de, te vā́d̮i ke e̱z hén’ī yaúnai péro̤ ńedā́na: kaúli d̮āṅ mẹ̄́rdāṅ yau.
meri	low_frequency_unmatched	2	1	degirmenci-ve-tilki:2	meri	mêri	méri	to me			degirmenci-ve-tilki:mf02_l05:6	mêri	méri	kê: ez yaw merdümû arêwangçya, tı mêri çitay kêynay paşadê	ke: e̱z yau me̱rdṳ́mu ārewāṅt̮ía, ti̥ méri t̮itaí keínai pašáde
mesahidi	low_frequency_unmatched	1	1	degirmenci-ve-tilki:1	mesahidi	mêsahıdi	mesáhi̥di	flour-bin			degirmenci-ve-tilki:mf01_l03:6	mêsahıdi	mesáhi̥di	sêbah werişt, ame arêyê, awnyaykê ardi mêsahıdi çınyi; aya şawê	sebáh we̱ríšt, āmé̱ āréye, auńaíke ā́rdi mesáhi̥di t̮í̥ńi; áya šaú’e
mesi	low_frequency_unmatched	1	1	degirmenci-ve-tilki:1	mesi	mesi	me̱si-	basin			degirmenci-ve-tilki:mf05_l02:11	mesi	me̱si-	yênû, mı kişênû. Lwê va kê: warzê, ez twêri awkê kêna mesi-	yén’u, mi̥ kišén’u. Lúe vā ke: wárze, e̱z túeri aúke kén’a me̱si-
mesore	low_frequency_unmatched	1	1	ali-agha-ladi-kelhani:1	mesore	mêşore	méšore̱	council			ali-agha-ladi-kelhani:a01_l06:3	mêşore	méšore̱	Sivani amêy pyêser, mêşore kerd, ağalêrani Sivani, Qasim ağa	Sivā́ni āmeí pyesé̱r, méšore̱ ke̱rd, aγálerāni Sivā́ni, Qasím aγá
meterse	low_frequency_unmatched	2	1	degirmenci-ve-tilki:2	meterse	metêrsê	mé̱terse,	do not fear			degirmenci-ve-tilki:mf04_l12:5	metêrsê	mé̱terse,	têrsa; lwê va kê: têres, metêrsê, şwê tê ra kû. Arêwangti va kê	tersā́; lúe vā ke: teré̱s, mé̱terse, šúe te rā ku. Ārewāṅtí vā ke
metirisi	low_frequency_unmatched	2	1	kauge-nyerib-u-hyeni:2	metirisi	metırisi	me̱ti̥rísi.; me̱tí̥risi,	fortress			kauge-nyerib-u-hyeni:h05_l07:4	metırisi	me̱ti̥rísi.	ağay amê, warzi, şyêri metırisi. Xalef ağay eskêri xoêra va kê:	āγái āmé, wárzi, šyẹ̄́ri me̱ti̥rísi. Χalé̱f aγái e̱skéri χóera vā ke:
mevede	low_frequency_unmatched	1	1	degirmenci-ve-tilki:1	mevede	mevêcê	mé̱ved̮e	do not send out			degirmenci-ve-tilki:mf03_l08:5	mevêcê	mé̱ved̮e	'hata dı rodi eskêri xoê mevêcê sêlam lêğêy, 'heta çêmçaqû paşa	h̔ā́t’a di̥ rōdi e̱skéri χóe mé̱ved̮e selám leγeí, h̔é̱t’a t̮emt̮aqú pašá
mezel	low_frequency_unmatched	1	1	goin-puhu-kusunun-hikayesi:1	mezel	mezêl	me̱zél,	grave			goin-puhu-kusunun-hikayesi:g04_l03:4	mezêl	me̱zél,	Bawki lacêki şid, berd mezêl, wedert, ame kêye, serêy cê-	Baúki lā́d̮eki šid, be̱rd me̱zél, we̱dé̱rt, āmé̱ keíye̱, sé̱rei d̮é-
migaie	low_frequency_unmatched	1	1	kauge-nyerib-u-hyeni:1	migaie	mıgayê	mi̥gaí’e	behold			kauge-nyerib-u-hyeni:h05_l04:9	mıgayê	mi̥gaí’e	kênû. Xalef ağa vêyng da. Daqma begi, va kê: mıgayê	kén’u. Χalé̱f aγá veiṅ dā. Dáqma bé̱gi, vā ke: mi̥gaí’e
minu	low_frequency_unmatched	1	1	uc-kardes-masali:1	minu	minû	mínu,	mine			uc-kardes-masali:tb07_l12:2	minû	mínu,	enoê bêray minû, namêy cay Qasimû, wa twêri ğızmêt bıkêrû,	ḗ̱n’oe beraí mínu, nāmeí d̮ai Qasímu, wā túeri γi̥zmét bi̥kéru,
mirdau	low_frequency_unmatched	1	1	goin-puhu-kusunun-hikayesi:1	mirdau	mırdaw	mí̥rdau	man			goin-puhu-kusunun-hikayesi:g01_l01:3	mırdaw	mí̥rdau	Zêmanê veryê yaw mırdaw cênyay xoê bi, yaw kêynaw yaw lac	Zemā́ne ve̱ríe yau mí̥rdau d̮éniai χóe bī, yau keínau yau lād̮
mirei	low_frequency_unmatched	1	1	ali-agha-ladi-kelhani:1	mirei	mirêy	mírei	chief			ali-agha-ladi-kelhani:a01_l01:4	mirêy	mírei	Ali ağa laci Kêlhani mirêy na'hêy Karbegani. Namêy daway	Áli aγá lā́d̮i Kelháni mírei nah̔eí Karbe̱gā́ni. Nameí daú’ai
mis	low_frequency_unmatched	1	1	degirmenci-ve-tilki:1	mis	Mıs	Mí̥s-	Egypt			degirmenci-ve-tilki:mf05_l07:11	Mıs	Mí̥s-	lwê şi gêray, arêwangçi di, gnaw erû, merdû. Lwê amêy, paşay Mıs-	lúe ši geraí, ārewāṅt̮í dī, gnau é̱ru, mé̱rdu. Lúe āmeí, pašai Mí̥s-
mismisyer	low_frequency_unmatched	1	1	gespraech-mit-hassan:1	mismisyer	mişmişyêr	mišmišyẹ̄́r	apricot trees			gespraech-mit-hassan:h02_l11:5	mişmişyêr	mišmišyẹ̄́r	Darê tüyêra estû, sayêr estû, mişmişyêr estû, xawxir, he-	Dā́re tṳ́yera é̱stu, sayér é̱stu, mišmišyẹ̄́r é̱stu, χauχir, he̱-
mistan	low_frequency_unmatched	1	1	gespraech-mit-hassan:1	mistan	Mıstang	Mí̥stāṅ,	Mıstan			gespraech-mit-hassan:h01_l11:0	Mıstang	Mí̥stāṅ,	Mıstang, Sayêrê, Abasa, Wis'hêyn, 'Haspêg, Sêraçyori, Akêragi,	Mí̥stāṅ, Sáyere, Ábasa, Wísh̔ein, Hʿaspéǵ, Serat̮yó̤ri, Akerā́gi,
mistefa	low_frequency_unmatched	1	1	gespraech-mit-hassan:1	mistefa	Mistêfa	Mistefā́	Mustafa			gespraech-mit-hassan:h02_l03:0	Mistêfa	Mistefā́	Mistêfa Alya sıpyerdışû.	Mistefā́ Alía si̥pye̱rdí̥šu.
mugara	low_frequency_unmatched	1	1	kauge-nyerib-u-hyeni:1	mugara	Mûğara	Muγará	Mughara			kauge-nyerib-u-hyeni:h01_l07:4	Mûğara	Muγará	va kê: Mêla Hasêyni Mûğara xoêra cişmêni mênû, wexti piriki mıdê	vā ke: Mél’a Haseíni Muγará χóera d̮išmeni ménu, wé̱χti pī́riki mí̥de
mugaraya	low_frequency_unmatched	1	1	kauge-nyerib-u-hyeni:1	mugaraya	Mûğaraya	Muγaráya,	Muyara, name			kauge-nyerib-u-hyeni:h01_l06:2	Mûğaraya	Muγaráya,	Mêla Hasêyni Mûğaraya, etya cit kêna. Mêrdümi Nyêrbic	Mél’a Haseíni Muγaráya, e̱tía d̮it kén’a. Mérdṳ́mi Ńerbíd̮
mugerau	low_frequency_unmatched	1	1	kauge-nyerib-u-hyeni:1	mugerau	Mûğeraw	Muγe̱raú.	Mughara			kauge-nyerib-u-hyeni:h02_l07:4	Mûğeraw	Muγe̱raú.	kê: ğızmkari Mêla 'Hasêyni Mûğeraw. Xalef ağa va kê: mûqaytê	ke: γi̥zmkā́ri Mél’a Hʿaseíni Muγe̱raú. Χalé̱f aγá vā ke: muqaíte
myan	low_frequency_unmatched	1	1	uc-kardes-masali:1	myan	myandê	myā́nde,	inside; LOC			uc-kardes-masali:tb08_l13:9	myandê	myā́nde,	yaw şimşyêri dyewi estû 'ha kalanya altûnyênêdê 'ha qûlavi myandê,	yau šimšyẹ̄́ri d́é̱wi é̱stu h̔a kalā́nia altúńenede h̔a qulā́vi myā́nde,
myane	low_frequency_unmatched	1	1	degirmenci-ve-tilki:1	myane	myanê	myā́ne	middle			degirmenci-ve-tilki:mf02_l01:4	myanê	myā́ne	newêtê paûtê, awnyay kê myanê şawê yaw lûê amêy zerê, şyê mê-	né̱wete pa’úte, auńaí ke myā́ne šaú’e yau lú’e āmeí zé̱re, šíe me-
myanene	low_frequency_unmatched	1	1	uc-kardes-masali:1	myanene	myanyênê	myańéne	middle			uc-kardes-masali:tb10_l02:0	myanyênê	myańéne	myanyênê day bêray xoê Qasimi, rwênişti xoêri kêyf sefa kerdê vênert.	myańéne daí beraí χóe Qasími, rueníšti χóeri keif se̱fā́ ké̱rde vené̱rt.
myaneni	low_frequency_unmatched	1	1	uc-kardes-masali:1	myaneni	myanyêni	myańéni	middle			uc-kardes-masali:tb01_l02:2	myanyêni	myańéni	namêy bêray myanyêni Qasim, namêy bêray pili Şaban. Çi dêyinê	nameí beraí myańéni Qasím, nameí beraí pī́li Šabán. T̮í deyíne
myerde	low_frequency_unmatched	2	1	goin-puhu-kusunun-hikayesi:2	myerde	myêrdê	myérde; myẹ̄́rde	husband			goin-puhu-kusunun-hikayesi:g01_l02:5	myêrdê	myérde	têra bi. Cênyay merd, pêynıdê myêrdê şê yawna cêni ardê. Dı	terá bī. D̮éniai me̱rd, peíni̥de myérde šẹ̄ yaúna d̮éni ā́rde. Di̥
myerdei	low_frequency_unmatched	1	1	kauge-nyerib-u-hyeni:1	myerdei	myêrdêy	myérdei	men			kauge-nyerib-u-hyeni:h08_l01:0	myêrdêy	myérdei	myêrdêy aşirani, metêrsi, ma 'ha şwêni, 'hetakê serêy mê nyêwênû,	myérdei aširā́ni, mé̱tersi, mā h̔ā šuén’i, h̔é̱take sé̱rei me ńewén’u,
myerdek	low_frequency_unmatched	1	1	goin-puhu-kusunun-hikayesi:1	myerdek	Myêrdêk	Myẹ̄́rdek	the man			goin-puhu-kusunun-hikayesi:g03_l15:0	Myêrdêk	Myẹ̄́rdek	Myêrdêk 'hêrs bê, şê leşê lacêki zêyndana vetê ardi cêni 'het,	Myẹ̄́rdek h̔ẹ̄rs be, šẹ̄ lé̱še lā́d̮eki zeindā́na vé̱te ā́rdi d̮éni h̔e̱t,
myesna	low_frequency_unmatched	1	1	kauge-nyerib-u-hyeni:1	myesna	myêşna	myéšna	sheep			kauge-nyerib-u-hyeni:h09_l09:6	myêşna	myéšna	begi destrû. Xalef ağay dı sêy myêşna day Daqma begiri. Daqma	bé̱gi dé̱stru. Χalé̱f aγái di̥ sei myéšna dai Dáqma bé̱giri. Dáqma
nahei	low_frequency_unmatched	1	1	ali-agha-ladi-kelhani:1	nahei	na'hêy	nah̔eí	district			ali-agha-ladi-kelhani:a01_l01:5	na'hêy	nah̔eí	Ali ağa laci Kêlhani mirêy na'hêy Karbegani. Namêy daway	Áli aγá lā́d̮i Kelháni mírei nah̔eí Karbe̱gā́ni. Nameí daú’ai
naini	low_frequency_unmatched	1	1	degirmenci-ve-tilki:1	naini	nayni	naíni.	worked			degirmenci-ve-tilki:mf01_l02:0	nayni	naíni.	nayni. Roc yêkê beri ari qafêlna şê kêyê, şawê kêyê ra kawt,	naíni. Rōd̮ yéke bé̱ri ārí qáfelnā šẹ̄ keíye, šaú’e keíye rā kaut,
nam	low_frequency_unmatched	2	1	gespraech-mit-hassan:2	nam	Namêy	Nāmeí; Nameí	name; EZ/GEN			gespraech-mit-hassan:h01_l03:0	Namêy	Nāmeí	Namêy aşirêta tê çinaw?	Nāmeí ašíreta te t̮ínau?
nameini	low_frequency_unmatched	1	1	kauge-nyerib-u-sivani:1	nameini	nyamêyni	ńameíni	had not come			kauge-nyerib-u-sivani:s05_l13:5	nyamêyni	ńameíni	kê Xaydêr ağara: ekê tê nyamêyni mê Xalef ağayra yaw zirot vera	ke Χaidér aγára: é̱ḱ’e te ńameíni me Χalé̱f aγāira yau ziröt vé̱ra
narbyes	low_frequency_unmatched	1	1	ali-agha-ladi-kelhani:1	narbyes	Narbyêş	Nārbyẹ̄́š.	Narbyes, village name			ali-agha-ladi-kelhani:a01_l02:2	Narbyêş	Nārbyẹ̄́š.	Ali ağay Narbyêş. Ali ağa çêhêr dawang da pyêrû, hiris û çêhêr	Áli aγaí Nārbyẹ̄́š. Áli aγá t̮ehér daú’āṅ dā pyérū, híris u t̮ehér
nariyer	low_frequency_unmatched	1	1	gespraech-mit-hassan:1	nariyer	nariyêr	nāriyér,	pomegranate trees			gespraech-mit-hassan:h02_l12:0	nariyêr	nāriyér,	nariyêr, rez êsti.	nāriyér, re̱z ésti.
naume	low_frequency_unmatched	1	1	degirmenci-ve-tilki:1	naume	nyawme	ńaúme̱,	did not come			degirmenci-ve-tilki:mf05_l06:8	nyawme	ńaúme̱,	maç bigêrû, nyêzana rayêr qancaw. Lwê paût, arêwangçi nyawme,	mā́t̮ biǵeru, ńézana rayér qānd̮aú. Lúe pa’út, ārewāṅt̮í ńaúme̱,
nautarai	low_frequency_unmatched	1	1	goin-puhu-kusunun-hikayesi:1	nautarai	nyawtaray	ńaútarai	not at all			goin-puhu-kusunun-hikayesi:g04_l02:5	nyawtaray	ńaútarai	cêynêki qafêlya, cêyni têrsayê, 'hêni nyawtaray veng bıkêrû.	d̮éineki qáfelya, d̮éini tersáye, h̔én’i ńaútarai ve̱ṅg bi̥kéru.
nedana	low_frequency_unmatched	1	1	uc-kardes-masali:1	nedana	nyêdana	ńedā́na:	I do not give			uc-kardes-masali:tb09_l05:8	nyêdana	ńedā́na:	dê, tê vaci kê ez hêni yawnay pêro nyêdana: kawli cang mêrdang yaw.	de, te vā́d̮i ke e̱z hén’ī yaúnai péro̤ ńedā́na: kaúli d̮āṅ mẹ̄́rdāṅ yau.
nedani	low_frequency_unmatched	1	1	kauge-nyerib-u-sivani:1	nedani	nyêdani	ńedā́ni,	I would not give			kauge-nyerib-u-sivani:s05_l14:0	nyêdani	ńedā́ni,	nyêdani, ez ka pêynyay dawani Nyêribi veşna, heminê taalan ka, çım-	ńedā́ni, e̱z ka peińai dauā́ni Ńeríbi vé̱šna, hé̱mine tá’alan ka, t̮i̥m-
neiya	low_frequency_unmatched	1	1	kauge-nyerib-u-hyeni:1	neiya	nyêya	ńeíya.	I am not			kauge-nyerib-u-hyeni:h06_l04:0	nyêya	ńeíya.	nyêya. Xalef ağay va kê: byê eskêri ez dana twê, şwê byê mıdê	ńeíya. Χalé̱f aγái vā ke: bye e̱skéri e̱z dána túe, šúe bye mí̥de
neke	low_frequency_unmatched	1	1	goin-puhu-kusunun-hikayesi:1	neke	nêkê	neke,	the girl			goin-puhu-kusunun-hikayesi:g03_l13:0	nêkê	neke,	nêkê, tê amêy mı ser, tı mêra vani kê: qawi twê laci kiştû, ez	neke, te āmeí mi̥ se̱r, ti̥ méra vā́ni ke: qaúwi túe lā́d̮i kíštu, e̱z
nekenu	low_frequency_unmatched	1	1	uc-kardes-masali:1	nekenu	nyêkênû	ńekén’u.	does not do			uc-kardes-masali:tb05_l09:4	nyêkênû	ńekén’u.	na, çaw twêri wayêrêy nyêkênû. 'Hasanêki kağit wengd, ekê dewi	na, t̮au túeri wáyerei ńekén’u. H̔asanéki kaγít we̱ṅd, é̱ke dé̱wi
nenost	low_frequency_unmatched	2	1	uc-kardes-masali:2	nenost	nyênoşt	ńenó̤št; ńeno̤št	did not write			uc-kardes-masali:tb04_l04:8	nyênoşt	ńenó̤št	wi. Dyewi gêrawt, va 'Hasanêkira: mê kağit ana nyênoşt bê, ena	wí. D́é̱wi geraút, vā H̔asanékira: me kaγít ā́na ńenó̤št bẹ̄, ḗ̱n’a
nerbid	low_frequency_unmatched	2	1	kauge-nyerib-u-sivani:2	nerbid	Nyêrbicanû; Nyêrbican	Ńerbid̮ā́nu.; Ńerbid̮ān	Neribian; PL; EZ/OBL			kauge-nyerib-u-sivani:s02_l12:5	Nyêrbicanû	Ńerbid̮ā́nu.	awkay Şêlê verdê kawğê maw, Nyêrbicanû. Dawang 'habêr erşawûtê	aúkai Šél’e vé̱rde kauγé mau, Ńerbid̮ā́nu. Dauā́ṅ h̔abér e̱ršau’úte
nerbida	low_frequency_unmatched	1	1	kauge-nyerib-u-sivani:1	nerbida	Nyêrbida	Ńerbída	Neribian			kauge-nyerib-u-sivani:s01_l09:7	Nyêrbida	Ńerbída	malê mê bêni. Dızdi va kê: ez Nyêrbida amêya malê twê, dızdêy	mā́le me bén’i. Dí̥zdi vā ke: e̱z Ńerbída āmeía mā́le tue, dí̥zdeí
neribdei	low_frequency_unmatched	1	1	kauge-nyerib-u-sivani:1	neribdei	Nyêribdêy	Ńeríbdei.	from which Nerib?			kauge-nyerib-u-sivani:s01_l06:6	Nyêribdêy	Ńeríbdei.	mêdi va kê: tê Nyêribdê, qam Nyêribdêy. Dızdi va kê: ez Deştêy	médi vā ke: te Ńeríbde, qām Ńeríbdei. Dí̥zdi vā ke: e̱z Dé̱šteí
nesuena	low_frequency_unmatched	1	1	goin-puhu-kusunun-hikayesi:1	nesuena	nyêşwêna	ńešuén’a,	I will not go			goin-puhu-kusunun-hikayesi:g02_l13:3	nyêşwêna	ńešuén’a,	'hêni twêri golêkangdê nyêşwêna, ez etya nyêvêndêna.	h̔én’i túeri gōlekā́ṅde ńešuén’a, e̱z e̱tía ńevendén’a.
nesueni	low_frequency_unmatched	1	1	uc-kardes-masali:1	nesueni	nyêşwêni	ńešuén’i	if you do not go			uc-kardes-masali:tb04_l08:10	nyêşwêni	ńešuén’i	dyewira va kê: ena gêlankê tê şwêni şwê, ekê tê nyêşwêni ez	d́é̱wira vā ke: ḗ̱n’a gelā́ṅke te šuén’i šúe, é̱ke te ńešuén’i e̱z
netersena	low_frequency_unmatched	1	1	gespraech-mit-hassan:1	netersena	nyêtêrsêna	ńetersén’a.	I do not fear			gespraech-mit-hassan:h03_l14:0	nyêtêrsêna	ńetersén’a.	nyêtêrsêna.	ńetersén’a.
nevendana	low_frequency_unmatched	1	1	goin-puhu-kusunun-hikayesi:1	nevendana	nyêvêndana	ńevendā́na	I will not stay			goin-puhu-kusunun-hikayesi:g03_l11:3	nyêvêndana	ńevendā́na	ek nyamaw, ez nyêvêndana etya.	e̱k ńāmaú, e̱z ńevendā́na e̱tía.
nevendena	low_frequency_unmatched	1	1	goin-puhu-kusunun-hikayesi:1	nevendena	nyêvêndêna	ńevendén’a.	I will not stay			goin-puhu-kusunun-hikayesi:g02_l13:6	nyêvêndêna	ńevendén’a.	'hêni twêri golêkangdê nyêşwêna, ez etya nyêvêndêna.	h̔én’i túeri gōlekā́ṅde ńešuén’a, e̱z e̱tía ńevendén’a.
newaiste	low_frequency_unmatched	1	1	degirmenci-ve-tilki:1	newaiste	nyêwayştê	ńewaište	if I do not ask			degirmenci-ve-tilki:mf02_l07:2	nyêwayştê	ńewaište	ekê mê nyêwayştê kêynay paşadê Mısri, tı mê vera dê. Arêwangçi	é̱ḱe me ńewaište keínai pašáde Mi̥sri, ti̥ me ve̱rá de. Ārewāṅt̮í
newete	low_frequency_unmatched	1	1	degirmenci-ve-tilki:1	newete	newêtê	né̱wete	watched			degirmenci-ve-tilki:mf02_l01:0	newêtê	né̱wete	newêtê paûtê, awnyay kê myanê şawê yaw lûê amêy zerê, şyê mê-	né̱wete pa’úte, auńaí ke myā́ne šaú’e yau lú’e āmeí zé̱re, šíe me-
nezanu	low_frequency_unmatched	1	1	degirmenci-ve-tilki:1	nezanu	nyezanû	ńe̱zā́nu				degirmenci-ve-tilki:mf04_l04:8	nyezanû	ńe̱zā́nu	Mısr, eskêri paşay Mısri vêcaw: sêlam lêğêy. Arêwangçi nyezanû	Mi̥sr, e̱skéri pašai Mi̥sri ved̮aú: selám leγeí. Ārewāṅt̮í ńe̱zā́nu
niai	low_frequency_unmatched	1	1	goin-puhu-kusunun-hikayesi:1	niai	nyay	niai	wife			goin-puhu-kusunun-hikayesi:g04_l04:0	nyay	niai	nyay xoê têra kêrd, berdê, êyştê zêyndang. Way lacêki golikana	niai χóe terá kerd, bé̱rde, eíšte zeindā́ṅ. Wai lā́d̮eki gōlikā́na
ninu	low_frequency_unmatched	1	1	degirmenci-ve-tilki:1	ninu	nyinyû	ńíńu				degirmenci-ve-tilki:mf04_l10:0	nyinyû	ńíńu	nyinyû enêy serê. Paşay Mısri va kê: beri wade cay cey ra ki, we	ńíńu ḗ̱n’ei sé̱re. Pašai Mí̥sri vā ke: bé̱ri wadé̱ d̮ai d̮e̱i rā ki, we̱
ogil	low_frequency_unmatched	2	1	kauge-nyerib-u-sivani:2	ogil	oğil	ōγíl,; ōγíl.	sons			kauge-nyerib-u-sivani:s03_l03:8	oğil	ōγíl,	eskêri xoê top kêrd, va kê eskêri xoêra: oğil, mevindi, ma şyêri	e̱skéri χóe top kerd, vā ke e̱skéri χóera: ōγíl, mé̱vindi, mā šyẹ́ri
ogir	low_frequency_unmatched	1	1	uc-kardes-masali:1	ogir	oğır	oγí̥r	good fortune			uc-kardes-masali:tb06_l10:9	oğır	oγí̥r	şwêna. Cênyay dyêwi va kê: tê xêyr amêy, twêri oğır bû. 'Hasanêki	šuén’a. D̮éniai d́éwi vā ke: te χeir ameí, túeri oγí̥r bú. H̔asanéki
paizi	low_frequency_unmatched	1	1	gespraech-mit-hassan:1	paizi	paizi	pa’ízi	autumn			gespraech-mit-hassan:h03_l07:2	paizi	pa’ízi	Ma aşmay paizi veryêni yêni war.	Mā ā́šmai pa’ízi vē̱ryén’i yén’i wār.
pandine	low_frequency_unmatched	2	1	kauge-nyerib-u-hyeni:2	pandine	pangcinê	paṅd̮ine; paṅd̮íne,	five			kauge-nyerib-u-hyeni:h03_l07:3	pangcinê	paṅd̮ine	'hadre bê, roci pangcinê kawğe mê kawğaw. Xalef ağay 'habêra xoê	h̔adré̱ be, rṓd̮i paṅd̮ine kauγé̱ me kauγaú. Χalé̱f aγái h̔abéra χóe
pasairi	low_frequency_unmatched	1	1	degirmenci-ve-tilki:1	pasairi	paşayri	pašaíri	to the pasha			degirmenci-ve-tilki:mf04_l02:0	paşayri	pašaíri	paşayri wa wênişû, eskêri vacê: sêlam lêğêy. Paşay Mısri yaw	pašaíri wā wén’išu, e̱skéri vád̮e: selám leγeí. Pašai Mí̥sri yau
pasari	low_frequency_unmatched	1	1	degirmenci-ve-tilki:1	pasari	paşari	pašári,	to the pasha			degirmenci-ve-tilki:mf03_l07:8	paşari	pašári,	yaw qati kincang bıdê mê, ez bêna çêmçaqû paşari, wa pêra gû;	yau qáti kind̮áṅ bi̥dé me, e̱z bén’a t̮emt̮aqú pašári, wa perá ǵu;
paude	low_frequency_unmatched	2	1	uc-kardes-masali:2	paude	pawcê	paúd̮e,	roast			uc-kardes-masali:tb05_l15:10	pawcê	paúd̮e,	miri gay şüri serê bırnê, goşti gay şüri kebab kê, pawcê, berşaw,	míri gai šṳ́ri sé̱re bí̥rne, gṓšti gai šṳ́ri ke̱bā́b ke, paúd̮e, bḗ̱ršau,
paudena	low_frequency_unmatched	1	1	uc-kardes-masali:1	paudena	pawcêna	paud̮én’a,	cook			uc-kardes-masali:tb04_l10:0	pawcêna	paud̮én’a,	pawcêna, ana. Dyewi 'Hasanêkira va kê: lacim, tê vengi xoê mekê,	paud̮én’a, ā́na. D́é̱wi H̔asanékira va ke: lā́d̮im, te vé̱ṅgi χóe mé̱ke,
paut	low_frequency_unmatched	1	1	degirmenci-ve-tilki:1	paut	paût	pa’út,	waited			degirmenci-ve-tilki:mf05_l06:6	paût	pa’út,	maç bigêrû, nyêzana rayêr qancaw. Lwê paût, arêwangçi nyawme,	mā́t̮ biǵeru, ńézana rayér qānd̮aú. Lúe pa’út, ārewāṅt̮í ńaúme̱,
paute	low_frequency_unmatched	1	1	degirmenci-ve-tilki:1	paute	paûtê	pa’úte,	waited			degirmenci-ve-tilki:mf02_l01:1	paûtê	pa’úte,	newêtê paûtê, awnyay kê myanê şawê yaw lûê amêy zerê, şyê mê-	né̱wete pa’úte, auńaí ke myā́ne šaú’e yau lú’e āmeí zé̱re, šíe me-
peke	low_frequency_unmatched	1	1	uc-kardes-masali:1	peke	pekê	pé̱ke	good			uc-kardes-masali:tb08_l01:4	pekê	pé̱ke	ra yênû. Qayfeti va: pekê lacim. 'Hasanêki wica bêray xoê ver	ra yén’u. Qaife̱tí vā: pé̱ke lā́d̮im. H̔asanéki wid̮ā́ beraí χóe ve̱r
persena	low_frequency_unmatched	1	1	goin-puhu-kusunun-hikayesi:1	persena	pêrsêna	persén’a	asks			goin-puhu-kusunun-hikayesi:g02_l04:4	pêrsêna	persén’a	ek bêray xoê çınû pêrsêna cênyay bawki xoê, vana kê: bêray mê	e̱k beraí χoe t̮í̥nu persén’a d̮éniai baúki χóe, vā́na ke: beraí me
piriki	low_frequency_unmatched	2	1	kauge-nyerib-u-hyeni:2	piriki	piriki	pī́riki	grandfather			kauge-nyerib-u-hyeni:h01_l07:9	piriki	pī́riki	va kê: Mêla Hasêyni Mûğara xoêra cişmêni mênû, wexti piriki mıdê	vā ke: Mél’a Haseíni Muγará χóera d̮išmeni ménu, wé̱χti pī́riki mí̥de
piru	low_frequency_unmatched	1	1	uc-kardes-masali:1	piru	pirû	pī́ru	full			uc-kardes-masali:tb01_l06:8	pirû	pī́ru	cyay seri yaw koy, awnyay yaw dêyştê, asêni pirû ğalêa. 'Hasanêki	d̮iaí sé̱ri yau koi, auńaí yau deíšte, asén’i pī́ru γaléa. Hʿasanéki
pisi	low_frequency_unmatched	1	1	goin-puhu-kusunun-hikayesi:1	pisi	pisi	pī́si,	filthy			goin-puhu-kusunun-hikayesi:g03_l12:8	pisi	pī́si,	Cêni va myêrdê xoêra: werzê têra şwê, tê pisi, tê vatışi kêy-	D̮éni vā myẹ̄́rde χóera: wé̱rze téra šúe, te pī́si, te vā́tí̥ši keí-
pist	low_frequency_unmatched	1	1	degirmenci-ve-tilki:1	pist	pişt	píšt,	took			degirmenci-ve-tilki:mf04_l09:0	pişt	píšt,	pişt, berd kûnağ û seryê; va kê paşay Mısrira: yaw aşmê aqıl	píšt, be̱rd kunáγ u sé̱rye; vā ke pašai Mi̥srira: yau ášme āqí̥l
pye	low_frequency_unmatched	1	1	kauge-nyerib-u-sivani:1	pye	pyêra	pyéra.	each other; RECIP			kauge-nyerib-u-sivani:s06_l02:11	pyêra	pyéra.	Avdûlah ağa lawna Xalef ağa destrû, pya bê weşi, xalay day pyêra.	Avdúl’ah aγá launā́ Χalé̱f aγá dé̱stru, pya be wé̱ši, χalaí dai pyéra.
qabasi	low_frequency_unmatched	1	1	degirmenci-ve-tilki:1	qabasi	qabasi	qabási	qawas			degirmenci-ve-tilki:mf04_l03:4	qabasi	qabási	fintoyê day lwê, hiryê qabasi lwêdê ray kerdi. Çêmçaqû paşa amêy	fintṓye dai lúe, hī́rye qabási lúede rai ké̱rdi. T̮emt̮aqú pašá āmeí
qafan	low_frequency_unmatched	2	1	kauge-nyerib-u-sivani:2	qafan	Qafan	Qafán	Qafan			kauge-nyerib-u-sivani:s01_l03:2	Qafan	Qafán	Mêla A'hmêdi Qafan akêrd, pûrti Mêla A'hmêdi Qafan gêrawt	Mél’a Ah̔médi Qafán ākérd, púrti Mél’a Ah̔médi Qafán geraút
qafelna	low_frequency_unmatched	1	1	degirmenci-ve-tilki:1	qafelna	qafêlna	qáfelnā	millstone			degirmenci-ve-tilki:mf01_l02:5	qafêlna	qáfelnā	nayni. Roc yêkê beri ari qafêlna şê kêyê, şawê kêyê ra kawt,	naíni. Rōd̮ yéke bé̱ri ārí qáfelnā šẹ̄ keíye, šaú’e keíye rā kaut,
qafelya	low_frequency_unmatched	1	1	goin-puhu-kusunun-hikayesi:1	qafelya	qafêlya	qáfelya,	was tied			goin-puhu-kusunun-hikayesi:g04_l02:1	qafêlya	qáfelya,	cêynêki qafêlya, cêyni têrsayê, 'hêni nyawtaray veng bıkêrû.	d̮éineki qáfelya, d̮éini tersáye, h̔én’i ńaútarai ve̱ṅg bi̥kéru.
qamu	low_frequency_unmatched	2	1	gespraech-mit-hassan:2	qamu	qamû	qā́mu?	who is			gespraech-mit-hassan:h01_l13:3	qamû	qā́mu?	Sıpyerdışi dewe Aldûni qamû?	Si̥pye̱rdí̥ši dé̱we̱ Aldū́ni qā́mu?
qamyu	low_frequency_unmatched	1	1	kauge-nyerib-u-hyeni:1	qamyu	qamyû	qā́myu.	what kind			kauge-nyerib-u-hyeni:h02_l06:3	qamyû	qā́myu.	tû kiştû, merdümi qamyû. Yê merdüm Xalef ağayra va	tu kištu, me̱rdṳ́mi qā́myu. Ye me̱rdṳ́m Χalé̱f aγáira vā
qandarai	low_frequency_unmatched	1	1	kauge-nyerib-u-sivani:1	qandarai	qangcaray	qāṅd̮araí.	where from?			kauge-nyerib-u-sivani:s01_l05:2	qangcaray	qāṅd̮araí.	dızdê ra: tê qangcaray. Dızdi va kê: ez Nyêribraya. Laci Mêla A'h-	dí̥zdera: te qāṅd̮araí. Dí̥zdi vā ke: e̱z Ńeríbraya. Lā́d̮i Mél’a Ah̔-
qandau	low_frequency_unmatched	1	1	degirmenci-ve-tilki:1	qandau	qancaw	qānd̮aú.				degirmenci-ve-tilki:mf05_l06:4	qancaw	qānd̮aú.	maç bigêrû, nyêzana rayêr qancaw. Lwê paût, arêwangçi nyawme,	mā́t̮ biǵeru, ńézana rayér qānd̮aú. Lúe pa’út, ārewāṅt̮í ńaúme̱,
qaris	low_frequency_unmatched	1	1	ali-agha-ladi-kelhani:1	qaris	qarış	qarí̥š	interference			ali-agha-ladi-kelhani:a02_l02:5	qarış	qarí̥š	rani Sivani va kê: ma qarış nyêbêni. Qasim ağay va kê: şümari	rā́ni Sivā́ni vā ke: mā qarí̥š ńebén’i. Qasím aγaí vā ke: šṳmári
qasimu	low_frequency_unmatched	1	1	uc-kardes-masali:1	qasimu	Qasimû	Qasímu,	Qasim			uc-kardes-masali:tb07_l12:5	Qasimû	Qasímu,	enoê bêray minû, namêy cay Qasimû, wa twêri ğızmêt bıkêrû,	ḗ̱n’oe beraí mínu, nāmeí d̮ai Qasímu, wā túeri γi̥zmét bi̥kéru,
qaui	low_frequency_unmatched	1	1	kauge-nyerib-u-sivani:1	qaui	qawi	qaú’i	why?			kauge-nyerib-u-sivani:s01_l08:10	qawi	qaú’i	kê: ez me'hlay Şêynangda. Laci Mêla A'hmêdi va kê: tê qawi amêy	ke: e̱z mé̱h̔lai Šeinā́ṅda. Lā́d̮i Mél’a Ah̔médi vā ke: te qaú’i āmeí
qulavi	low_frequency_unmatched	1	1	uc-kardes-masali:1	qulavi	qûlavi	qulā́vi	covering			uc-kardes-masali:tb08_l13:8	qûlavi	qulā́vi	yaw şimşyêri dyewi estû 'ha kalanya altûnyênêdê 'ha qûlavi myandê,	yau šimšyẹ̄́ri d́é̱wi é̱stu h̔a kalā́nia altúńenede h̔a qulā́vi myā́nde,
qunagi	low_frequency_unmatched	1	1	uc-kardes-masali:1	qunagi	qûnaği	qunāγi				uc-kardes-masali:tb09_l06:3	qûnaği	qunāγi	'Hasanêk werişt şê qûnaği dyewi gêyra, cay dyewi di, bıni ba-	H̔asanék we̱ríšt šẹ̄ qunāγi d́é̱wi geírá, d̮ai d́é̱wi dī, bí̥ni bā-
rabi	low_frequency_unmatched	1	1	goin-puhu-kusunun-hikayesi:1	rabi	rabi	rā́bi,	Lord			goin-puhu-kusunun-hikayesi:g04_l08:9	rabi	rā́bi,	dêsmaç gêrawt, dı rêkati nêmac kêrd, va kê: ya rabi, tı mê yaw	desmā́t̮ geraut, di̥ rekā́ti nemā́d̮ kerd, vā ke: ya rā́bi, ti̥ me yau
rai	low_frequency_unmatched	2	1	degirmenci-ve-tilki:2	rai	ray	raí,; rai	way			degirmenci-ve-tilki:mf03_l11:0	ray	raí,	ray, şi arêwangçi 'hêt. Lwê arêwangçira va kê: mê twêri kaynay pa-	raí, šī ārewāṅt̮í h̔et. Lúe ārewāṅt̮íra vā ke: me túeri kaínai pa-
raku	low_frequency_unmatched	1	1	degirmenci-ve-tilki:1	raku	rakû	rāku.	lie down			degirmenci-ve-tilki:mf04_l11:0	rakû	rāku.	rakû. Lwê berd wade çêmçaqû paşa, ca ra kêrd. Çêmçaqû paşa	rāku. Lúe be̱rd wadé̱ t̮emt̮aqú pašá, d̮ā rā kerd. T̮emt̮aqú pašá
ramazanyu	low_frequency_unmatched	1	1	ali-agha-ladi-kelhani:1	ramazanyu	ramazanyu	ramazányu,	is Ramadan			ali-agha-ladi-kelhani:a03_l02:10	ramazanyu	ramazányu,	ma mebêrê, tê xaini, bawki mê serêdê aqıl çinyû, rocêy ramazanyû,	mā mé̱bere, te χa’íni, baúki me sé̱rede áqi̥l t̮íńu, rṓd̮ei ramazányu,
rani	low_frequency_unmatched	1	1	ali-agha-ladi-kelhani:1	rani	rani	rā́ni	-of			ali-agha-ladi-kelhani:a02_l02:0	rani	rā́ni	rani Sivani va kê: ma qarış nyêbêni. Qasim ağay va kê: şümari	rā́ni Sivā́ni vā ke: mā qarí̥š ńebén’i. Qasím aγaí vā ke: šṳmári
rastede	low_frequency_unmatched	2	1	uc-kardes-masali:2	rastede	raştêdê	rā́štede	on the right			uc-kardes-masali:tb09_l01:5	raştêdê	rā́štede	byê bêri ver dê, kişta raştêdê yaw şêbakê esta, şwê aya şêbakêdê	bye béri ve̱r dé, kíšta rā́štede yau šebā́ke é̱sta, šúe áya šebā́kede
rastiru	low_frequency_unmatched	1	1	ali-agha-ladi-kelhani:1	rastiru	raştiru	rā́štiru.	directly			ali-agha-ladi-kelhani:a04_l02:4	raştiru	rā́štiru.	day 'hali bınê çici raştirû. 'Hal kawt. A'hmêdi xancêri 'halira vetê,	dai h̔ā́li bí̥ne t̮íd̮i rā́štiru. Hʿāl kaut. Ah̔médi χand̮éri h̔ā́lira vé̱te,
rayeran	low_frequency_unmatched	2	1	uc-kardes-masali:2	rayeran	rayêrang; rayêran	rayerā́ṅ; rayerā́n	roads			uc-kardes-masali:tb05_l03:0	rayêrang	rayerā́ṅ	rayêrang ver dana. Daw werişt, kayit noşt, da 'Hasanêkira. 'Ha-	rayerā́ṅ ve̱r dāna. Dau we̱ríšt, kayít nošt, dā H̔asanékira. H̔a-
razi	low_frequency_unmatched	1	1	uc-kardes-masali:1	razi	razi	razí	pleased			uc-kardes-masali:tb06_l11:7	razi	razí	va kê: bêr xodar bi Alah twêra razi bû. 'Hasanêki çi gêrawt, berd,	vā ke: ber χodár bi Aláh túera razí bu. H̔asanéki t̮i geraút, be̱rd,
rehat	low_frequency_unmatched	1	1	kauge-nyerib-u-sivani:1	rehat	rê'hat	reh̔át	calmly			kauge-nyerib-u-sivani:s04_l02:7	rê'hat	reh̔át	şawûtê Xalef ağayri va kê: cay xoêdê rê'hat vındê, ekê ena gê-	šau’úte Χalé̱f aγāiri vā ke: d̮ai χóede reh̔át ví̥nde, é̱ke ḗ̱n’a ge-
rekati	low_frequency_unmatched	1	1	goin-puhu-kusunun-hikayesi:1	rekati	rêkati	rekā́ti	cycles			goin-puhu-kusunun-hikayesi:g04_l08:3	rêkati	rekā́ti	dêsmaç gêrawt, dı rêkati nêmac kêrd, va kê: ya rabi, tı mê yaw	desmā́t̮ geraut, di̥ rekā́ti nemā́d̮ kerd, vā ke: ya rā́bi, ti̥ me yau
reki	low_frequency_unmatched	1	1	kauge-nyerib-u-hyeni:1	reki	rêki	réki	ready			kauge-nyerib-u-hyeni:h02_l15:1	rêki	réki	têra rêki xoê bıkêri, 'Hyênêyici madê kawğe kêni, barût bigêri,	téra réki χóe bi̥kéri, Hʿyẹ̄́neyíd̮í mā́de kauγé̱ kén’i, bā́rut bigéri,
rem	low_frequency_unmatched	1	1	uc-kardes-masali:1	rem	rêm	rem,	well done			uc-kardes-masali:tb02_l13:0	rêm	rem,	rêm, bıçinê. Dyaw vınert 'Hasanêki 'het, 'Hasanêkira va: laci mê,	rem, bi̥t̮íne. D́au vi̥né̱rt H̔asanéki h̔e̱t, H̔asanékira vā: lā́d̮i me,
rena	low_frequency_unmatched	1	1	goin-puhu-kusunun-hikayesi:1	rena	rêna	rén’a,	I search			goin-puhu-kusunun-hikayesi:g03_l01:0	rêna	rén’a,	rêna, ekê mê bêray twê di, bızanê kê: ek cênyay mê şımadê	rén’a, é̱k’e me beraí túe dī, bi̥zā́ne ke: e̱k d̮éniai me ši̥máde
rezan	low_frequency_unmatched	1	1	kauge-nyerib-u-hyeni:1	rezan	rezandê	re̱zā́nde.	vineyards; LOC			kauge-nyerib-u-hyeni:h08_l05:9	rezandê	re̱zā́nde.	awnyay kê eskêri Daqma begi pyêrû tabûrê bêsta pêy rezandê.	auńaí ke e̱skéri Dáqma bé̱gi pyéru tā́bure bésta pei re̱zā́nde.
rezuan	low_frequency_unmatched	1	1	gespraech-mit-hassan:1	rezuan	Rêjwan	Réžuān,	Rezuan			gespraech-mit-hassan:h01_l08:3	Rêjwan	Réžuān,	Fatrakom, 'Hopsor, Tênik, Rêjwan, Zımag, 'Hoêrsig, 'Hê-	Fatrakó̤m, Hʿo̤psó̤r, Teníḱ, Réžuān, Zi̥máǵ, Hʿoersíǵ, Hʿe-
rib	low_frequency_unmatched	1	1	kauge-nyerib-u-sivani:1	rib	rib	ríb	-Nerib			kauge-nyerib-u-sivani:s01_l12:0	rib	ríb	rib Xalef ağayri va kê: we Xyeni nêbê, twê têdê kawğê kêrdini,	ríb Χalé̱f aγāiri vā ke: we̱ Χyé̱ni nébe, tue téde kauγé kerdíni,
rid	low_frequency_unmatched	1	1	ali-agha-ladi-kelhani:1	rid	ric	rīd̮	request			ali-agha-ladi-kelhani:a02_l10:13	ric	rīd̮	Qasim ağa şi Ali ağay hetê ronişt va kê: ağa, ez ama twêra ric	Qasím aγá ši Áli aγaí hé̱te rōníšt vā ke: aγá, e̱z amá túera rīd̮
ridai	low_frequency_unmatched	1	1	kauge-nyerib-u-sivani:1	ridai	ricay	rid̮aī	sake			kauge-nyerib-u-sivani:s05_l12:5	ricay	rid̮aī	tê ağay ena gêlankê bıdi ricay mê Xalef ağay. Avdûlah ağa va	te aγái ḗ̱n’a gelā́ṅke bi̥dí rid̮aī me Χalé̱f aγái. Avdúl’ah aγá vā
rie	low_frequency_unmatched	1	1	degirmenci-ve-tilki:1	rie	ryê	ríe	face			degirmenci-ve-tilki:mf03_l15:0	ryê	ríe	ryê xoê tayşt; ame, kinci gêrawti pêra, lwê kawtê ver, şi kênari	ríe χóe taišt; āmé̱, kínd̮i geraúti perá, lúe kaúte ve̱r, šī kenā́ri
rira	low_frequency_unmatched	1	1	degirmenci-ve-tilki:1	rira	rira	rira	to			degirmenci-ve-tilki:mf05_l08:0	rira	rira	rira va kê: çêmçaqû paşa şû dêsmaç, nyêzana se byû, gnaw erû,	rira vā ke: t̮emt̮aqú pašá šu desmāt̮, ńézāna se̱ byu, gnau é̱ru,
risti	low_frequency_unmatched	1	1	uc-kardes-masali:1	risti	risti	rísti	got up			uc-kardes-masali:tb01_l09:0	risti	rísti	risti şı, nêyay yalêa, yalê çına di roci.	rísti ši̥, neyaí yaléa, yalé t̮í̥na di rṓd̮i.
rodei	low_frequency_unmatched	1	1	ali-agha-ladi-kelhani:1	rodei	rocêy	rṓd̮ei	day			ali-agha-ladi-kelhani:a03_l02:9	rocêy	rṓd̮ei	ma mebêrê, tê xaini, bawki mê serêdê aqıl çinyû, rocêy ramazanyû,	mā mé̱bere, te χa’íni, baúki me sé̱rede áqi̥l t̮íńu, rṓd̮ei ramazányu,
rodeia	low_frequency_unmatched	1	1	gespraech-mit-hassan:1	rodeia	rocêya	rōd̮eia,	fasting			gespraech-mit-hassan:h04_l01:1	rocêya	rōd̮eia,	Ez rocêya, nyêşêna vaca, zerêy mê kalüna wazêna.	E̱z rōd̮eia, ńešén’a vā́d̮a, ze̱réi me kalṳ́na wazén’a.
rodeki	low_frequency_unmatched	1	1	goin-puhu-kusunun-hikayesi:1	rodeki	rocêki	rṓd̮eki	one day			goin-puhu-kusunun-hikayesi:g02_l03:4	rocêki	rṓd̮eki	Kêynêkê şwêna golikangdê; kêynêk rocêki yerêy golikana yêna,	Keíneke šuén’a gōlikā́ṅde; keínek rṓd̮eki yé̱rei gōlikā́na yén’a,
rodu	low_frequency_unmatched	1	1	kauge-nyerib-u-hyeni:1	rodu	rocû	rṓd̮u	day			kauge-nyerib-u-hyeni:h02_l11:3	rocû	rṓd̮u	wayêr nyêkêri, qam rocû kê 'habêrê 'Hyênêra amêy wa çaw çêhetya	wayér ńékeri, qām rṓd̮u ke hʿabére Hʿyẹ̄́nera āmeí wa t̮au t̮ehé̱tia
roduke	low_frequency_unmatched	2	1	kauge-nyerib-u-hyeni:2	roduke	rocûkê	rṓd̮uke	the day when			kauge-nyerib-u-hyeni:h03_l01:3	rocûkê	rṓd̮uke	'hadre kêri, qam rocûkê 'Hyênêra 'haberê amêyê ma kawğe kêni.	h̔adré̱ kéri, qām rṓd̮uke Hʿyẹ̄́nera h̔abé̱re āmeíye mā kauγé̱ kén’i.
ronistei	low_frequency_unmatched	1	1	uc-kardes-masali:1	ronistei	roniştêy	rṓništei,	sat			uc-kardes-masali:tb03_l03:7	roniştêy	rṓništei,	cênyay mê, hiryê kêynay mê 'ha kûnağdê roniştêy, kağit berê, bı-	d̮éniāi me, hī́rye keínai me h̔a kunáγde rṓništei, kaγít bé̱r’e, bi̥-
ronisti	low_frequency_unmatched	1	1	degirmenci-ve-tilki:1	ronisti	ronişti	rōništi,	stopped			degirmenci-ve-tilki:mf03_l16:2	ronişti	rōništi,	Mısri. Wica ronişti, lwê şyê, 'haberê day paşay Mısri. Paşa va	Mí̥sri. Wíd̮ā rōništi, lúe šíe, h̔abé̱re dai pašai Mí̥sri. Pašá vā
rose	low_frequency_unmatched	1	1	uc-kardes-masali:1	rose	roşê	rṓše,	sit			uc-kardes-masali:tb02_l14:11	roşê	rṓše,	tê vaystûray xoê bıdê mê, ez hêlyê ğalê çınêna, tê gamyê roşê,	te vaísturai χóe bí̥de me, e̱z hḗlye γalé t̮i̥nén’a, te gā́mye rṓše,
ruena	low_frequency_unmatched	1	1	uc-kardes-masali:1	ruena	rwêna	ruén’a,	sits			uc-kardes-masali:tb06_l12:9	rwêna	ruén’a,	da dyewi. Dyaw nang gêrawt, xêrs bê, nang ûca rwêna, werişt şê	dā d́é̱wi. D́au nāṅ geraút, χers be, nāṅ ud̮á ruén’a, we̱ríšt šẹ̄
ruenisti	low_frequency_unmatched	1	1	uc-kardes-masali:1	ruenisti	rwênişti	rueníšti	sat down			uc-kardes-masali:tb10_l02:5	rwênişti	rueníšti	myanyênê day bêray xoê Qasimi, rwênişti xoêri kêyf sefa kerdê vênert.	myańéne daí beraí χóe Qasími, rueníšti χóeri keif se̱fā́ ké̱rde vené̱rt.
runiste	low_frequency_unmatched	1	1	kauge-nyerib-u-hyeni:1	runiste	rûnistê	rūníste,	sitting			kauge-nyerib-u-hyeni:h05_l02:9	rûnistê	rūníste,	dyari 'Hyêni, awnyay kê: eskêri Daqma begi pyêrû 'ha rûnistê,	diári Hʿyẹ̄́ni, auńaí ke: e̱skéri Dáqma bé̱gi pyéru h̔ā rūníste,
sade	low_frequency_unmatched	1	1	degirmenci-ve-tilki:1	sade	şadê	šáde	of the pasha			degirmenci-ve-tilki:mf03_l12:0	şadê	šáde	şadê Mısri wayştê, warzê, şwê 'hemam, xoê bışû, temiz kê, byê,	šáde Mi̥sri waíšte, wárze, šúe h̔é̱m’ām, χóe bi̥šú, te̱míz ke, bye,
sage	low_frequency_unmatched	1	1	goin-puhu-kusunun-hikayesi:1	sage	sağê	sáγe				goin-puhu-kusunun-hikayesi:g03_l02:0	sağê	sáγe	sağê nya, 'hêyrkê mê bêray twê nyêdi, nyê ez vêndêna, nyê tı vındê.	sáγe ńa, h̔eirke me beraí túe ńédī, ńe e̱z vendén’a, ńe ti̥ ví̥nde.
sahe	low_frequency_unmatched	1	1	degirmenci-ve-tilki:1	sahe	sahê	sáhe,	flour-bin			degirmenci-ve-tilki:mf02_l02:0	sahê	sáhe,	sahê, ardi werdi. Arêwangçi werişt, yaw çwa gêrawtê, day lûêrû;	sáhe, ā́rdi wé̱rdi. Ārewāṅt̮í we̱ríšt, yau t̮úa geraúte, dai lú’eru;
sahre	low_frequency_unmatched	1	1	uc-kardes-masali:1	sahre	şahrê	šahre				uc-kardes-masali:tb07_l02:10	şahrê	šahre	roci, dyaw amê gêyra, 'Hasanêk nyêdi. 'Hasanêk şê xoêri yaw şahrê	rṓd̮i, d́au amé geíra, H̔asanék ńédi. H̔asanék šẹ̄ χóeri yau šahre
sahrestanda	low_frequency_unmatched	1	1	kauge-nyerib-u-hyeni:1	sahrestanda	şahrêstanda	šahrestā́nda	from			kauge-nyerib-u-hyeni:h06_l01:0	şahrêstanda	šahrestā́nda	şahrêstanda byê tebêr, ez yêna şahrêstan veşnêna. Daqma begi	šahrestā́nda bye te̱bér, e̱z yén’a šahrestān ve̱šnén’a. Dáqma bé̱gi
sahrestani	low_frequency_unmatched	1	1	kauge-nyerib-u-hyeni:1	sahrestani	şahrêstani	šahrestā́ni	of the town			kauge-nyerib-u-hyeni:h06_l06:1	şahrêstani	šahrestā́ni	we şahrêstani twêra çewi nyêvêrdana, heminê kışêna, twê kışêna.	we̱ šahrestā́ni túera t̮é̱wi ńeverdā́na, hé̱mine ki̥šén’a, túe ki̥šén’a.
sande	low_frequency_unmatched	1	1	kauge-nyerib-u-hyeni:1	sande	şandê	šā́nde	morning			kauge-nyerib-u-hyeni:h07_l08:9	şandê	šā́nde	Daqma begi 'haber erşawûtê Xalef ağayri va kê: mêvındê, şandê	Dáqma bé̱gi h̔abé̱r e̱ršau’úte Χalé̱f aγáiri vā ke: mévi̥nde, šā́nde
saneki	low_frequency_unmatched	2	1	uc-kardes-masali:2	saneki	sanêki	sanéki				uc-kardes-masali:tb05_l04:0	sanêki	sanéki	sanêki gêrawt, dı saati ca şê, kağit akêrd, kağit wengd, awnya, ekê	sanéki geraút, di̥ sá’ati d̮ā šẹ̄, kaγít akērd, kaγít we̱ṅd, auńá, é̱ke
sar	low_frequency_unmatched	1	1	kauge-nyerib-u-hyeni:1	sar	şar	šār	stranger			kauge-nyerib-u-hyeni:h02_l08:6	şar	šār	xoê bi, şıma merdümi şari kişti, şar yênû, mali şıma bênû, şıma	χóe bi, ši̥mā́ me̱rdṳ́mi šā́rí kíšti, šār yén’u, mā́li ši̥mā́ bén’u, ši̥mā́
sara	low_frequency_unmatched	1	1	degirmenci-ve-tilki:1	sara	sara	sára,	afterward			degirmenci-ve-tilki:mf05_l05:9	sara	sára,	ardê, day arêwangçi; arêwangçi werişt, şi dêsmaç, şi pêy sara, dês-	ā́rde, dai ārewāṅt̮í; ārewāṅt̮í we̱ríšt, ši desmāt̮, ši pei sára, des-
sauute	low_frequency_unmatched	1	1	kauge-nyerib-u-sivani:1	sauute	şawûtê	šau’úte	-sent			kauge-nyerib-u-sivani:s04_l02:0	şawûtê	šau’úte	şawûtê Xalef ağayri va kê: cay xoêdê rê'hat vındê, ekê ena gê-	šau’úte Χalé̱f aγāiri vā ke: d̮ai χóede reh̔át ví̥nde, é̱ke ḗ̱n’a ge-
sayere	low_frequency_unmatched	1	1	gespraech-mit-hassan:1	sayere	Sayêrê	Sáyere,	Sayerı			gespraech-mit-hassan:h01_l11:1	Sayêrê	Sáyere,	Mıstang, Sayêrê, Abasa, Wis'hêyn, 'Haspêg, Sêraçyori, Akêragi,	Mí̥stāṅ, Sáyere, Ábasa, Wísh̔ein, Hʿaspéǵ, Serat̮yó̤ri, Akerā́gi,
seba	low_frequency_unmatched	2	1	uc-kardes-masali:2	seba	sêba	sebā́	morning			uc-kardes-masali:tb03_l10:11	sêba	sebā́	ver kê, emşoê 'Hasanêk wa kêynay mına pilê 'het ra kû, sêba mıri	ve̱r ke, ḗ̱mšoe H̔asanék wa keínai mí̥na píle h̔e̱t rā ku, sebā́ mí̥ri
sefa	low_frequency_unmatched	2	1	uc-kardes-masali:2	sefa	sêfa; sefa	sefá; se̱fā́	comfort			uc-kardes-masali:tb06_l05:16	sêfa	sefá	serê bırna, goşti gay şûri kêrd kêbab. 'Hasanêk aya şawê kêyna kıci 'hêtê ra kawt, kêyf sêfa kêrd 'he	sé̱re bi̥rná, gṓšti gai šúri kerd kebā́b. H̔asanék áya šaúe keína ki̥d̮i h̔ēte rā kaut, keif sefá kerd h̔é̱
sefak	low_frequency_unmatched	1	1	kauge-nyerib-u-hyeni:1	sefak	Şefak	Še̱fák	daybreak			kauge-nyerib-u-hyeni:h04_l08:0	Şefak	Še̱fák	Şefak bestya bıroşt 'habêr erşawûtê Nyêrib Xalef ağayri va kê: têrês,	Še̱fák bé̱stia bi̥rōšt h̔abér e̱ršau’úte Ńeríb Χalé̱f aγáiri vā ke: terés,
sefaq	low_frequency_unmatched	1	1	kauge-nyerib-u-hyeni:1	sefaq	şêfaqdê	šefáqde	daybreak; TEMP			kauge-nyerib-u-hyeni:h07_l05:10	şêfaqdê	šefáqde	Daqma begiri va kê: waxtê xoêdê 'hadrê bê, ez mêyştê şêfaqdê	Dáqma bé̱giri vā ke: wáχte χóede h̔ādré be, e̱z meíšte šefáqde
seinanda	low_frequency_unmatched	1	1	kauge-nyerib-u-sivani:1	seinanda	Şêynangda	Šeinā́ṅda.	in the Seinan mahalle			kauge-nyerib-u-sivani:s01_l08:3	Şêynangda	Šeinā́ṅda.	kê: ez me'hlay Şêynangda. Laci Mêla A'hmêdi va kê: tê qawi amêy	ke: e̱z mé̱h̔lai Šeinā́ṅda. Lā́d̮i Mél’a Ah̔médi vā ke: te qaú’i āmeí
seite	low_frequency_unmatched	2	1	ali-agha-ladi-kelhani:2	seite	sêytê	seíte	hundred men			ali-agha-ladi-kelhani:a02_l09:3	sêytê	seíte	amêy Ğêytê, Ğêytêra sêytê gêrawt, bi pangd sêytê şi Ali ağay 'het.	āmeí Γeíte, Γeítera seíte geraút, bi pāṅd seíte ši Áli aγaí h̔e̱t.
sekera	low_frequency_unmatched	1	1	gespraech-mit-hassan:1	sekera	Şêkêra	Šékera,	Şekera			gespraech-mit-hassan:h01_l10:2	Şêkêra	Šékera,	ma, Emêra, Şêkêra, 'Hêylang, Bazyang, Mala-İbrahimang, Avdêlang,	ma, É̱merā, Šékera, Hʿeílāṅ, Báziāṅ, Mála-Ibrahimā́ṅ, Ávdelāṅ,
sekit	low_frequency_unmatched	1	1	ali-agha-ladi-kelhani:1	sekit	şêkit	šekít,	broke			ali-agha-ladi-kelhani:a03_l10:7	şêkit	šekít,	yênêra ve meki. Eskêri Qasim ağay bêr şêkit, Qasim ağay kawta	yénera ve̱ mé̱ki. E̱skéri Qasím aγaí ber šekít, Qasím aγaí kaúta
selami	low_frequency_unmatched	1	1	uc-kardes-masali:1	selami	sêlami	selā́mi	greeting			uc-kardes-masali:tb06_l08:1	sêlami	selā́mi	vêra sêlami dyewi kê, vaci kê: hêy teres, twê kêy mê xerab na.	véra selā́mi d́é̱wi ke, vā́d̮i ke: hei te̱ré̱s, túe kei me χe̱ráb nā.
sene	low_frequency_unmatched	1	1	gespraech-mit-hassan:1	sene	senyê	sé̱ńe	what kind			gespraech-mit-hassan:h02_l10:2	senyê	sé̱ńe	Bağçê tû senyê dari?	Bāγt̮e tu sé̱ńe dā́ri?
seratyori	low_frequency_unmatched	1	1	gespraech-mit-hassan:1	seratyori	Sêraçyori	Serat̮yó̤ri,	Seraçurı			gespraech-mit-hassan:h01_l11:5	Sêraçyori	Serat̮yó̤ri,	Mıstang, Sayêrê, Abasa, Wis'hêyn, 'Haspêg, Sêraçyori, Akêragi,	Mí̥stāṅ, Sáyere, Ábasa, Wísh̔ein, Hʿaspéǵ, Serat̮yó̤ri, Akerā́gi,
sereru	low_frequency_unmatched	1	1	kauge-nyerib-u-sivani:1	sereru	serêrû	sé̱reru	on the head			kauge-nyerib-u-sivani:s06_l01:2	serêrû	sé̱reru	dûla ağa serêrû şê Xalef ağa ard, lawna Avdûlah ağa lingêrû,	dúl’a aγá sé̱reru šẹ̄ Χalé̱f aγá ārd, launā́ Avdúl’ah aγá líṅgeru,
serye	low_frequency_unmatched	1	1	degirmenci-ve-tilki:1	serye	seryê	sé̱rye;	serail			degirmenci-ve-tilki:mf04_l09:4	seryê	sé̱rye;	pişt, berd kûnağ û seryê; va kê paşay Mısrira: yaw aşmê aqıl	píšt, be̱rd kunáγ u sé̱rye; vā ke pašai Mi̥srira: yau ášme āqí̥l
sesti	low_frequency_unmatched	1	1	gespraech-mit-hassan:1	sesti	Şeşti	Šé̱šti	sixty			gespraech-mit-hassan:h02_l07:0	Şeşti	Šé̱šti	Şeşti bani Kasan esti.	Šé̱šti bā́ni Kasán é̱sti.
sewe	low_frequency_unmatched	1	1	kauge-nyerib-u-sivani:1	sewe	şewê	šé̱we,	night			kauge-nyerib-u-sivani:s03_l13:10	şewê	šé̱we,	dewi twê mê di ez veşnêna, taalan kêna heta yaw şewê, çoa-	dé̱wi túe me dī e̱z ve̱šnén’a, tá’alan kén’a hé̱ta yau šé̱we, t̮oa-
sewi	low_frequency_unmatched	1	1	goin-puhu-kusunun-hikayesi:1	sewi	şewi	še̱wi	night			goin-puhu-kusunun-hikayesi:g03_l06:11	şewi	še̱wi	xoêra va kê: twê qawi laci mê kiştû, way cêy bi şewi 'hawni xoê-	χóera vā ke: túe qaúwi lā́d̮i me kíštu, wai d̮ei bi še̱wi h̔aúni χóe-
sier	low_frequency_unmatched	1	1	kauge-nyerib-u-hyeni:1	sier	syêr	siẹ̄́r	watch			kauge-nyerib-u-hyeni:h05_l09:9	syêr	siẹ̄́r	ağay va kê Xalef ağayra: izmi ma bıdê, tê syêr bıkê. Xalef ağay	aγái vā ke Χalé̱f aγáira: ī́zmi mā bi̥dé, te siẹ̄́r bi̥ké. Χalé̱f aγái
sila	low_frequency_unmatched	2	1	kauge-nyerib-u-hyeni:2	sila	sila	silá	permission			kauge-nyerib-u-hyeni:h03_l11:4	sila	silá	bıngêi, pyêrû çaw byê sila megiri, ez Daqma begi va kê:	bi̥ṅge’i, pyéru t̮au bye silá mé̱giri, e̱z Dáqma bé̱gi vā ke:
sim	low_frequency_unmatched	1	1	kauge-nyerib-u-hyeni:1	sim	şım	ši̥m	to you			kauge-nyerib-u-hyeni:h08_l02:0	şım	ši̥m	şım çêywiri çı çinyû. Eskêri Xalef ağay va kê: ma 'ha şwêni,	ši̥m t̮eíwiri t̮i̥ t̮íńu. E̱skéri Χalé̱f aγái vā ke: mā h̔ā šuén’i,
simade	low_frequency_unmatched	1	1	goin-puhu-kusunun-hikayesi:1	simade	şımadê	ši̥máde	you			goin-puhu-kusunun-hikayesi:g03_l01:11	şımadê	ši̥máde	rêna, ekê mê bêray twê di, bızanê kê: ek cênyay mê şımadê	rén’a, é̱k’e me beraí túe dī, bi̥zā́ne ke: e̱k d̮éniai me ši̥máde
sipyerdisi	low_frequency_unmatched	1	1	gespraech-mit-hassan:1	sipyerdisi	Sıpyerdışi	Si̥pye̱rdí̥ši	village elder			gespraech-mit-hassan:h01_l13:0	Sıpyerdışi	Si̥pye̱rdí̥ši	Sıpyerdışi dewe Aldûni qamû?	Si̥pye̱rdí̥ši dé̱we̱ Aldū́ni qā́mu?
sivandande	low_frequency_unmatched	1	1	kauge-nyerib-u-sivani:1	sivandande	Sivangcandê	Sivā́ṅd̮ānde	with the Sivan people			kauge-nyerib-u-sivani:s05_l06:8	Sivangcandê	Sivā́ṅd̮ānde	lef ağayra: tê mêra vani sê, ez nyêşyêna Sivangcandê kawğe bikêra,	lé̱f aγāira: te méra vā́ni se, e̱z ńešyén’a Sivā́ṅd̮ānde kauγé̱ bikéra,
sivandi	low_frequency_unmatched	1	1	kauge-nyerib-u-sivani:1	sivandi	Sivangci	Sivā́ṅd̮i	Sivan people			kauge-nyerib-u-sivani:s05_l07:0	Sivangci	Sivā́ṅd̮i	Sivangci pêynyay ma heminê kişêni. Xalef ağay va kê: ez kawta	Sivā́ṅd̮i peíńai mā hé̱mine kišén’i. Χalé̱f aγái vā ke: e̱z kaúta
soe	low_frequency_unmatched	1	1	goin-puhu-kusunun-hikayesi:1	soe	şoê	šoe	night			goin-puhu-kusunun-hikayesi:g02_l08:0	şoê	šoe	şoê yaw 'haw di, ekê cênyay twê bêray mê kiştû, êyştû zêyndang.	šoe yau h̔au dī, é̱k’e d̮éniai túe beraí me kíštu, eíštu zeindā́ṅ.
sozi	low_frequency_unmatched	1	1	kauge-nyerib-u-hyeni:1	sozi	sozi	só̤zi	promise			kauge-nyerib-u-hyeni:h04_l09:7	sozi	só̤zi	emşoê 'heta soba ez nyê ra kawta, sozi twê sênyênû, sozû tê	é̱mšoe h̔e̱ta so̤bā́ e̱z ńe ra kaúta, só̤zi túe seńén’u, so̤zu te
sozu	low_frequency_unmatched	1	1	kauge-nyerib-u-hyeni:1	sozu	sozû	so̤zu	promise			kauge-nyerib-u-hyeni:h04_l09:10	sozû	so̤zu	emşoê 'heta soba ez nyê ra kawta, sozi twê sênyênû, sozû tê	é̱mšoe h̔e̱ta so̤bā́ e̱z ńe ra kaúta, só̤zi túe seńén’u, so̤zu te
stan	low_frequency_unmatched	1	1	uc-kardes-masali:1	stan	stang	stā́ṅ,				uc-kardes-masali:tb07_l03:0	stang	stā́ṅ,	stang, bêray xoê berdi çarşû, va kê bêrarani xoêra: xoêri kancawkê	stā́ṅ, beraí χóe bé̱rdi t̮āršū́, vā ke berarā́ni χóera: χóeri kand̮aúke
suand	low_frequency_unmatched	2	1	degirmenci-ve-tilki:2	suand	swangd	suáṅd	oath			degirmenci-ve-tilki:mf02_l08:4	swangd	suáṅd	va kê: tı mêri swangd bwanê. Lûê arêwangçiri swangd wend, arê-	vā ke: ti̥ méri suáṅd buáne. Lú’e ārewāṅt̮íri suáṅd we̱nd, āre-
suend	low_frequency_unmatched	1	1	ali-agha-ladi-kelhani:1	suend	swend	sué̱nd	oath			ali-agha-ladi-kelhani:a02_l13:12	swend	sué̱nd	ağa va kê: tê xaini, ez çêkani xoê nyêdana twê. Qasim ağay swend	aγá vā ke: te χa’íni, e̱z t̮ékāni χóe ńédāna túe. Qasím aγaí sué̱nd
sya	low_frequency_unmatched	1	1	uc-kardes-masali:1	sya	şya	šyā	went			uc-kardes-masali:tb08_l05:6	şya	šyā	Şabani va kê 'Hasanêkira: dyewi ez şya xoêri dêsmaç bıkêra, dyewi	Šabáni vā ke H̔asanékira: d́é̱wi e̱z šyā χóeri desmā́t̮ bi̥kéra, d́é̱wi
syu	low_frequency_unmatched	1	1	goin-puhu-kusunun-hikayesi:1	syu	şyû	šyu	went			goin-puhu-kusunun-hikayesi:g02_l05:7	şyû	šyu	çaw? Cenyêkê kêynêkra vana kê: bêray twê şyû kêy 'halanê xoê.	t̮au? D̮é̱ńeke keínekra vā́na ke: beraí túe šyu kei h̔ā́lāne χóe.
ta	low_frequency_unmatched	1	1	uc-kardes-masali:1	ta	ta	ta	until			uc-kardes-masali:tb06_l06:0	ta	ta	ta soba. Soba werişt, şê 'heremi dyêwi, va cênyay cewira, çi bıdê,	ta sobā́. So̤bā́ we̱ríšt, šẹ̄ h̔e̱ré̱mi d́éwi, vā d̮éniai d̮é̱wira, t̮i bi̥dé,
taist	low_frequency_unmatched	2	1	degirmenci-ve-tilki:2	taist	tayşt	taišt,; taišt;	shaved			degirmenci-ve-tilki:mf03_l14:9	tayşt	taišt,	Arêwangçi werişt, şê 'hemam, xoê temiz kêrd, serê xoê tayşt,	Ārewāṅt̮í we̱ríšt, šẹ̄ h̔e̱m’ām, χóe te̱míz kerd, sé̱re χóe taišt,
talek	low_frequency_unmatched	1	1	gespraech-mit-hassan:1	talek	Talek	Tā́le̱k.	Talık			gespraech-mit-hassan:h01_l12:4	Talek	Tā́le̱k.	Letang, Ğahar, Ğoêmang, Kavarê, Talek.	Lé̱tāṅ, Γáhār, Γóemāṅ, Kávare, Tā́le̱k.
tani	low_frequency_unmatched	1	1	kauge-nyerib-u-sivani:1	tani	çani	t̮ā́ni,	few			kauge-nyerib-u-sivani:s03_l04:3	çani	t̮ā́ni,	kawğe, metêrsi, Nyêrbici çani, kawğe aşiranû, serê mıri, mal şı-mari.	kauγé̱, mé̱tersi, Ńerbíd̮i t̮ā́ni, kauγé̱ aširā́nu, sé̱re mí̥ri, māl ši̥-māri.
tarsu	low_frequency_unmatched	2	1	uc-kardes-masali:2	tarsu	çarşû	t̮āršū́,; t̮aršú,	market			uc-kardes-masali:tb07_l03:4	çarşû	t̮āršū́,	stang, bêray xoê berdi çarşû, va kê bêrarani xoêra: xoêri kancawkê	stā́ṅ, beraí χóe bé̱rdi t̮āršū́, vā ke berarā́ni χóera: χóeri kand̮aúke
taude	low_frequency_unmatched	1	1	kauge-nyerib-u-hyeni:1	taude	çawdê	t̮aúde	for			kauge-nyerib-u-hyeni:h09_l02:9	çawdê	t̮aúde	pyêrû kişyay, byê mêytani xoê berê, mêytani mê waderê çawdê	pyéru kišyái, bye meitāni χóe bé̱re, meitāni me wáde̱re t̮aúde
taya	low_frequency_unmatched	1	1	goin-puhu-kusunun-hikayesi:1	taya	çaya	t̮áya?	where			goin-puhu-kusunun-hikayesi:g04_l06:5	çaya	t̮áya?	xoêra va: baw, cênyay twê çaya? Bawki kêynêkra va: ez nyêzana	χóera vā: bau, d̮éniai túe t̮áya? Baúki keínekra vā: e̱z ńezā́na
tede	low_frequency_unmatched	1	1	kauge-nyerib-u-sivani:1	tede	têdê	téde	there			kauge-nyerib-u-sivani:s01_l12:9	têdê	téde	rib Xalef ağayri va kê: we Xyeni nêbê, twê têdê kawğê kêrdini,	ríb Χalé̱f aγāiri vā ke: we̱ Χyé̱ni nébe, tue téde kauγé kerdíni,
teh	low_frequency_unmatched	1	1	degirmenci-ve-tilki:1	teh	tê'h	tēh̔-	grinding			degirmenci-ve-tilki:mf01_l01:11	tê'h	tēh̔-	Cayki bi çi nyêbi, yaw Alah bê, yaw arêwangçi bê. Ariş tê'h-	D̮aíki bī t̮i ńébī, yau Aláh bẹ̄, yau ārewāṅt̮í bẹ̄. Āríš tēh̔-
tehetia	low_frequency_unmatched	1	1	kauge-nyerib-u-hyeni:1	tehetia	çêhetya	t̮ehé̱tia	absent			kauge-nyerib-u-hyeni:h02_l11:10	çêhetya	t̮ehé̱tia	wayêr nyêkêri, qam rocû kê 'habêrê 'Hyênêra amêy wa çaw çêhetya	wayér ńékeri, qām rṓd̮u ke hʿabére Hʿyẹ̄́nera āmeí wa t̮au t̮ehé̱tia
teiwiri	low_frequency_unmatched	1	1	kauge-nyerib-u-hyeni:1	teiwiri	çêywiri	t̮eíwiri	anything			kauge-nyerib-u-hyeni:h08_l02:1	çêywiri	t̮eíwiri	şım çêywiri çı çinyû. Eskêri Xalef ağay va kê: ma 'ha şwêni,	ši̥m t̮eíwiri t̮i̥ t̮íńu. E̱skéri Χalé̱f aγái vā ke: mā h̔ā šuén’i,
tekane	low_frequency_unmatched	1	1	ali-agha-ladi-kelhani:1	tekane	çêkanê	t̮ékāne	weapons			ali-agha-ladi-kelhani:a02_l11:10	çêkanê	t̮ékāne	amênêt kêna. Ali ağa va kê: ağa, mê me'hêpinê, ez çêkanê xoê	amenét kén’a. Áli aγá vā ke: aγá, me me̱h̔épine, e̱z t̮ékāne χóe
temami	low_frequency_unmatched	1	1	kauge-nyerib-u-hyeni:1	temami	temami	te̱mā́mí,	complete			kauge-nyerib-u-hyeni:h07_l02:8	temami	te̱mā́mí,	eskêr toplê kêrd. Vist û yaw roc bi temami, Daqma begi 'haber	e̱skér tṓple kerd. Vīst u yau rōd̮ bi te̱mā́mí, Dáqma bé̱gi h̔abé̱r
temamu	low_frequency_unmatched	1	1	kauge-nyerib-u-hyeni:1	temamu	temamû	te̱mā́mu,	ready			kauge-nyerib-u-hyeni:h07_l03:8	temamû	te̱mā́mu,	erşawûtê Nyêrib Xalef ağayri va kê: eskêri mê temamû, mêyştê ez	e̱ršau’úte Ńeríb Χalé̱f aγáiri vā ke: e̱skéri me te̱mā́mu, meíšte e̱z
temene	low_frequency_unmatched	1	1	degirmenci-ve-tilki:1	temene	temênê	té̱mene	greeting			degirmenci-ve-tilki:mf02_l10:8	temênê	té̱mene	Lûê weriştê, şyê Mısr, şi paşay Mısr 'hêt, temênê kêrd. Pa-	Lú’e we̱ríšte, šíe Mi̥sr, šī pašai Mí̥sr h̔et, té̱mene kerd. Pa-
temuzi	low_frequency_unmatched	1	1	gespraech-mit-hassan:1	temuzi	Temûzidê	Te̱múzide	Temmuz; LOC			gespraech-mit-hassan:h03_l03:1	Temûzidê	Te̱múzide	Aşmê Temûzidê ma şwêni zozang.	Ā́šme Te̱múzide mā šuén’i zozā́ṅ.
temya	low_frequency_unmatched	1	1	kauge-nyerib-u-hyeni:1	temya	temya	te̱myá,	clash			kauge-nyerib-u-hyeni:h08_l09:3	temya	te̱myá,	Daqma begi, kawti temya, dı saati kawğe kerd, pêynıdê	Dáqma bé̱gi, kaúti te̱myá, di̥ sā’ati kauγé̱ ke̱rd, peíni̥de
tenik	low_frequency_unmatched	1	1	gespraech-mit-hassan:1	tenik	Tênik	Teníḱ,	Tenık			gespraech-mit-hassan:h01_l08:2	Tênik	Teníḱ,	Fatrakom, 'Hopsor, Tênik, Rêjwan, Zımag, 'Hoêrsig, 'Hê-	Fatrakó̤m, Hʿo̤psó̤r, Teníḱ, Réžuān, Zi̥máǵ, Hʿoersíǵ, Hʿe-
tepiste	low_frequency_unmatched	1	1	degirmenci-ve-tilki:1	tepiste	têpiştê	tepíšte,	caught			degirmenci-ve-tilki:mf02_l03:2	têpiştê	tepíšte,	erzya lûê têpiştê, lûê bermay. Lûê va kê arêwangçira: tê mê	e̱rzia lú’e tepíšte, lú’e be̱rmaí. Lú’e vā ke ārewāṅt̮íra: te me
tersa	low_frequency_unmatched	1	1	degirmenci-ve-tilki:1	tersa	têrsa	tersā́;	trembled			degirmenci-ve-tilki:mf04_l12:0	têrsa	tersā́;	têrsa; lwê va kê: têres, metêrsê, şwê tê ra kû. Arêwangti va kê	tersā́; lúe vā ke: teré̱s, mé̱terse, šúe te rā ku. Ārewāṅtí vā ke
tersaye	low_frequency_unmatched	1	1	goin-puhu-kusunun-hikayesi:1	tersaye	têrsayê	tersáye,	was afraid			goin-puhu-kusunun-hikayesi:g04_l02:3	têrsayê	tersáye,	cêynêki qafêlya, cêyni têrsayê, 'hêni nyawtaray veng bıkêrû.	d̮éineki qáfelya, d̮éini tersáye, h̔én’i ńaútarai ve̱ṅg bi̥kéru.
terse	low_frequency_unmatched	1	1	goin-puhu-kusunun-hikayesi:1	terse	têrsê	terse,	do not fear			goin-puhu-kusunun-hikayesi:g03_l09:0	têrsê	terse,	têrsê, bêray twê weşû. Kêynêk mêra va kê: ez 'ha êyrwê şwêna	terse, beraí túe wé̱šu. Keínek méra vā ke: e̱z h̔ā eírue šuén’a
teslime	low_frequency_unmatched	1	1	uc-kardes-masali:1	teslime	têslimê	teslī́me	delivered			uc-kardes-masali:tb08_l09:5	têslimê	teslī́me	ban 'hêmamra vet gêrawt berd têslimê qabas başira va kê: enoê	bán h̔emā́mra ve̱t geraút be̱rd teslī́me qabā́s bašíra vā ke: ḗ̱n’oe
tidi	low_frequency_unmatched	1	1	ali-agha-ladi-kelhani:1	tidi	çici	t̮íd̮i	chest			ali-agha-ladi-kelhani:a04_l02:3	çici	t̮íd̮i	day 'hali bınê çici raştirû. 'Hal kawt. A'hmêdi xancêri 'halira vetê,	dai h̔ā́li bí̥ne t̮íd̮i rā́štiru. Hʿāl kaut. Ah̔médi χand̮éri h̔ā́lira vé̱te,
tikas	low_frequency_unmatched	1	1	kauge-nyerib-u-sivani:1	tikas	çikas	t̮ikás	everything			kauge-nyerib-u-sivani:s02_l13:5	çikas	t̮ikás	Avdûlah ağayri va kê: mevindê, çikas mali Nyêribi estû bıdê ma,	Avdúl’ah aγaíri vā ke: mé̱vinde, t̮ikás mā́li Ńeríbi é̱stu bi̥de mā,
tikaske	low_frequency_unmatched	1	1	kauge-nyerib-u-sivani:1	tikaske	çıkaskê	t̮i̥káske	whatever			kauge-nyerib-u-sivani:s05_l08:12	çıkaskê	t̮i̥káske	be'hti twê, byê mê berê kêy Avdûlah ağay, ma pya weşi kê, çıkaskê	bé̱h̔ti túe, bye me bé̱re kei Avdúl’ah aγái, mā pya wé̱ši ke, t̮i̥káske
tim	low_frequency_unmatched	1	1	kauge-nyerib-u-sivani:1	tim	çım	t̮i̥m-	because-			kauge-nyerib-u-sivani:s05_l14:10	çım	t̮i̥m-	nyêdani, ez ka pêynyay dawani Nyêribi veşna, heminê taalan ka, çım-	ńedā́ni, e̱z ka peińai dauā́ni Ńeríbi vé̱šna, hé̱mine tá’alan ka, t̮i̥m-
timi	low_frequency_unmatched	1	1	ali-agha-ladi-kelhani:1	timi	çimi	t̮ími.	his eye			ali-agha-ladi-kelhani:a04_l04:4	çimi	t̮ími.	çimyirû, goêni byê A'hmêdi çimi. A'hmêd hyêrs bê, 'hawt teni pêy	t̮ímyiru, gó’eni bíe Ah̔médi t̮ími. Ah̔méd hyẹ̄rs be, h̔aut té̱ni pei
timyiru	low_frequency_unmatched	1	1	ali-agha-ladi-kelhani:1	timyiru	çimyiru	t̮ímyiru,	on his eye			ali-agha-ladi-kelhani:a04_l04:0	çimyiru	t̮ímyiru,	çimyirû, goêni byê A'hmêdi çimi. A'hmêd hyêrs bê, 'hawt teni pêy	t̮ímyiru, gó’eni bíe Ah̔médi t̮ími. Ah̔méd hyẹ̄rs be, h̔aut té̱ni pei
tinena	low_frequency_unmatched	1	1	uc-kardes-masali:1	tinena	çınêna	t̮i̥nén’a,	I cut			uc-kardes-masali:tb02_l14:8	çınêna	t̮i̥nén’a,	tê vaystûray xoê bıdê mê, ez hêlyê ğalê çınêna, tê gamyê roşê,	te vaísturai χóe bí̥de me, e̱z hḗlye γalé t̮i̥nén’a, te gā́mye rṓše,
tineni	low_frequency_unmatched	2	1	uc-kardes-masali:2	tineni	çınêni	t̮i̥nén’i,	you cut			uc-kardes-masali:tb02_l02:10	çınêni	t̮i̥nén’i,	vêyn da, va kê: şûma qami, şûma qawi yalê mê çınêni, ez nê-	veín dā, vā ke: šúma qā́mi, šúma qaúwi yalé me t̮i̥nén’i, e̱z ne-
tini	low_frequency_unmatched	1	1	degirmenci-ve-tilki:1	tini	çınyi	t̮í̥ńi;	few			degirmenci-ve-tilki:mf01_l03:7	çınyi	t̮í̥ńi;	sêbah werişt, ame arêyê, awnyaykê ardi mêsahıdi çınyi; aya şawê	sebáh we̱ríšt, āmé̱ āréye, auńaíke ā́rdi mesáhi̥di t̮í̥ńi; áya šaú’e
tirahei	low_frequency_unmatched	1	1	uc-kardes-masali:1	tirahei	çira'hêy	t̮iráh̔ei	I take revenge			uc-kardes-masali:tb08_l12:9	çira'hêy	t̮iráh̔ei	Qabas başi 'Hasanêkira va kê: êgit tê şwêni ez çira'hêy dyewya,	Qabás baší H̔asanékira vā ke: egít te šuén’i e̱z t̮iráh̔ei d́é̱wya,
tirkan	low_frequency_unmatched	1	1	kauge-nyerib-u-sivani:1	tirkan	Tırkan	Ti̥rkā́n	Turks			kauge-nyerib-u-sivani:s02_l10:2	Tırkan	Ti̥rkā́n	Enoê kawğe Tırkan nyû, enoê kawğê aşiranû, tı byê xoêri vyênê.	Ḗ̱n’oe kauγé̱ Ti̥rkā́n ńu, ḗ̱n’oe kauγé aširā́nu, ti̥ bye χóeri vyén’e.
tirki	low_frequency_unmatched	2	1	kauge-nyerib-u-hyeni:2	tirki	Tırki	Ti̥rki,; Tí̥rki,	Turks			kauge-nyerib-u-hyeni:h04_l12:8	Tırki	Ti̥rki,	xoê ver va kê eskêri xoêra: metêrsi, yê Tırki, yê nêşyêni kawğe	χóe ve̱r vā ke e̱skéri χóera: mé̱tersi, ye Ti̥rki, ye nešyén’i kauγé̱
tirsi	low_frequency_unmatched	1	1	kauge-nyerib-u-hyeni:1	tirsi	tırsi	ti̥rsi	pistols			kauge-nyerib-u-hyeni:h02_l01:2	tırsi	ti̥rsi	xoê gêrawti tırsi xoê kêrd, xo dest şımşyêri xoê werand, şê merdümi	χóe geraúti ti̥rsi χóe kerd, χo de̱st ši̥mšyẹ̄́ri χóe we̱rā́nd, šẹ̄ me̱rdṳ́mi
titai	low_frequency_unmatched	1	1	degirmenci-ve-tilki:1	titai	çitay	t̮itaí	how			degirmenci-ve-tilki:mf02_l05:7	çitay	t̮itaí	kê: ez yaw merdümû arêwangçya, tı mêri çitay kêynay paşadê	ke: e̱z yau me̱rdṳ́mu ārewāṅt̮ía, ti̥ méri t̮itaí keínai pašáde
toa	low_frequency_unmatched	1	1	kauge-nyerib-u-sivani:1	toa	çoa	t̮oa-	child-			kauge-nyerib-u-sivani:s03_l13:11	çoa	t̮oa-	dewi twê mê di ez veşnêna, taalan kêna heta yaw şewê, çoa-	dé̱wi túe me dī e̱z ve̱šnén’a, tá’alan kén’a hé̱ta yau šé̱we, t̮oa-
toaduhi	low_frequency_unmatched	1	1	kauge-nyerib-u-sivani:1	toaduhi	çoacû'hi	t̮oad̮úh̔i	children			kauge-nyerib-u-sivani:s04_l06:7	çoacû'hi	t̮oad̮úh̔i	pyêser. Avdûlah ağa va kê eskêri xoêra: çoacû'hi ma 'ha şwêni	pyesé̱r. Avdúl’ah aγá vā ke e̱skéri χóera: t̮oad̮úh̔i mā h̔ā šuén’i
toeri	low_frequency_unmatched	1	1	uc-kardes-masali:1	toeri	toêri	tóeri				uc-kardes-masali:tb02_l09:3	toêri	tóeri	mê bıdê, ez toêri yaw laqardi vaca; dyewi va: laci mê dêvaci.	me bi̥dé, e̱z tóeri yau laqardī́ vād̮a; d́é̱wi vā: lā́d̮i me devā́d̮i.
tople	low_frequency_unmatched	2	1	kauge-nyerib-u-hyeni:2	tople	toplê	tōple; tṓple	gathered			kauge-nyerib-u-hyeni:h07_l01:4	toplê	tōple	Daqma beg şê, eskêr toplê kêrd, 'hêta vist roc çêhêr hênzari	Dáqma be̱g šẹ̄, e̱skér tōple kerd, h̔éta vīst rōd̮ t̮ehér henzā́ri
trake	low_frequency_unmatched	1	1	uc-kardes-masali:1	trake	trakê	trā́ke,	cut off			uc-kardes-masali:tb03_l07:0	trakê	trā́ke,	trakê, mıri pilaw pawjê, serêy enyê merdümi mıri pilaw ver kê,	trā́ke, mí̥ri pilaú paúže, sé̱rei ḗ̱n’ie me̱rdṳ́mi mí̥ri pilaú ve̱r ke,
tuerge	low_frequency_unmatched	1	1	degirmenci-ve-tilki:1	tuerge	tûêrgê	tu’érge	hail			degirmenci-ve-tilki:mf02_l14:3	tûêrgê	tu’érge	zênû xoêri, yaw tûêrgê varay, laser ame pangc sêy êspari çêmçeqû	zén’u χóeri, [yau tu’érge varai, lasé̱r āmé̱ paṅd̮ sei espā́ri t̮emt̮e̱qú
tyu	low_frequency_unmatched	1	1	degirmenci-ve-tilki:1	tyu	çyû	t̮yu,	what			degirmenci-ve-tilki:mf02_l11:7	çyû	t̮yu,	şay Mısri va kê lûêra: derdi tû çyû, mıri vacê. Lûê va kê:	šai Mí̥sri vā ke lú’era: dé̱rdi tu t̮yu, mí̥ri vā́d̮e. Lú’e vā ke:
vade	low_frequency_unmatched	2	1	degirmenci-ve-tilki:2	vade	vacê	vā́d̮e.; vád̮e:	say			degirmenci-ve-tilki:mf02_l11:9	vacê	vā́d̮e.	şay Mısri va kê lûêra: derdi tû çyû, mıri vacê. Lûê va kê:	šai Mí̥sri vā ke lú’era: dé̱rdi tu t̮yu, mí̥ri vā́d̮e. Lú’e vā ke:
vaisturi	low_frequency_unmatched	1	1	uc-kardes-masali:1	vaisturi	vayştûri	vaíšturi	sickles			uc-kardes-masali:tb01_l03:3	vayştûri	vaíšturi	çi nebê, hiryê vayştûri xoê bi. 'Hasanêk va bêrar yêni: warzi, ma	t̮í né̱be, hī́rye vaíšturi χóe bī. Hʿasanék vā berár yéni: wárzi, mā
vanu	low_frequency_unmatched	2	1	uc-kardes-masali:2	vanu	vanû	vā́nu:; vā́nu	says			uc-kardes-masali:tb02_l04:11	vanû	vā́nu:	yêni: metêrsi, awe kê estû awe dyaw, yênû ma 'hêt, mara vanû:	yéni: mé̱tersi, awé̱ ke é̱stu awé̱ d́au, yén’u mā h̔ēt, mā́ra vā́nu:
varai	low_frequency_unmatched	1	1	degirmenci-ve-tilki:1	varai	varay	varai,	rained			degirmenci-ve-tilki:mf02_l14:4	varay	varai,	zênû xoêri, yaw tûêrgê varay, laser ame pangc sêy êspari çêmçeqû	zén’u χóeri, [yau tu’érge varai, lasé̱r āmé̱ paṅd̮ sei espā́ri t̮emt̮e̱qú
vardeni	low_frequency_unmatched	1	1	kauge-nyerib-u-sivani:1	vardeni	vardêni	vardén’i,	we will set out			kauge-nyerib-u-sivani:s03_l01:3	vardêni	vardén’i,	emşoê nyêvindêni, ma vardêni, ma swêni awkay Şêlê vêr, kawğe	é̱mšoe ńevindén’i, mā vardén’i, ma suén’i aúkai Šél’e ver, kauγé̱
vatisi	low_frequency_unmatched	1	1	goin-puhu-kusunun-hikayesi:1	vatisi	vatışi	vā́tí̥ši	you listen			goin-puhu-kusunun-hikayesi:g03_l12:10	vatışi	vā́tí̥ši	Cêni va myêrdê xoêra: werzê têra şwê, tê pisi, tê vatışi kêy-	D̮éni vā myẹ̄́rde χóera: wé̱rze téra šúe, te pī́si, te vā́tí̥ši keí-
vazda	low_frequency_unmatched	1	1	kauge-nyerib-u-hyeni:1	vazda	vazda	vā́zda,	sprang up			kauge-nyerib-u-hyeni:h02_l02:5	vazda	vā́zda,	Nyêrbici sêr. Merdümi Nyêrbici wica vazda, şê çeki merdümi 'Hyênici	Ńerbíd̮i ser. Me̱rdṳ́mi Ńerbíd̮i wíd̮ā vā́zda, šẹ̄ t̮é̱ki me̱rdṳ́mi Hʿyẹ̄nid̮i
vediai	low_frequency_unmatched	2	1	kauge-nyerib-u-hyeni:2	vediai	vecyay	ve̱d̮íai	went into			kauge-nyerib-u-hyeni:h05_l01:11	vecyay	ve̱d̮íai	va kê: afêrêm, ağalêrêm. Xalef ağa kawt eskêri xoê ver, şi vecyay	vā ke: ā́ferem, aγālerem. Χalé̱f aγá kaut e̱skéri χóe ve̱r, ši ve̱d̮íai
vediaya	low_frequency_unmatched	1	1	degirmenci-ve-tilki:1	vediaya	vecyaya	ve̱d̮iáya	threw out			degirmenci-ve-tilki:mf03_l03:6	vecyaya	ve̱d̮iáya	lingê, mê enoê dest tepişt awkêra vecyaya tebêr, çêmçêqû paşa	líṅge, me ḗ̱n’oe de̱st te̱píšt aúkera ve̱d̮iáya te̱bér, t̮emt̮equ pašá
veiwe	low_frequency_unmatched	1	1	degirmenci-ve-tilki:1	veiwe	vêywe	veíwe̱	bride-request			degirmenci-ve-tilki:mf02_l13:4	vêywe	veíwe̱	Lûê va kê: êfêndim, vêywe çêmçêqû paşay ame, kêynay çwê wa-	Lú’e vā ke: eféndim, veíwe̱ t̮emt̮eqú pašaí āmé̱, keínai t̮úe wa-
vendena	low_frequency_unmatched	1	1	goin-puhu-kusunun-hikayesi:1	vendena	vêndêna	vendén’a,	I stay			goin-puhu-kusunun-hikayesi:g03_l02:9	vêndêna	vendén’a,	sağê nya, 'hêyrkê mê bêray twê nyêdi, nyê ez vêndêna, nyê tı vındê.	sáγe ńa, h̔eirke me beraí túe ńédī, ńe e̱z vendén’a, ńe ti̥ ví̥nde.
venerta	low_frequency_unmatched	1	1	degirmenci-ve-tilki:1	venerta	vênerta	vené̱rta,	stood			degirmenci-ve-tilki:mf03_l02:5	vênerta	vené̱rta,	mê yaw kerre tepişt pa vênerta, ez awnyaya yaw dest ame gna mê	me yau ké̱re̱ te̱píšt pa vené̱rta, e̱z auńáya yau de̱st āmé̱ gnā me
verie	low_frequency_unmatched	1	1	goin-puhu-kusunun-hikayesi:1	verie	veryê	ve̱ríe	first			goin-puhu-kusunun-hikayesi:g01_l01:1	veryê	ve̱ríe	Zêmanê veryê yaw mırdaw cênyay xoê bi, yaw kêynaw yaw lac	Zemā́ne ve̱ríe yau mí̥rdau d̮éniai χóe bī, yau keínau yau lād̮
veryene	low_frequency_unmatched	1	1	goin-puhu-kusunun-hikayesi:1	veryene	veryênê	ve̱ryén’e.	first			goin-puhu-kusunun-hikayesi:g02_l02:3	veryênê	ve̱ryén’e.	lacêk û kêynêka veryênê.	lād̮eḱ u keíneka ve̱ryén’e.
veryeni	low_frequency_unmatched	1	1	gespraech-mit-hassan:1	veryeni	veryêni	vē̱ryén’i	first			gespraech-mit-hassan:h03_l07:3	veryêni	vē̱ryén’i	Ma aşmay paizi veryêni yêni war.	Mā ā́šmai pa’ízi vē̱ryén’i yén’i wār.
vesna	low_frequency_unmatched	1	1	kauge-nyerib-u-sivani:1	vesna	veşna	vé̱šna,	I would burn			kauge-nyerib-u-sivani:s05_l14:6	veşna	vé̱šna,	nyêdani, ez ka pêynyay dawani Nyêribi veşna, heminê taalan ka, çım-	ńedā́ni, e̱z ka peińai dauā́ni Ńeríbi vé̱šna, hé̱mine tá’alan ka, t̮i̥m-
vesneni	low_frequency_unmatched	1	1	kauge-nyerib-u-sivani:1	vesneni	veşnêni	ve̱šnén’i.	burn			kauge-nyerib-u-sivani:s02_l14:4	veşnêni	ve̱šnén’i.	ma pêynyay dawani Nyêribi veşnêni. Avdûlah ağay 'habêr erşawûtê	mā peíńai dauā́ni Ńeríbi ve̱šnén’i. Avdúl’ah aγái h̔abér e̱ršau’úte
vesni	low_frequency_unmatched	1	1	kauge-nyerib-u-sivani:1	vesni	veşni	vé̱šni.	burn			kauge-nyerib-u-sivani:s03_l07:5	veşni	vé̱šni.	serê mıri, mal şımari, dawang veşni. Eskêrê Avdûlah ağay şê	sé̱re mi̥ri, māl ši̥mā́ri, dau’ā́ṅ vé̱šni. E̱skére Avdúl’ah aγái šẹ̄
vidi	low_frequency_unmatched	1	1	kauge-nyerib-u-hyeni:1	vidi	vici	vid̮í,	mounted			kauge-nyerib-u-hyeni:h04_l06:10	vici	vid̮í,	pêy kûnaği Temir begi, barût, qırqışûn da eskêri xoê, êspar vici,	pei kunáγi Te̱mír bé̱gi, bārút, qi̥rqi̥šún dā e̱skéri χóe, espā́r vid̮í,
vidiai	low_frequency_unmatched	1	1	ali-agha-ladi-kelhani:1	vidiai	vıcyay	vi̥d̮iai,	came out			ali-agha-ladi-kelhani:a02_l07:9	vıcyay	vi̥d̮iai,	Dewi pyêrû amêy pyêsêr, şawê werişti, çêhêr sêy eskêr vıcyay, amêy	Dé̱wi pyéru āmeí pyesér, šaú’e we̱ríšti, t̮ehér sei e̱skér vi̥d̮iai, āmeí
viene	low_frequency_unmatched	1	1	kauge-nyerib-u-sivani:1	viene	vyênê	vién’e.	see			kauge-nyerib-u-sivani:s04_l04:9	vyênê	vién’e.	'habêr erşawûtê Avdûlah ağayri va kê: tê byê xoêri, vyênê. Av-	h̔abér e̱ršau’úte Avdúl’ah aγāiri vā ke: te bye χóeri, vién’e. Av-
vinert	low_frequency_unmatched	1	1	uc-kardes-masali:1	vinert	vınert	vi̥né̱rt	approached			uc-kardes-masali:tb02_l13:3	vınert	vi̥né̱rt	rêm, bıçinê. Dyaw vınert 'Hasanêki 'het, 'Hasanêkira va: laci mê,	rem, bi̥t̮íne. D́au vi̥né̱rt H̔asanéki h̔e̱t, H̔asanékira vā: lā́d̮i me,
vyena	low_frequency_unmatched	1	1	kauge-nyerib-u-hyeni:1	vyena	vyêna	vyén’a	I see			kauge-nyerib-u-hyeni:h03_l12:1	vyêna	vyén’a	qamêk vyêna byê sila serêy cêy dana püroê. Daqma begi va kê:	qā́meḱ vyén’a bye silá sé̱rei d̮ei dā́na pṳ́roe. Dáqma bé̱gi vā ke:
vyenena	low_frequency_unmatched	1	1	goin-puhu-kusunun-hikayesi:1	vyenena	vyênêna	vyenén’a,	sees			goin-puhu-kusunun-hikayesi:g02_l06:6	vyênêna	vyenén’a,	Kêynêk aya şû ra kwêna, 'haw vyênêna, ek bêray xoê kiştû,	Keínek aya šu rā kuén’a, h̔āu vyenén’a, e̱k beraí χóe kíštu,
wadere	low_frequency_unmatched	1	1	kauge-nyerib-u-hyeni:1	wadere	waderê	wáde̱re	bury			kauge-nyerib-u-hyeni:h09_l02:8	waderê	wáde̱re	pyêrû kişyay, byê mêytani xoê berê, mêytani mê waderê çawdê	pyéru kišyái, bye meitāni χóe bé̱re, meitāni me wáde̱re t̮aúde
waist	low_frequency_unmatched	1	1	kauge-nyerib-u-sivani:1	waist	wayşt	waišt	asked			kauge-nyerib-u-sivani:s06_l03:4	wayşt	waišt	Xaydêr ağa werışt, xatır wayşt Avdûlah ağayra, Xalef ağa gê-	Χaidér aγá we̱rí̥št, χati̥r waišt Avdúl’ah aγāira, Χalé̱f aγá ge-
waiste	low_frequency_unmatched	1	1	degirmenci-ve-tilki:1	waiste	wayştê	waíšte,	asked for			degirmenci-ve-tilki:mf03_l12:2	wayştê	waíšte,	şadê Mısri wayştê, warzê, şwê 'hemam, xoê bışû, temiz kê, byê,	šáde Mi̥sri waíšte, wárze, šúe h̔é̱m’ām, χóe bi̥šú, te̱míz ke, bye,
wake	low_frequency_unmatched	2	1	kauge-nyerib-u-hyeni:2	wake	wakê	wáke; wáke.	battle cry			kauge-nyerib-u-hyeni:h05_l10:7	wakê	wáke	va kê: erş! Eskêri Xalef ağay kêrd: wakê wakê. Hyêris û çêhêr	vā ke: e̱rš! Ē̱skéri Χalé̱f aγái kerd: wáke wáke. Hyéris u t̮ehér
wani	low_frequency_unmatched	1	1	uc-kardes-masali:1	wani	wani	wā́ni	lips			uc-kardes-masali:tb04_l14:0	wani	wā́ni	wani 'Hasanêki tra kê, kebab kê, pawjê, miri berşaw, ek ena	wā́ni H̔asanéki trā ke, ke̱bā́b ke, paúže, míri bḗ̱ršau, e̱k ḗ̱n’a
wanti	low_frequency_unmatched	1	1	degirmenci-ve-tilki:1	wanti	wangçi	wāṅt̮í	miller			degirmenci-ve-tilki:mf02_l09:0	wangçi	wāṅt̮í	wangçi lûê vera day.	wāṅt̮í lú’e ve̱rā́ dai.
wardena	low_frequency_unmatched	1	1	goin-puhu-kusunun-hikayesi:1	wardena	wardêna	wardén’a,	gets up			goin-puhu-kusunun-hikayesi:g02_l07:3	wardêna	wardén’a,	êyştû zêyndang. Sêbah wardêna, bawki xoêra vana: baw, mê em-	eíštu zeindā́ṅ. Sebáh wardén’a, bāúki χóera vā́na: bau, me é̱m-
warzena	low_frequency_unmatched	1	1	goin-puhu-kusunun-hikayesi:1	warzena	warzêna	warzén’a,	I get up			goin-puhu-kusunun-hikayesi:g02_l11:3	warzêna	warzén’a,	zêyndang, ez 'ha warzêna, şwêna golêkangdê, yêrêy yêna kêyê,	zeindā́ṅ, e̱z h̔ā warzén’a, šuén’a gōlekā́ṅde, yérei yén’a keíye,
wast	low_frequency_unmatched	1	1	kauge-nyerib-u-hyeni:1	wast	waşt	wašt,	asked			kauge-nyerib-u-hyeni:h08_l10:3	waşt	wašt,	Daqma begi eman waşt, va kê Xalef ağayra: ez nyêşyêna kawğe	Dáqma bé̱gi e̱mán wašt, vā ke Χalé̱f aγáira: e̱z ńešyén’a kauγé̱
wayer	low_frequency_unmatched	1	1	kauge-nyerib-u-hyeni:1	wayer	wayêr	wayér	owner			kauge-nyerib-u-hyeni:h02_l11:0	wayêr	wayér	wayêr nyêkêri, qam rocû kê 'habêrê 'Hyênêra amêy wa çaw çêhetya	wayér ńékeri, qām rṓd̮u ke hʿabére Hʿyẹ̄́nera āmeí wa t̮au t̮ehé̱tia
wayerei	low_frequency_unmatched	1	1	uc-kardes-masali:1	wayerei	wayêrêy	wáyerei	lordship			uc-kardes-masali:tb05_l09:3	wayêrêy	wáyerei	na, çaw twêri wayêrêy nyêkênû. 'Hasanêki kağit wengd, ekê dewi	na, t̮au túeri wáyerei ńekén’u. H̔asanéki kaγít we̱ṅd, é̱ke dé̱wi
wayeri	low_frequency_unmatched	2	1	uc-kardes-masali:2	wayeri	wayêri	wayéri; wáyeri	owner			uc-kardes-masali:tb01_l08:0	wayêri	wayéri	wayêri ênyê yali êstû, mari yaw hawlê bikêrû. Ênyê bêray wê-	wayéri én’ie yalí éstu, māri yau haúle bikeru. Én’ie beraí we-
wazeni	low_frequency_unmatched	1	1	degirmenci-ve-tilki:1	wazeni	wazêni	wazén’i?	you will ask for			degirmenci-ve-tilki:mf02_l06:1	wazêni	wazén’i?	Mısri wazêni? Lûê va kê: tı mê mêkşê, ez twêri wazêna,	Mí̥sri wazén’i? Lú’e vā ke: ti̥ me mékše, e̱z túeri wazén’a,
wederti	low_frequency_unmatched	1	1	ali-agha-ladi-kelhani:1	wederti	wederti	we̱dé̱rti.	buried			ali-agha-ladi-kelhani:a04_l13:6	wederti	we̱dé̱rti.	hêyşt merdûmi ğaribana gêrawti ardi berdi wederti.	heíšt mē̱rdúmi γaribā́na geraúti ā́rdi bé̱rdi we̱dé̱rti.
wedi	low_frequency_unmatched	2	1	ali-agha-ladi-kelhani:2	wedi	wedi; wedidê	we̱dí,; wé̱dide,	opening; LOC			ali-agha-ladi-kelhani:a03_l14:4	wedi	we̱dí,	bıkşû. A'hmêd awnya dyêsi wedi, yaw şıbakê 'ha dyêsê wedidê, desti	bi̥kšú. Ah̔méd auńā́ d́ési we̱dí, yau ši̥bā́ke h̔ā d́ése wé̱dide, dé̱sti
wele	low_frequency_unmatched	1	1	goin-puhu-kusunun-hikayesi:1	wele	wêlê	wél’e	large			goin-puhu-kusunun-hikayesi:g03_l05:1	wêlê	wél’e	zıbil wêlê kêrda lacêki ser. Bawki kêynêk amêy kêyê, cênyay	zi̥bíl wél’e kérda lā́d̮eki se̱r. Baúki keínek āmeí keíye, d̮éniai
wenisi	low_frequency_unmatched	1	1	degirmenci-ve-tilki:1	wenisi	wênisi	wén’isi,	come out			degirmenci-ve-tilki:mf03_l05:1	wênisi	wén’isi,	wa wênisi, wa twêdê byêri, mıri çêmçêqû paşay byari, enoê ca	wa wén’isi, wa túede byẹ̄́ri, mí̥ri t̮emt̮eqú pašai byā́ri, ḗ̱n’oe d̮ā
wenisu	low_frequency_unmatched	1	1	degirmenci-ve-tilki:1	wenisu	wênişû	wén’išu,	let him come out			degirmenci-ve-tilki:mf04_l02:2	wênişû	wén’išu,	paşayri wa wênişû, eskêri vacê: sêlam lêğêy. Paşay Mısri yaw	pašaíri wā wén’išu, e̱skéri vád̮e: selám leγeí. Pašai Mí̥sri yau
wenu	low_frequency_unmatched	1	1	kauge-nyerib-u-hyeni:1	wenu	wênû	wén’u,	eats			kauge-nyerib-u-hyeni:h05_l03:8	wênû	wén’u,	êspar kay kênû, qamûk byû pêye, qamûk na wênû, qamûk govêndi	espā́r kai kén’u, qā́muk byu peíye̱, qā́muk nā wén’u, qā́muk gōvéndi
werdi	low_frequency_unmatched	1	1	degirmenci-ve-tilki:1	werdi	werdi	wé̱rdi.	took out			degirmenci-ve-tilki:mf02_l02:2	werdi	wé̱rdi.	sahê, ardi werdi. Arêwangçi werişt, yaw çwa gêrawtê, day lûêrû;	sáhe, ā́rdi wé̱rdi. Ārewāṅt̮í we̱ríšt, yau t̮úa geraúte, dai lú’eru;
weri	low_frequency_unmatched	1	1	gespraech-mit-hassan:1	weri	weri	wé̱ri	some			gespraech-mit-hassan:h02_l14:2	weri	wé̱ri	Merdûm estû weri kêy çêhêr êsti, pangc esti, merdûm estû	Mē̱rdúm é̱stu wé̱ri kei t̮ehér ésti, pāṅd̮ é̱sti, mē̱rdúm é̱stu
werze	low_frequency_unmatched	1	1	goin-puhu-kusunun-hikayesi:1	werze	werzê	wé̱rze	get up			goin-puhu-kusunun-hikayesi:g03_l12:4	werzê	wé̱rze	Cêni va myêrdê xoêra: werzê têra şwê, tê pisi, tê vatışi kêy-	D̮éni vā myẹ̄́rde χóera: wé̱rze téra šúe, te pī́si, te vā́tí̥ši keí-
wes	low_frequency_unmatched	1	1	uc-kardes-masali:1	wes	weş	we̱š	well			uc-kardes-masali:tb05_l07:0	weş	we̱š	weş amê mê 'hêt, ez ena gêlankê yêna kêyê, serêy, lingani, destani	we̱š amé me h̔ēt, e̱z ḗ̱n’a gelā́ṅke yén’a keíye, sé̱rei, liṅgā́ni, de̱stā́ni
weta	low_frequency_unmatched	1	1	kauge-nyerib-u-sivani:1	weta	weta	wé̱ta	against			kauge-nyerib-u-sivani:s04_l15:0	weta	wé̱ta	weta amê bı Tawricyê, kawğe kerd, eskêri Xalef ağay rema, es-	wé̱ta āmé bi̥ Taúrid̮ye, kauγé̱ ke̱rd, e̱skéri Χalé̱f aγái re̱mā́, e̱s-
weziru	low_frequency_unmatched	1	1	degirmenci-ve-tilki:1	weziru	wejirû	we̱žī́ru,	vizier			degirmenci-ve-tilki:mf03_l06:0	wejirû	we̱žī́ru,	wejirû, mê namêy çêmçêqû paşay nyêsnaûtû. Lûê va kê: êfêndim,	we̱žī́ru, me nameí t̮emt̮eqú pašai ńesna’útu. Lú’e vā ke: eféndim,
wi	low_frequency_unmatched	1	1	uc-kardes-masali:1	wi	wi	wí.	him			uc-kardes-masali:tb04_l04:0	wi	wí.	wi. Dyewi gêrawt, va 'Hasanêkira: mê kağit ana nyênoşt bê, ena	wí. D́é̱wi geraút, vā H̔asanékira: me kaγít ā́na ńenó̤št bẹ̄, ḗ̱n’a
wir	low_frequency_unmatched	1	1	uc-kardes-masali:1	wir	wir	wir	with us			uc-kardes-masali:tb07_l07:9	wir	wir	Bêray 'Hasanêki Qasimi 'Hasanêkira va kê: tı qawvi ma wir dinê	Beraí H̔asanéki Qasími H̔asanékira vā ke: tí̥ qaúvi mā wir dī́ne
wirdi	low_frequency_unmatched	1	1	ali-agha-ladi-kelhani:1	wirdi	wirdi	wírdi	two			ali-agha-ladi-kelhani:a02_l04:2	wirdi	wírdi	ağa enyê wirdi şi, kêy Ali ağay ard dawê, çêhêr hemê lacana	aγá ḗ̱n’ie wírdi šī, kei Áli aγaí ārd daú’e, t̮ehér hé̱me lad̮ā́na
wishein	low_frequency_unmatched	1	1	gespraech-mit-hassan:1	wishein	Wis'hêyn	Wísh̔ein,	Wisheyn			gespraech-mit-hassan:h01_l11:3	Wis'hêyn	Wísh̔ein,	Mıstang, Sayêrê, Abasa, Wis'hêyn, 'Haspêg, Sêraçyori, Akêragi,	Mí̥stāṅ, Sáyere, Ábasa, Wísh̔ein, Hʿaspéǵ, Serat̮yó̤ri, Akerā́gi,
xa	low_frequency_unmatched	1	1	kauge-nyerib-u-sivani:1	xa	Xa	Χa-	Xalef-			kauge-nyerib-u-sivani:s05_l05:11	Xa	Χa-	kişt, dewi mê pyêrû veşnay, taalan kerdi. 'Haydêr ağa va kê Xa-	kišt, dé̱wi me pyéru ve̱šnaí, tá’alan ké̱rdi. Hʿaidér aγá vā ke Χa-
xain	low_frequency_unmatched	1	1	ali-agha-ladi-kelhani:1	xain	xain	χa’ín	traitor			ali-agha-ladi-kelhani:a03_l03:8	xain	χa’ín	bawni, xalo, tê çêkani ma bêni, pêynıdê tê xain vêci, ez twê kı-	baúni, χálō, te t̮ékāni mā bén’i, peíni̥de te χa’ín ved̮í, e̱z túe ki̥-
xaine	low_frequency_unmatched	1	1	ali-agha-ladi-kelhani:1	xaine	xainê	χa’íne	traitor			ali-agha-ladi-kelhani:a02_l12:8	xainê	χa’íne	nyêdana. Qasim ağay va kê: metêrsê, ez twêra xainê nyêkêna. Ali	ńédāna. Qasím aγaí vā ke: mé̱terse, e̱z túera χa’íne ńekén’a. Áli
xalai	low_frequency_unmatched	1	1	kauge-nyerib-u-sivani:1	xalai	xalay	χalaí	robes of honor			kauge-nyerib-u-sivani:s06_l02:9	xalay	χalaí	Avdûlah ağa lawna Xalef ağa destrû, pya bê weşi, xalay day pyêra.	Avdúl’ah aγá launā́ Χalé̱f aγá dé̱stru, pya be wé̱ši, χalaí dai pyéra.
xalo	low_frequency_unmatched	1	1	ali-agha-ladi-kelhani:1	xalo	xalo	χálō,	uncle			ali-agha-ladi-kelhani:a03_l03:1	xalo	χálō,	bawni, xalo, tê çêkani ma bêni, pêynıdê tê xain vêci, ez twê kı-	baúni, χálō, te t̮ékāni mā bén’i, peíni̥de te χa’ín ved̮í, e̱z túe ki̥-
xanderai	low_frequency_unmatched	2	1	ali-agha-ladi-kelhani:2	xanderai	xancêray	χand̮érai	dagger			ali-agha-ladi-kelhani:a03_l05:2	xancêray	χand̮érai	kê: 'halo xancêray mê bıdê, ez zana, tê xaini, byê ba'htêdê tı ma	ke: h̔álō χand̮érai me bi̥dé, e̱z zána, te χa’íni, bye bah̔tẹ̄́de ti̥ mā
xauxir	low_frequency_unmatched	1	1	gespraech-mit-hassan:1	xauxir	xawxir	χauχir,	peach trees			gespraech-mit-hassan:h02_l11:7	xawxir	χauχir,	Darê tüyêra estû, sayêr estû, mişmişyêr estû, xawxir, he-	Dā́re tṳ́yera é̱stu, sayér é̱stu, mišmišyẹ̄́r é̱stu, χauχir, he̱-
xeir	low_frequency_unmatched	1	1	uc-kardes-masali:1	xeir	xêyr	χeir	well			uc-kardes-masali:tb06_l10:6	xêyr	χeir	şwêna. Cênyay dyêwi va kê: tê xêyr amêy, twêri oğır bû. 'Hasanêki	šuén’a. D̮éniai d́éwi vā ke: te χeir ameí, túeri oγí̥r bú. H̔asanéki
xerab	low_frequency_unmatched	2	1	uc-kardes-masali:2	xerab	xerab	χe̱ráb	ruined			uc-kardes-masali:tb06_l08:11	xerab	χe̱ráb	vêra sêlami dyewi kê, vaci kê: hêy teres, twê kêy mê xerab na.	véra selā́mi d́é̱wi ke, vā́d̮i ke: hei te̱ré̱s, túe kei me χe̱ráb nā.
xers	low_frequency_unmatched	1	1	uc-kardes-masali:1	xers	xêrs	χers	angry			uc-kardes-masali:tb06_l12:5	xêrs	χers	da dyewi. Dyaw nang gêrawt, xêrs bê, nang ûca rwêna, werişt şê	dā d́é̱wi. D́au nāṅ geraút, χers be, nāṅ ud̮á ruén’a, we̱ríšt šẹ̄
xo	low_frequency_unmatched	1	1	kauge-nyerib-u-hyeni:1	xo	xo	χo	own			kauge-nyerib-u-hyeni:h02_l01:5	xo	χo	xoê gêrawti tırsi xoê kêrd, xo dest şımşyêri xoê werand, şê merdümi	χóe geraúti ti̥rsi χóe kerd, χo de̱st ši̥mšyẹ̄́ri χóe we̱rā́nd, šẹ̄ me̱rdṳ́mi
xodar	low_frequency_unmatched	1	1	uc-kardes-masali:1	xodar	xodar	χodár	thanks			uc-kardes-masali:tb06_l11:3	xodar	χodár	va kê: bêr xodar bi Alah twêra razi bû. 'Hasanêki çi gêrawt, berd,	vā ke: ber χodár bi Aláh túera razí bu. H̔asanéki t̮i geraút, be̱rd,
yalea	low_frequency_unmatched	1	1	uc-kardes-masali:1	yalea	yalêa	yaléa,	wheat			uc-kardes-masali:tb01_l09:3	yalêa	yaléa,	risti şı, nêyay yalêa, yalê çına di roci.	rísti ši̥, neyaí yaléa, yalé t̮í̥na di rṓd̮i.
yalei	low_frequency_unmatched	1	1	uc-kardes-masali:1	yalei	yalêy	yaleí	wheat			uc-kardes-masali:tb01_l07:6	yalêy	yaleí	va bêrar yêni: warzi, ma şyêri yalêy êna dêyştê bitini, hêlbêt	vā berār yéni: wārzi, mā šyéri yaleí én’a deíšte bitíni, helbét
yali	low_frequency_unmatched	1	1	uc-kardes-masali:1	yali	yali	yalí	wheat			uc-kardes-masali:tb01_l08:2	yali	yalí	wayêri ênyê yali êstû, mari yaw hawlê bikêrû. Ênyê bêray wê-	wayéri én’ie yalí éstu, māri yau haúle bikeru. Én’ie beraí we-
yeke	low_frequency_unmatched	1	1	degirmenci-ve-tilki:1	yeke	yêkê	yéke	one			degirmenci-ve-tilki:mf01_l02:2	yêkê	yéke	nayni. Roc yêkê beri ari qafêlna şê kêyê, şawê kêyê ra kawt,	naíni. Rōd̮ yéke bé̱ri ārí qáfelnā šẹ̄ keíye, šaú’e keíye rā kaut,
yene	low_frequency_unmatched	1	1	ali-agha-ladi-kelhani:1	yene	yênê	yéne	them			ali-agha-ladi-kelhani:a03_l09:8	yênê	yéne	lacan bıkşi; hêma dês û hêyşti merdwomi ğaribi yênê 'hetê esti,	lád̮ān bi̥kší; hém’a des u heíšti mē̱rduó̤mi γarī́bi yéne h̔é̱te é̱sti,
yeri	low_frequency_unmatched	1	1	uc-kardes-masali:1	yeri	yêri	yẹ̄́rí.	evening			uc-kardes-masali:tb03_l01:1	yêri	yẹ̄́rí.	maci yêri. Dyaw werişt, yaw kağit noşt, da 'Hasanêkira, va kê:	mā́d̮i yẹ̄́rí. D́au we̱ríšt, yau kaγít no̤št, dā H̔asanékira, vā ke:
zaf	low_frequency_unmatched	2	1	gespraech-mit-hassan:2	zaf	zaf	zāf; zaf	many			gespraech-mit-hassan:h03_l08:1	zaf	zāf	Tû zaf kawğe di?	Tu zāf kauγé̱ dī?
zanayis	low_frequency_unmatched	1	1	ali-agha-ladi-kelhani:1	zanayis	zana	zána,	know; PRS.1SG			ali-agha-ladi-kelhani:a03_l05:6	zana	zána,	kê: 'halo xancêray mê bıdê, ez zana, tê xaini, byê ba'htêdê tı ma	ke: h̔álō χand̮érai me bi̥dé, e̱z zána, te χa’íni, bye bah̔tẹ̄́de ti̥ mā
zavu	low_frequency_unmatched	1	1	kauge-nyerib-u-hyeni:1	zavu	zavû	zā́vu,	many			kauge-nyerib-u-hyeni:h07_l14:7	zavû	zā́vu,	ma şwêni kawğe, mêtêrsi, eskêri Daqma begi zavû, hema pyêrû	mā šuén’i kauγé̱, métersi, e̱skéri Dáqma bé̱gi zā́vu, hé̱m’a pyéru
zemane	low_frequency_unmatched	1	1	goin-puhu-kusunun-hikayesi:1	zemane	Zêmanê	Zemā́ne	time			goin-puhu-kusunun-hikayesi:g01_l01:0	Zêmanê	Zemā́ne	Zêmanê veryê yaw mırdaw cênyay xoê bi, yaw kêynaw yaw lac	Zemā́ne ve̱ríe yau mí̥rdau d̮éniai χóe bī, yau keínau yau lād̮
zenu	low_frequency_unmatched	1	1	degirmenci-ve-tilki:1	zenu	zênû	zén’u	wants			degirmenci-ve-tilki:mf02_l14:0	zênû	zén’u	zênû xoêri, yaw tûêrgê varay, laser ame pangc sêy êspari çêmçeqû	zén’u χóeri, [yau tu’érge varai, lasé̱r āmé̱ paṅd̮ sei espā́ri t̮emt̮e̱qú
zibil	low_frequency_unmatched	1	1	goin-puhu-kusunun-hikayesi:1	zibil	zıbil	zi̥bíl	stone			goin-puhu-kusunun-hikayesi:g03_l05:0	zıbil	zi̥bíl	zıbil wêlê kêrda lacêki ser. Bawki kêynêk amêy kêyê, cênyay	zi̥bíl wél’e kérda lā́d̮eki se̱r. Baúki keínek āmeí keíye, d̮éniai
zimag	low_frequency_unmatched	1	1	gespraech-mit-hassan:1	zimag	Zımag	Zi̥máǵ,	Zımax			gespraech-mit-hassan:h01_l08:4	Zımag	Zi̥máǵ,	Fatrakom, 'Hopsor, Tênik, Rêjwan, Zımag, 'Hoêrsig, 'Hê-	Fatrakó̤m, Hʿo̤psó̤r, Teníḱ, Réžuān, Zi̥máǵ, Hʿoersíǵ, Hʿe-
zimede	low_frequency_unmatched	1	1	kauge-nyerib-u-hyeni:1	zimede	zımecê	zi̥mé̱d̮e	in			kauge-nyerib-u-hyeni:h01_l03:6	zımecê	zi̥mé̱d̮e	amê zımêy 'Hyêni. Yaw merdüm 'Hyênêyic zımecê xoêri cit kêrdini.	āmé zi̥meí Hʿyẹ̄́ni. Yau me̱rdṳ́m Hʿyẹ̄́neyid̮ zi̥mé̱d̮e χóeri d̮it kerdíni.
ziriki	low_frequency_unmatched	2	1	kauge-nyerib-u-hyeni:2	ziriki	Zıriki	Zí̥riki,; Zí̥riki	Ziriki tribe			kauge-nyerib-u-hyeni:h09_l05:5	Zıriki	Zí̥riki,	Daqma begi 'haber erşawûtê ağani Zıriki, va kê: byêri mênû	Dáqma bé̱gi h̔abé̱r e̱ršau’úte aγā́ni Zí̥riki, vā ke: byẹ̄́ri ménu
zirot	low_frequency_unmatched	1	1	kauge-nyerib-u-sivani:1	zirot	zirot	ziröt	boy			kauge-nyerib-u-sivani:s05_l13:10	zirot	ziröt	kê Xaydêr ağara: ekê tê nyamêyni mê Xalef ağayra yaw zirot vera	ke Χaidér aγára: é̱ḱ’e te ńameíni me Χalé̱f aγāira yau ziröt vé̱ra
zor	low_frequency_unmatched	1	1	kauge-nyerib-u-sivani:1	zor	zor	zōr	by.force			kauge-nyerib-u-sivani:s01_l10:9	zor	zōr	bıkêra, bêra twê ez dyang, lakimkê ez ha bêna, zor bêna. Laci	bi̥kéra, berá túe e̱z diā́ṅ, lakímke e̱z hā bén’a, zōr bén’a. Lā́d̮i
adulah	proper_name_or_place	1	1	kauge-nyerib-u-sivani:1	adulah	Adûlah	Adúl’ah	Avdulah, personal name			kauge-nyerib-u-sivani:s05_l01:1	Adûlah	Adúl’ah	kêri Adûlah ağay pêyra kawt, bana dewi pyêrû taalan kerdi, sû-	kéri Adúl’ah aγái peíra kaut, bā́na dé̱wi pyéru tá’alan ké̱rdi, su-
ahmed	proper_name_or_place	6	1	ali-agha-ladi-kelhani:6	ahmed; Ahmed	A'hmêd; A'hmêdira	Ah̔méd; Ah̔médira:	Ahmed, personal name; Ahmed; RECIP	Ahmed	lemma	ali-agha-ladi-kelhani:a03_l01:4	A'hmêd	Ah̔méd	ağayra. Qasim ağay gêrawt. A'hmêd laci Ali ağay va kê: 'halo, çêkani	aγaíra. Qasím aγaí geraút. Ah̔méd lā́d̮i Áli aγaí vā ke: h̔álō, t̮ékāni
ahmedi	proper_name_or_place	15	2	ali-agha-ladi-kelhani:9; kauge-nyerib-u-sivani:6	ahmedi	A'hmêdi	Ah̔médi	Ahmed, personal name	Ahmed	lemma	ali-agha-ladi-kelhani:a03_l04:8	A'hmêdi	Ah̔médi	sêna. Qasim ağa va kê A'hmêdira: warêza, metêrsê. A'hmêdi va	sén’a. Qasím aγā́ vā ke Ah̔médira: wáreza, mé̱terse. Ah̔médi vā
ali	proper_name_or_place	24	2	ali-agha-ladi-kelhani:23; gespraech-mit-hassan:1	ali	Ali	Áli; Ali; Áli	Ali, personal name; Ali	Ali	lemma	ali-agha-ladi-kelhani:a01_l01:0	Ali	Áli	Ali ağa laci Kêlhani mirêy na'hêy Karbegani. Namêy daway	Áli aγá lā́d̮i Kelháni mírei nah̔eí Karbe̱gā́ni. Nameí daú’ai
av	proper_name_or_place	3	1	kauge-nyerib-u-sivani:3	av	Av	Av-	Avdulah-			kauge-nyerib-u-sivani:s02_l07:9	Av	Av-	nyavawkê ez serêy twê wêna. Xalef ağay 'habêr erşawûtê Av-	ńavaúke e̱z sé̱rei túe wén’a. Χalé̱f aγái h̔abér e̱ršau’úte Av-
avdulah	proper_name_or_place	26	1	kauge-nyerib-u-sivani:26	avdulah	Avdûlah	Avdúl’ah	Avdulah, personal name	Avdul’ah	lemma	kauge-nyerib-u-sivani:s02_l01:1	Avdûlah	Avdúl’ah	ûtê Avdûlah ağay Kêlang va kê: mê Nyêribdê kawğê kêrd, la-	úte Avdúl’ah aγaí Kelā́ṅ vā ke: me Ńeríbde kauγé kerd, la-
dait	proper_name_or_place	1	1	kauge-nyerib-u-sivani:1	dait	Cayt	D̮ait	Dait, place name			kauge-nyerib-u-sivani:s02_l06:3	Cayt	D̮ait	xoê bıgi, byê Cayt ver, ma kawğê bıki, nyavawkê tê serêy mê wêni,	χóe bi̥ǵí, bye D̮ait ve̱r, mā kauγé bi̥kí, ńavaúke te sé̱rei me wén’i,
daqma	proper_name_or_place	39	1	kauge-nyerib-u-hyeni:39	daqma	Daqma	Dáqma	Daqma, personal name			kauge-nyerib-u-hyeni:h03_l05:3	Daqma	Dáqma	Kê aşmi mênd, Daqma begi 'Hyêni 'habêrê erşawûtê Nyêribû	Ke āšmi mend, Dáqma bé̱gí Hʿyẹ̄́ni h̔abére e̱ršau’úte Ńeríbu
deiste	proper_name_or_place	3	2	uc-kardes-masali:2; kauge-nyerib-u-sivani:1	deiste	dêyştê; Dêyştêdê	Deíštede; deíšte,; deíšte	field; Destei, place name; LOC			kauge-nyerib-u-sivani:s02_l08:10	Dêyştêdê	Deíštede	dûlah ağayri va kê: eskêri mê 'hadraw, enkay ez amêya Dêyştêdê	dúl’ah aγaíri vā ke: e̱skéri me h̔adraú, ē̱nkaí e̱z āmeía Deíštede
deistei	proper_name_or_place	3	1	kauge-nyerib-u-hyeni:3	deistei	Dêyştêy	Deíštei	De?t?, place name			kauge-nyerib-u-hyeni:h02_l10:2	Dêyştêy	Deíštei	Nyêribû kic, Dêyştêy 'Henzi wa mûqaytê xoê bi, wa malê xoê byê,	Ńeríbu kid̮, Deíštei Hʿé̱nzi wa muqaíte χóe bi, wa mā́le χóe bye,
desmun	proper_name_or_place	1	1	ali-agha-ladi-kelhani:1	Desmun	Dêsmunira	Desmúnira,	Desmun; ABL			ali-agha-ladi-kelhani:a04_l11:4	Dêsmunira	Desmúnira,	dari. Mêla Qasim werişt Dêsmûnira, Mêmêd ağa werişt Ğêytêra,	dari. Mél’a Qasím we̱ríšt Desmúnira, Meméd aγá we̱ríšt Γeítera,
destei	proper_name_or_place	1	1	kauge-nyerib-u-sivani:1	destei	Deştêy	Dé̱šteí	Destei, place name	DeStei Henzi	lemma	kauge-nyerib-u-sivani:s01_l06:11	Deştêy	Dé̱šteí	mêdi va kê: tê Nyêribdê, qam Nyêribdêy. Dızdi va kê: ez Deştêy	médi vā ke: te Ńeríbde, qām Ńeríbdei. Dí̥zdi vā ke: e̱z Dé̱šteí
eisan	proper_name_or_place	1	1	ali-agha-ladi-kelhani:1	eisan	Êysan	Eisā́n	Eysan, personal name			ali-agha-ladi-kelhani:a04_l03:1	Êysan	Eisā́n	A'hmêdi Êysan kişt, 'Hasani Kalan kişt. Kalme gna A'hmêdi pêy	Ah̔médi Eisā́n kišt, Hʿasāni Kalā́n kišt. Kā́lme̱ gnā Ah̔médi pei
geite	proper_name_or_place	3	1	ali-agha-ladi-kelhani:3	Γeíte; geite	Ğêytêra; Ğêytê	Γeíte,; Γeítera; Γeítera,	Xeyd; ABL; Xeyd, place name			ali-agha-ladi-kelhani:a02_l09:1	Ğêytê	Γeíte,	amêy Ğêytê, Ğêytêra sêytê gêrawt, bi pangd sêytê şi Ali ağay 'het.	āmeí Γeíte, Γeítera seíte geraút, bi pāṅd seíte ši Áli aγaí h̔e̱t.
haider	proper_name_or_place	5	1	kauge-nyerib-u-sivani:5	haider	'Haydêr; Haydêr	Hʿaidér; Haidér	Haider, personal name			kauge-nyerib-u-sivani:s05_l03:9	'Haydêr	Hʿaidér	Mênd vist roc, Xalef ağay şê kawt kêy Qotwesan, 'Haydêr	Mend vīst rōd̮, Χalé̱f aγái šẹ̄ kaut kei Qótwe̱sān, Hʿaidér
halef	proper_name_or_place	1	1	kauge-nyerib-u-hyeni:1	halef	Halef	Halé̱f	Xalef, personal name			kauge-nyerib-u-hyeni:h03_l13:1	Halef	Halé̱f	Nyêribra Halef ağayra 'haberê amêya: mêyştê kawğaw, çaw kêyêdê	Ńeríbra Halé̱f aγáira h̔abé̱re āmeía: meíšte kauγaú, t̮au keíyede
hasan	proper_name_or_place	3	1	ali-agha-ladi-kelhani:3	hasan	'Hasan	Hʿasán	Hasan, personal name			ali-agha-ladi-kelhani:a01_l07:1	'Hasan	Hʿasán	Karbêgani, 'Hasan ağa Weşini amêy pyêser va kê: ma şyêri kêy	Karbegā́ni, Hʿasán aγá We̱šíni āmeí pyesé̱r vā ke: mā šyẹ̄́ri kei
hasanek	proper_name_or_place	17	1	uc-kardes-masali:17	hasanek	'Hasanêk	H̔asanék; Hʿasanék; Hʿasanék,	Hasanek			uc-kardes-masali:tb01_l01:10	'Hasanêk	Hʿasanék,	Cayki bi çi nyêbi, hiryê bêrai bi, namêy bêray kıci 'Hasanêk,	D̮aíkí bī t̮í ńébī, hī́rye berá’i bī, nameí beraí ki̥d̮i Hʿasanék,
hasaneki	proper_name_or_place	52	1	uc-kardes-masali:52	hasaneki	'Hasanêki; 'Hasanêkira	H̔asanéki; H̔asanékira; H̔asanékira:; Hʿasanéki; H̔asanékira,; H̔asanékira.; H̔asanékī	Hasanek; RECIP			uc-kardes-masali:tb01_l06:10	'Hasanêki	Hʿasanéki	cyay seri yaw koy, awnyay yaw dêyştê, asêni pirû ğalêa. 'Hasanêki	d̮iaí sé̱ri yau koi, auńaí yau deíšte, asén’i pī́ru γaléa. Hʿasanéki
hasani	proper_name_or_place	1	1	ali-agha-ladi-kelhani:1	hasani	'Hasani	Hʿasāni	Hasan, personal name			ali-agha-ladi-kelhani:a04_l03:3	'Hasani	Hʿasāni	A'hmêdi Êysan kişt, 'Hasani Kalan kişt. Kalme gna A'hmêdi pêy	Ah̔médi Eisā́n kišt, Hʿasāni Kalā́n kišt. Kā́lme̱ gnā Ah̔médi pei
haseini	proper_name_or_place	3	1	kauge-nyerib-u-hyeni:3	haseini	Hasêyni; 'Hasêyni	Haseíni; Hʿaseíni	Hasein, personal name			kauge-nyerib-u-hyeni:h01_l06:1	Hasêyni	Haseíni	Mêla Hasêyni Mûğaraya, etya cit kêna. Mêrdümi Nyêrbic	Mél’a Haseíni Muγaráya, e̱tía d̮it kén’a. Mérdṳ́mi Ńerbíd̮
hemyera	proper_name_or_place	1	1	kauge-nyerib-u-hyeni:1	hemyera	'Hemyêra	Hʿé̱myera,	Hemyer, place name			kauge-nyerib-u-hyeni:h07_l06:2	'Hemyêra	Hʿé̱myera,	yêna dûzi 'Hemyêra, tê eskêri xoê bıgê, byê pêy rezan metırisi,	yén’a dúzi Hʿé̱myera, te e̱skéri χóe bi̥gé, bye pei re̱zā́n me̱tí̥risi,
henzi	proper_name_or_place	4	2	kauge-nyerib-u-hyeni:3; kauge-nyerib-u-sivani:1	henzi	'Henzi; 'Henzira	Hʿé̱nzi; Hʿé̱nzira.	Henzi, place name; ABL	H'enzi; DeStei Henzi	lemma	kauge-nyerib-u-hyeni:h02_l10:3	'Henzi	Hʿé̱nzi	Nyêribû kic, Dêyştêy 'Henzi wa mûqaytê xoê bi, wa malê xoê byê,	Ńeríbu kid̮, Deíštei Hʿé̱nzi wa muqaíte χóe bi, wa mā́le χóe bye,
huseini	proper_name_or_place	1	1	kauge-nyerib-u-sivani:1	huseini	'Hûsêyni	Hʿuseíni	Husein, personal name			kauge-nyerib-u-sivani:s01_l04:4	'Hûsêyni	Hʿuseíni	bêrû. Laci Mêla A'hmêdi 'Hûsêyni di enoê dızd, tepişt va kê	bér’u. Lā́d̮i Mél’a Ah̔médi Hʿuseíni dī é̱n’oe di̥zd, te̱píšt vā ke
hyene	proper_name_or_place	6	1	kauge-nyerib-u-hyeni:6	hyene	'Hyênêra; 'Hyênê	Hʿyẹ̄́nera; Hʿyẹ̄́ne; Hʿyẹ̄́ne,	Hyeni; ABL; Hyeni, place name			kauge-nyerib-u-hyeni:h02_l11:6	'Hyênêra	Hʿyẹ̄́nera	wayêr nyêkêri, qam rocû kê 'habêrê 'Hyênêra amêy wa çaw çêhetya	wayér ńékeri, qām rṓd̮u ke hʿabére Hʿyẹ̄́nera āmeí wa t̮au t̮ehé̱tia
hyeneyid	proper_name_or_place	3	1	kauge-nyerib-u-hyeni:3	hyeneyid	'Hyênêyic; 'Hyênêyicra	Hʿyẹ̄́neyid̮; Hʿyẹ̄́neyid̮ra	Hyeni person; ABL			kauge-nyerib-u-hyeni:h01_l03:5	'Hyênêyic	Hʿyẹ̄́neyid̮	amê zımêy 'Hyêni. Yaw merdüm 'Hyênêyic zımecê xoêri cit kêrdini.	āmé zi̥meí Hʿyẹ̄́ni. Yau me̱rdṳ́m Hʿyẹ̄́neyid̮ zi̥mé̱d̮e χóeri d̮it kerdíni.
hyeneyidi	proper_name_or_place	4	1	kauge-nyerib-u-hyeni:4	hyeneyidi	'Hyênêyici	Hʿyẹ̄́neyid̮i; Hʿyẹ̄́neyíd̮í	Hyeni person			kauge-nyerib-u-hyeni:h01_l05:8	'Hyênêyici	Hʿyẹ̄́neyid̮i	kê: tı çi bêni etya cit kêni. Merdümi 'Hyênêyici va kê: ez ğızmkari	ke: ti̥ t̮i bén’i e̱tia d̮it kén’i. Me̱rdṳ́mi Hʿyẹ̄́neyid̮i vā ke: e̱z γi̥zmkā́ri
hyeneyidu	proper_name_or_place	1	1	kauge-nyerib-u-hyeni:1	hyeneyidu	'Hyênêyicû	Hʿyẹ̄neyid̮u	Hyeni person			kauge-nyerib-u-hyeni:h02_l05:9	'Hyênêyicû	Hʿyẹ̄neyid̮u	'Hyênêyic kişt. Xalef ağay yê merdümra va kê: merdümû 'Hyênêyicû	Hʿyẹ̄́neyid̮ kišt. Χalé̱f aγái ye me̱rdṳ́mra vā ke: me̱rdṳ́mu Hʿyẹ̄neyid̮u
hyeni	proper_name_or_place	9	2	kauge-nyerib-u-hyeni:7; gespraech-mit-hassan:2	hyeni	'Hyêni; 'Hyênidê	Hʿyẹ̄́ni; Hʿyẹ̄́ni,; Hʿyẹ̄́ni.; Hʿyẹ̄́nide	Hyeni, place name; Hyeni; LOC			gespraech-mit-hassan:h03_l09:9	'Hyêni	Hʿyẹ̄́ni	Mê zaf kawğe di. Bawki mêra, kawğei Nyêribi û 'Hyêni mê	Me zaf kauγé̱ dī. Bāúki méra, kauγé̱’i Ńéribi u Hʿyẹ̄́ni me
hyenidi	proper_name_or_place	3	2	kauge-nyerib-u-hyeni:2; kauge-nyerib-u-sivani:1	hyenidi	'Hyênici	Hʿyẹ̄nid̮i; Hʿyẹ̄́nid̮i; Hʿyẹ̄níd̮i	Hyeni man; in Hyeni			kauge-nyerib-u-hyeni:h02_l02:9	'Hyênici	Hʿyẹ̄nid̮i	Nyêrbici sêr. Merdümi Nyêrbici wica vazda, şê çeki merdümi 'Hyênici	Ńerbíd̮i ser. Me̱rdṳ́mi Ńerbíd̮i wíd̮ā vā́zda, šẹ̄ t̮é̱ki me̱rdṳ́mi Hʿyẹ̄nid̮i
kalan	proper_name_or_place	1	1	ali-agha-ladi-kelhani:1	kalan	Kalan	Kalā́n	Kalan, personal name			ali-agha-ladi-kelhani:a04_l03:4	Kalan	Kalā́n	A'hmêdi Êysan kişt, 'Hasani Kalan kişt. Kalme gna A'hmêdi pêy	Ah̔médi Eisā́n kišt, Hʿasāni Kalā́n kišt. Kā́lme̱ gnā Ah̔médi pei
karbegani	proper_name_or_place	4	2	ali-agha-ladi-kelhani:3; gespraech-mit-hassan:1	karbegani	Karbegani; Karbêgani	Karbe̱gā́ni.; Karbe̱gā́ni,; Karbegā́ni,; Karbe̱gā́ni	Karbegan, place name; Karbegan			ali-agha-ladi-kelhani:a01_l01:6	Karbegani	Karbe̱gā́ni.	Ali ağa laci Kêlhani mirêy na'hêy Karbegani. Namêy daway	Áli aγá lā́d̮i Kelháni mírei nah̔eí Karbe̱gā́ni. Nameí daú’ai
kasan	proper_name_or_place	4	1	gespraech-mit-hassan:4	kasan	Kasan	Kasán; Kasán,	Kasan			gespraech-mit-hassan:h01_l09:6	Kasan	Kasán,	mêk, Bılıkê, Melêkang, Mark, Aldûn, Gewêl, Kasan, 'Hoêna, Sa-	méḱ, Bi̥lí̥ke, Me̱lekā́ṅ, Marḱ, Aldū́n, Ge̱wél, Kasán, Hʿóena, Sā́-
kavare	proper_name_or_place	1	1	gespraech-mit-hassan:1	kavare	Kavarê	Kávare,	Kavarı			gespraech-mit-hassan:h01_l12:3	Kavarê	Kávare,	Letang, Ğahar, Ğoêmang, Kavarê, Talek.	Lé̱tāṅ, Γáhār, Γóemāṅ, Kávare, Tā́le̱k.
kelan	proper_name_or_place	2	1	kauge-nyerib-u-sivani:2	kelan	Kêlang; Kelang	Kelā́ṅ; Ké̱lāṅ	Kelan, place name			kauge-nyerib-u-sivani:s02_l01:3	Kêlang	Kelā́ṅ	ûtê Avdûlah ağay Kêlang va kê: mê Nyêribdê kawğê kêrd, la-	úte Avdúl’ah aγaí Kelā́ṅ vā ke: me Ńeríbde kauγé kerd, la-
kelhani	proper_name_or_place	1	1	ali-agha-ladi-kelhani:1	kelhani	Kêlhani	Kelháni	Kelhan, name			ali-agha-ladi-kelhani:a01_l01:3	Kêlhani	Kelháni	Ali ağa laci Kêlhani mirêy na'hêy Karbegani. Namêy daway	Áli aγá lā́d̮i Kelháni mírei nah̔eí Karbe̱gā́ni. Nameí daú’ai
mehmedi	proper_name_or_place	1	1	ali-agha-ladi-kelhani:1	mehmedi	Mê'hmêdi	Meh̔médi	Mehmed, personal name			ali-agha-ladi-kelhani:a02_l05:3	Mê'hmêdi	Meh̔médi	berdi, kêrdi wadey Mê'hmêdi 'Hêndani. Qasim ağay şawê 'habêrê	bé̱rdi, kérdi wade̱i Meh̔médi Hʿendā́ni. Qasím aγaí šaú’e h̔abére
mehmet	proper_name_or_place	3	1	kauge-nyerib-u-hyeni:3	mehmet	Mê'hmêt	Meh̔mét	Mehmet, personal name			kauge-nyerib-u-hyeni:h02_l13:8	Mê'hmêt	Meh̔mét	Wesman ağayri va kê: 'habêrê berşaw Dêyştêy 'Henzi Mê'hmêt ağayri.	We̱smán aγáiri vā ke: h̔abére bē̱ršaú Deíštei Hʿé̱nzi Meh̔mét aγaíri.
memed	proper_name_or_place	1	1	ali-agha-ladi-kelhani:1	memed	Mêmêd	Meméd	Memed, personal name			ali-agha-ladi-kelhani:a04_l11:5	Mêmêd	Meméd	dari. Mêla Qasim werişt Dêsmûnira, Mêmêd ağa werişt Ğêytêra,	dari. Mél’a Qasím we̱ríšt Desmúnira, Meméd aγá we̱ríšt Γeítera,
merzyele	proper_name_or_place	1	1	ali-agha-ladi-kelhani:1	Merzyele	Mêrzyêlêra	Merzyélera,	Merzyele; ABL			ali-agha-ladi-kelhani:a04_l12:3	Mêrzyêlêra	Merzyélera,	Ramêdan ağay werişt Mêrzyêlêra, şi, leşi Ali ağay lacana dês û	Ramedán aγaí we̱ríšt Merzyélera, ši, lé̱ši Áli aγaí lā́d̮āna des u
misri	proper_name_or_place	20	1	degirmenci-ve-tilki:20	misri	Mısri; Mısrira; Mışri	Mí̥sri; Mi̥sri; Mí̥sri.; Mi̥sri,; Mí̥sri,; Mi̥srira:; Mí̥šri	Egypt; RECIP			degirmenci-ve-tilki:mf02_l04:6	Mısri	Mí̥sri	vera dê, ez twêri kêynay paşadê Mısri wazêna. Arêwangçi va	ve̱rā́ de, e̱z túeri keínai pašáde Mí̥sri wazén’a. Ārewāṅt̮í vā
nerib	proper_name_or_place	19	2	kauge-nyerib-u-hyeni:13; kauge-nyerib-u-sivani:6	nerib	Nyêrib; Nyêrbici; Nyêrbic; Nyêribra; Nyêribdê; Nyêribraya	Ńeríb; Ńerbíd̮; Ńerbíd̮i; Ńeríbra; Ńeríb; Ńeríbraya.; Ńeríbde,; Ńeríbde	Nerib; Nerib, place name; AFFIL; OBL/EZ; ABL; LOC/COM; COP.1SG	Nerib	lemma	kauge-nyerib-u-hyeni:h01_l01:1	Nyêrib	Ńeríb	Kawğê Nyêrib û 'Hyêni.	Kauγé Ńeríb u Hʿyẹ̄́ni.
neribi	proper_name_or_place	5	2	kauge-nyerib-u-sivani:3; gespraech-mit-hassan:2	neribi	Nyêribi	Ńeríbi; Ńéribi; Ńeríbi	Nerib, place name; Nerib	Nerib	lemma	gespraech-mit-hassan:h03_l09:7	Nyêribi	Ńéribi	Mê zaf kawğe di. Bawki mêra, kawğei Nyêribi û 'Hyêni mê	Me zaf kauγé̱ dī. Bāúki méra, kauγé̱’i Ńéribi u Hʿyẹ̄́ni me
pauze	proper_name_or_place	3	1	uc-kardes-masali:3	pauze	pawjê	paúže,	place name			uc-kardes-masali:tb03_l07:3	pawjê	paúže,	trakê, mıri pilaw pawjê, serêy enyê merdümi mıri pilaw ver kê,	trā́ke, mí̥ri pilaú paúže, sé̱rei ḗ̱n’ie me̱rdṳ́mi mí̥ri pilaú ve̱r ke,
qasim	proper_name_or_place	20	2	ali-agha-ladi-kelhani:16; uc-kardes-masali:4	qasim	Qasim	Qasím; Qasím; Qasím,	Qasim, personal name; Qasim			ali-agha-ladi-kelhani:a01_l06:7	Qasim	Qasím	Sivani amêy pyêser, mêşore kerd, ağalêrani Sivani, Qasim ağa	Sivā́ni āmeí pyesé̱r, méšore̱ ke̱rd, aγálerāni Sivā́ni, Qasím aγá
qasimi	proper_name_or_place	4	2	uc-kardes-masali:3; ali-agha-ladi-kelhani:1	qasimi	Qasimi	Qasími; Qasími; Qasími,	Qasim; Qasim, personal name			ali-agha-ladi-kelhani:a04_l09:5	Qasimi	Qasími	veng da va kê mêla Qasimi Dêsmûncira: byêri cênazay Ali ağay	ve̱ṅg dā vā ke mél’a Qasími Desmúnd̮ira: bíeri d̮enazaí Áli aγaí
qotwesan	proper_name_or_place	1	1	kauge-nyerib-u-sivani:1	qotwesan	Qotwesan	Qótwe̱sān,	Qotwesan, place name			kauge-nyerib-u-sivani:s05_l03:8	Qotwesan	Qótwe̱sān,	Mênd vist roc, Xalef ağay şê kawt kêy Qotwesan, 'Haydêr	Mend vīst rōd̮, Χalé̱f aγái šẹ̄ kaut kei Qótwe̱sān, Hʿaidér
ramedan	proper_name_or_place	1	1	ali-agha-ladi-kelhani:1	ramedan	Ramêdan	Ramedán	Ramedan, personal name			ali-agha-ladi-kelhani:a04_l12:0	Ramêdan	Ramedán	Ramêdan ağay werişt Mêrzyêlêra, şi, leşi Ali ağay lacana dês û	Ramedán aγaí we̱ríšt Merzyélera, ši, lé̱ši Áli aγaí lā́d̮āna des u
resa	proper_name_or_place	1	1	ali-agha-ladi-kelhani:1	resa	Rêsa	Resá	Resa, personal name			ali-agha-ladi-kelhani:a04_l08:8	Rêsa	Resá	hêyşt merdümi ğaribana pyêrû mêndi wadedê. Soba Mêlay Rêsa	heišt me̱rdṳ́mi γaribā́na pyéru méndi wáde̱de. So̤bá Mél’ai Resá
saban	proper_name_or_place	8	1	uc-kardes-masali:8	saban	Şaban	Šabán; Šabán.; Šabán,	Saban			uc-kardes-masali:tb01_l02:7	Şaban	Šabán.	namêy bêray myanyêni Qasim, namêy bêray pili Şaban. Çi dêyinê	nameí beraí myańéni Qasím, nameí beraí pī́li Šabán. T̮í deyíne
sele	proper_name_or_place	5	1	kauge-nyerib-u-sivani:5	sele	Şêlê	Šél’e	Sele stream			kauge-nyerib-u-sivani:s02_l05:6	Şêlê	Šél’e	mêyştê eskêri xoê gêna, yêna awkay Şêlê ver, tızi wicara eskêri	meíšte e̱skéri χóe ǵén’a, yén’a aúkai Šél’e ve̱r, tí̥zi wid̮ára e̱skéri
sivan	proper_name_or_place	3	2	kauge-nyerib-u-sivani:2; gespraech-mit-hassan:1	sivan	Sivang; Sivan	Sivā́ṅ.; Sivā́ṅ,; Sivā́n,	Sivan; Sivan tribe			gespraech-mit-hassan:h01_l04:3	Sivang	Sivā́ṅ.	Namêy aşirêta ma Sivang.	Nameí ašíreta mā Sivā́ṅ.
sivani	proper_name_or_place	10	3	gespraech-mit-hassan:5; ali-agha-ladi-kelhani:4; kauge-nyerib-u-sivani:1	sivani	Sivani	Sivā́ni; Sivā́ni; Sivā́ni,; Sivā́ni.	Sivan tribe; Sivan			ali-agha-ladi-kelhani:a01_l06:0	Sivani	Sivā́ni	Sivani amêy pyêser, mêşore kerd, ağalêrani Sivani, Qasim ağa	Sivā́ni āmeí pyesé̱r, méšore̱ ke̱rd, aγálerāni Sivā́ni, Qasím aγá
syerature	proper_name_or_place	2	1	ali-agha-ladi-kelhani:2	syerature	Syêraçurê; Syêraçurêdê	Syérat̮ūre.; Syerat̮ūrede.	Syerature, place name; Syerature; LOC			ali-agha-ladi-kelhani:a01_l04:6	Syêraçurê	Syérat̮ūre.	ağay kêyê xoê bar kêrd, şê Syêraçûrê. Hiris û şêş roci vênert	aγaí keíye χóe bār kerd, šẹ̄ Syérat̮ūre. Híris u šẹ̄š rṓd̮i vené̱rt
tauridye	proper_name_or_place	1	1	kauge-nyerib-u-sivani:1	tauridye	Tawricyê	Taúrid̮ye,	Tauridye, place name			kauge-nyerib-u-sivani:s04_l15:3	Tawricyê	Taúrid̮ye,	weta amê bı Tawricyê, kawğe kerd, eskêri Xalef ağay rema, es-	wé̱ta āmé bi̥ Taúrid̮ye, kauγé̱ ke̱rd, e̱skéri Χalé̱f aγái re̱mā́, e̱s-
temir	proper_name_or_place	1	1	kauge-nyerib-u-hyeni:1	temir	Temir	Te̱mír	Temir, personal name			kauge-nyerib-u-hyeni:h04_l06:2	Temir	Te̱mír	pêy kûnaği Temir begi, barût, qırqışûn da eskêri xoê, êspar vici,	pei kunáγi Te̱mír bé̱gi, bārút, qi̥rqi̥šún dā e̱skéri χóe, espā́r vid̮í,
temtaqu	proper_name_or_place	11	1	degirmenci-ve-tilki:11	temtaqu	çêmçaqû; Çêmçaqû	t̮emt̮aqú; T̮emt̮aqú	Çemçequ			degirmenci-ve-tilki:mf03_l07:7	çêmçaqû	t̮emt̮aqú	yaw qati kincang bıdê mê, ez bêna çêmçaqû paşari, wa pêra gû;	yau qáti kind̮áṅ bi̥dé me, e̱z bén’a t̮emt̮aqú pašári, wa perá ǵu;
temtequ	proper_name_or_place	5	1	degirmenci-ve-tilki:5	temtequ	çêmçêqû; çêmçeqû	t̮emt̮eqú; t̮emt̮e̱qú; t̮emt̮equ	Çemçequ			degirmenci-ve-tilki:mf02_l13:5	çêmçêqû	t̮emt̮eqú	Lûê va kê: êfêndim, vêywe çêmçêqû paşay ame, kêynay çwê wa-	Lú’e vā ke: eféndim, veíwe̱ t̮emt̮eqú pašaí āmé̱, keínai t̮úe wa-
wesini	proper_name_or_place	3	2	ali-agha-ladi-kelhani:2; gespraech-mit-hassan:1	wesini	Weşini	We̱šíni; We̱šíni	Wesini, group name; Weşin			ali-agha-ladi-kelhani:a01_l07:3	Weşini	We̱šíni	Karbêgani, 'Hasan ağa Weşini amêy pyêser va kê: ma şyêri kêy	Karbegā́ni, Hʿasán aγá We̱šíni āmeí pyesé̱r vā ke: mā šyẹ̄́ri kei
wesman	proper_name_or_place	3	1	kauge-nyerib-u-hyeni:3	wesman	Wesman; Wêsman	We̱smán; Wesmán	Wesman, personal name			kauge-nyerib-u-hyeni:h02_l13:0	Wesman	We̱smán	Wesman ağayri va kê: 'habêrê berşaw Dêyştêy 'Henzi Mê'hmêt ağayri.	We̱smán aγáiri vā ke: h̔abére bē̱ršaú Deíštei Hʿé̱nzi Meh̔mét aγaíri.
xaider	proper_name_or_place	2	1	kauge-nyerib-u-sivani:2	xaider	Xaydêr	Χaidér	Haider, personal name			kauge-nyerib-u-sivani:s05_l13:1	Xaydêr	Χaidér	kê Xaydêr ağara: ekê tê nyamêyni mê Xalef ağayra yaw zirot vera	ke Χaidér aγára: é̱ḱ’e te ńameíni me Χalé̱f aγāira yau ziröt vé̱ra
xalef	proper_name_or_place	78	2	kauge-nyerib-u-hyeni:57; kauge-nyerib-u-sivani:21	xalef	Xalef; Xalêf	Χalé̱f; Χaléf	Xalef, personal name			kauge-nyerib-u-hyeni:h02_l04:4	Xalef	Χalé̱f	ver da, şê Nyêrib Xalef ağay 'hêt, yêra va kê: mê yaw merdümû	ve̱r dā, šẹ̄ Ńeríb Χalé̱f aγái h̔et, yéra vā ke: me yau me̱rdṳ́mu
xalil	proper_name_or_place	1	1	kauge-nyerib-u-hyeni:1	xalil	Xalil	Χalíl	Xalil, personal name			kauge-nyerib-u-hyeni:h05_l13:3	Xalil	Χalíl	'Hyêni veşnay, serêy Xalil êfêndi têra kêrd, ard, da Xalef	Hʿyẹ̄́ni ve̱šnaí, sé̱rei Χalíl eféndi terá kerd, ārd, dā Χalé̱f
xyeni	proper_name_or_place	1	1	kauge-nyerib-u-sivani:1	xyeni	Xyeni	Χyé̱ni	Hyeni, place name			kauge-nyerib-u-sivani:s01_l12:6	Xyeni	Χyé̱ni	rib Xalef ağayri va kê: we Xyeni nêbê, twê têdê kawğê kêrdini,	ríb Χalé̱f aγāiri vā ke: we̱ Χyé̱ni nébe, tue téde kauγé kerdíni,
aferem	review_candidate	3	2	kauge-nyerib-u-hyeni:2; kauge-nyerib-u-sivani:1	aferem	afêrêm	ā́ferem,; āferém; ā́ferem	thanks			kauge-nyerib-u-hyeni:h05_l01:2	afêrêm	ā́ferem,	va kê: afêrêm, ağalêrêm. Xalef ağa kawt eskêri xoê ver, şi vecyay	vā ke: ā́ferem, aγālerem. Χalé̱f aγá kaut e̱skéri χóe ve̱r, ši ve̱d̮íai
agerai	review_candidate	2	2	degirmenci-ve-tilki:1; kauge-nyerib-u-sivani:1	agerai	agêray; ağêray	āgeraí; aγeraí,	returned			degirmenci-ve-tilki:mf04_l06:8	agêray	āgeraí	enoê paşa nyû, qamêk va: enoê arêwangçiyû. Lwê agêray cigêray,	ḗ̱n’oe pašá ńu, qāmek vā: ḗ̱n’oe ārewāṅt̮íyu. Lúe āgeraí d̮igeraí,
akerd	review_candidate	4	2	uc-kardes-masali:3; kauge-nyerib-u-sivani:1	akerd	akêrd; akerd	ākérd,; āké̱rd,; aké̱rd,; akērd,	opened			kauge-nyerib-u-sivani:s01_l03:3	akêrd	ākérd,	Mêla A'hmêdi Qafan akêrd, pûrti Mêla A'hmêdi Qafan gêrawt	Mél’a Ah̔médi Qafán ākérd, púrti Mél’a Ah̔médi Qafán geraút
alah	review_candidate	5	4	uc-kardes-masali:2; ali-agha-ladi-kelhani:1; degirmenci-ve-tilki:1; kauge-nyerib-u-sivani:1	alah	Alah	Aláh	God			ali-agha-ladi-kelhani:a03_l13:0	Alah	Aláh	Alah izmê mê bıdû, ez twê veri êyxoê kışêna. 'Hal şi kê A'hmêdi	Aláh ī́zme me bi̥dú, e̱z túe vé̱ri eiχóe ki̥šén’a. Hʿāl ši ke Ah̔médi
ameia	review_candidate	6	3	kauge-nyerib-u-sivani:3; kauge-nyerib-u-hyeni:2; degirmenci-ve-tilki:1	ameia	amêya	āmeía; āmeía.]; āmeía:; āmeía.; ameía	I came; came			degirmenci-ve-tilki:mf03_l04:7	amêya	āmeía.]	erzê xoê mê wica ver daw, ez amêya Paşay Mısri va kê: êspar	é̱rz’e χóe me wíd̮a ve̱r daú, e̱z āmeía.] Pašaí Mí̥sri vā ke: espā́r
aqil	review_candidate	3	2	degirmenci-ve-tilki:2; ali-agha-ladi-kelhani:1	aqil	aqıl	āqí̥l; áqi̥l	sense; reason			ali-agha-ladi-kelhani:a03_l02:7	aqıl	áqi̥l	ma mebêrê, tê xaini, bawki mê serêdê aqıl çinyû, rocêy ramazanyû,	mā mé̱bere, te χa’íni, baúki me sé̱rede áqi̥l t̮íńu, rṓd̮ei ramazányu,
arde	review_candidate	2	2	degirmenci-ve-tilki:1; goin-puhu-kusunun-hikayesi:1	arde	ardê	ā́rde,; ā́rde.	brought; flour			degirmenci-ve-tilki:mf05_l05:0	ardê	ā́rde,	ardê, day arêwangçi; arêwangçi werişt, şi dêsmaç, şi pêy sara, dês-	ā́rde, dai ārewāṅt̮í; ārewāṅt̮í we̱ríšt, ši desmāt̮, ši pei sára, des-
asireta	review_candidate	3	1	gespraech-mit-hassan:3	asireta	aşirêta	ašíreta	tribe			gespraech-mit-hassan:h01_l05:2	aşirêta	ašíreta	Çendê dewi aşirêta şüma esti?	T̮é̱nde dé̱wi ašíreta šṳ́ma é̱sti?
auke	review_candidate	4	1	degirmenci-ve-tilki:4	auke	awkê; awkêra	aúke; aúkera	water; ABL			degirmenci-ve-tilki:mf03_l03:5	awkêra	aúkera	lingê, mê enoê dest tepişt awkêra vecyaya tebêr, çêmçêqû paşa	líṅge, me ḗ̱n’oe de̱st te̱píšt aúkera ve̱d̮iáya te̱bér, t̮emt̮equ pašá
auna	review_candidate	7	3	uc-kardes-masali:5; ali-agha-ladi-kelhani:1; kauge-nyerib-u-sivani:1	auna	awnya; awna	auńā́; auńā́; auná; aunā́; auńá,	saw			ali-agha-ladi-kelhani:a03_l14:2	awnya	auńā́	bıkşû. A'hmêd awnya dyêsi wedi, yaw şıbakê 'ha dyêsê wedidê, desti	bi̥kšú. Ah̔méd auńā́ d́ési we̱dí, yau ši̥bā́ke h̔ā d́ése wé̱dide, dé̱sti
aunai	review_candidate	6	3	kauge-nyerib-u-hyeni:3; uc-kardes-masali:2; degirmenci-ve-tilki:1	aunai	awnyay; awnay	auńaí; aunái	saw			degirmenci-ve-tilki:mf02_l01:2	awnyay	auńaí	newêtê paûtê, awnyay kê myanê şawê yaw lûê amêy zerê, şyê mê-	né̱wete pa’úte, auńaí ke myā́ne šaú’e yau lú’e āmeí zé̱re, šíe me-
bagte	review_candidate	3	1	gespraech-mit-hassan:3	bagte	Bağçê; bağçê	Bāγt̮e; bāγt̮e	garden			gespraech-mit-hassan:h02_l08:0	Bağçê	Bāγt̮e	Bağçê tû estû?	Bāγt̮e tu é̱stu?
ban	review_candidate	2	2	gespraech-mit-hassan:1; uc-kardes-masali:1	ban	bang; ban	bāṅ; bán	house; Saban			gespraech-mit-hassan:h02_l15:1	bang	bāṅ	yaw bang estû, wade çinyû.	yau bāṅ é̱stu, wadé̱ t̮íńu.
bani	review_candidate	6	2	gespraech-mit-hassan:5; kauge-nyerib-u-sivani:1	bani	bani; banidê	bā́ni; bā́nide	houses; LOC; house			gespraech-mit-hassan:h02_l06:1	bani	bā́ni	Çendê bani dawe Kasan esti?	T̮é̱nde bā́ni daúe̱ Kasán é̱sti?
basi	review_candidate	4	1	uc-kardes-masali:4	basi	başira; başi	baší; bašíra; bašīra:	captain; RECIP			uc-kardes-masali:tb08_l09:7	başira	bašíra	ban 'hêmamra vet gêrawt berd têslimê qabas başira va kê: enoê	bán h̔emā́mra ve̱t geraút be̱rd teslī́me qabā́s bašíra vā ke: ḗ̱n’oe
bedu	review_candidate	2	2	degirmenci-ve-tilki:1; kauge-nyerib-u-sivani:1	bedu	bêdû	bedú.; bedú,	may be			degirmenci-ve-tilki:mf04_l05:1	bêdû	bedú.	sêlam bêdû. Eskêri qamêk va: enoê delû, enoê dêlû; qamêk va:	selám bedú. E̱skéri qā́mek vā: ḗ̱n’oe dé̱lu, ḗ̱n’oe délu; qā́mek vā:
beg	review_candidate	7	2	kauge-nyerib-u-hyeni:6; gespraech-mit-hassan:1	beg	beg; Beg	be̱g; Be̱g	Beg, title; Beg			gespraech-mit-hassan:h02_l01:1	Beg	Be̱g	Ali Beg sıpyerdışû dawê Aldûni estû.	Áli Be̱g si̥pye̱rdí̥šu daúe Aldū́ni é̱stu.
begi	review_candidate	37	2	kauge-nyerib-u-hyeni:34; gespraech-mit-hassan:3	begi	begi; begiri; begira	bé̱gi; bé̱giri; bé̱gi,; bé̱gi; bé̱gi.; bé̱gí; bé̱gira; bé̱gira.	Beg, title; Beg; GOAL/RECIP; ABL/SOURCE			gespraech-mit-hassan:h03_l10:9	begi	bé̱gi	di, ez şya kawğei Nyêribi û 'Hyêni, kawğei E'hmêd begi û Sivani	dī, e̱z šía kauγé̱’i Ńeríbi u Hʿyẹ̄́ni, kauγé̱’i E̱h̔méd bé̱gi u Sivā́ni
bera	review_candidate	5	2	uc-kardes-masali:4; kauge-nyerib-u-sivani:1	bera	bêra	berá; berá; berā́; berá,	brother; here			kauge-nyerib-u-sivani:s01_l10:1	bêra	berá	bıkêra, bêra twê ez dyang, lakimkê ez ha bêna, zor bêna. Laci	bi̥kéra, berá túe e̱z diā́ṅ, lakímke e̱z hā bén’a, zōr bén’a. Lā́d̮i
berar	review_candidate	3	1	uc-kardes-masali:3	berar	bêrar	berár; berār	brothers			uc-kardes-masali:tb01_l03:8	bêrar	berár	çi nebê, hiryê vayştûri xoê bi. 'Hasanêk va bêrar yêni: warzi, ma	t̮í né̱be, hī́rye vaíšturi χóe bī. Hʿasanék vā berár yéni: wárzi, mā
bersaue	review_candidate	2	2	kauge-nyerib-u-hyeni:1; uc-kardes-masali:1	bersaue	berşawê	bē̱ršaúe; bē̱ršaúe,	send word; send			kauge-nyerib-u-hyeni:h02_l09:9	berşawê	bē̱ršaúe	kişênû. Yê merdümi va kê Xalef ağayra: ağa, 'haberê berşawê	kišén’u. Ye me̱rdṳ́mi vā ke Χalé̱f aγáira: aγá, h̔abé̱re bē̱ršaúe
beru	review_candidate	2	2	ali-agha-ladi-kelhani:1; kauge-nyerib-u-sivani:1	beru	bêru; bêrû	béru; bér’u.	may come; carried off			ali-agha-ladi-kelhani:a01_l09:9	bêru	béru	şawê venga êskêrê xoê di, eskêri dawang wa pyêrû bêrû pyêser,	šaú’e vé̱ṅga eskére χóe di, e̱skéri daú’āṅ wa pyéru béru pyesé̱r,
besta	review_candidate	2	2	kauge-nyerib-u-hyeni:1; kauge-nyerib-u-sivani:1	besta	bêsta	bésta; bestā́.	prepared			kauge-nyerib-u-hyeni:h08_l05:7	bêsta	bésta	awnyay kê eskêri Daqma begi pyêrû tabûrê bêsta pêy rezandê.	auńaí ke e̱skéri Dáqma bé̱gi pyéru tā́bure bésta pei re̱zā́nde.
bi	review_candidate	72	6	kauge-nyerib-u-hyeni:22; uc-kardes-masali:15; ali-agha-ladi-kelhani:13; kauge-nyerib-u-sivani:11; degirmenci-ve-tilki:7; goin-puhu-kusunun-hikayesi:4	bi-; bi	bi; bıdê; bıki; bıkşi; bıkêri; byari; bıgê; bıgi	bi̥dé,; bi; bi̥kí,; bi̥dé; bi̥kší.; bíeri; bī; bi̥ké.	CONJ/FUT; give; bring; was; kill; to; fight/do; do/fight			ali-agha-ladi-kelhani:a01_l08:2	byari	biā́ri	Ali ağay byari daw. Qasim ağa va kê: ma Ali ağay bê'hapêyni, ma	Áli aγaí biā́ri dau. Qasím aγá vā ke: mā Áli aγaí beh̔apeíni, mā
bia	review_candidate	4	1	gespraech-mit-hassan:4	bia	bya	bía;; bía,; bía.	was			gespraech-mit-hassan:h03_l11:2	bya	bía;	ez tedê bya; kawğei Sivani û Avdûla begi mê di, ez tedê bya;	e̱z té̱de bía; kauγé̱’i Sivā́ni u Avdúla bé̱gi me dī, e̱z té̱de bía;
biaru	review_candidate	5	1	uc-kardes-masali:5	biaru	byarû	biáru.	bring			uc-kardes-masali:tb03_l11:2	byarû	biáru.	ena pilaw byarû. 'Hasanêk da kağit dênyay dyewi. Cênyay dyewi ka-	ḗ̱n’a pilaú biáru. H̔asanék dā kaγít déniai d́é̱wi. D̮éniai d́é̱wi ka-
bikeru	review_candidate	3	2	uc-kardes-masali:2; goin-puhu-kusunun-hikayesi:1	bikeru	bıkêrû; bikêrû	bi̥kéru.; bikeru.; bi̥kéru,	do; make			goin-puhu-kusunun-hikayesi:g04_l02:7	bıkêrû	bi̥kéru.	cêynêki qafêlya, cêyni têrsayê, 'hêni nyawtaray veng bıkêrû.	d̮éineki qáfelya, d̮éini tersáye, h̔én’i ńaútarai ve̱ṅg bi̥kéru.
birna	review_candidate	3	1	uc-kardes-masali:3	birna	bırna	bi̥rná,; bi̥rnā́,	cut			uc-kardes-masali:tb03_l14:10	bırna	bi̥rnā́,	kû, sêba ena pilaw byarû. Cênyay dyewi gay bwêr serê bırna, goşti	ku, sebā́ ḗ̱n’a pilaú biáru. D̮éniai d́é̱wi gai búer sé̱re bi̥rnā́, gṓšti
birne	review_candidate	3	1	uc-kardes-masali:3	birne	bırnê	bí̥rne,; bí̥rné,	slaughter			uc-kardes-masali:tb04_l07:0	bırnê	bí̥rne,	bırnê, goşti 'Hasanêki miri pilaw ver kê, berşaw miri. 'Hasanêki	bí̥rne, gṓšti H̔asanéki míri pilaú ve̱r ke, bḗ̱ršau míri. H̔asanéki
bu	review_candidate	6	2	uc-kardes-masali:4; goin-puhu-kusunun-hikayesi:2	bu	bû	bu,; bu.; bū.; bú.	be			goin-puhu-kusunun-hikayesi:g02_l09:6	bû	bu,	Bawki kêynêkê xoêra va kê: 'hêyr bû, senyê bêray twê kişênû?	Baúki keíneke χóera vā ke: h̔eir bu, sḗ̱n’ie berāí túe kīšén’u?
bueri	review_candidate	3	1	uc-kardes-masali:3	bueri	bwêri	búeri	brown			uc-kardes-masali:tb03_l09:9	bwêri	búeri	noşt, ekê enoê merdüm enoê kağit anû kêyê, gay bwêri pilaw	no̤št, é̱ke ḗ̱n’oe me̱rdṳ́m ḗ̱n’oe kaγít ā́nu keíye, gai búeri pilaú
byu	review_candidate	2	2	degirmenci-ve-tilki:1; kauge-nyerib-u-hyeni:1	byu	byû	byu,; byu	became; were			degirmenci-ve-tilki:mf05_l08:9	byû	byu,	rira va kê: çêmçaqû paşa şû dêsmaç, nyêzana se byû, gnaw erû,	rira vā ke: t̮emt̮aqú pašá šu desmāt̮, ńézāna se̱ byu, gnau é̱ru,
daiki	review_candidate	2	2	degirmenci-ve-tilki:1; uc-kardes-masali:1	daiki	Cayki	D̮aíki; D̮aíkí	once; once upon a time			degirmenci-ve-tilki:mf01_l01:0	Cayki	D̮aíki	Cayki bi çi nyêbi, yaw Alah bê, yaw arêwangçi bê. Ariş tê'h-	D̮aíki bī t̮i ńébī, yau Aláh bẹ̄, yau ārewāṅt̮í bẹ̄. Āríš tēh̔-
dari	review_candidate	2	2	ali-agha-ladi-kelhani:1; gespraech-mit-hassan:1	dari	dari	dari.; dā́ri?	take out; trees			ali-agha-ladi-kelhani:a04_l11:0	dari	dari.	dari. Mêla Qasim werişt Dêsmûnira, Mêmêd ağa werişt Ğêytêra,	dari. Mél’a Qasím we̱ríšt Desmúnira, Meméd aγá we̱ríšt Γeítera,
daue	review_candidate	3	3	ali-agha-ladi-kelhani:1; gespraech-mit-hassan:1; kauge-nyerib-u-sivani:1	daue	dawê; dawe	daú’e,; daúe̱; dau’e	attack; of village; village			ali-agha-ladi-kelhani:a02_l04:8	dawê	daú’e,	ağa enyê wirdi şi, kêy Ali ağay ard dawê, çêhêr hemê lacana	aγá ḗ̱n’ie wírdi šī, kei Áli aγaí ārd daú’e, t̮ehér hé̱me lad̮ā́na
daw	review_candidate	8	3	ali-agha-ladi-kelhani:3; kauge-nyerib-u-sivani:3; gespraech-mit-hassan:2	daw	dawani; dawang; dawê; dawana	dauā́ni; daú’āṅ; daúe; dauwā́na	village; PL; EZ/OBL; EZ/GEN; OBL/GOAL			ali-agha-ladi-kelhani:a01_l02:6	dawang	daú’āṅ	Ali ağay Narbyêş. Ali ağa çêhêr dawang da pyêrû, hiris û çêhêr	Áli aγaí Nārbyẹ̄́š. Áli aγá t̮ehér daú’āṅ dā pyérū, híris u t̮ehér
de	review_candidate	12	4	uc-kardes-masali:7; degirmenci-ve-tilki:2; goin-puhu-kusunun-hikayesi:2; ali-agha-ladi-kelhani:1	de	dê; cê; dye	de,; de; d̮e.; de.; d̮é-; dé; d́é̱-; dé,	in; to him			ali-agha-ladi-kelhani:a03_l06:5	cê	d̮e.	kişêni. 'Hali xancêray A'hmêdi nyêday cê. 'Hal şê tebêr, eskêri	kišén’i. Hʿāli χand̮érai Ah̔médi ńédai d̮e. Hʿāl šẹ̄ te̱bér, e̱skéri
dei	review_candidate	3	3	degirmenci-ve-tilki:1; goin-puhu-kusunun-hikayesi:1; kauge-nyerib-u-hyeni:1	dei	cêy; cey	d̮ei; d̮e̱i	place; that; him			degirmenci-ve-tilki:mf04_l10:10	cey	d̮e̱i	nyinyû enêy serê. Paşay Mısri va kê: beri wade cay cey ra ki, we	ńíńu ḗ̱n’ei sé̱re. Pašai Mí̥sri vā ke: bé̱ri wadé̱ d̮ai d̮e̱i rā ki, we̱
deni	review_candidate	5	1	goin-puhu-kusunun-hikayesi:5	deni	cêni; cênira; Cêni	d̮éni; d̮énira; D̮éni; d̮énira,	woman; RECIP			goin-puhu-kusunun-hikayesi:g01_l02:8	cêni	d̮éni	têra bi. Cênyay merd, pêynıdê myêrdê şê yawna cêni ardê. Dı	terá bī. D̮éniai me̱rd, peíni̥de myérde šẹ̄ yaúna d̮éni ā́rde. Di̥
deniai	review_candidate	23	3	uc-kardes-masali:14; goin-puhu-kusunun-hikayesi:8; kauge-nyerib-u-hyeni:1	deniai	cênyay; Cênyay; dênyay	d̮éniai; D̮éniai; d̮éniai; D̮éniai; d̮éniāi; déniai	woman; wife			goin-puhu-kusunun-hikayesi:g01_l01:4	cênyay	d̮éniai	Zêmanê veryê yaw mırdaw cênyay xoê bi, yaw kêynaw yaw lac	Zemā́ne ve̱ríe yau mí̥rdau d̮éniai χóe bī, yau keínau yau lād̮
desmat	review_candidate	6	3	degirmenci-ve-tilki:4; goin-puhu-kusunun-hikayesi:1; uc-kardes-masali:1	desmat	dêsmaç	desmā́t̮; desmāt̮,; desmāt̮.; desmā́t̮	ablution			degirmenci-ve-tilki:mf05_l03:2	dêsmaç	desmā́t̮	nê, şwê, dêsmaç bigi, byê zerê, nêmac bıkê. Arêwangçi va kê	ne, šúe, desmā́t̮ bigí, bye zé̱re, nemā́d̮ bi̥ké. Ārewāṅt̮í vā ke
destru	review_candidate	2	2	kauge-nyerib-u-hyeni:1; kauge-nyerib-u-sivani:1	destru	destrû	dé̱stru.; dé̱stru,	hand			kauge-nyerib-u-hyeni:h09_l09:1	destrû	dé̱stru.	begi destrû. Xalef ağay dı sêy myêşna day Daqma begiri. Daqma	bé̱gi dé̱stru. Χalé̱f aγái di̥ sei myéšna dai Dáqma bé̱giri. Dáqma
dian	review_candidate	2	2	kauge-nyerib-u-sivani:1; uc-kardes-masali:1	dian	dyang; dyan	diā́ṅ,; dían,	see.PST.PRF; saw			kauge-nyerib-u-sivani:s01_l10:4	dyang	diā́ṅ,	bıkêra, bêra twê ez dyang, lakimkê ez ha bêna, zor bêna. Laci	bi̥kéra, berá túe e̱z diā́ṅ, lakímke e̱z hā bén’a, zōr bén’a. Lā́d̮i
diari	review_candidate	3	2	kauge-nyerib-u-hyeni:2; kauge-nyerib-u-sivani:1	diari	dyari	diári; diā́ri; diā́ri	territory; district			kauge-nyerib-u-hyeni:h05_l02:0	dyari	diári	dyari 'Hyêni, awnyay kê: eskêri Daqma begi pyêrû 'ha rûnistê,	diári Hʿyẹ̄́ni, auńaí ke: e̱skéri Dáqma bé̱gi pyéru h̔ā rūníste,
dine	review_candidate	3	3	degirmenci-ve-tilki:1; kauge-nyerib-u-sivani:1; uc-kardes-masali:1	dine	cinê; dinê	d̮íne; d̮īne; dī́ne	herds; women			degirmenci-ve-tilki:mf03_l01:8	cinê	d̮íne	paşay bê, pyêrû la seri berd, ez twêri cinê pyêrû la seri berdi,	pašaí be, pyéru la sé̱ri be̱rd, e̱z túeri d̮íne pyéru la sé̱ri bé̱rdi,
dumilbazi	review_candidate	4	2	kauge-nyerib-u-sivani:3; kauge-nyerib-u-hyeni:1	dumilbazi	dümilbazi; dûmilbazi; Dûmilbazi	dṳ́milbā́zi; dúmilbā́zi; Dúmilbāzi	drum			kauge-nyerib-u-hyeni:h04_l11:5	dûmilbazi	dúmilbā́zi	Xalef ağa werişt bê êspar, dûmilbazi da püroê, kawt eskêri	Χalé̱f aγá we̱ríšt be espā́r, dúmilbā́zi dā pṳ́roe, kaut e̱skéri
eiste	review_candidate	2	2	goin-puhu-kusunun-hikayesi:1; uc-kardes-masali:1	eiste	êyştê	eíšte; eíšte	threw			goin-puhu-kusunun-hikayesi:g04_l04:5	êyştê	eíšte	nyay xoê têra kêrd, berdê, êyştê zêyndang. Way lacêki golikana	niai χóe terá kerd, bé̱rde, eíšte zeindā́ṅ. Wai lā́d̮eki gōlikā́na
eistu	review_candidate	5	1	goin-puhu-kusunun-hikayesi:5	eistu	êyştû	eíštu	threw			goin-puhu-kusunun-hikayesi:g02_l07:0	êyştû	eíštu	êyştû zêyndang. Sêbah wardêna, bawki xoêra vana: baw, mê em-	eíštu zeindā́ṅ. Sebáh wardén’a, bāúki χóera vā́na: bau, me é̱m-
eman	review_candidate	4	1	kauge-nyerib-u-hyeni:4	eman	eman	e̱mán; e̱mán,	mercy			kauge-nyerib-u-hyeni:h05_l14:5	eman	e̱mán	ağayra. Daqma begi va kê: eman êfêndim, ez kawğe nyêkêna,	aγáira. Dáqma bé̱gi vā ke: e̱mán eféndim, e̱z kauγé̱ ńekén’a,
emsoe	review_candidate	9	3	uc-kardes-masali:5; kauge-nyerib-u-hyeni:3; kauge-nyerib-u-sivani:1	emsoe	emşoê	é̱mšoe; ḗ̱mšoe; é̱mšoe	tonight			kauge-nyerib-u-hyeni:h04_l03:5	emşoê	é̱mšoe	Daqma begiri 'Hyênê va kê: emşoê mûqaytê xoê bê, ez	Dáqma bé̱giri Hʿyẹ̄́ne vā ke: é̱mšoe muqaíte χóe be, e̱z
enie	review_candidate	8	2	uc-kardes-masali:7; ali-agha-ladi-kelhani:1	enie	enyê; Enyê; ênyê; Ênyê	ḗ̱n’ie; ḗ̱n’ie; Ḗ̱n’ie; én’ie; Én’ie	these			ali-agha-ladi-kelhani:a02_l04:1	enyê	ḗ̱n’ie	ağa enyê wirdi şi, kêy Ali ağay ard dawê, çêhêr hemê lacana	aγá ḗ̱n’ie wírdi šī, kei Áli aγaí ārd daú’e, t̮ehér hé̱me lad̮ā́na
ersauut	review_candidate	3	1	kauge-nyerib-u-hyeni:3	ersauut	erşawût	e̱ršau’út	sent			kauge-nyerib-u-hyeni:h04_l07:2	erşawût	e̱ršau’út	pêye pyêrû erşawût pêy kûçan, êspar pyêrû erşawût pêy rezan.	peíye̱ pyéru e̱ršau’út pei kút̮ān, espā́r pyéru e̱ršau’út pei ré̱zān.
eru	review_candidate	4	2	degirmenci-ve-tilki:2; uc-kardes-masali:2	eru	erû	é̱ru,; é̱ru.	earth			degirmenci-ve-tilki:mf05_l07:6	erû	é̱ru,	lwê şi gêray, arêwangçi di, gnaw erû, merdû. Lwê amêy, paşay Mıs-	lúe ši geraí, ārewāṅt̮í dī, gnau é̱ru, mé̱rdu. Lúe āmeí, pašai Mí̥s-
esker	review_candidate	5	2	kauge-nyerib-u-hyeni:3; ali-agha-ladi-kelhani:2	esker	eskêr; Eskêr	e̱skér; e̱skér; E̱skér	army; soldier			ali-agha-ladi-kelhani:a02_l07:8	eskêr	e̱skér	Dewi pyêrû amêy pyêsêr, şawê werişti, çêhêr sêy eskêr vıcyay, amêy	Dé̱wi pyéru āmeí pyesér, šaú’e we̱ríšti, t̮ehér sei e̱skér vi̥d̮iai, āmeí
eskere	review_candidate	2	2	ali-agha-ladi-kelhani:1; kauge-nyerib-u-sivani:1	eskere	êskêrê; Eskêrê	eskére; E̱skére	army			ali-agha-ladi-kelhani:a01_l09:2	êskêrê	eskére	şawê venga êskêrê xoê di, eskêri dawang wa pyêrû bêrû pyêser,	šaú’e vé̱ṅga eskére χóe di, e̱skéri daú’āṅ wa pyéru béru pyesé̱r,
eskeri	review_candidate	68	4	kauge-nyerib-u-hyeni:38; kauge-nyerib-u-sivani:21; degirmenci-ve-tilki:5; ali-agha-ladi-kelhani:4	eskeri	eskêri; Eskêri; eskêrira; Êskêri	e̱skéri; E̱skéri; e̱skéri; E̱skéri; e̱skérira; E̱sḱéri; Ē̱skéri; Eskéri	army; soldiers; RECIP			ali-agha-ladi-kelhani:a01_l09:5	eskêri	e̱skéri	şawê venga êskêrê xoê di, eskêri dawang wa pyêrû bêrû pyêser,	šaú’e vé̱ṅga eskére χóe di, e̱skéri daú’āṅ wa pyéru béru pyesé̱r,
esta	review_candidate	3	1	uc-kardes-masali:3	esta	esta; êsta	é̱sta,; está	there is			uc-kardes-masali:tb02_l07:9	êsta	está	ma çi çikarêy, şûma namêy mê nêşnaûtû, ez kê êsta ez daw, ez	ma t̮í t̮ikareí, šúma nameí me nešna’útu, e̱z ke está e̱z dau, e̱z
etia	review_candidate	8	3	uc-kardes-masali:4; goin-puhu-kusunun-hikayesi:2; kauge-nyerib-u-hyeni:2	etia	etya; etyara	e̱tía; e̱tía; e̱tía.; e̱tia; e̱tíara	here; here (modern Zazaki: itiya); ABL			goin-puhu-kusunun-hikayesi:g02_l13:5	etya	e̱tía	'hêni twêri golêkangdê nyêşwêna, ez etya nyêvêndêna.	h̔én’i túeri gōlekā́ṅde ńešuén’a, e̱z e̱tía ńevendén’a.
gai	review_candidate	11	1	uc-kardes-masali:11	gai	gay	gai; gaí	ox			uc-kardes-masali:tb03_l09:8	gay	gai	noşt, ekê enoê merdüm enoê kağit anû kêyê, gay bwêri pilaw	no̤št, é̱ke ḗ̱n’oe me̱rdṳ́m ḗ̱n’oe kaγít ā́nu keíye, gai búeri pilaú
gale	review_candidate	3	1	uc-kardes-masali:3	gale	ğalê; Ğalê	γalé; Γalé				uc-kardes-masali:tb02_l05:3	ğalê	γalé	şüma qawi enoê ğalê mê çınêni, şüma çaw vengi xoê mekiri,	šṳ́ma qaúwi ḗ̱n’oe γalé me t̮i̥nén’i, šṳ́ma t̮au vḗ̱ngi χóe mé̱kiri,
garib	review_candidate	4	2	ali-agha-ladi-kelhani:3; kauge-nyerib-u-hyeni:1	γarib; garib	ğaribana; ğarib	γaribā́na; γarib	stranger; PL; EZ/OBL; outsider			ali-agha-ladi-kelhani:a04_l08:2	ğaribana	γaribā́na	hêyşt merdümi ğaribana pyêrû mêndi wadedê. Soba Mêlay Rêsa	heišt me̱rdṳ́mi γaribā́na pyéru méndi wáde̱de. So̤bá Mél’ai Resá
ge	review_candidate	5	4	kauge-nyerib-u-sivani:2; degirmenci-ve-tilki:1; goin-puhu-kusunun-hikayesi:1; uc-kardes-masali:1	ge	gê	ge-; ǵe,	put on; go; occasion-; took-; took			degirmenci-ve-tilki:mf03_l13:4	gê	ǵe,	enoê qati kincang pêra gê, ma şyêri paşadê Mısri 'hêt.	ḗ̱n’oe qáti kind̮áṅ perá ǵe, mā šyẹ̄́ri pašáde Mí̥sri h̔et.
gelanke	review_candidate	14	3	uc-kardes-masali:9; kauge-nyerib-u-sivani:4; ali-agha-ladi-kelhani:1	gelanke	gêlankê	gelā́ṅke; gelā́ṅke; gelāṅke; gelānke	occasion			ali-agha-ladi-kelhani:a03_l12:5	gêlankê	gelā́ṅke	şyêri, ez serêy twê ena gêlankê wêna. A'hmêdi veng da va kê:	šyẹ̄́ri, e̱z sé̱rei túe ḗ̱n’a gelā́ṅke wén’a. Ah̔médi ve̱ṅg dā vā ke:
geraute	review_candidate	4	3	uc-kardes-masali:2; ali-agha-ladi-kelhani:1; degirmenci-ve-tilki:1	geraute	gêrawtê	geraúte; geraúte; geraúte,	took			ali-agha-ladi-kelhani:a04_l01:9	gêrawtê	geraúte	xoê berd zerêy şibakê, yaw xancêri zerêy şıbakêdê di gêrawtê vera,	χóe be̱rd ze̱reí šibāke, yau χand̮éri ze̱reí ši̥bā́kede dī geraúte vé̱ra,
gizmkari	review_candidate	3	1	kauge-nyerib-u-hyeni:3	gizmkari	ğızmkari	γi̥zmkā́ri	servant			kauge-nyerib-u-hyeni:h01_l05:12	ğızmkari	γi̥zmkā́ri	kê: tı çi bêni etya cit kêni. Merdümi 'Hyênêyici va kê: ez ğızmkari	ke: ti̥ t̮i bén’i e̱tia d̮it kén’i. Me̱rdṳ́mi Hʿyẹ̄́neyid̮i vā ke: e̱z γi̥zmkā́ri
gna	review_candidate	3	3	ali-agha-ladi-kelhani:1; degirmenci-ve-tilki:1; uc-kardes-masali:1	gna	gna	gnā; gnā	struck; fell; this time			ali-agha-ladi-kelhani:a04_l03:7	gna	gnā	A'hmêdi Êysan kişt, 'Hasani Kalan kişt. Kalme gna A'hmêdi pêy	Ah̔médi Eisā́n kišt, Hʿasāni Kalā́n kišt. Kā́lme̱ gnā Ah̔médi pei
golekande	review_candidate	3	1	goin-puhu-kusunun-hikayesi:3	golekande	golêkangdê	gōlekā́ṅde,; gōlekā́ṅde; golekā́ṅde.	among the cattle			goin-puhu-kusunun-hikayesi:g02_l11:5	golêkangdê	gōlekā́ṅde,	zêyndang, ez 'ha warzêna, şwêna golêkangdê, yêrêy yêna kêyê,	zeindā́ṅ, e̱z h̔ā warzén’a, šuén’a gōlekā́ṅde, yérei yén’a keíye,
golikande	review_candidate	3	1	goin-puhu-kusunun-hikayesi:3	golikande	golikangdê	gōlikā́ṅde,; gōlikā́ṅde;	among the cattle			goin-puhu-kusunun-hikayesi:g02_l03:2	golikangdê	gōlikā́ṅde;	Kêynêkê şwêna golikangdê; kêynêk rocêki yerêy golikana yêna,	Keíneke šuén’a gōlikā́ṅde; keínek rṓd̮eki yé̱rei gōlikā́na yén’a,
hadrau	review_candidate	3	2	kauge-nyerib-u-hyeni:2; kauge-nyerib-u-sivani:1	hadrau	'hadraw	h̔ādrāu,; h̔ādraú.; h̔adraú,	is ready			kauge-nyerib-u-hyeni:h04_l02:1	'hadraw	h̔ādrāu,	mê 'hadraw, mêyştê ma yêni pêy rezan. Xalef ağa 'haber erşawûtê	me h̔ādrāu, meíšte mā yén’i pei ré̱zān. Χalé̱f aγá h̔abé̱r e̱ršau’úte
hadre	review_candidate	8	3	kauge-nyerib-u-hyeni:4; kauge-nyerib-u-sivani:3; uc-kardes-masali:1	hadre	'hadre; 'hadrê	h̔adré̱; h̔ādré̱; h̔ādré; h̔adré̱; h̔adré̱	ready			kauge-nyerib-u-hyeni:h03_l01:0	'hadre	h̔adré̱	'hadre kêri, qam rocûkê 'Hyênêra 'haberê amêyê ma kawğe kêni.	h̔adré̱ kéri, qām rṓd̮uke Hʿyẹ̄́nera h̔abé̱re āmeíye mā kauγé̱ kén’i.
heist	review_candidate	4	1	ali-agha-ladi-kelhani:4	heist	hêyşt; 'hêyşt	h̔eíšt; heišt; heíšt; heíšt	eight			ali-agha-ladi-kelhani:a04_l06:4	'hêyşt	h̔eíšt	yê kişti. Dês û 'hêyşt teni merdümi ğaribi kişti. Eskêr ağayra şê,	ye kíšti. Des u h̔eíšt té̱ni me̱rdṳ́mi γarī́bi kíšti. E̱skér aγaíra šẹ̄,
helbet	review_candidate	3	1	uc-kardes-masali:3	helbet	hêlbêt	helbét	perhaps			uc-kardes-masali:tb01_l07:10	hêlbêt	helbét	va bêrar yêni: warzi, ma şyêri yalêy êna dêyştê bitini, hêlbêt	vā berār yéni: wārzi, mā šyéri yaleí én’a deíšte bitíni, helbét
hemam	review_candidate	4	2	degirmenci-ve-tilki:2; uc-kardes-masali:2	hemam	'hemam; 'hêmam; 'hêmamra	h̔é̱m’ām,; h̔e̱m’ām,; h̔emám,; h̔emā́mra	bath; ABL			degirmenci-ve-tilki:mf03_l12:5	'hemam	h̔é̱m’ām,	şadê Mısri wayştê, warzê, şwê 'hemam, xoê bışû, temiz kê, byê,	šáde Mi̥sri waíšte, wárze, šúe h̔é̱m’ām, χóe bi̥šú, te̱míz ke, bye,
heni	review_candidate	3	2	goin-puhu-kusunun-hikayesi:2; uc-kardes-masali:1	heni	'hêni; hêni	h̔én’i; hén’ī	again			goin-puhu-kusunun-hikayesi:g02_l13:0	'hêni	h̔én’i	'hêni twêri golêkangdê nyêşwêna, ez etya nyêvêndêna.	h̔én’i túeri gōlekā́ṅde ńešuén’a, e̱z e̱tía ńevendén’a.
henzari	review_candidate	3	1	kauge-nyerib-u-hyeni:3	henzari	hênzari	henzā́ri; henzāri,; henzā́ri.	thousand			kauge-nyerib-u-hyeni:h07_l01:10	hênzari	henzā́ri	Daqma beg şê, eskêr toplê kêrd, 'hêta vist roc çêhêr hênzari	Dáqma be̱g šẹ̄, e̱skér tōple kerd, h̔éta vīst rōd̮ t̮ehér henzā́ri
het	review_candidate	14	5	uc-kardes-masali:7; degirmenci-ve-tilki:3; ali-agha-ladi-kelhani:2; goin-puhu-kusunun-hikayesi:1; kauge-nyerib-u-hyeni:1	het	'hêt; 'het	h̔ēt,; h̔et,; h̔et.; h̔e̱t,; h̔e̱t; h̔ēt.; h̔e̱t.	side; to			ali-agha-ladi-kelhani:a02_l08:2	'hêt	h̔ēt.	Qasim ağa 'hêt. Qasim ağa werişt bê aspar, kawta eskêri vêr,	Qasím aγá h̔ēt. Qasím aγá we̱ríšt be aspā́r, kaúta e̱skéri ver,
hetake	review_candidate	3	2	kauge-nyerib-u-hyeni:2; kauge-nyerib-u-sivani:1	hetake	'hetakê; hetakê	h̔é̱take; he̱táke	as long as			kauge-nyerib-u-hyeni:h04_l15:1	'hetakê	h̔é̱take	ağa, 'hetakê ma nyêmiri ma nyêverdani tê, şyêri kawğe. Xalef ağa	aγá, h̔é̱take mā ńémiri mā ńeve̱rdā́ni te, šyẹ̄́ri kauγé̱. Χalé̱f aγá
hete	review_candidate	9	2	uc-kardes-masali:7; ali-agha-ladi-kelhani:2	hete	'hêtê; hetê; 'hetê	h̔ēte; hé̱te; h̔é̱te	with; side			ali-agha-ladi-kelhani:a02_l10:5	hetê	hé̱te	Qasim ağa şi Ali ağay hetê ronişt va kê: ağa, ez ama twêra ric	Qasím aγá ši Áli aγaí hé̱te rōníšt vā ke: aγá, e̱z amá túera rīd̮
hiris	review_candidate	4	1	ali-agha-ladi-kelhani:4	hiris	hiris; Hiris	híris; Híris	thirty			ali-agha-ladi-kelhani:a01_l02:9	hiris	híris	Ali ağay Narbyêş. Ali ağa çêhêr dawang da pyêrû, hiris û çêhêr	Áli aγaí Nārbyẹ̄́š. Áli aγá t̮ehér daú’āṅ dā pyérū, híris u t̮ehér
hyeris	review_candidate	2	2	gespraech-mit-hassan:1; kauge-nyerib-u-hyeni:1	hyeris	Hyêris	Hyéris; Hyéris	thirty			gespraech-mit-hassan:h01_l06:0	Hyêris	Hyéris	Hyêris û çêhêr dewi aşirêta mai.	Hyéris u t̮ehér dé̱wi ašíreta mā́’i.
izmi	review_candidate	5	3	degirmenci-ve-tilki:2; kauge-nyerib-u-hyeni:2; uc-kardes-masali:1	izmi	izmi	ī́zmi; ī́zmí	permission			degirmenci-ve-tilki:mf02_l12:1	izmi	ī́zmi	êfêndim: izmi mê bıdê, ez twêri vaca. Paşay Mısri izmi lûê da.	eféndim: ī́zmi me bi̥dé, e̱z túeri vā́d̮a. Pašaí Mi̥sri ī́zmi lú’e dā.
ka	review_candidate	4	2	kauge-nyerib-u-sivani:2; uc-kardes-masali:2	ka	ka	ka-; ka; ka,	would			kauge-nyerib-u-sivani:s05_l14:2	ka	ka	nyêdani, ez ka pêynyay dawani Nyêribi veşna, heminê taalan ka, çım-	ńedā́ni, e̱z ka peińai dauā́ni Ńeríbi vé̱šna, hé̱mine tá’alan ka, t̮i̥m-
kagit	review_candidate	17	1	uc-kardes-masali:17	kagit	kağit	kaγít				uc-kardes-masali:tb03_l01:5	kağit	kaγít	maci yêri. Dyaw werişt, yaw kağit noşt, da 'Hasanêkira, va kê:	mā́d̮i yẹ̄́rí. D́au we̱ríšt, yau kaγít no̤št, dā H̔asanékira, vā ke:
kagiti	review_candidate	3	1	uc-kardes-masali:3	kagiti	kağiti	kaγíti				uc-kardes-masali:tb03_l05:9	kağiti	kaγíti	dı saati şê, kağit akerd, wengd, awnya kê, dyewi kağiti noştû ekê	di̥ sá’ati šẹ̄, kaγít āké̱rd, we̱ṅd, auńā́ ke, d́é̱wi kaγíti nó̤štu é̱ke
kaugau	review_candidate	5	1	kauge-nyerib-u-hyeni:5	kaugau	kawğaw	kauγaú.; kauγaú,	fought			kauge-nyerib-u-hyeni:h03_l04:2	kawğaw	kauγaú.	kawğe ma kawğaw.	ḱauγé̱ mā kauγaú.
kauta	review_candidate	7	4	ali-agha-ladi-kelhani:2; kauge-nyerib-u-hyeni:2; kauge-nyerib-u-sivani:2; uc-kardes-masali:1	kauta	kawta	kaúta; kaúta,; kaúta; kautá	went			ali-agha-ladi-kelhani:a02_l08:8	kawta	kaúta	Qasim ağa 'hêt. Qasim ağa werişt bê aspar, kawta eskêri vêr,	Qasím aγá h̔ēt. Qasím aγá we̱ríšt be aspā́r, kaúta e̱skéri ver,
keife	review_candidate	3	2	gespraech-mit-hassan:2; uc-kardes-masali:1	keife	Kêyfê; kêyfê	Keífe; keífe	condition; wherever			gespraech-mit-hassan:h01_l01:0	Kêyfê	Keífe	Kêyfê twê sênyênû?	Keífe túe seńén’u?
keinek	review_candidate	9	1	goin-puhu-kusunun-hikayesi:9	keinek	Kêynêk; kêynêk; kêynêkra	Keínek; keínek; keínekra	girl; RECIP			goin-puhu-kusunun-hikayesi:g02_l03:3	kêynêk	keínek	Kêynêkê şwêna golikangdê; kêynêk rocêki yerêy golikana yêna,	Keíneke šuén’a gōlikā́ṅde; keínek rṓd̮eki yé̱rei gōlikā́na yén’a,
keineke	review_candidate	5	1	goin-puhu-kusunun-hikayesi:5	keineke	kêynêkê; Kêynêkê	keíneke; Keíneke; keíneke,	the girl			goin-puhu-kusunun-hikayesi:g02_l03:0	Kêynêkê	Keíneke	Kêynêkê şwêna golikangdê; kêynêk rocêki yerêy golikana yêna,	Keíneke šuén’a gōlikā́ṅde; keínek rṓd̮eki yé̱rei gōlikā́na yén’a,
kerdini	review_candidate	2	2	kauge-nyerib-u-hyeni:1; kauge-nyerib-u-sivani:1	kerdini	kêrdini	kerdíni.; kerdíni,	was doing; you fought			kauge-nyerib-u-hyeni:h01_l03:9	kêrdini	kerdíni.	amê zımêy 'Hyêni. Yaw merdüm 'Hyênêyic zımecê xoêri cit kêrdini.	āmé zi̥meí Hʿyẹ̄́ni. Yau me̱rdṳ́m Hʿyẹ̄́neyid̮ zi̥mé̱d̮e χóeri d̮it kerdíni.
keri	review_candidate	3	3	goin-puhu-kusunun-hikayesi:1; kauge-nyerib-u-hyeni:1; kauge-nyerib-u-sivani:1	keri	kêri	kéri.; kéri,; kéri	-army; make			goin-puhu-kusunun-hikayesi:g04_l09:1	kêri	kéri.	goinê kêri. Awca bi yaw goinê, fêrayê, şi.	gō’íne kéri. Aúd̮a bī yau gō’íne, ferā́ye, šī.
kidi	review_candidate	6	1	uc-kardes-masali:6	kidi	kıci	ki̥d̮i; kí̥d̮i	small			uc-kardes-masali:tb01_l01:9	kıci	ki̥d̮i	Cayki bi çi nyêbi, hiryê bêrai bi, namêy bêray kıci 'Hasanêk,	D̮aíkí bī t̮í ńébī, hī́rye berá’i bī, nameí beraí ki̥d̮i Hʿasanék,
kindan	review_candidate	3	1	degirmenci-ve-tilki:3	kindan	kincang; kincan	kind̮áṅ; kind̮ā́n	clothes			degirmenci-ve-tilki:mf03_l07:2	kincang	kind̮áṅ	yaw qati kincang bıdê mê, ez bêna çêmçaqû paşari, wa pêra gû;	yau qáti kind̮áṅ bi̥dé me, e̱z bén’a t̮emt̮aqú pašári, wa perá ǵu;
kunagi	review_candidate	3	3	degirmenci-ve-tilki:1; kauge-nyerib-u-hyeni:1; uc-kardes-masali:1	kunagi	kûnaği	kunáγi	before			degirmenci-ve-tilki:mf04_l08:2	kûnaği	kunáγi	paşa berd kûnaği paşay Mısri, fintoêra amêy war, lwê desti yê te-	pašá be̱rd kunáγi pašaí Mí̥sri, fintṓera āmeí war, lúe dé̱sti ye te̱-
la	review_candidate	5	4	degirmenci-ve-tilki:2; goin-puhu-kusunun-hikayesi:1; kauge-nyerib-u-sivani:1; uc-kardes-masali:1	la	la	la; la-	but-; flood			degirmenci-ve-tilki:mf03_l01:3	la	la	paşay bê, pyêrû la seri berd, ez twêri cinê pyêrû la seri berdi,	pašaí be, pyéru la sé̱ri be̱rd, e̱z túeri d̮íne pyéru la sé̱ri bé̱rdi,
lad	review_candidate	21	4	ali-agha-ladi-kelhani:9; kauge-nyerib-u-sivani:6; goin-puhu-kusunun-hikayesi:3; uc-kardes-masali:3	lad	laci; lacana; Laci; lacan; lac; lacêkû	Lā́d̮i; lā́d̮i; lad̮ā́na; lā́d̮i; lád̮ān; lād̮ā́na,; lā́d̮āna; lād̮	son; EZ/GEN; PL; EZ/OBL; boy; son/boy; DIM/one; OBL			ali-agha-ladi-kelhani:a01_l01:2	laci	lā́d̮i	Ali ağa laci Kêlhani mirêy na'hêy Karbegani. Namêy daway	Áli aγá lā́d̮i Kelháni mírei nah̔eí Karbe̱gā́ni. Nameí daú’ai
ladeki	review_candidate	5	1	goin-puhu-kusunun-hikayesi:5	ladeki	lacêki	lā́d̮eki; lā́d̮eki	of the boy			goin-puhu-kusunun-hikayesi:g03_l05:3	lacêki	lā́d̮eki	zıbil wêlê kêrda lacêki ser. Bawki kêynêk amêy kêyê, cênyay	zi̥bíl wél’e kérda lā́d̮eki se̱r. Baúki keínek āmeí keíye, d̮éniai
ladim	review_candidate	3	1	uc-kardes-masali:3	ladim	lacim	lā́d̮im,; lā́d̮im.	my son			uc-kardes-masali:tb04_l10:6	lacim	lā́d̮im,	pawcêna, ana. Dyewi 'Hasanêkira va kê: lacim, tê vengi xoê mekê,	paud̮én’a, ā́na. D́é̱wi H̔asanékira va ke: lā́d̮im, te vé̱ṅgi χóe mé̱ke,
lau	review_candidate	2	2	degirmenci-ve-tilki:1; uc-kardes-masali:1	lau	law	lau; lau-	mouth; lips			degirmenci-ve-tilki:mf05_l01:1	law	lau	warzê, law lingêrû. Çêmçaqû paşa va kê lwêra: nêkay paşay Mışri	wárze, lau língeru. T̮emt̮aqú pašá vā ke lúera: nekaí pašai Mí̥šri
launa	review_candidate	6	2	kauge-nyerib-u-sivani:4; kauge-nyerib-u-hyeni:2	launa	lawna	launā́; launā	kissed			kauge-nyerib-u-hyeni:h09_l08:3	lawna	launā	Daqma beg şê, lawna Xalef ağay lingêrû, Xalef ağay lawna Daqma	Dáqma be̱g šẹ̄, launā Χalé̱f aγái língeru, Χalé̱f aγái launā Dáqma
legei	review_candidate	3	1	degirmenci-ve-tilki:3	legei	lêğêy	leγeí.; leγeí,				degirmenci-ve-tilki:mf03_l08:7	lêğêy	leγeí,	'hata dı rodi eskêri xoê mevêcê sêlam lêğêy, 'heta çêmçaqû paşa	h̔ā́t’a di̥ rōdi e̱skéri χóe mé̱ved̮e selám leγeí, h̔é̱t’a t̮emt̮aqú pašá
lingeru	review_candidate	4	3	kauge-nyerib-u-sivani:2; degirmenci-ve-tilki:1; kauge-nyerib-u-hyeni:1	lingeru	lingêrû	língeru.; língeru,; líṅgeru; líṅgeru,	feet			degirmenci-ve-tilki:mf05_l01:2	lingêrû	língeru.	warzê, law lingêrû. Çêmçaqû paşa va kê lwêra: nêkay paşay Mışri	wárze, lau língeru. T̮emt̮aqú pašá vā ke lúera: nekaí pašai Mí̥šri
male	review_candidate	3	2	kauge-nyerib-u-sivani:2; kauge-nyerib-u-hyeni:1	male	malê	mā́le; mā́le	house			kauge-nyerib-u-hyeni:h02_l10:9	malê	mā́le	Nyêribû kic, Dêyştêy 'Henzi wa mûqaytê xoê bi, wa malê xoê byê,	Ńeríbu kid̮, Deíštei Hʿé̱nzi wa muqaíte χóe bi, wa mā́le χóe bye,
maulet	review_candidate	3	1	kauge-nyerib-u-hyeni:3	maulet	mawlêt	maulét; maulét,	respite			kauge-nyerib-u-hyeni:h06_l09:0	mawlêt	maulét	mawlêt bıdê mê. Xalef ağa va kê: 'haici, wa twêri vist roc mawlêt,	maulét bi̥dé me. Χalé̱f aγá vā ke: h̔á’id̮i, wa túeri vīst rōd̮ maulét,
medi	review_candidate	2	2	kauge-nyerib-u-hyeni:1; kauge-nyerib-u-sivani:1	medi	medi; mêdi	mé̱di,; médi	do not let; -Ahmed			kauge-nyerib-u-hyeni:h05_l08:5	medi	mé̱di,	çewi eskêri Daqma begi vêra medi, heminê bıkşi. Eskêri Xalef	t̮é̱wi e̱skéri Dáqma bé̱gi véra mé̱di, hé̱mine bi̥kší. E̱skéri Χalé̱f
meiste	review_candidate	8	2	kauge-nyerib-u-hyeni:6; kauge-nyerib-u-sivani:2	meiste	mêyştê	meíšte	tomorrow			kauge-nyerib-u-hyeni:h03_l08:9	mêyştê	meíšte	erşawûtê 'Hyênê Daqma begiri va kê: roci pangcinê, nyê mêyştê byê,	e̱ršau’úte Hʿyẹ̄́ne Dáqma bé̱giri vā ke: rōd̮i paṅd̮íne, ńe meíšte bye,
meitani	review_candidate	3	1	kauge-nyerib-u-hyeni:3	meitani	mêytani	meitāni; meítāni	dead bodies			kauge-nyerib-u-hyeni:h09_l02:3	mêytani	meitāni	pyêrû kişyay, byê mêytani xoê berê, mêytani mê waderê çawdê	pyéru kišyái, bye meitāni χóe bé̱re, meitāni me wáde̱re t̮aúde
merdu	review_candidate	3	2	degirmenci-ve-tilki:2; goin-puhu-kusunun-hikayesi:1	merdu	merdû	mé̱rdu.; mé̱rdu.	died			degirmenci-ve-tilki:mf05_l07:7	merdû	mé̱rdu.	lwê şi gêray, arêwangçi di, gnaw erû, merdû. Lwê amêy, paşay Mıs-	lúe ši geraí, ārewāṅt̮í dī, gnau é̱ru, mé̱rdu. Lúe āmeí, pašai Mí̥s-
merduomi	review_candidate	2	2	ali-agha-ladi-kelhani:1; uc-kardes-masali:1	merduomi	merdwomi	mē̱rduó̤mi; me̱rduómi	people			ali-agha-ladi-kelhani:a03_l09:6	merdwomi	mē̱rduó̤mi	lacan bıkşi; hêma dês û hêyşti merdwomi ğaribi yênê 'hetê esti,	lád̮ān bi̥kší; hém’a des u heíšti mē̱rduó̤mi γarī́bi yéne h̔é̱te é̱sti,
mide	review_candidate	3	1	kauge-nyerib-u-hyeni:3	mide	mıdê	mí̥de; mí̥de	with			kauge-nyerib-u-hyeni:h01_l07:10	mıdê	mí̥de	va kê: Mêla Hasêyni Mûğara xoêra cişmêni mênû, wexti piriki mıdê	vā ke: Mél’a Haseíni Muγará χóera d̮išmeni ménu, wé̱χti pī́riki mí̥de
min	review_candidate	2	2	kauge-nyerib-u-hyeni:1; uc-kardes-masali:1	min	min	min	1SG			kauge-nyerib-u-hyeni:h01_l08:3	min	min	yaw ğızmkari piriki min kiştû, ez êyroê 'hêyfi twêra gênû. Merdümi	yau γi̥zmkā́ri pī́riki min kíštu, e̱z eíroe h̔eífi túera ǵén’u. Me̱rdṳ́mi
mina	review_candidate	4	1	uc-kardes-masali:4	mina	mina; mına	mína; mí̥na	my			uc-kardes-masali:tb03_l10:6	mına	mí̥na	ver kê, emşoê 'Hasanêk wa kêynay mına pilê 'het ra kû, sêba mıri	ve̱r ke, ḗ̱mšoe H̔asanék wa keínai mí̥na píle h̔e̱t rā ku, sebā́ mí̥ri
misr	review_candidate	3	1	degirmenci-ve-tilki:3	misr	Mısr	Mi̥sr,; Mí̥sr	Egypt			degirmenci-ve-tilki:mf02_l10:3	Mısr	Mi̥sr,	Lûê weriştê, şyê Mısr, şi paşay Mısr 'hêt, temênê kêrd. Pa-	Lú’e we̱ríšte, šíe Mi̥sr, šī pašai Mí̥sr h̔et, té̱mene kerd. Pa-
muqaite	review_candidate	3	1	kauge-nyerib-u-hyeni:3	muqaite	mûqaytê	muqaíte	on guard			kauge-nyerib-u-hyeni:h02_l07:9	mûqaytê	muqaíte	kê: ğızmkari Mêla 'Hasêyni Mûğeraw. Xalef ağa va kê: mûqaytê	ke: γi̥zmkā́ri Mél’a Hʿaseíni Muγe̱raú. Χalé̱f aγá vā ke: muqaíte
na	review_candidate	12	4	uc-kardes-masali:6; kauge-nyerib-u-hyeni:4; goin-puhu-kusunun-hikayesi:1; kauge-nyerib-u-sivani:1	na	na; nya	nā; ńa; nā.; ńa,; nā.; na,	ended; not			goin-puhu-kusunun-hikayesi:g03_l02:1	nya	ńa,	sağê nya, 'hêyrkê mê bêray twê nyêdi, nyê ez vêndêna, nyê tı vındê.	sáγe ńa, h̔eirke me beraí túe ńédī, ńe e̱z vendén’a, ńe ti̥ ví̥nde.
namau	review_candidate	3	2	goin-puhu-kusunun-hikayesi:2; kauge-nyerib-u-sivani:1	namau	nyamaw	ńāmaú; ńāmaú,; ńāmaú,	did not come; ordered			goin-puhu-kusunun-hikayesi:g02_l12:10	nyamaw	ńāmaú	ekê bêray mê amaw, ez zana weşû, 'hêyrkê bêray mê nyamaw ez	é̱k’e beraí me āmaú, e̱z zā́na wé̱šu, h̔eirke beraí me ńāmaú e̱z
namei	review_candidate	9	4	uc-kardes-masali:5; gespraech-mit-hassan:2; ali-agha-ladi-kelhani:1; degirmenci-ve-tilki:1	namei	namêy; Namêy	nameí; Nāmeí; Nameí; nāmeí	name			ali-agha-ladi-kelhani:a01_l01:7	Namêy	Nameí	Ali ağa laci Kêlhani mirêy na'hêy Karbegani. Namêy daway	Áli aγá lā́d̮i Kelháni mírei nah̔eí Karbe̱gā́ni. Nameí daú’ai
nan	review_candidate	4	1	uc-kardes-masali:4	nan	nang	nāṅ	food			uc-kardes-masali:tb04_l05:4	nang	nāṅ	kêynay kûtıki senyyê enoê nang 'hadre kerdû, daw twê, twê enoê	keínai kuti̥ki sé̱ń’ie ḗ̱n’oe nāṅ h̔adré̱ ké̱rdu, dau túe, túe ḗ̱n’oe
ne	review_candidate	40	7	kauge-nyerib-u-hyeni:17; ali-agha-ladi-kelhani:7; kauge-nyerib-u-sivani:7; uc-kardes-masali:4; degirmenci-ve-tilki:2; goin-puhu-kusunun-hikayesi:2; gespraech-mit-hassan:1	ne-; ne	nyê; nyêvêrdana; nê; nyêşyêna; nyêdana; nyêkêna; nyêmiri; nyêbê	ńešyén’a; ńeverdā́na,; ńe; ńe; ńémiri; ne-; ńébe,; ńegeraút.	NEG; spare/leave; not; be; give; now; die; be able			ali-agha-ladi-kelhani:a01_l03:5	nyêbê	ńébe,	kişti. Çawdi Ali ağay çi nyêbê, çewi desti Ali ağay nyêgêrawt. Ali	kíšti. T̮aúdi Áli aγaí t̮i ńébe, t̮é̱wi dé̱sti Áli aγaí ńegeraút. Áli
nebi	review_candidate	2	2	degirmenci-ve-tilki:1; uc-kardes-masali:1	nebi	nyêbi	ńébī,	there was not; was not			degirmenci-ve-tilki:mf01_l01:3	nyêbi	ńébī,	Cayki bi çi nyêbi, yaw Alah bê, yaw arêwangçi bê. Ariş tê'h-	D̮aíki bī t̮i ńébī, yau Aláh bẹ̄, yau ārewāṅt̮í bẹ̄. Āríš tēh̔-
nedi	review_candidate	3	2	uc-kardes-masali:2; goin-puhu-kusunun-hikayesi:1	nedi	nyêdi	ńédī,; ńédi.; ńédī.	did not see			goin-puhu-kusunun-hikayesi:g03_l02:6	nyêdi	ńédī,	sağê nya, 'hêyrkê mê bêray twê nyêdi, nyê ez vêndêna, nyê tı vındê.	sáγe ńa, h̔eirke me beraí túe ńédī, ńe e̱z vendén’a, ńe ti̥ ví̥nde.
nemad	review_candidate	2	2	degirmenci-ve-tilki:1; goin-puhu-kusunun-hikayesi:1	nemad	nêmac	nemā́d̮; nemā́d̮	prayer			degirmenci-ve-tilki:mf05_l03:6	nêmac	nemā́d̮	nê, şwê, dêsmaç bigi, byê zerê, nêmac bıkê. Arêwangçi va kê	ne, šúe, desmā́t̮ bigí, bye zé̱re, nemā́d̮ bi̥ké. Ārewāṅt̮í vā ke
neribu	review_candidate	4	1	kauge-nyerib-u-hyeni:4	neribu	Nyêribû	Ńeríbu; Ńeríbu,	to Nerib			kauge-nyerib-u-hyeni:h02_l10:0	Nyêribû	Ńeríbu	Nyêribû kic, Dêyştêy 'Henzi wa mûqaytê xoê bi, wa malê xoê byê,	Ńeríbu kid̮, Deíštei Hʿé̱nzi wa muqaíte χóe bi, wa mā́le χóe bye,
nesnautu	review_candidate	2	2	degirmenci-ve-tilki:1; uc-kardes-masali:1	nesnautu	nyêsnaûtû; nêşnaûtû	ńesna’útu.; nešna’útu,	I have not heard; do not know			degirmenci-ve-tilki:mf03_l06:5	nyêsnaûtû	ńesna’útu.	wejirû, mê namêy çêmçêqû paşay nyêsnaûtû. Lûê va kê: êfêndim,	we̱žī́ru, me nameí t̮emt̮eqú pašai ńesna’útu. Lú’e vā ke: eféndim,
nezana	review_candidate	3	2	degirmenci-ve-tilki:2; goin-puhu-kusunun-hikayesi:1	nezana	nyêzana	ńézana; ńézāna; ńezā́na	does not know; I do not know			degirmenci-ve-tilki:mf05_l06:2	nyêzana	ńézana	maç bigêrû, nyêzana rayêr qancaw. Lwê paût, arêwangçi nyawme,	mā́t̮ biǵeru, ńézana rayér qānd̮aú. Lúe pa’út, ārewāṅt̮í ńaúme̱,
nost	review_candidate	5	1	uc-kardes-masali:5	nost	noşt	no̤št,; no̤št:; nošt,; nöšt,	wrote			uc-kardes-masali:tb03_l01:6	noşt	no̤št,	maci yêri. Dyaw werişt, yaw kağit noşt, da 'Hasanêkira, va kê:	mā́d̮i yẹ̄́rí. D́au we̱ríšt, yau kaγít no̤št, dā H̔asanékira, vā ke:
nostu	review_candidate	5	1	uc-kardes-masali:5	nostu	noştû	nó̤štu; no̤štu; no̤štu,; nó̤štu.; nó̤štu:	wrote			uc-kardes-masali:tb03_l05:10	noştû	nó̤štu	dı saati şê, kağit akerd, wengd, awnya kê, dyewi kağiti noştû ekê	di̥ sá’ati šẹ̄, kaγít āké̱rd, we̱ṅd, auńā́ ke, d́é̱wi kaγíti nó̤štu é̱ke
pand	review_candidate	3	3	ali-agha-ladi-kelhani:1; degirmenci-ve-tilki:1; gespraech-mit-hassan:1	pand	pangc; pangd	pāṅd; paṅd̮; pāṅd̮	five			ali-agha-ladi-kelhani:a02_l09:6	pangd	pāṅd	amêy Ğêytê, Ğêytêra sêytê gêrawt, bi pangd sêytê şi Ali ağay 'het.	āmeí Γeíte, Γeítera seíte geraút, bi pāṅd seíte ši Áli aγaí h̔e̱t.
pasa	review_candidate	11	1	degirmenci-ve-tilki:11	pasa	paşa; Paşa	pašá; Pašá; pašá,	pasha			degirmenci-ve-tilki:mf03_l03:9	paşa	pašá	lingê, mê enoê dest tepişt awkêra vecyaya tebêr, çêmçêqû paşa	líṅge, me ḗ̱n’oe de̱st te̱píšt aúkera ve̱d̮iáya te̱bér, t̮emt̮equ pašá
pasade	review_candidate	4	1	degirmenci-ve-tilki:4	pasade	paşadê	pašáde	of the pasha			degirmenci-ve-tilki:mf02_l04:5	paşadê	pašáde	vera dê, ez twêri kêynay paşadê Mısri wazêna. Arêwangçi va	ve̱rā́ de, e̱z túeri keínai pašáde Mí̥sri wazén’a. Ārewāṅt̮í vā
pasai	review_candidate	20	1	degirmenci-ve-tilki:20	pasai	paşay; Paşay	pašai; pašaí; Pašaí; Pašai	pasha			degirmenci-ve-tilki:mf02_l10:5	paşay	pašai	Lûê weriştê, şyê Mısr, şi paşay Mısr 'hêt, temênê kêrd. Pa-	Lú’e we̱ríšte, šíe Mi̥sr, šī pašai Mí̥sr h̔et, té̱mene kerd. Pa-
peinai	review_candidate	4	1	kauge-nyerib-u-sivani:4	peinai	pêynyay	peíńai; peíńai; peińai	all			kauge-nyerib-u-sivani:s02_l14:1	pêynyay	peíńai	ma pêynyay dawani Nyêribi veşnêni. Avdûlah ağay 'habêr erşawûtê	mā peíńai dauā́ni Ńeríbi ve̱šnén’i. Avdúl’ah aγái h̔abér e̱ršau’úte
peini	review_candidate	3	3	ali-agha-ladi-kelhani:1; goin-puhu-kusunun-hikayesi:1; kauge-nyerib-u-hyeni:1	peini	pêynıdê	peíni̥de	end; LOC/TEMP			ali-agha-ladi-kelhani:a03_l03:6	pêynıdê	peíni̥de	bawni, xalo, tê çêkani ma bêni, pêynıdê tê xain vêci, ez twê kı-	baúni, χálō, te t̮ékāni mā bén’i, peíni̥de te χa’ín ved̮í, e̱z túe ki̥-
pera	review_candidate	3	1	degirmenci-ve-tilki:3	pera	pêra	perá; perá,	on			degirmenci-ve-tilki:mf03_l07:10	pêra	perá	yaw qati kincang bıdê mê, ez bêna çêmçaqû paşari, wa pêra gû;	yau qáti kind̮áṅ bi̥dé me, e̱z bén’a t̮emt̮aqú pašári, wa perá ǵu;
pile	review_candidate	3	1	uc-kardes-masali:3	pile	pilê	pī́le; píle	oldest			uc-kardes-masali:tb03_l10:7	pilê	píle	ver kê, emşoê 'Hasanêk wa kêynay mına pilê 'het ra kû, sêba mıri	ve̱r ke, ḗ̱mšoe H̔asanék wa keínai mí̥na píle h̔e̱t rā ku, sebā́ mí̥ri
qabas	review_candidate	4	1	uc-kardes-masali:4	qabas	qabas; Qabas	Qabás; qabā́s; qabās	captain			uc-kardes-masali:tb08_l09:6	qabas	qabā́s	ban 'hêmamra vet gêrawt berd têslimê qabas başira va kê: enoê	bán h̔emā́mra ve̱t geraút be̱rd teslī́me qabā́s bašíra vā ke: ḗ̱n’oe
qaifeti	review_candidate	5	1	uc-kardes-masali:5	qaifeti	qayfeçi; qayfêçira; Qayfeçi; qayfetira; Qayfeti	qaife̱t̮í; qaifet̮íra:; Qaife̱t̮í; qaife̱tíra; Qaife̱tí	coffeehouse keeper; RECIP			uc-kardes-masali:tb07_l11:2	qayfeçi	qaife̱t̮í	berd yaw qayfeçi 'hêtê ver da. 'Hasanêki va kê qayfêçira: ağa,	be̱rd yau qaife̱t̮í h̔ēte ve̱r dā. H̔asanéki vā ke qaifet̮íra: aγá,
qamek	review_candidate	4	2	degirmenci-ve-tilki:3; kauge-nyerib-u-hyeni:1	qamek	qamêk	qā́mek; qāmek; qā́meḱ	some; whoever			degirmenci-ve-tilki:mf04_l05:3	qamêk	qā́mek	sêlam bêdû. Eskêri qamêk va: enoê delû, enoê dêlû; qamêk va:	selám bedú. E̱skéri qā́mek vā: ḗ̱n’oe dé̱lu, ḗ̱n’oe délu; qā́mek vā:
qamuk	review_candidate	3	1	kauge-nyerib-u-hyeni:3	qamuk	qamûk	qā́muk	some			kauge-nyerib-u-hyeni:h05_l03:3	qamûk	qā́muk	êspar kay kênû, qamûk byû pêye, qamûk na wênû, qamûk govêndi	espā́r kai kén’u, qā́muk byu peíye̱, qā́muk nā wén’u, qā́muk gōvéndi
qati	review_candidate	3	1	degirmenci-ve-tilki:3	qati	qati	qáti	set			degirmenci-ve-tilki:mf03_l07:1	qati	qáti	yaw qati kincang bıdê mê, ez bêna çêmçaqû paşari, wa pêra gû;	yau qáti kind̮áṅ bi̥dé me, e̱z bén’a t̮emt̮aqú pašári, wa perá ǵu;
qauwi	review_candidate	4	2	goin-puhu-kusunun-hikayesi:2; uc-kardes-masali:2	qauwi	qawi	qaúwi; qaúwi	surely; why			goin-puhu-kusunun-hikayesi:g03_l06:4	qawi	qaúwi	xoêra va kê: twê qawi laci mê kiştû, way cêy bi şewi 'hawni xoê-	χóera vā ke: túe qaúwi lā́d̮i me kíštu, wai d̮ei bi še̱wi h̔aúni χóe-
raut	review_candidate	2	2	kauge-nyerib-u-sivani:1; uc-kardes-masali:1	raut	rawt	raút,; raút,	took			kauge-nyerib-u-sivani:s06_l04:0	rawt	raút,	rawt, şi kêyê. Têrêk na.	raút, šī keíye. Térek nā.
rayer	review_candidate	3	2	uc-kardes-masali:2; degirmenci-ve-tilki:1	rayer	rayêr	rayér; rayér,	road; way			degirmenci-ve-tilki:mf05_l06:3	rayêr	rayér	maç bigêrû, nyêzana rayêr qancaw. Lwê paût, arêwangçi nyawme,	mā́t̮ biǵeru, ńézana rayér qānd̮aú. Lúe pa’út, ārewāṅt̮í ńaúme̱,
rema	review_candidate	2	2	kauge-nyerib-u-hyeni:1; kauge-nyerib-u-sivani:1	rema	rêma; rema	remā́.; re̱mā́,	fled			kauge-nyerib-u-hyeni:h05_l11:8	rêma	remā́.	têni eskêri Daqma begira kişti, eskêri Daqma begi rêma. Eskêri	tén’i e̱skéri Dáqma bé̱gira kíšti, e̱skéri Dáqma bé̱gi remā́. E̱skéri
rez	review_candidate	5	2	kauge-nyerib-u-hyeni:4; gespraech-mit-hassan:1	rez	rezan; rez	re̱z; ré̱zān.; ré̱zān.; re̱zā́n	vineyard; PL; vine			gespraech-mit-hassan:h02_l12:1	rez	re̱z	nariyêr, rez êsti.	nāriyér, re̱z ésti.
rind	review_candidate	3	3	ali-agha-ladi-kelhani:1; degirmenci-ve-tilki:1; uc-kardes-masali:1	rind	rınd; rınyd	ri̥nd; ri̥ńd	good; fine			ali-agha-ladi-kelhani:a02_l01:3	rınd	ri̥nd	Weşini va kê: rınd bênû, ma şyêri Ali ağay byari bıkşi. Ağalê-	We̱šíni vā ke: ri̥nd bén’u, mā šyẹ̄́ri Áli aγaí biári bi̥kší. Aγale-
rod	review_candidate	7	3	kauge-nyerib-u-hyeni:5; degirmenci-ve-tilki:1; kauge-nyerib-u-sivani:1	rod	roc; Roc	rōd̮; Rōd̮; rōd̮,	day(s); day; days			degirmenci-ve-tilki:mf01_l02:1	Roc	Rōd̮	nayni. Roc yêkê beri ari qafêlna şê kêyê, şawê kêyê ra kawt,	naíni. Rōd̮ yéke bé̱ri ārí qáfelnā šẹ̄ keíye, šaú’e keíye rā kaut,
ronist	review_candidate	2	2	ali-agha-ladi-kelhani:1; kauge-nyerib-u-hyeni:1	ronist	ronişt	rōníšt; rōníšt.	sat down; sat			ali-agha-ladi-kelhani:a02_l10:6	ronişt	rōníšt	Qasim ağa şi Ali ağay hetê ronişt va kê: ağa, ez ama twêra ric	Qasím aγá ši Áli aγaí hé̱te rōníšt vā ke: aγá, e̱z amá túera rīd̮
roseni	review_candidate	3	1	gespraech-mit-hassan:3	roseni	roşêni	rōšén’i?; rōšén’i,; rōšén’i.	we stay			gespraech-mit-hassan:h03_l04:3	roşêni	rōšén’i?	Şüma zozangdê karaçaciridê roşêni?	Šṳ́ma zozā́ṅde karat̮ad̮íride rōšén’i?
saati	review_candidate	3	2	uc-kardes-masali:2; kauge-nyerib-u-hyeni:1	saati	saati	sá’ati; sā’ati	hours			kauge-nyerib-u-hyeni:h08_l09:5	saati	sā’ati	Daqma begi, kawti temya, dı saati kawğe kerd, pêynıdê	Dáqma bé̱gi, kaúti te̱myá, di̥ sā’ati kauγé̱ ke̱rd, peíni̥de
sabani	review_candidate	3	1	uc-kardes-masali:3	sabani	Şabani; Şabanira	Šabánira; Šabáni; Šabáni,	Saban; RECIP			uc-kardes-masali:tb08_l04:2	Şabanira	Šabánira	Bêrai xoê Şabanira va kê: bêra, qami tê ardi bısti enoê zêyndan.	Berá’i χóe Šabánira vā ke: berá, qā́mi te ā́rdi bi̥stī ḗ̱n’oe zeindā́n.
sag	review_candidate	2	2	kauge-nyerib-u-sivani:1; uc-kardes-masali:1	sag	sağ	saγ	life			kauge-nyerib-u-sivani:s04_l09:3	sağ	saγ	Alah cani twê sağ bêdû, hetakê pêynyay ma nyêmêrû, twêri çi çinyû.	Aláh d̮ā́ni túe saγ bedú, he̱táke peíńai mā ńémeru, túeri t̮i t̮íńu.
sahrestan	review_candidate	5	1	kauge-nyerib-u-hyeni:5	sahrestan	şahrêstan; şahrêstang	šahrestān; šáhrestān; šahrestāṅ,; šahrestā́n	town			kauge-nyerib-u-hyeni:h03_l10:9	şahrêstan	šáhrestān	Daqma begi zerêy 'Hyênidê dêlali vêyng da: nyêçaw ğarib şahrêstan	Dáqma bé̱gi ze̱reí Hʿyẹ̄́nide delā́li veiṅ dā: ńét̮au γarib šáhrestān
sai	review_candidate	2	2	degirmenci-ve-tilki:1; goin-puhu-kusunun-hikayesi:1	sai	şay	šai; šai,	pasha; went			degirmenci-ve-tilki:mf02_l11:0	şay	šai	şay Mısri va kê lûêra: derdi tû çyû, mıri vacê. Lûê va kê:	šai Mí̥sri vā ke lú’era: dé̱rdi tu t̮yu, mí̥ri vā́d̮e. Lú’e vā ke:
sebah	review_candidate	4	4	degirmenci-ve-tilki:1; goin-puhu-kusunun-hikayesi:1; kauge-nyerib-u-hyeni:1; kauge-nyerib-u-sivani:1	sebah	sêbah; Sêbah	sebáh; Sebáh; sebāh; Sebáh	morning			degirmenci-ve-tilki:mf01_l03:0	sêbah	sebáh	sêbah werişt, ame arêyê, awnyaykê ardi mêsahıdi çınyi; aya şawê	sebáh we̱ríšt, āmé̱ āréye, auńaíke ā́rdi mesáhi̥di t̮í̥ńi; áya šaú’e
sebake	review_candidate	4	1	uc-kardes-masali:4	sebake	şêbakê; şêbakêdê	šebā́ke; šebā́kede	lattice; at the grating; LOC			uc-kardes-masali:tb09_l01:7	şêbakê	šebā́ke	byê bêri ver dê, kişta raştêdê yaw şêbakê esta, şwê aya şêbakêdê	bye béri ve̱r dé, kíšta rā́štede yau šebā́ke é̱sta, šúe áya šebā́kede
sei	review_candidate	3	3	ali-agha-ladi-kelhani:1; degirmenci-ve-tilki:1; kauge-nyerib-u-hyeni:1	sei	sêy	sei	hundred			ali-agha-ladi-kelhani:a02_l07:7	sêy	sei	Dewi pyêrû amêy pyêsêr, şawê werişti, çêhêr sêy eskêr vıcyay, amêy	Dé̱wi pyéru āmeí pyesér, šaú’e we̱ríšti, t̮ehér sei e̱skér vi̥d̮iai, āmeí
seisti	review_candidate	3	1	kauge-nyerib-u-hyeni:3	seisti	şêyşti	šeíšti	sixty			kauge-nyerib-u-hyeni:h08_l13:1	şêyşti	šeíšti	xoêdê şêyşti tên çinû, 'haber erşawûtê Daqma begiri va kê: şêyşti	χóede šeíšti ten t̮ínu, h̔abé̱r e̱ršau’úte Dáqma bé̱giri vā ke: šeíšti
selam	review_candidate	4	1	degirmenci-ve-tilki:4	selam	sêlam	selám	greeting			degirmenci-ve-tilki:mf03_l08:6	sêlam	selám	'hata dı rodi eskêri xoê mevêcê sêlam lêğêy, 'heta çêmçaqû paşa	h̔ā́t’a di̥ rōdi e̱skéri χóe mé̱ved̮e selám leγeí, h̔é̱t’a t̮emt̮aqú pašá
senenu	review_candidate	2	2	gespraech-mit-hassan:1; kauge-nyerib-u-hyeni:1	senenu	sênyênû	seńén’u?; seńén’u,	how are; what happened to			gespraech-mit-hassan:h01_l01:2	sênyênû	seńén’u?	Kêyfê twê sênyênû?	Keífe túe seńén’u?
sibake	review_candidate	3	1	ali-agha-ladi-kelhani:3	sibake	şıbakê; şibakê; şıbakêdê	ši̥bā́ke; šibāke,; ši̥bā́kede	grating; LOC			ali-agha-ladi-kelhani:a03_l14:6	şıbakê	ši̥bā́ke	bıkşû. A'hmêd awnya dyêsi wedi, yaw şıbakê 'ha dyêsê wedidê, desti	bi̥kšú. Ah̔méd auńā́ d́ési we̱dí, yau ši̥bā́ke h̔ā d́ése wé̱dide, dé̱sti
sie	review_candidate	4	1	degirmenci-ve-tilki:4	sie	şyê	šíe; šíe,	went			degirmenci-ve-tilki:mf02_l01:10	şyê	šíe	newêtê paûtê, awnyay kê myanê şawê yaw lûê amêy zerê, şyê mê-	né̱wete pa’úte, auńaí ke myā́ne šaú’e yau lú’e āmeí zé̱re, šíe me-
simsyer	review_candidate	3	1	uc-kardes-masali:3	simsyer	şimşyêr	šimšyẹ̄́r	sword			uc-kardes-masali:tb09_l03:5	şimşyêr	šimšyẹ̄́r	dyewi amê bêra zerê yaw şimşyêr pêro dê serêy dyewi tra kê gnênû	d́é̱wi āmé berá zé̱re yau šimšyẹ̄́r péro̤ de sé̱rei d́é̱wi trā ke gnén’u
simsyeri	review_candidate	5	2	uc-kardes-masali:4; kauge-nyerib-u-hyeni:1	simsyeri	şimşyêri; şımşyêri	šimšyẹ̄́ri; ši̥mšyẹ̄́ri	sword			kauge-nyerib-u-hyeni:h02_l01:7	şımşyêri	ši̥mšyẹ̄́ri	xoê gêrawti tırsi xoê kêrd, xo dest şımşyêri xoê werand, şê merdümi	χóe geraúti ti̥rsi χóe kerd, χo de̱st ši̥mšyẹ̄́ri χóe we̱rā́nd, šẹ̄ me̱rdṳ́mi
sipyerdisu	review_candidate	3	1	gespraech-mit-hassan:3	sipyerdisu	sıpyerdışû; Sıpyerdışû	si̥pye̱rdí̥šu; Si̥pye̱rdí̥šu; si̥pye̱rdí̥šu.	village elder			gespraech-mit-hassan:h02_l01:2	sıpyerdışû	si̥pye̱rdí̥šu	Ali Beg sıpyerdışû dawê Aldûni estû.	Áli Be̱g si̥pye̱rdí̥šu daúe Aldū́ni é̱stu.
soba	review_candidate	7	3	uc-kardes-masali:5; ali-agha-ladi-kelhani:1; kauge-nyerib-u-hyeni:1	soba	soba; Soba	so̤bā́; So̤bá; söbā́; sobā́.; So̤bā́	morning			ali-agha-ladi-kelhani:a04_l08:6	Soba	So̤bá	hêyşt merdümi ğaribana pyêrû mêndi wadedê. Soba Mêlay Rêsa	heišt me̱rdṳ́mi γaribā́na pyéru méndi wáde̱de. So̤bá Mél’ai Resá
su	review_candidate	4	4	degirmenci-ve-tilki:1; goin-puhu-kusunun-hikayesi:1; kauge-nyerib-u-sivani:1; uc-kardes-masali:1	su	şû; sû; şü	šu; šu; su-; šṳ́-	went; shepherds-			degirmenci-ve-tilki:mf05_l08:5	şû	šu	rira va kê: çêmçaqû paşa şû dêsmaç, nyêzana se byû, gnaw erû,	rira vā ke: t̮emt̮aqú pašá šu desmāt̮, ńézāna se̱ byu, gnau é̱ru,
sue	review_candidate	10	4	uc-kardes-masali:4; degirmenci-ve-tilki:3; goin-puhu-kusunun-hikayesi:2; kauge-nyerib-u-hyeni:1	sue	şwê	šúe,; šúe; šúe; šúe,	go; come			degirmenci-ve-tilki:mf03_l12:4	şwê	šúe	şadê Mısri wayştê, warzê, şwê 'hemam, xoê bışû, temiz kê, byê,	šáde Mi̥sri waíšte, wárze, šúe h̔é̱m’ām, χóe bi̥šú, te̱míz ke, bye,
suena	review_candidate	7	3	goin-puhu-kusunun-hikayesi:3; uc-kardes-masali:3; degirmenci-ve-tilki:1	suena	şwêna	šuén’a; šuén’a.; šuen’a; šuen’a,	I go; goes			degirmenci-ve-tilki:mf05_l04:5	şwêna	šuen’a	lwêra: mıri awkê byarê, ez şwêna dêsmaç. Lwê werişt şyê, awkê	lúera: mí̥ri aúke byā́re, e̱z šuen’a desmāt̮. Lúe we̱ríšt šíe, aúke
taalan	review_candidate	5	1	kauge-nyerib-u-sivani:5	taalan	taalan	tá’alan	plunder			kauge-nyerib-u-sivani:s03_l11:12	taalan	tá’alan	va kê: twe ehêndê eskêri mê kişt, twê şeş dawê mê veşnay, taalan	vā ke: túe̱ é̱hende e̱skéri me kišt, túe še̱š dau’e me ve̱šnai, tá’alan
tabure	review_candidate	2	2	kauge-nyerib-u-hyeni:1; kauge-nyerib-u-sivani:1	tabure	tabûrê	tā́bure; tā́bure	cartridges			kauge-nyerib-u-hyeni:h08_l05:6	tabûrê	tā́bure	awnyay kê eskêri Daqma begi pyêrû tabûrê bêsta pêy rezandê.	auńaí ke e̱skéri Dáqma bé̱gi pyéru tā́bure bésta pei re̱zā́nde.
taudi	review_candidate	2	2	ali-agha-ladi-kelhani:1; kauge-nyerib-u-hyeni:1	taudi	Çawdi; çawdi	T̮aúdi; t̮aúdi	nothing; at once			ali-agha-ladi-kelhani:a01_l03:1	Çawdi	T̮aúdi	kişti. Çawdi Ali ağay çi nyêbê, çewi desti Ali ağay nyêgêrawt. Ali	kíšti. T̮aúdi Áli aγaí t̮i ńébe, t̮é̱wi dé̱sti Áli aγaí ńegeraút. Áli
teber	review_candidate	4	3	ali-agha-ladi-kelhani:2; degirmenci-ve-tilki:1; kauge-nyerib-u-hyeni:1	teber	tebêr	te̱bér,; te̱bér,	outside			ali-agha-ladi-kelhani:a03_l06:8	tebêr	te̱bér,	kişêni. 'Hali xancêray A'hmêdi nyêday cê. 'Hal şê tebêr, eskêri	kišén’i. Hʿāli χand̮érai Ah̔médi ńédai d̮e. Hʿāl šẹ̄ te̱bér, e̱skéri
tekani	review_candidate	3	1	ali-agha-ladi-kelhani:3	tekani	çêkani	t̮ékāni	weapons			ali-agha-ladi-kelhani:a02_l13:6	çêkani	t̮ékāni	ağa va kê: tê xaini, ez çêkani xoê nyêdana twê. Qasim ağay swend	aγá vā ke: te χa’íni, e̱z t̮ékāni χóe ńédāna túe. Qasím aγaí sué̱nd
temiz	review_candidate	3	2	degirmenci-ve-tilki:2; uc-kardes-masali:1	temiz	temiz	te̱míz	clean			degirmenci-ve-tilki:mf03_l12:8	temiz	te̱míz	şadê Mısri wayştê, warzê, şwê 'hemam, xoê bışû, temiz kê, byê,	šáde Mi̥sri waíšte, wárze, šúe h̔é̱m’ām, χóe bi̥šú, te̱míz ke, bye,
ten	review_candidate	4	1	kauge-nyerib-u-hyeni:4	ten	tên	ten	person			kauge-nyerib-u-hyeni:h08_l13:2	tên	ten	xoêdê şêyşti tên çinû, 'haber erşawûtê Daqma begiri va kê: şêyşti	χóede šeíšti ten t̮ínu, h̔abé̱r e̱ršau’úte Dáqma bé̱giri vā ke: šeíšti
tende	review_candidate	3	1	gespraech-mit-hassan:3	tende	Çendê	T̮é̱nde	how many			gespraech-mit-hassan:h01_l05:0	Çendê	T̮é̱nde	Çendê dewi aşirêta şüma esti?	T̮é̱nde dé̱wi ašíreta šṳ́ma é̱sti?
teni	review_candidate	4	2	ali-agha-ladi-kelhani:3; kauge-nyerib-u-hyeni:1	teni	teni; têni	té̱ni; tén’i	persons			ali-agha-ladi-kelhani:a04_l04:9	teni	té̱ni	çimyirû, goêni byê A'hmêdi çimi. A'hmêd hyêrs bê, 'hawt teni pêy	t̮ímyiru, gó’eni bíe Ah̔médi t̮ími. Ah̔méd hyẹ̄rs be, h̔aut té̱ni pei
tepist	review_candidate	3	2	degirmenci-ve-tilki:2; kauge-nyerib-u-sivani:1	tepist	tepişt	te̱píšt; te̱píšt	caught			degirmenci-ve-tilki:mf03_l02:3	tepişt	te̱píšt	mê yaw kerre tepişt pa vênerta, ez awnyaya yaw dest ame gna mê	me yau ké̱re̱ te̱píšt pa vené̱rta, e̱z auńáya yau de̱st āmé̱ gnā me
tera	review_candidate	10	5	kauge-nyerib-u-hyeni:4; goin-puhu-kusunun-hikayesi:3; degirmenci-ve-tilki:1; kauge-nyerib-u-sivani:1; uc-kardes-masali:1	tera	têra	terá; terá; téra; téra	from; with; off			degirmenci-ve-tilki:mf04_l13:7	têra	terá	lwêra: paşay Mısri nêkay yênû, serêy mê têra kênû. Lwê va kê:	lúera: pašaí Mí̥sri nekāí yén’u, sé̱rei me terá kén’u. Lúe vā ke:
teres	review_candidate	3	3	degirmenci-ve-tilki:1; kauge-nyerib-u-hyeni:1; uc-kardes-masali:1	teres	têres; têrês; teres	teré̱s,; terés,; te̱ré̱s,	cursed one; accursed one; damned			degirmenci-ve-tilki:mf04_l12:4	têres	teré̱s,	têrsa; lwê va kê: têres, metêrsê, şwê tê ra kû. Arêwangti va kê	tersā́; lúe vā ke: teré̱s, mé̱terse, šúe te rā ku. Ārewāṅtí vā ke
tewi	review_candidate	4	3	kauge-nyerib-u-hyeni:2; ali-agha-ladi-kelhani:1; kauge-nyerib-u-sivani:1	tewi	çewi	t̮é̱wi; t̮é̱wi; t̮é̱wi	no one			ali-agha-ladi-kelhani:a01_l03:6	çewi	t̮é̱wi	kişti. Çawdi Ali ağay çi nyêbê, çewi desti Ali ağay nyêgêrawt. Ali	kíšti. T̮aúdi Áli aγaí t̮i ńébe, t̮é̱wi dé̱sti Áli aγaí ńegeraút. Áli
timani	review_candidate	3	2	uc-kardes-masali:2; kauge-nyerib-u-hyeni:1	timani	çimani	t̮imā́ni; t̮imā́ni,	eyes			kauge-nyerib-u-hyeni:h07_l11:4	çimani	t̮imā́ni	kê: warzê, byê, ez çimani twê vecêna.	ké: wárze, bye, e̱z t̮imā́ni túe ve̱d̮én’a.
tina	review_candidate	6	2	uc-kardes-masali:5; goin-puhu-kusunun-hikayesi:1	tina	çına; çina	t̮í̥na; t̮ína,; t̮í̥na,; t̮í̥na,	cuts; is not there			goin-puhu-kusunun-hikayesi:g04_l05:9	çına	t̮í̥na,	amêy kêyê. Ek bêray xoê çınû, cênyay bawki xoê çına, şi, lawki	āmeí keíye. E̱k beraí χóe t̮í̥nu, d̮éniai baúki χóe t̮í̥na, šī, laúki
tinu	review_candidate	18	7	kauge-nyerib-u-hyeni:10; goin-puhu-kusunun-hikayesi:2; uc-kardes-masali:2; ali-agha-ladi-kelhani:1; degirmenci-ve-tilki:1; gespraech-mit-hassan:1; kauge-nyerib-u-sivani:1	tinu	çinyû; çinû; çınû; çinyu	t̮ínu,; t̮íńu.; t̮ínu.; t̮íńu.; t̮íńu,; t̮íńu,; t̮í̥nu; t̮í̥nu,	there is none; there is not; is not; does not exist			ali-agha-ladi-kelhani:a03_l02:8	çinyu	t̮íńu,	ma mebêrê, tê xaini, bawki mê serêdê aqıl çinyû, rocêy ramazanyû,	mā mé̱bere, te χa’íni, baúki me sé̱rede áqi̥l t̮íńu, rṓd̮ei ramazányu,
titau	review_candidate	2	2	goin-puhu-kusunun-hikayesi:1; kauge-nyerib-u-hyeni:1	titau	çitaw	t̮ítau; t̮itaú	why; with me			goin-puhu-kusunun-hikayesi:g03_l14:0	çitaw	t̮ítau	çitaw lacêki kişêna.	t̮ítau lā́d̮eki kišén’a.
tizi	review_candidate	3	1	kauge-nyerib-u-sivani:3	tizi	tızi	tí̥zi; tí̥zi	you too			kauge-nyerib-u-sivani:s02_l05:8	tızi	tí̥zi	mêyştê eskêri xoê gêna, yêna awkay Şêlê ver, tızi wicara eskêri	meíšte e̱skéri χóe ǵén’a, yén’a aúkai Šél’e ve̱r, tí̥zi wid̮ára e̱skéri
tua	review_candidate	2	2	degirmenci-ve-tilki:1; kauge-nyerib-u-hyeni:1	tua	çwa	t̮úa; t̮ua	your			degirmenci-ve-tilki:mf02_l02:6	çwa	t̮úa	sahê, ardi werdi. Arêwangçi werişt, yaw çwa gêrawtê, day lûêrû;	sáhe, ā́rdi wé̱rdi. Ārewāṅt̮í we̱ríšt, yau t̮úa geraúte, dai lú’eru;
tuede	review_candidate	2	2	degirmenci-ve-tilki:1; kauge-nyerib-u-hyeni:1	tuede	twêdê	túede; túede.	with you			degirmenci-ve-tilki:mf03_l05:3	twêdê	túede	wa wênisi, wa twêdê byêri, mıri çêmçêqû paşay byari, enoê ca	wa wén’isi, wa túede byẹ̄́ri, mí̥ri t̮emt̮eqú pašai byā́ri, ḗ̱n’oe d̮ā
vadi	review_candidate	5	3	uc-kardes-masali:3; gespraech-mit-hassan:1; kauge-nyerib-u-hyeni:1	vadi	vaci; vadi	vā́d̮i; vā́d̮i; vā́di:	say; tell			gespraech-mit-hassan:h03_l15:2	vaci	vā́d̮i	Tı nyêşêni vaci kawğei Sivani û Avdûla begi.	Ti̥ ńešén’i vā́d̮i kauγé̱’i Sivā́ni u Avdúla bé̱gi.
vana	review_candidate	3	1	goin-puhu-kusunun-hikayesi:3	vana	vana	vā́na; vā́na:	says			goin-puhu-kusunun-hikayesi:g02_l04:8	vana	vā́na	ek bêray xoê çınû pêrsêna cênyay bawki xoê, vana kê: bêray mê	e̱k beraí χoe t̮í̥nu persén’a d̮éniai baúki χóe, vā́na ke: beraí me
vani	review_candidate	2	2	goin-puhu-kusunun-hikayesi:1; kauge-nyerib-u-sivani:1	vani	vani	vā́ni	you say			goin-puhu-kusunun-hikayesi:g03_l13:7	vani	vā́ni	nêkê, tê amêy mı ser, tı mêra vani kê: qawi twê laci kiştû, ez	neke, te āmeí mi̥ se̱r, ti̥ méra vā́ni ke: qaúwi túe lā́d̮i kíštu, e̱z
vedau	review_candidate	2	2	degirmenci-ve-tilki:1; uc-kardes-masali:1	vedau	vêcaw; Vêcaw	ved̮aú:; Ved̮aú	gave honor; came out			degirmenci-ve-tilki:mf04_l04:4	vêcaw	ved̮aú:	Mısr, eskêri paşay Mısri vêcaw: sêlam lêğêy. Arêwangçi nyezanû	Mi̥sr, e̱skéri pašai Mi̥sri ved̮aú: selám leγeí. Ārewāṅt̮í ńe̱zā́nu
vedi	review_candidate	2	2	ali-agha-ladi-kelhani:1; uc-kardes-masali:1	vedi	vêci; veci	ved̮í,; ve̱d̮í,	came out; leave			ali-agha-ladi-kelhani:a03_l03:9	vêci	ved̮í,	bawni, xalo, tê çêkani ma bêni, pêynıdê tê xain vêci, ez twê kı-	baúni, χálō, te t̮ékāni mā bén’i, peíni̥de te χa’ín ved̮í, e̱z túe ki̥-
vein	review_candidate	3	2	kauge-nyerib-u-hyeni:2; uc-kardes-masali:1	vein	vêyng; vêyn	veiṅ; veín	call; shout			kauge-nyerib-u-hyeni:h03_l10:5	vêyng	veiṅ	Daqma begi zerêy 'Hyênidê dêlali vêyng da: nyêçaw ğarib şahrêstan	Dáqma bé̱gi ze̱reí Hʿyẹ̄́nide delā́li veiṅ dā: ńét̮au γarib šáhrestān
venga	review_candidate	2	2	ali-agha-ladi-kelhani:1; kauge-nyerib-u-hyeni:1	venga	venga	vé̱ṅga	sound; Sound, Audio, Voice			ali-agha-ladi-kelhani:a01_l09:1	venga	vé̱ṅga	şawê venga êskêrê xoê di, eskêri dawang wa pyêrû bêrû pyêser,	šaú’e vé̱ṅga eskére χóe di, e̱skéri daú’āṅ wa pyéru béru pyesé̱r,
vesnai	review_candidate	4	2	kauge-nyerib-u-sivani:3; kauge-nyerib-u-hyeni:1	vesnai	veşnay	ve̱šnaí,; vé̱šnai,; ve̱šnai,	burned			kauge-nyerib-u-hyeni:h05_l13:1	veşnay	ve̱šnaí,	'Hyêni veşnay, serêy Xalil êfêndi têra kêrd, ard, da Xalef	Hʿyẹ̄́ni ve̱šnaí, sé̱rei Χalíl eféndi terá kerd, ārd, dā Χalé̱f
vesnena	review_candidate	4	2	kauge-nyerib-u-hyeni:3; kauge-nyerib-u-sivani:1	vesnena	veşnêna; vêşnêna	ve̱šnén’a,; vešnén’a.; ve̱šnén’a.	I will burn			kauge-nyerib-u-hyeni:h04_l04:2	vêşnêna	vešnén’a.	emşoê şahrêstan vêşnêna.	é̱mšoe šahrestān vešnén’a.
vet	review_candidate	3	1	uc-kardes-masali:3	vet	vet; vêt	ve̱t; vet	took out			uc-kardes-masali:tb08_l07:3	vet	ve̱t	xoê Şaban zêyndana vet ard xoê 'hêt, çêhêr roci vênert, bêray xoê	χóe Šabán zeindā́na ve̱t ārd χóe h̔ēt, t̮ehér rṓd̮i vené̱rt, beraí χóe
vete	review_candidate	2	2	ali-agha-ladi-kelhani:1; goin-puhu-kusunun-hikayesi:1	vete	vetê	vé̱te,; vé̱te	pulled out			ali-agha-ladi-kelhani:a04_l02:10	vetê	vé̱te,	day 'hali bınê çici raştirû. 'Hal kawt. A'hmêdi xancêri 'halira vetê,	dai h̔ā́li bí̥ne t̮íd̮i rā́štiru. Hʿāl kaut. Ah̔médi χand̮éri h̔ā́lira vé̱te,
vinde	review_candidate	4	4	degirmenci-ve-tilki:1; goin-puhu-kusunun-hikayesi:1; kauge-nyerib-u-sivani:1; uc-kardes-masali:1	vinde	vındê; vindê	vínde,; ví̥nde.; ví̥nde,; vi̥ndé,	stay			degirmenci-ve-tilki:mf04_l14:4	vindê	vínde,	metêrsê, ez nyêvêrdana, aqıli vindê, paşay Mısri nêkay ame zerê,	mé̱terse, e̱z ńeverdā́na, āqí̥li vínde, pašai Mí̥sri nekaí āmé̱ zé̱re,
vist	review_candidate	7	2	kauge-nyerib-u-hyeni:5; kauge-nyerib-u-sivani:2	vist	vist; Vist	vīst; vīst; Vīst	twenty			kauge-nyerib-u-hyeni:h06_l09:10	vist	vīst	mawlêt bıdê mê. Xalef ağa va kê: 'haici, wa twêri vist roc mawlêt,	maulét bi̥dé me. Χalé̱f aγá vā ke: h̔á’id̮i, wa túeri vīst rōd̮ maulét,
vyene	review_candidate	2	2	kauge-nyerib-u-hyeni:1; kauge-nyerib-u-sivani:1	vyene	vyênê	vyén’e,; vyén’e.	see			kauge-nyerib-u-hyeni:h04_l10:3	vyênê	vyén’e,	byê kawğe xoêri vyênê, eskêri mê 'hadraw.	bye kauγé̱ χóeri vyén’e, e̱skéri me h̔ādraú.
warzi	review_candidate	4	2	uc-kardes-masali:3; kauge-nyerib-u-hyeni:1	warzi	warzi	wárzi,; wārzi,; wárzi	get up; rise			kauge-nyerib-u-hyeni:h05_l07:2	warzi	wárzi,	ağay amê, warzi, şyêri metırisi. Xalef ağay eskêri xoêra va kê:	āγái āmé, wárzi, šyẹ̄́ri me̱ti̥rísi. Χalé̱f aγái e̱skéri χóera vā ke:
wastene	review_candidate	2	2	kauge-nyerib-u-sivani:1; uc-kardes-masali:1	wastene	wazênû	wazén’u; wazén’u	want; PRS.3SG			kauge-nyerib-u-sivani:s05_l09:2	wazênû	wazén’u	kêyfi twê wazênû ez mal dana twê. 'Haydêr ağa werişt bê êspar,	keífi túe wazén’u e̱z māl dā́na túe. Hʿaidér aγá we̱ríšt be espā́r,
waxte	review_candidate	7	3	kauge-nyerib-u-hyeni:3; gespraech-mit-hassan:2; kauge-nyerib-u-sivani:2	waxte	waxtê	wáχte; waχte; wā́χte	time			gespraech-mit-hassan:h03_l02:2	waxtê	wáχte	Şüma qam waxtê şwêni zozang?	Šṳ́ma qām wáχte šuén’i zozā́ṅ?
wazena	review_candidate	3	2	degirmenci-ve-tilki:2; gespraech-mit-hassan:1	wazena	wazêna	wazén’a.; wazén’a,; wazén’a.	I will ask for; wants			degirmenci-ve-tilki:mf02_l04:7	wazêna	wazén’a.	vera dê, ez twêri kêynay paşadê Mısri wazêna. Arêwangçi va	ve̱rā́ de, e̱z túeri keínai pašáde Mí̥sri wazén’a. Ārewāṅt̮í vā
we	review_candidate	5	5	ali-agha-ladi-kelhani:1; degirmenci-ve-tilki:1; kauge-nyerib-u-hyeni:1; kauge-nyerib-u-sivani:1; uc-kardes-masali:1	we	we; wê	we̱; we̱-; we-	out-; let; and; to; up			ali-agha-ladi-kelhani:a04_l10:10	we	we̱-	aylana dês û hêyşt teni merdümi ğaribana 'hetya byêri beri we-	aílāna des u heíšt té̱ni me̱rdṳ́mi γaribā́na h̔é̱tia bíeri bé̱ri we̱-
wedert	review_candidate	2	2	degirmenci-ve-tilki:1; goin-puhu-kusunun-hikayesi:1	wedert	wedert	we̱dé̱rt.; we̱dé̱rt,	buried			degirmenci-ve-tilki:mf05_l09:10	wedert	we̱dé̱rt.	merdû. Paşay Mısri va kê: şyêri byari. Şi, ard, şit, wedert.	mé̱rdu. Pašai Mí̥sri vā ke: šyẹ̄́ri biári. Ši, ārd, šit, we̱dé̱rt.
wena	review_candidate	7	4	uc-kardes-masali:3; kauge-nyerib-u-hyeni:2; ali-agha-ladi-kelhani:1; kauge-nyerib-u-sivani:1	wena	wêna	wén’a.; wén’a.	cut; PRS.1SG			ali-agha-ladi-kelhani:a03_l12:6	wêna	wén’a.	şyêri, ez serêy twê ena gêlankê wêna. A'hmêdi veng da va kê:	šyẹ̄́ri, e̱z sé̱rei túe ḗ̱n’a gelā́ṅke wén’a. Ah̔médi ve̱ṅg dā vā ke:
weni	review_candidate	2	2	kauge-nyerib-u-hyeni:1; kauge-nyerib-u-sivani:1	weni	wêni	wén’i,; wén’i,	cut			kauge-nyerib-u-hyeni:h07_l07:7	wêni	wén’i,	ma kawğe bıki, nya tê serêy mê wêni, nya ez serêy twê wêna.	mā kauγé̱ bi̥kí, ńa te sé̱rei me wén’i, ńa e̱z sé̱rei túe wén’a.
weriste	review_candidate	2	2	degirmenci-ve-tilki:1; uc-kardes-masali:1	weriste	weriştê	we̱ríšte,; we̱ríšte	got up			degirmenci-ve-tilki:mf02_l10:1	weriştê	we̱ríšte,	Lûê weriştê, şyê Mısr, şi paşay Mısr 'hêt, temênê kêrd. Pa-	Lú’e we̱ríšte, šíe Mi̥sr, šī pašai Mí̥sr h̔et, té̱mene kerd. Pa-
wesi	review_candidate	4	2	kauge-nyerib-u-hyeni:2; kauge-nyerib-u-sivani:2	wesi	weşi; weşı	wé̱ši̥; wé̱ši,; wé̱ši; wé̱ši,	reconciliation			kauge-nyerib-u-hyeni:h09_l06:7	weşı	wé̱ši̥	Xalef ağay daw pyêrû byêri, ma pya weşı ki. Ağay Zıriki werişti,	Χalé̱f aγái dau pyéru byẹ̄́ri, mā pyā wé̱ši̥ ki. Aγái Zí̥riki we̱ríšti,
wesu	review_candidate	3	1	goin-puhu-kusunun-hikayesi:3	wesu	weşû	wé̱šu,; wé̱šu.	well			goin-puhu-kusunun-hikayesi:g02_l12:6	weşû	wé̱šu,	ekê bêray mê amaw, ez zana weşû, 'hêyrkê bêray mê nyamaw ez	é̱k’e beraí me āmaú, e̱z zā́na wé̱šu, h̔eirke beraí me ńāmaú e̱z
wexti	review_candidate	2	2	kauge-nyerib-u-hyeni:1; kauge-nyerib-u-sivani:1	wexti	wexti	wé̱χti; wé̱χti	time			kauge-nyerib-u-hyeni:h01_l07:8	wexti	wé̱χti	va kê: Mêla Hasêyni Mûğara xoêra cişmêni mênû, wexti piriki mıdê	vā ke: Mél’a Haseíni Muγará χóera d̮išmeni ménu, wé̱χti pī́riki mí̥de
wida	review_candidate	6	4	degirmenci-ve-tilki:2; kauge-nyerib-u-hyeni:2; kauge-nyerib-u-sivani:1; uc-kardes-masali:1	wida	wica; Wica; wida	wíd̮a; Wíd̮ā; wíd̮ā; widā; wid̮á; wid̮ā́	there; at once; immediately			degirmenci-ve-tilki:mf03_l04:3	wica	wíd̮a	erzê xoê mê wica ver daw, ez amêya Paşay Mısri va kê: êspar	é̱rz’e χóe me wíd̮a ve̱r daú, e̱z āmeía.] Pašaí Mí̥sri vā ke: espā́r
widara	review_candidate	3	2	kauge-nyerib-u-hyeni:2; kauge-nyerib-u-sivani:1	widara	wicara	wíd̮āra; wid̮āra; wid̮ára	there			kauge-nyerib-u-hyeni:h06_l10:0	wicara	wíd̮āra	wicara pêy byê, ma kawğe bıki, ekê tê nyêri ez şahrêstan	wíd̮āra pei bye, mā kauγé̱ bi̥kí, é̱ke te ńẹ̄́ri e̱z šahrestā́n
xaini	review_candidate	3	1	ali-agha-ladi-kelhani:3	xaini	xaini	χa’íni,	traitor			ali-agha-ladi-kelhani:a02_l13:4	xaini	χa’íni,	ağa va kê: tê xaini, ez çêkani xoê nyêdana twê. Qasim ağay swend	aγá vā ke: te χa’íni, e̱z t̮ékāni χóe ńédāna túe. Qasím aγaí sué̱nd
xanderi	review_candidate	3	1	ali-agha-ladi-kelhani:3	xanderi	xancêri	χand̮éri	dagger			ali-agha-ladi-kelhani:a04_l01:5	xancêri	χand̮éri	xoê berd zerêy şibakê, yaw xancêri zerêy şıbakêdê di gêrawtê vera,	χóe be̱rd ze̱reí šibāke, yau χand̮éri ze̱reí ši̥bā́kede dī geraúte vé̱ra,
xatir	review_candidate	2	2	kauge-nyerib-u-sivani:1; uc-kardes-masali:1	xatir	xatır	χati̥r; χatí̥r	farewell			kauge-nyerib-u-sivani:s06_l03:3	xatır	χati̥r	Xaydêr ağa werışt, xatır wayşt Avdûlah ağayra, Xalef ağa gê-	Χaidér aγá we̱rí̥št, χati̥r waišt Avdúl’ah aγāira, Χalé̱f aγá ge-
yale	review_candidate	3	1	uc-kardes-masali:3	yale	yalê	yalé	wheat			uc-kardes-masali:tb01_l09:4	yalê	yalé	risti şı, nêyay yalêa, yalê çına di roci.	rísti ši̥, neyaí yaléa, yalé t̮í̥na di rṓd̮i.
yauna	review_candidate	4	2	uc-kardes-masali:3; goin-puhu-kusunun-hikayesi:1	yauna	yawna	yaúna; yaúna; yaū́na	another			goin-puhu-kusunun-hikayesi:g01_l02:7	yawna	yaúna	têra bi. Cênyay merd, pêynıdê myêrdê şê yawna cêni ardê. Dı	terá bī. D̮éniai me̱rd, peíni̥de myérde šẹ̄ yaúna d̮éni ā́rde. Di̥
yaunai	review_candidate	3	1	uc-kardes-masali:3	yaunai	yawnay	yaúnai; yaunaí	second			uc-kardes-masali:tb09_l04:9	yawnay	yaunaí	erû, serêy dyewidê zwang estû, kali kênû, twêra vanû yawnay pêro	é̱ru, sé̱rei d́é̱wide zuā́ṅ é̱stu, kā́li kén’u, túera vā́nu yaunaí péro̤
zana	review_candidate	3	2	goin-puhu-kusunun-hikayesi:2; uc-kardes-masali:1	zana	zana	zā́na; zā́na.	I know; knows			goin-puhu-kusunun-hikayesi:g02_l12:5	zana	zā́na	ekê bêray mê amaw, ez zana weşû, 'hêyrkê bêray mê nyamaw ez	é̱k’e beraí me āmaú, e̱z zā́na wé̱šu, h̔eirke beraí me ńāmaú e̱z
zeindana	review_candidate	2	2	goin-puhu-kusunun-hikayesi:1; uc-kardes-masali:1	zeindana	zêyndana	zeindā́na; zeindā́na	from the pit; from the prison			goin-puhu-kusunun-hikayesi:g03_l15:6	zêyndana	zeindā́na	Myêrdêk 'hêrs bê, şê leşê lacêki zêyndana vetê ardi cêni 'het,	Myẹ̄́rdek h̔ẹ̄rs be, šẹ̄ lé̱še lā́d̮eki zeindā́na vé̱te ā́rdi d̮éni h̔e̱t,
