story_id	segment_id	token_index	token_lerch	token_zazaki	morpheme_index	morpheme_surface_lerch	morpheme_normalized	lemma	gloss	pos	features	confidence	evidence	notes
Mährchen von dem Müller und Fuchs	mf01_l01	0	D̮aíki	Cayki	0	D̮aíki	Cayki	daiki	once			unsplit	Current word-level token gloss; no confident internal split applied.
Mährchen von dem Müller und Fuchs	mf01_l01	1	bī	bi	0	bī	bi	bi	to			unsplit	Current word-level token gloss; no confident internal split applied.
Mährchen von dem Müller und Fuchs	mf01_l01	2	t̮i	çi	0	t̮i	çi	ti	you			unsplit	Current word-level token gloss; no confident internal split applied.
Mährchen von dem Müller und Fuchs	mf01_l01	3	ńébī,	nyêbi	0	ńébī	nyêbi	nebi	there was not			unsplit	Current word-level token gloss; no confident internal split applied.
Mährchen von dem Müller und Fuchs	mf01_l01	4	yau	yaw	0	yau	yaw	yau	one			unsplit	Current word-level token gloss; no confident internal split applied.
Mährchen von dem Müller und Fuchs	mf01_l01	5	Aláh	Alah	0	Aláh	Alah	alah	God			unsplit	Current word-level token gloss; no confident internal split applied.
Mährchen von dem Müller und Fuchs	mf01_l01	6	bẹ̄,	bê	0	bẹ̄	bê	be	be			unsplit	Current word-level token gloss; no confident internal split applied.
Mährchen von dem Müller und Fuchs	mf01_l01	7	yau	yaw	0	yau	yaw	yau	one			unsplit	Current word-level token gloss; no confident internal split applied.
Mährchen von dem Müller und Fuchs	mf01_l01	8	ārewāṅt̮í	arêwangçi	0	ārewāṅt̮í	arêwangçi	arewanti	miller			unsplit	Current word-level token gloss; no confident internal split applied.
Mährchen von dem Müller und Fuchs	mf01_l01	9	bẹ̄.	bê	0	bẹ̄	bê	be	be			unsplit	Current word-level token gloss; no confident internal split applied.
Mährchen von dem Müller und Fuchs	mf01_l01	10	Āríš	Ariş	0	Āríš	Ariş	aris	mill			unsplit	Current word-level token gloss; no confident internal split applied.
Mährchen von dem Müller und Fuchs	mf01_l01	11	tēh̔-	tê'h	0	tēh̔	tê'h	teh	grinding			unsplit	Current word-level token gloss; no confident internal split applied.
Mährchen von dem Müller und Fuchs	mf01_l02	0	naíni.	nayni	0	naíni	nayni	naini	worked			unsplit	Current word-level token gloss; no confident internal split applied.
Mährchen von dem Müller und Fuchs	mf01_l02	1	Rōd̮	Roc	0	Rōd̮	Roc	rod	day			unsplit	Current word-level token gloss; no confident internal split applied.
Mährchen von dem Müller und Fuchs	mf01_l02	2	yéke	yêkê	0	yéke	yêkê	yeke	one			unsplit	Current word-level token gloss; no confident internal split applied.
Mährchen von dem Müller und Fuchs	mf01_l02	3	bé̱ri	beri	0	bé̱ri	beri	beri	one day			unsplit	Current word-level token gloss; no confident internal split applied.
Mährchen von dem Müller und Fuchs	mf01_l02	4	ārí	ari	0	ārí	ari	ari	mill			unsplit	Current word-level token gloss; no confident internal split applied.
Mährchen von dem Müller und Fuchs	mf01_l02	5	qáfelnā	qafêlna	0	qáfelnā	qafêlna	qafelna	millstone			unsplit	Current word-level token gloss; no confident internal split applied.
Mährchen von dem Müller und Fuchs	mf01_l02	6	šẹ̄	şê	0	šẹ̄	şê	se	went			unsplit	Current word-level token gloss; no confident internal split applied.
Mährchen von dem Müller und Fuchs	mf01_l02	7	keíye,	kêyê	0	keíye	kêyê	keiye	house			unsplit	Current word-level token gloss; no confident internal split applied.
Mährchen von dem Müller und Fuchs	mf01_l02	8	šaú’e	şawê	0	šaú’e	şawê	saue	night			unsplit	Current word-level token gloss; no confident internal split applied.
Mährchen von dem Müller und Fuchs	mf01_l02	9	keíye	kêyê	0	keíye	kêyê	keiye	house			unsplit	Current word-level token gloss; no confident internal split applied.
Mährchen von dem Müller und Fuchs	mf01_l02	10	rā	ra	0	rā	ra	ra	from			unsplit	Current word-level token gloss; no confident internal split applied.
Mährchen von dem Müller und Fuchs	mf01_l02	11	kaut,	kawt	0	kaut	kawt	kaut	went			unsplit	Current word-level token gloss; no confident internal split applied.
Mährchen von dem Müller und Fuchs	mf01_l03	0	sebáh	sêbah	0	sebáh	sêbah	sebah	morning			unsplit	Current word-level token gloss; no confident internal split applied.
Mährchen von dem Müller und Fuchs	mf01_l03	1	we̱ríšt,	werişt	0	we̱ríšt	werişt	werist	got up			unsplit	Current word-level token gloss; no confident internal split applied.
Mährchen von dem Müller und Fuchs	mf01_l03	2	āmé̱	ame	0	āmé̱	ame	ame	came			unsplit	Current word-level token gloss; no confident internal split applied.
Mährchen von dem Müller und Fuchs	mf01_l03	3	āréye,	arêyê	0	āréye	arêyê	areye	mill			unsplit	Current word-level token gloss; no confident internal split applied.
Mährchen von dem Müller und Fuchs	mf01_l03	4	auńaíke	awnyaykê	0	auńaíke	awnyaykê	aunaike	saw that			unsplit	Current word-level token gloss; no confident internal split applied.
Mährchen von dem Müller und Fuchs	mf01_l03	5	ā́rdi	ardi	0	ā́rdi	ardi	ardi	brought			unsplit	Current word-level token gloss; no confident internal split applied.
Mährchen von dem Müller und Fuchs	mf01_l03	6	mesáhi̥di	mêsahıdi	0	mesáhi̥di	mêsahıdi	mesahidi	flour-bin			unsplit	Current word-level token gloss; no confident internal split applied.
Mährchen von dem Müller und Fuchs	mf01_l03	7	t̮í̥ńi;	çınyi	0	t̮í̥ńi	çınyi	tini	few			unsplit	Current word-level token gloss; no confident internal split applied.
Mährchen von dem Müller und Fuchs	mf01_l03	8	áya	aya	0	áya	aya	aya	that			unsplit	Current word-level token gloss; no confident internal split applied.
Mährchen von dem Müller und Fuchs	mf01_l03	9	šaú’e	şawê	0	šaú’e	şawê	saue	night			unsplit	Current word-level token gloss; no confident internal split applied.
Mährchen von dem Müller und Fuchs	mf02_l01	0	né̱wete	newêtê	0	né̱wete	newêtê	newete	watched			unsplit	Current word-level token gloss; no confident internal split applied.
Mährchen von dem Müller und Fuchs	mf02_l01	1	pa’úte,	pautê	0	pa’úte	pautê	paute	waited			unsplit	Current word-level token gloss; no confident internal split applied.
Mährchen von dem Müller und Fuchs	mf02_l01	2	auńaí	awnyay	0	auńaí	awnyay	aunai	saw			unsplit	Current word-level token gloss; no confident internal split applied.
Mährchen von dem Müller und Fuchs	mf02_l01	3	ke	kê	0	ke	kê	ke	that			unsplit	Current word-level token gloss; no confident internal split applied.
Mährchen von dem Müller und Fuchs	mf02_l01	4	myā́ne	myanê	0	myā́ne	myanê	myane	middle			unsplit	Current word-level token gloss; no confident internal split applied.
Mährchen von dem Müller und Fuchs	mf02_l01	5	šaú’e	şawê	0	šaú’e	şawê	saue	night			unsplit	Current word-level token gloss; no confident internal split applied.
Mährchen von dem Müller und Fuchs	mf02_l01	6	yau	yaw	0	yau	yaw	yau	one			unsplit	Current word-level token gloss; no confident internal split applied.
Mährchen von dem Müller und Fuchs	mf02_l01	7	lú’e	luê	0	lú’e	luê	lue	fox			unsplit	Current word-level token gloss; no confident internal split applied.
Mährchen von dem Müller und Fuchs	mf02_l01	8	āmeí	amêy	0	āmeí	amêy	amei	came			unsplit	Current word-level token gloss; no confident internal split applied.
Mährchen von dem Müller und Fuchs	mf02_l01	9	zé̱re,	zerê	0	zé̱re	zerê	zere	inside			unsplit	Current word-level token gloss; no confident internal split applied.
Mährchen von dem Müller und Fuchs	mf02_l01	10	šíe	şyê	0	šíe	şyê	sie	went			unsplit	Current word-level token gloss; no confident internal split applied.
Mährchen von dem Müller und Fuchs	mf02_l01	11	me-	mê	0	me	mê	me	me			unsplit	Current word-level token gloss; no confident internal split applied.
Mährchen von dem Müller und Fuchs	mf02_l02	0	sáhe,	sahê	0	sáhe	sahê	sahe	flour-bin			unsplit	Current word-level token gloss; no confident internal split applied.
Mährchen von dem Müller und Fuchs	mf02_l02	1	ā́rdi	ardi	0	ā́rdi	ardi	ardi	brought			unsplit	Current word-level token gloss; no confident internal split applied.
Mährchen von dem Müller und Fuchs	mf02_l02	2	wé̱rdi.	werdi	0	wé̱rdi	werdi	werdi	took out			unsplit	Current word-level token gloss; no confident internal split applied.
Mährchen von dem Müller und Fuchs	mf02_l02	3	Ārewāṅt̮í	Arêwangçi	0	Ārewāṅt̮í	Arêwangçi	arewanti	miller			unsplit	Current word-level token gloss; no confident internal split applied.
Mährchen von dem Müller und Fuchs	mf02_l02	4	we̱ríšt,	werişt	0	we̱ríšt	werişt	werist	got up			unsplit	Current word-level token gloss; no confident internal split applied.
Mährchen von dem Müller und Fuchs	mf02_l02	5	yau	yaw	0	yau	yaw	yau	one			unsplit	Current word-level token gloss; no confident internal split applied.
Mährchen von dem Müller und Fuchs	mf02_l02	6	t̮úa	çwa	0	t̮úa	çwa	tua				unsplit	Current word-level token gloss; no confident internal split applied.
Mährchen von dem Müller und Fuchs	mf02_l02	7	geraúte,	gêrawtê	0	geraúte	gêrawtê	geraute	took			unsplit	Current word-level token gloss; no confident internal split applied.
Mährchen von dem Müller und Fuchs	mf02_l02	8	dai	day	0	dai	day	dai	struck			unsplit	Current word-level token gloss; no confident internal split applied.
Mährchen von dem Müller und Fuchs	mf02_l02	9	lú’eru;	luêru	0	lú’eru	luêru	lueru	to the fox			unsplit	Current word-level token gloss; no confident internal split applied.
Mährchen von dem Müller und Fuchs	mf02_l03	0	e̱rzia	erzya	0	e̱rzia	erzya	erzia	then			unsplit	Current word-level token gloss; no confident internal split applied.
Mährchen von dem Müller und Fuchs	mf02_l03	1	lú’e	luê	0	lú’e	luê	lue	fox			unsplit	Current word-level token gloss; no confident internal split applied.
Mährchen von dem Müller und Fuchs	mf02_l03	2	tepíšte,	têpiştê	0	tepíšte	têpiştê	tepiste	caught			unsplit	Current word-level token gloss; no confident internal split applied.
Mährchen von dem Müller und Fuchs	mf02_l03	3	lú’e	luê	0	lú’e	luê	lue	fox			unsplit	Current word-level token gloss; no confident internal split applied.
Mährchen von dem Müller und Fuchs	mf02_l03	4	be̱rmaí.	bermay	0	be̱rmaí	bermay	bermai	cried			unsplit	Current word-level token gloss; no confident internal split applied.
Mährchen von dem Müller und Fuchs	mf02_l03	5	Lú’e	Luê	0	Lú’e	Luê	lue	fox			unsplit	Current word-level token gloss; no confident internal split applied.
Mährchen von dem Müller und Fuchs	mf02_l03	6	vā	va	0	vā	va	va	said			unsplit	Current word-level token gloss; no confident internal split applied.
Mährchen von dem Müller und Fuchs	mf02_l03	7	ke	kê	0	ke	kê	ke	that			unsplit	Current word-level token gloss; no confident internal split applied.
Mährchen von dem Müller und Fuchs	mf02_l03	8	ārewāṅt̮íra:	arêwangçira	0	ārewāṅt̮í	arêwangçi	arewanti	miller			medium	Contextual ra split; function checked against project ra conventions.
Mährchen von dem Müller und Fuchs	mf02_l03	8	ārewāṅt̮íra:	arêwangçira	1	ra	ra	ra	RECIP	postposition	case_or_relation=contextual	medium	Muller 1865, ZGP-0336; project glossing_conventions.tsv keeps ra contextual.
Mährchen von dem Müller und Fuchs	mf02_l03	9	te	tê	0	te	tê	te	you			unsplit	Current word-level token gloss; no confident internal split applied.
Mährchen von dem Müller und Fuchs	mf02_l03	10	me	mê	0	me	mê	me	me			unsplit	Current word-level token gloss; no confident internal split applied.
Mährchen von dem Müller und Fuchs	mf02_l04	0	ve̱rā́	vera	0	ve̱rā́	vera	vera	for			unsplit	Current word-level token gloss; no confident internal split applied.
Mährchen von dem Müller und Fuchs	mf02_l04	1	de,	dê	0	de	dê	de	in			unsplit	Current word-level token gloss; no confident internal split applied.
Mährchen von dem Müller und Fuchs	mf02_l04	2	e̱z	ez	0	e̱z	ez	ez	I			unsplit	Current word-level token gloss; no confident internal split applied.
Mährchen von dem Müller und Fuchs	mf02_l04	3	túeri	twêri	0	túe	twê	tue	2SG.OBL			high	Muller 1865, ZGP-0337-ZGP-0339 ri/ru/-i object or goal material.
Mährchen von dem Müller und Fuchs	mf02_l04	3	túeri	twêri	1	ri	ri	ri	GOAL/RECIP	case/postposition	relation=goal_or_recipient	high	Muller 1865, ZGP-0337-ZGP-0339 ri/ru/-i object or goal material.
Mährchen von dem Müller und Fuchs	mf02_l04	4	keínai	kêynay	0	keínai	kêynay	keinai	daughter			unsplit	Current word-level token gloss; no confident internal split applied.
Mährchen von dem Müller und Fuchs	mf02_l04	5	pašáde	paşadê	0	pašáde	paşadê	pasade	of the pasha			unsplit	Current word-level token gloss; no confident internal split applied.
Mährchen von dem Müller und Fuchs	mf02_l04	6	Mí̥sri	Mısri	0	Mí̥sri	Mısri	misri	Egypt			unsplit	Current word-level token gloss; no confident internal split applied.
Mährchen von dem Müller und Fuchs	mf02_l04	7	wazén’a.	wazêna	0	wazén’a	wazêna	wazena	I will ask for			unsplit	Current word-level token gloss; no confident internal split applied.
Mährchen von dem Müller und Fuchs	mf02_l04	8	Ārewāṅt̮í	Arêwangçi	0	Ārewāṅt̮í	Arêwangçi	arewanti	miller			unsplit	Current word-level token gloss; no confident internal split applied.
Mährchen von dem Müller und Fuchs	mf02_l04	9	vā	va	0	vā	va	va	said			unsplit	Current word-level token gloss; no confident internal split applied.
Mährchen von dem Müller und Fuchs	mf02_l05	0	ke:	kê	0	ke	kê	ke	that			unsplit	Current word-level token gloss; no confident internal split applied.
Mährchen von dem Müller und Fuchs	mf02_l05	1	e̱z	ez	0	e̱z	ez	ez	I			unsplit	Current word-level token gloss; no confident internal split applied.
Mährchen von dem Müller und Fuchs	mf02_l05	2	yau	yaw	0	yau	yaw	yau	one			unsplit	Current word-level token gloss; no confident internal split applied.
Mährchen von dem Müller und Fuchs	mf02_l05	3	me̱rdṳ́mu	merdümu	0	me̱rdṳ́m	merdûm	merdum	man/person			high	Muller 1865, ZGP-0335 genitive/izafet vowels; split kept contextual.
Mährchen von dem Müller und Fuchs	mf02_l05	3	me̱rdṳ́mu	merdümu	1	u	û	-u	OBL/EZ	case/linker	relation=oblique_or_ezafe	medium	Muller 1865, ZGP-0335 genitive/izafet vowels; split kept contextual.
Mährchen von dem Müller und Fuchs	mf02_l05	4	ārewāṅt̮ía,	arêwangçya	0	ārewāṅt̮ía	arêwangçya	arewantia	miller			unsplit	Current word-level token gloss; no confident internal split applied.
Mährchen von dem Müller und Fuchs	mf02_l05	5	ti̥	tı	0	ti̥	tı	ti	you			unsplit	Current word-level token gloss; no confident internal split applied.
Mährchen von dem Müller und Fuchs	mf02_l05	6	méri	mêri	0	méri	mêri	meri	to me			unsplit	Current word-level token gloss; no confident internal split applied.
Mährchen von dem Müller und Fuchs	mf02_l05	7	t̮itaí	çitay	0	t̮itaí	çitay	titai	how			unsplit	Current word-level token gloss; no confident internal split applied.
Mährchen von dem Müller und Fuchs	mf02_l05	8	keínai	kêynay	0	keínai	kêynay	keinai	daughter			unsplit	Current word-level token gloss; no confident internal split applied.
Mährchen von dem Müller und Fuchs	mf02_l05	9	pašáde	paşadê	0	pašáde	paşadê	pasade	of the pasha			unsplit	Current word-level token gloss; no confident internal split applied.
Mährchen von dem Müller und Fuchs	mf02_l06	0	Mí̥sri	Mısri	0	Mí̥sri	Mısri	misri	Egypt			unsplit	Current word-level token gloss; no confident internal split applied.
Mährchen von dem Müller und Fuchs	mf02_l06	1	wazén’i?	wazêni	0	wazén’i	wazêni	wazeni	you will ask for			unsplit	Current word-level token gloss; no confident internal split applied.
Mährchen von dem Müller und Fuchs	mf02_l06	2	Lú’e	Luê	0	Lú’e	Luê	lue	fox			unsplit	Current word-level token gloss; no confident internal split applied.
Mährchen von dem Müller und Fuchs	mf02_l06	3	vā	va	0	vā	va	va	said			unsplit	Current word-level token gloss; no confident internal split applied.
Mährchen von dem Müller und Fuchs	mf02_l06	4	ke:	kê	0	ke	kê	ke	that			unsplit	Current word-level token gloss; no confident internal split applied.
Mährchen von dem Müller und Fuchs	mf02_l06	5	ti̥	tı	0	ti̥	tı	ti	you			unsplit	Current word-level token gloss; no confident internal split applied.
Mährchen von dem Müller und Fuchs	mf02_l06	6	me	mê	0	me	mê	me	me			unsplit	Current word-level token gloss; no confident internal split applied.
Mährchen von dem Müller und Fuchs	mf02_l06	7	mékše,	mêkşê	0	mékše	mêkşê	mekse	do not kill			unsplit	Current word-level token gloss; no confident internal split applied.
Mährchen von dem Müller und Fuchs	mf02_l06	8	e̱z	ez	0	e̱z	ez	ez	I			unsplit	Current word-level token gloss; no confident internal split applied.
Mährchen von dem Müller und Fuchs	mf02_l06	9	túeri	twêri	0	túe	twê	tue	2SG.OBL			high	Muller 1865, ZGP-0337-ZGP-0339 ri/ru/-i object or goal material.
Mährchen von dem Müller und Fuchs	mf02_l06	9	túeri	twêri	1	ri	ri	ri	GOAL/RECIP	case/postposition	relation=goal_or_recipient	high	Muller 1865, ZGP-0337-ZGP-0339 ri/ru/-i object or goal material.
Mährchen von dem Müller und Fuchs	mf02_l06	10	wazén’a,	wazêna	0	wazén’a	wazêna	wazena	I will ask for			unsplit	Current word-level token gloss; no confident internal split applied.
Mährchen von dem Müller und Fuchs	mf02_l07	0	é̱ḱe	ekê	0	é̱ḱe	ekê	eke	if			unsplit	Current word-level token gloss; no confident internal split applied.
Mährchen von dem Müller und Fuchs	mf02_l07	1	me	mê	0	me	mê	me	me			unsplit	Current word-level token gloss; no confident internal split applied.
Mährchen von dem Müller und Fuchs	mf02_l07	2	ńewaište	nyêwayştê	0	ńewaište	nyêwayştê	newaiste	if I do not ask			unsplit	Current word-level token gloss; no confident internal split applied.
Mährchen von dem Müller und Fuchs	mf02_l07	3	keínai	kêynay	0	keínai	kêynay	keinai	daughter			unsplit	Current word-level token gloss; no confident internal split applied.
Mährchen von dem Müller und Fuchs	mf02_l07	4	pašáde	paşadê	0	pašáde	paşadê	pasade	of the pasha			unsplit	Current word-level token gloss; no confident internal split applied.
Mährchen von dem Müller und Fuchs	mf02_l07	5	Mi̥sri,	Mısri	0	Mi̥sri	Mısri	misri	Egypt			unsplit	Current word-level token gloss; no confident internal split applied.
Mährchen von dem Müller und Fuchs	mf02_l07	6	ti̥	tı	0	ti̥	tı	ti	you			unsplit	Current word-level token gloss; no confident internal split applied.
Mährchen von dem Müller und Fuchs	mf02_l07	7	me	mê	0	me	mê	me	me			unsplit	Current word-level token gloss; no confident internal split applied.
Mährchen von dem Müller und Fuchs	mf02_l07	8	ve̱rá	vera	0	ve̱rá	vera	vera	for			unsplit	Current word-level token gloss; no confident internal split applied.
Mährchen von dem Müller und Fuchs	mf02_l07	9	de.	dê	0	de	dê	de	in			unsplit	Current word-level token gloss; no confident internal split applied.
Mährchen von dem Müller und Fuchs	mf02_l07	10	Ārewāṅt̮í	Arêwangçi	0	Ārewāṅt̮í	Arêwangçi	arewanti	miller			unsplit	Current word-level token gloss; no confident internal split applied.
Mährchen von dem Müller und Fuchs	mf02_l08	0	vā	va	0	vā	va	va	said			unsplit	Current word-level token gloss; no confident internal split applied.
Mährchen von dem Müller und Fuchs	mf02_l08	1	ke:	kê	0	ke	kê	ke	that			unsplit	Current word-level token gloss; no confident internal split applied.
Mährchen von dem Müller und Fuchs	mf02_l08	2	ti̥	tı	0	ti̥	tı	ti	you			unsplit	Current word-level token gloss; no confident internal split applied.
Mährchen von dem Müller und Fuchs	mf02_l08	3	méri	mêri	0	méri	mêri	meri	to me			unsplit	Current word-level token gloss; no confident internal split applied.
Mährchen von dem Müller und Fuchs	mf02_l08	4	suáṅd	swangd	0	suáṅd	swangd	suand	oath			unsplit	Current word-level token gloss; no confident internal split applied.
Mährchen von dem Müller und Fuchs	mf02_l08	5	buáne.	bwanê	0	buáne	bwanê	buane	give			unsplit	Current word-level token gloss; no confident internal split applied.
Mährchen von dem Müller und Fuchs	mf02_l08	6	Lú’e	Luê	0	Lú’e	Luê	lue	fox			unsplit	Current word-level token gloss; no confident internal split applied.
Mährchen von dem Müller und Fuchs	mf02_l08	7	ārewāṅt̮íri	arêwangçiri	0	ārewāṅt̮íri	arêwangçiri	arewantiri	to the miller			unsplit	Current word-level token gloss; no confident internal split applied.
Mährchen von dem Müller und Fuchs	mf02_l08	8	suáṅd	swangd	0	suáṅd	swangd	suand	oath			unsplit	Current word-level token gloss; no confident internal split applied.
Mährchen von dem Müller und Fuchs	mf02_l08	9	we̱nd,	wend	0	we̱nd	wend	wend	swore			unsplit	Current word-level token gloss; no confident internal split applied.
Mährchen von dem Müller und Fuchs	mf02_l08	10	āre-	arê	0	āre	arê	are	miller			unsplit	Current word-level token gloss; no confident internal split applied.
Mährchen von dem Müller und Fuchs	mf02_l09	0	wāṅt̮í	wangçi	0	wāṅt̮í	wangçi	wanti	miller			unsplit	Current word-level token gloss; no confident internal split applied.
Mährchen von dem Müller und Fuchs	mf02_l09	1	lú’e	luê	0	lú’e	luê	lue	fox			unsplit	Current word-level token gloss; no confident internal split applied.
Mährchen von dem Müller und Fuchs	mf02_l09	2	ve̱rā́	vera	0	ve̱rā́	vera	vera	for			unsplit	Current word-level token gloss; no confident internal split applied.
Mährchen von dem Müller und Fuchs	mf02_l09	3	dai.	day	0	dai	day	dai	struck			unsplit	Current word-level token gloss; no confident internal split applied.
Mährchen von dem Müller und Fuchs	mf02_l10	0	Lú’e	Luê	0	Lú’e	Luê	lue	fox			unsplit	Current word-level token gloss; no confident internal split applied.
Mährchen von dem Müller und Fuchs	mf02_l10	1	we̱ríšte,	weriştê	0	we̱ríšte	weriştê	weriste	got up			unsplit	Current word-level token gloss; no confident internal split applied.
Mährchen von dem Müller und Fuchs	mf02_l10	2	šíe	şyê	0	šíe	şyê	sie	went			unsplit	Current word-level token gloss; no confident internal split applied.
Mährchen von dem Müller und Fuchs	mf02_l10	3	Mi̥sr,	Mısr	0	Mi̥sr	Mısr	misr	Egypt			unsplit	Current word-level token gloss; no confident internal split applied.
Mährchen von dem Müller und Fuchs	mf02_l10	4	šī	şi	0	šī	şi	si	went			unsplit	Current word-level token gloss; no confident internal split applied.
Mährchen von dem Müller und Fuchs	mf02_l10	5	pašai	paşay	0	pašai	paşay	pasai	pasha			unsplit	Current word-level token gloss; no confident internal split applied.
Mährchen von dem Müller und Fuchs	mf02_l10	6	Mí̥sr	Mısr	0	Mí̥sr	Mısr	misr	Egypt			unsplit	Current word-level token gloss; no confident internal split applied.
Mährchen von dem Müller und Fuchs	mf02_l10	7	h̔et,	'hêt	0	h̔et	'hêt	het	to			unsplit	Current word-level token gloss; no confident internal split applied.
Mährchen von dem Müller und Fuchs	mf02_l10	8	té̱mene	temênê	0	té̱mene	temênê	temene	greeting			unsplit	Current word-level token gloss; no confident internal split applied.
Mährchen von dem Müller und Fuchs	mf02_l10	9	kerd.	kêrd	0	kerd	kêrd	kerd	did			unsplit	Current word-level token gloss; no confident internal split applied.
Mährchen von dem Müller und Fuchs	mf02_l10	10	Pa-	Pa	0	Pa	Pa	pa	to			unsplit	Current word-level token gloss; no confident internal split applied.
Mährchen von dem Müller und Fuchs	mf02_l11	0	šai	şay	0	šai	şay	sai	pasha			unsplit	Current word-level token gloss; no confident internal split applied.
Mährchen von dem Müller und Fuchs	mf02_l11	1	Mí̥sri	Mısri	0	Mí̥sri	Mısri	misri	Egypt			unsplit	Current word-level token gloss; no confident internal split applied.
Mährchen von dem Müller und Fuchs	mf02_l11	2	vā	va	0	vā	va	va	said			unsplit	Current word-level token gloss; no confident internal split applied.
Mährchen von dem Müller und Fuchs	mf02_l11	3	ke	kê	0	ke	kê	ke	that			unsplit	Current word-level token gloss; no confident internal split applied.
Mährchen von dem Müller und Fuchs	mf02_l11	4	lú’era:	luêra	0	lú’e	luê	lue	fox			medium	Contextual ra split; function checked against project ra conventions.
Mährchen von dem Müller und Fuchs	mf02_l11	4	lú’era:	luêra	1	ra	ra	ra	RECIP	postposition	case_or_relation=contextual	medium	Muller 1865, ZGP-0336; project glossing_conventions.tsv keeps ra contextual.
Mährchen von dem Müller und Fuchs	mf02_l11	5	dé̱rdi	derdi	0	dé̱rdi	derdi	derdi	worry, sorrow			unsplit	Current word-level token gloss; no confident internal split applied.
Mährchen von dem Müller und Fuchs	mf02_l11	6	tu	tu	0	tu	tu	tu	you			unsplit	Current word-level token gloss; no confident internal split applied.
Mährchen von dem Müller und Fuchs	mf02_l11	7	t̮yu,	çyu	0	t̮yu	çyu	tyu	what			unsplit	Current word-level token gloss; no confident internal split applied.
Mährchen von dem Müller und Fuchs	mf02_l11	8	mí̥ri	mıri	0	mí̥ri	mıri	miri	to me			unsplit	Current word-level token gloss; no confident internal split applied.
Mährchen von dem Müller und Fuchs	mf02_l11	9	vā́d̮e.	vacê	0	vā́d̮e	vacê	vade	say			unsplit	Current word-level token gloss; no confident internal split applied.
Mährchen von dem Müller und Fuchs	mf02_l11	10	Lú’e	Luê	0	Lú’e	Luê	lue	fox			unsplit	Current word-level token gloss; no confident internal split applied.
Mährchen von dem Müller und Fuchs	mf02_l11	11	vā	va	0	vā	va	va	said			unsplit	Current word-level token gloss; no confident internal split applied.
Mährchen von dem Müller und Fuchs	mf02_l11	12	ke:	kê	0	ke	kê	ke	that			unsplit	Current word-level token gloss; no confident internal split applied.
Mährchen von dem Müller und Fuchs	mf02_l12	0	eféndim:	êfêndim	0	eféndim	êfêndim	efendim	my lord			unsplit	Current word-level token gloss; no confident internal split applied.
Mährchen von dem Müller und Fuchs	mf02_l12	1	ī́zmi	izmi	0	ī́zmi	izmi	izmi	permission			unsplit	Current word-level token gloss; no confident internal split applied.
Mährchen von dem Müller und Fuchs	mf02_l12	2	me	mê	0	me	mê	me	me			unsplit	Current word-level token gloss; no confident internal split applied.
Mährchen von dem Müller und Fuchs	mf02_l12	3	bi̥dé,	bıdê	0	bi̥	bi	bi-	CONJ/FUT	prefix	mood=conjunctive;tense=future	high	Muller 1865, ZGP-0361 conjunctive/future bi- prefix.
Mährchen von dem Müller und Fuchs	mf02_l12	3	bi̥dé,	bıdê	1	dé	dê	de	give			high	Muller 1865, ZGP-0361 conjunctive/future bi- prefix.
Mährchen von dem Müller und Fuchs	mf02_l12	4	e̱z	ez	0	e̱z	ez	ez	I			unsplit	Current word-level token gloss; no confident internal split applied.
Mährchen von dem Müller und Fuchs	mf02_l12	5	túeri	twêri	0	túe	twê	tue	2SG.OBL			high	Muller 1865, ZGP-0337-ZGP-0339 ri/ru/-i object or goal material.
Mährchen von dem Müller und Fuchs	mf02_l12	5	túeri	twêri	1	ri	ri	ri	GOAL/RECIP	case/postposition	relation=goal_or_recipient	high	Muller 1865, ZGP-0337-ZGP-0339 ri/ru/-i object or goal material.
Mährchen von dem Müller und Fuchs	mf02_l12	6	vā́d̮a.	vaca	0	vā́d̮a	vaca	vada	say			unsplit	Current word-level token gloss; no confident internal split applied.
Mährchen von dem Müller und Fuchs	mf02_l12	7	Pašaí	Paşay	0	Pašaí	Paşay	pasai	pasha			unsplit	Current word-level token gloss; no confident internal split applied.
Mährchen von dem Müller und Fuchs	mf02_l12	8	Mi̥sri	Mısri	0	Mi̥sri	Mısri	misri	Egypt			unsplit	Current word-level token gloss; no confident internal split applied.
Mährchen von dem Müller und Fuchs	mf02_l12	9	ī́zmi	izmi	0	ī́zmi	izmi	izmi	permission			unsplit	Current word-level token gloss; no confident internal split applied.
Mährchen von dem Müller und Fuchs	mf02_l12	10	lú’e	luê	0	lú’e	luê	lue	fox			unsplit	Current word-level token gloss; no confident internal split applied.
Mährchen von dem Müller und Fuchs	mf02_l12	11	dā.	da	0	dā	da	da	gave			unsplit	Current word-level token gloss; no confident internal split applied.
Mährchen von dem Müller und Fuchs	mf02_l13	0	Lú’e	Luê	0	Lú’e	Luê	lue	fox			unsplit	Current word-level token gloss; no confident internal split applied.
Mährchen von dem Müller und Fuchs	mf02_l13	1	vā	va	0	vā	va	va	said			unsplit	Current word-level token gloss; no confident internal split applied.
Mährchen von dem Müller und Fuchs	mf02_l13	2	ke:	kê	0	ke	kê	ke	that			unsplit	Current word-level token gloss; no confident internal split applied.
Mährchen von dem Müller und Fuchs	mf02_l13	3	eféndim,	êfêndim	0	eféndim	êfêndim	efendim	my lord			unsplit	Current word-level token gloss; no confident internal split applied.
Mährchen von dem Müller und Fuchs	mf02_l13	4	veíwe̱	vêywe	0	veíwe̱	vêywe	veiwe	bride-request			unsplit	Current word-level token gloss; no confident internal split applied.
Mährchen von dem Müller und Fuchs	mf02_l13	5	t̮emt̮eqú	çêmçêqu	0	t̮emt̮eqú	çêmçêqu	temtequ	Çemçequ			unsplit	Current word-level token gloss; no confident internal split applied.
Mährchen von dem Müller und Fuchs	mf02_l13	6	pašaí	paşay	0	pašaí	paşay	pasai	pasha			unsplit	Current word-level token gloss; no confident internal split applied.
Mährchen von dem Müller und Fuchs	mf02_l13	7	āmé̱,	ame	0	āmé̱	ame	ame	came			unsplit	Current word-level token gloss; no confident internal split applied.
Mährchen von dem Müller und Fuchs	mf02_l13	8	keínai	kêynay	0	keínai	kêynay	keinai	daughter			unsplit	Current word-level token gloss; no confident internal split applied.
Mährchen von dem Müller und Fuchs	mf02_l13	9	t̮úe	çwê	0	t̮úe	çwê	tue	your			unsplit	Current word-level token gloss; no confident internal split applied.
Mährchen von dem Müller und Fuchs	mf02_l13	10	wa-	wa	0	wa	wa	wa	let			unsplit	Current word-level token gloss; no confident internal split applied.
Mährchen von dem Müller und Fuchs	mf02_l14	0	zén’u	zênu	0	zén’u	zênu	zenu	wants			unsplit	Current word-level token gloss; no confident internal split applied.
Mährchen von dem Müller und Fuchs	mf02_l14	1	χóeri,	xoêri	0	χóe	xoê	xoe	self/own			high	Muller 1865, ZGP-0337-ZGP-0339 ri/ru/-i object or goal material.
Mährchen von dem Müller und Fuchs	mf02_l14	1	χóeri,	xoêri	1	ri	ri	ri	REFL/OBL	case/postposition	relation=reflexive_or_oblique	high	Muller 1865, ZGP-0337-ZGP-0339 ri/ru/-i object or goal material.
Mährchen von dem Müller und Fuchs	mf02_l14	2	[yau	yaw	0	yau	yaw	yau	one			unsplit	Current word-level token gloss; no confident internal split applied.
Mährchen von dem Müller und Fuchs	mf02_l14	3	tu’érge	tuêrgê	0	tu’érge	tuêrgê	tuerge	hail			unsplit	Modern Zazaki torge means hail; this gives a coherent reading with varai/varayış.
Mährchen von dem Müller und Fuchs	mf02_l14	4	varai,	varay	0	varai	varay	varai	rained			unsplit	Compare modern Zazaki varayış, raining/precipitation; context is hail falling.
Mährchen von dem Müller und Fuchs	mf02_l14	5	lasé̱r	laser	0	lasé̱r	laser	laser	on the head			unsplit	Current word-level token gloss; no confident internal split applied.
Mährchen von dem Müller und Fuchs	mf02_l14	6	āmé̱	ame	0	āmé̱	ame	ame	came			unsplit	Current word-level token gloss; no confident internal split applied.
Mährchen von dem Müller und Fuchs	mf02_l14	7	paṅd̮	pangc	0	paṅd̮	pangc	pand	five			unsplit	Current word-level token gloss; no confident internal split applied.
Mährchen von dem Müller und Fuchs	mf02_l14	8	sei	sêy	0	sei	sêy	sei	hundred			unsplit	Current word-level token gloss; no confident internal split applied.
Mährchen von dem Müller und Fuchs	mf02_l14	9	espā́ri	êspari	0	espā́ri	êspari	espari	horsemen			unsplit	Current word-level token gloss; no confident internal split applied.
Mährchen von dem Müller und Fuchs	mf02_l14	10	t̮emt̮e̱qú	çêmçequ	0	t̮emt̮e̱qú	çêmçequ	temtequ	Çemçequ			unsplit	Current word-level token gloss; no confident internal split applied.
Mährchen von dem Müller und Fuchs	mf03_l01	0	pašaí	paşay	0	pašaí	paşay	pasai	pasha			unsplit	Current word-level token gloss; no confident internal split applied.
Mährchen von dem Müller und Fuchs	mf03_l01	1	be,	bê	0	be	bê	be	be			unsplit	Current word-level token gloss; no confident internal split applied.
Mährchen von dem Müller und Fuchs	mf03_l01	2	pyéru	pyêru	0	pyéru	pyêru	pyeru	all			unsplit	Current word-level token gloss; no confident internal split applied.
Mährchen von dem Müller und Fuchs	mf03_l01	3	la	la	0	la	la	la	but-			unsplit	Current word-level token gloss; no confident internal split applied.
Mährchen von dem Müller und Fuchs	mf03_l01	4	sé̱ri	seri	0	sé̱ri	seri	seri	head			unsplit	Current word-level token gloss; no confident internal split applied.
Mährchen von dem Müller und Fuchs	mf03_l01	5	be̱rd,	berd	0	be̱rd	berd	berd	carried			unsplit	Current word-level token gloss; no confident internal split applied.
Mährchen von dem Müller und Fuchs	mf03_l01	6	e̱z	ez	0	e̱z	ez	ez	I			unsplit	Current word-level token gloss; no confident internal split applied.
Mährchen von dem Müller und Fuchs	mf03_l01	7	túeri	twêri	0	túe	twê	tue	2SG.OBL			high	Muller 1865, ZGP-0337-ZGP-0339 ri/ru/-i object or goal material.
Mährchen von dem Müller und Fuchs	mf03_l01	7	túeri	twêri	1	ri	ri	ri	GOAL/RECIP	case/postposition	relation=goal_or_recipient	high	Muller 1865, ZGP-0337-ZGP-0339 ri/ru/-i object or goal material.
Mährchen von dem Müller und Fuchs	mf03_l01	8	d̮íne	cinê	0	d̮íne	cinê	dine	herds			unsplit	Current word-level token gloss; no confident internal split applied.
Mährchen von dem Müller und Fuchs	mf03_l01	9	pyéru	pyêru	0	pyéru	pyêru	pyeru	all			unsplit	Current word-level token gloss; no confident internal split applied.
Mährchen von dem Müller und Fuchs	mf03_l01	10	la	la	0	la	la	la	but-			unsplit	Current word-level token gloss; no confident internal split applied.
Mährchen von dem Müller und Fuchs	mf03_l01	11	sé̱ri	seri	0	sé̱ri	seri	seri	head			unsplit	Current word-level token gloss; no confident internal split applied.
Mährchen von dem Müller und Fuchs	mf03_l01	12	bé̱rdi,	berdi	0	bé̱rdi	berdi	berdi	carried			unsplit	Current word-level token gloss; no confident internal split applied.
Mährchen von dem Müller und Fuchs	mf03_l02	0	me	mê	0	me	mê	me	me			unsplit	Current word-level token gloss; no confident internal split applied.
Mährchen von dem Müller und Fuchs	mf03_l02	1	yau	yaw	0	yau	yaw	yau	one			unsplit	Current word-level token gloss; no confident internal split applied.
Mährchen von dem Müller und Fuchs	mf03_l02	2	ké̱re̱	kere	0	ké̱re̱	kere	kere	time			unsplit	Current word-level token gloss; no confident internal split applied.
Mährchen von dem Müller und Fuchs	mf03_l02	3	te̱píšt	tepişt	0	te̱píšt	tepişt	tepist	caught			unsplit	Current word-level token gloss; no confident internal split applied.
Mährchen von dem Müller und Fuchs	mf03_l02	4	pa	pa	0	pa	pa	pa	to			unsplit	Current word-level token gloss; no confident internal split applied.
Mährchen von dem Müller und Fuchs	mf03_l02	5	vené̱rta,	vênerta	0	vené̱rta	vênerta	venerta	stood			unsplit	Current word-level token gloss; no confident internal split applied.
Mährchen von dem Müller und Fuchs	mf03_l02	6	e̱z	ez	0	e̱z	ez	ez	I			unsplit	Current word-level token gloss; no confident internal split applied.
Mährchen von dem Müller und Fuchs	mf03_l02	7	auńáya	awnyaya	0	auńáya	awnyaya	aunaya	I saw			unsplit	Current word-level token gloss; no confident internal split applied.
Mährchen von dem Müller und Fuchs	mf03_l02	8	yau	yaw	0	yau	yaw	yau	one			unsplit	Current word-level token gloss; no confident internal split applied.
Mährchen von dem Müller und Fuchs	mf03_l02	9	de̱st	dest	0	de̱st	dest	dest	hand			unsplit	Current word-level token gloss; no confident internal split applied.
Mährchen von dem Müller und Fuchs	mf03_l02	10	āmé̱	ame	0	āmé̱	ame	ame	came			unsplit	Current word-level token gloss; no confident internal split applied.
Mährchen von dem Müller und Fuchs	mf03_l02	11	gnā	gna	0	gnā	gna	gna	fell			unsplit	Current word-level token gloss; no confident internal split applied.
Mährchen von dem Müller und Fuchs	mf03_l02	12	me	mê	0	me	mê	me	unclear bracket mark			unsplit	Current word-level token gloss; no confident internal split applied.
Mährchen von dem Müller und Fuchs	mf03_l03	0	líṅge,	lingê	0	líṅge	lingê	linge	leg			unsplit	Current word-level token gloss; no confident internal split applied.
Mährchen von dem Müller und Fuchs	mf03_l03	1	me	mê	0	me	mê	me	me			unsplit	Current word-level token gloss; no confident internal split applied.
Mährchen von dem Müller und Fuchs	mf03_l03	2	ḗ̱n’oe	enoê	0	ḗ̱n’oe	enoê	enoe	this			unsplit	Current word-level token gloss; no confident internal split applied.
Mährchen von dem Müller und Fuchs	mf03_l03	3	de̱st	dest	0	de̱st	dest	dest	hand			unsplit	Current word-level token gloss; no confident internal split applied.
Mährchen von dem Müller und Fuchs	mf03_l03	4	te̱píšt	tepişt	0	te̱píšt	tepişt	tepist	caught			unsplit	Current word-level token gloss; no confident internal split applied.
Mährchen von dem Müller und Fuchs	mf03_l03	5	aúkera	awkêra	0	aúke	awkê	auke	it			medium	Contextual ra split; function checked against project ra conventions.
Mährchen von dem Müller und Fuchs	mf03_l03	5	aúkera	awkêra	1	ra	ra	ra	ABL	postposition	case_or_relation=contextual	medium	Muller 1865, ZGP-0336; project glossing_conventions.tsv keeps ra contextual.
Mährchen von dem Müller und Fuchs	mf03_l03	6	ve̱d̮iáya	vecyaya	0	ve̱d̮iáya	vecyaya	vediaya	threw out			unsplit	Current word-level token gloss; no confident internal split applied.
Mährchen von dem Müller und Fuchs	mf03_l03	7	te̱bér,	tebêr	0	te̱bér	tebêr	teber	outside			unsplit	Current word-level token gloss; no confident internal split applied.
Mährchen von dem Müller und Fuchs	mf03_l03	8	t̮emt̮equ	çêmçêqu	0	t̮emt̮equ	çêmçêqu	temtequ	Çemçequ			unsplit	Current word-level token gloss; no confident internal split applied.
Mährchen von dem Müller und Fuchs	mf03_l03	9	pašá	paşa	0	pašá	paşa	pasa	pasha			unsplit	Current word-level token gloss; no confident internal split applied.
Mährchen von dem Müller und Fuchs	mf03_l04	0	é̱rz’e	erzê	0	é̱rz’e	erzê	erze	himself			unsplit	Current word-level token gloss; no confident internal split applied.
Mährchen von dem Müller und Fuchs	mf03_l04	1	χóe	xoê	0	χóe	xoê	xoe	own			unsplit	Current word-level token gloss; no confident internal split applied.
Mährchen von dem Müller und Fuchs	mf03_l04	2	me	mê	0	me	mê	me	me			unsplit	Current word-level token gloss; no confident internal split applied.
Mährchen von dem Müller und Fuchs	mf03_l04	3	wíd̮a	wica	0	wíd̮a	wica	wida	there			unsplit	Current word-level token gloss; no confident internal split applied.
Mährchen von dem Müller und Fuchs	mf03_l04	4	ve̱r	ver	0	ve̱r	ver	ver	front			unsplit	Current word-level token gloss; no confident internal split applied.
Mährchen von dem Müller und Fuchs	mf03_l04	5	daú,	daw	0	daú	daw	dau	village			unsplit	Current word-level token gloss; no confident internal split applied.
Mährchen von dem Müller und Fuchs	mf03_l04	6	e̱z	ez	0	e̱z	ez	ez	I			unsplit	Current word-level token gloss; no confident internal split applied.
Mährchen von dem Müller und Fuchs	mf03_l04	7	āmeía.]	amêya	0	āmeía	amêya	ameia	came			unsplit	Current word-level token gloss; no confident internal split applied.
Mährchen von dem Müller und Fuchs	mf03_l04	8	Pašaí	Paşay	0	Pašaí	Paşay	pasai	pasha			unsplit	Current word-level token gloss; no confident internal split applied.
Mährchen von dem Müller und Fuchs	mf03_l04	9	Mí̥sri	Mısri	0	Mí̥sri	Mısri	misri	Egypt			unsplit	Current word-level token gloss; no confident internal split applied.
Mährchen von dem Müller und Fuchs	mf03_l04	10	vā	va	0	vā	va	va	said			unsplit	Current word-level token gloss; no confident internal split applied.
Mährchen von dem Müller und Fuchs	mf03_l04	11	ke:	kê	0	ke	kê	ke	that			unsplit	Current word-level token gloss; no confident internal split applied.
Mährchen von dem Müller und Fuchs	mf03_l04	12	espā́r	êspar	0	espā́r	êspar	espar	horse			unsplit	Current word-level token gloss; no confident internal split applied.
Mährchen von dem Müller und Fuchs	mf03_l05	0	wa	wa	0	wa	wa	wa	let			unsplit	Current word-level token gloss; no confident internal split applied.
Mährchen von dem Müller und Fuchs	mf03_l05	1	wén’isi,	wênisi	0	wén’isi	wênisi	wenisi	come out			unsplit	Current word-level token gloss; no confident internal split applied.
Mährchen von dem Müller und Fuchs	mf03_l05	2	wa	wa	0	wa	wa	wa	let			unsplit	Current word-level token gloss; no confident internal split applied.
Mährchen von dem Müller und Fuchs	mf03_l05	3	túede	twêdê	0	túede	twêdê	tuede	with you			unsplit	Current word-level token gloss; no confident internal split applied.
Mährchen von dem Müller und Fuchs	mf03_l05	4	byẹ̄́ri,	byêri	0	byẹ̄́ri	byêri	byeri	bring			unsplit	Current word-level token gloss; no confident internal split applied.
Mährchen von dem Müller und Fuchs	mf03_l05	5	mí̥ri	mıri	0	mí̥ri	mıri	miri	to me			unsplit	Current word-level token gloss; no confident internal split applied.
Mährchen von dem Müller und Fuchs	mf03_l05	6	t̮emt̮eqú	çêmçêqu	0	t̮emt̮eqú	çêmçêqu	temtequ	Çemçequ			unsplit	Current word-level token gloss; no confident internal split applied.
Mährchen von dem Müller und Fuchs	mf03_l05	7	pašai	paşay	0	pašai	paşay	pasai	pasha			unsplit	Current word-level token gloss; no confident internal split applied.
Mährchen von dem Müller und Fuchs	mf03_l05	8	byā́ri,	byari	0	byā́ri	byari	byari	bring			unsplit	Current word-level token gloss; no confident internal split applied.
Mährchen von dem Müller und Fuchs	mf03_l05	9	ḗ̱n’oe	enoê	0	ḗ̱n’oe	enoê	enoe	this			unsplit	Current word-level token gloss; no confident internal split applied.
Mährchen von dem Müller und Fuchs	mf03_l05	10	d̮ā	ca	0	d̮ā	ca	da	gave			unsplit	Current word-level token gloss; no confident internal split applied.
Mährchen von dem Müller und Fuchs	mf03_l06	0	we̱žī́ru,	wejiru	0	we̱žī́ru	wejiru	weziru	vizier			unsplit	Current word-level token gloss; no confident internal split applied.
Mährchen von dem Müller und Fuchs	mf03_l06	1	me	mê	0	me	mê	me	me			unsplit	Current word-level token gloss; no confident internal split applied.
Mährchen von dem Müller und Fuchs	mf03_l06	2	nameí	namêy	0	nameí	namêy	namei	name			unsplit	Current word-level token gloss; no confident internal split applied.
Mährchen von dem Müller und Fuchs	mf03_l06	3	t̮emt̮eqú	çêmçêqu	0	t̮emt̮eqú	çêmçêqu	temtequ	Çemçequ			unsplit	Current word-level token gloss; no confident internal split applied.
Mährchen von dem Müller und Fuchs	mf03_l06	4	pašai	paşay	0	pašai	paşay	pasai	pasha			unsplit	Current word-level token gloss; no confident internal split applied.
Mährchen von dem Müller und Fuchs	mf03_l06	5	ńesna’útu.	nyêsnautu	0	ńesna’útu	nyêsnautu	nesnautu	I have not heard			unsplit	Current word-level token gloss; no confident internal split applied.
Mährchen von dem Müller und Fuchs	mf03_l06	6	Lú’e	Luê	0	Lú’e	Luê	lue	fox			unsplit	Current word-level token gloss; no confident internal split applied.
Mährchen von dem Müller und Fuchs	mf03_l06	7	vā	va	0	vā	va	va	said			unsplit	Current word-level token gloss; no confident internal split applied.
Mährchen von dem Müller und Fuchs	mf03_l06	8	ke:	kê	0	ke	kê	ke	that			unsplit	Current word-level token gloss; no confident internal split applied.
Mährchen von dem Müller und Fuchs	mf03_l06	9	eféndim,	êfêndim	0	eféndim	êfêndim	efendim	my lord			unsplit	Current word-level token gloss; no confident internal split applied.
Mährchen von dem Müller und Fuchs	mf03_l07	0	yau	yaw	0	yau	yaw	yau	one			unsplit	Current word-level token gloss; no confident internal split applied.
Mährchen von dem Müller und Fuchs	mf03_l07	1	qáti	qati	0	qáti	qati	qati	set			unsplit	Current word-level token gloss; no confident internal split applied.
Mährchen von dem Müller und Fuchs	mf03_l07	2	kind̮áṅ	kincang	0	kind̮áṅ	kincang	kindan	clothes			unsplit	Current word-level token gloss; no confident internal split applied.
Mährchen von dem Müller und Fuchs	mf03_l07	3	bi̥dé	bıdê	0	bi̥	bi	bi-	CONJ/FUT	prefix	mood=conjunctive;tense=future	high	Muller 1865, ZGP-0361 conjunctive/future bi- prefix.
Mährchen von dem Müller und Fuchs	mf03_l07	3	bi̥dé	bıdê	1	dé	dê	de	give			high	Muller 1865, ZGP-0361 conjunctive/future bi- prefix.
Mährchen von dem Müller und Fuchs	mf03_l07	4	me,	mê	0	me	mê	me	me			unsplit	Current word-level token gloss; no confident internal split applied.
Mährchen von dem Müller und Fuchs	mf03_l07	5	e̱z	ez	0	e̱z	ez	ez	I			unsplit	Current word-level token gloss; no confident internal split applied.
Mährchen von dem Müller und Fuchs	mf03_l07	6	bén’a	bêna	0	b	b	be	be			medium	Muller 1865, ZGP-0356 present -ena/-ana material.
Mährchen von dem Müller und Fuchs	mf03_l07	6	bén’a	bêna	1	én’a	ena	-ena	PRS.1SG	suffix	tense_aspect=present;person=1;number=singular	medium	Muller 1865, ZGP-0356 present -ena/-ana material.
Mährchen von dem Müller und Fuchs	mf03_l07	7	t̮emt̮aqú	çêmçaqu	0	t̮emt̮aqú	çêmçaqu	temtaqu	Çemçequ			unsplit	Current word-level token gloss; no confident internal split applied.
Mährchen von dem Müller und Fuchs	mf03_l07	8	pašári,	paşari	0	pašári	paşari	pasari	to the pasha			unsplit	Current word-level token gloss; no confident internal split applied.
Mährchen von dem Müller und Fuchs	mf03_l07	9	wa	wa	0	wa	wa	wa	let			unsplit	Current word-level token gloss; no confident internal split applied.
Mährchen von dem Müller und Fuchs	mf03_l07	10	perá	pêra	0	perá	pêra	pera	on			unsplit	Current word-level token gloss; no confident internal split applied.
Mährchen von dem Müller und Fuchs	mf03_l07	11	ǵu;	gu	0	ǵu	gu	gu	put on			unsplit	Current word-level token gloss; no confident internal split applied.
Mährchen von dem Müller und Fuchs	mf03_l08	0	h̔ā́t’a	'hata	0	h̔ā́t’a	'hata	hata	until			unsplit	Current word-level token gloss; no confident internal split applied.
Mährchen von dem Müller und Fuchs	mf03_l08	1	di̥	dı	0	di̥	dı	di	two, 2			unsplit	Current word-level token gloss; no confident internal split applied.
Mährchen von dem Müller und Fuchs	mf03_l08	2	rōdi	rodi	0	rōdi	rodi	rodi	days			unsplit	Current word-level token gloss; no confident internal split applied.
Mährchen von dem Müller und Fuchs	mf03_l08	3	e̱skéri	eskêri	0	e̱skéri	eskêri	eskeri	army			unsplit	Current word-level token gloss; no confident internal split applied.
Mährchen von dem Müller und Fuchs	mf03_l08	4	χóe	xoê	0	χóe	xoê	xoe	own			unsplit	Current word-level token gloss; no confident internal split applied.
Mährchen von dem Müller und Fuchs	mf03_l08	5	mé̱ved̮e	mevêcê	0	mé̱ved̮e	mevêcê	mevede	do not send out			unsplit	Current word-level token gloss; no confident internal split applied.
Mährchen von dem Müller und Fuchs	mf03_l08	6	selám	sêlam	0	selám	sêlam	selam	greeting			unsplit	Current word-level token gloss; no confident internal split applied.
Mährchen von dem Müller und Fuchs	mf03_l08	7	leγeí,	lêğêy	0	leγeí	lêğêy	legei				unsplit	Current word-level token gloss; no confident internal split applied.
Mährchen von dem Müller und Fuchs	mf03_l08	8	h̔é̱t’a	'heta	0	h̔é̱t’a	'heta	heta	until			unsplit	Current word-level token gloss; no confident internal split applied.
Mährchen von dem Müller und Fuchs	mf03_l08	9	t̮emt̮aqú	çêmçaqu	0	t̮emt̮aqú	çêmçaqu	temtaqu	Çemçequ			unsplit	Current word-level token gloss; no confident internal split applied.
Mährchen von dem Müller und Fuchs	mf03_l08	10	pašá	paşa	0	pašá	paşa	pasa	pasha			unsplit	Current word-level token gloss; no confident internal split applied.
Mährchen von dem Müller und Fuchs	mf03_l09	0	byẹ̄́ru	byêru	0	byẹ̄́ru	byêru	byeru	comes			unsplit	Current word-level token gloss; no confident internal split applied.
Mährchen von dem Müller und Fuchs	mf03_l09	1	tía,	tya	0	tía	tya	tia	here			unsplit	Current word-level token gloss; no confident internal split applied.
Mährchen von dem Müller und Fuchs	mf03_l09	2	e̱z	ez	0	e̱z	ez	ez	I			unsplit	Current word-level token gloss; no confident internal split applied.
Mährchen von dem Müller und Fuchs	mf03_l09	3	túeri	twêri	0	túe	twê	tue	2SG.OBL			high	Muller 1865, ZGP-0337-ZGP-0339 ri/ru/-i object or goal material.
Mährchen von dem Müller und Fuchs	mf03_l09	3	túeri	twêri	1	ri	ri	ri	GOAL/RECIP	case/postposition	relation=goal_or_recipient	high	Muller 1865, ZGP-0337-ZGP-0339 ri/ru/-i object or goal material.
Mährchen von dem Müller und Fuchs	mf03_l09	4	h̔abé̱re	'haberê	0	h̔abé̱re	'haberê	habere	message			unsplit	Current word-level token gloss; no confident internal split applied.
Mährchen von dem Müller und Fuchs	mf03_l09	5	āna.	ana	0	āna	ana	ana	I bring			unsplit	Current word-level token gloss; no confident internal split applied.
Mährchen von dem Müller und Fuchs	mf03_l10	0	Pašaí	Paşay	0	Pašaí	Paşay	pasai	pasha			unsplit	Current word-level token gloss; no confident internal split applied.
Mährchen von dem Müller und Fuchs	mf03_l10	1	Mí̥sri	Mısri	0	Mí̥sri	Mısri	misri	Egypt			unsplit	Current word-level token gloss; no confident internal split applied.
Mährchen von dem Müller und Fuchs	mf03_l10	2	yau	yaw	0	yau	yaw	yau	one			unsplit	Current word-level token gloss; no confident internal split applied.
Mährchen von dem Müller und Fuchs	mf03_l10	3	qáti	qati	0	qáti	qati	qati	set			unsplit	Current word-level token gloss; no confident internal split applied.
Mährchen von dem Müller und Fuchs	mf03_l10	4	kind̮ā́n	kincan	0	kind̮ā́n	kincan	kindan	clothes			unsplit	Current word-level token gloss; no confident internal split applied.
Mährchen von dem Müller und Fuchs	mf03_l10	5	dā	da	0	dā	da	da	gave			unsplit	Current word-level token gloss; no confident internal split applied.
Mährchen von dem Müller und Fuchs	mf03_l10	6	lúe.	lwê	0	lúe	lwê	lue	fox			unsplit	Current word-level token gloss; no confident internal split applied.
Mährchen von dem Müller und Fuchs	mf03_l10	7	Lúe	Lwê	0	Lúe	Lwê	lue	fox			unsplit	Current word-level token gloss; no confident internal split applied.
Mährchen von dem Müller und Fuchs	mf03_l10	8	kínd̮i	kinci	0	kínd̮i	kinci	kindi	clothes			unsplit	Current word-level token gloss; no confident internal split applied.
Mährchen von dem Müller und Fuchs	mf03_l10	9	geraúti,	gêrawti	0	geraúti	gêrawti	gerauti	took			unsplit	Current word-level token gloss; no confident internal split applied.
Mährchen von dem Müller und Fuchs	mf03_l10	10	āge-	agê	0	āge	agê	age	returned			unsplit	Current word-level token gloss; no confident internal split applied.
Mährchen von dem Müller und Fuchs	mf03_l11	0	raí,	ray	0	raí	ray	rai	way			unsplit	Current word-level token gloss; no confident internal split applied.
Mährchen von dem Müller und Fuchs	mf03_l11	1	šī	şi	0	šī	şi	si	went			unsplit	Current word-level token gloss; no confident internal split applied.
Mährchen von dem Müller und Fuchs	mf03_l11	2	ārewāṅt̮í	arêwangçi	0	ārewāṅt̮í	arêwangçi	arewanti	miller			unsplit	Current word-level token gloss; no confident internal split applied.
Mährchen von dem Müller und Fuchs	mf03_l11	3	h̔et.	'hêt	0	h̔et	'hêt	het	to			unsplit	Current word-level token gloss; no confident internal split applied.
Mährchen von dem Müller und Fuchs	mf03_l11	4	Lúe	Lwê	0	Lúe	Lwê	lue	fox			unsplit	Current word-level token gloss; no confident internal split applied.
Mährchen von dem Müller und Fuchs	mf03_l11	5	ārewāṅt̮íra	arêwangçira	0	ārewāṅt̮í	arêwangçi	arewanti	miller			medium	Contextual ra split; function checked against project ra conventions.
Mährchen von dem Müller und Fuchs	mf03_l11	5	ārewāṅt̮íra	arêwangçira	1	ra	ra	ra	RECIP	postposition	case_or_relation=contextual	medium	Muller 1865, ZGP-0336; project glossing_conventions.tsv keeps ra contextual.
Mährchen von dem Müller und Fuchs	mf03_l11	6	vā	va	0	vā	va	va	said			unsplit	Current word-level token gloss; no confident internal split applied.
Mährchen von dem Müller und Fuchs	mf03_l11	7	ke:	kê	0	ke	kê	ke	that			unsplit	Current word-level token gloss; no confident internal split applied.
Mährchen von dem Müller und Fuchs	mf03_l11	8	me	mê	0	me	mê	me	me			unsplit	Current word-level token gloss; no confident internal split applied.
Mährchen von dem Müller und Fuchs	mf03_l11	9	túeri	twêri	0	túe	twê	tue	2SG.OBL			high	Muller 1865, ZGP-0337-ZGP-0339 ri/ru/-i object or goal material.
Mährchen von dem Müller und Fuchs	mf03_l11	9	túeri	twêri	1	ri	ri	ri	GOAL/RECIP	case/postposition	relation=goal_or_recipient	high	Muller 1865, ZGP-0337-ZGP-0339 ri/ru/-i object or goal material.
Mährchen von dem Müller und Fuchs	mf03_l11	10	kaínai	kaynay	0	kaínai	kaynay	kainai	daughter			unsplit	Current word-level token gloss; no confident internal split applied.
Mährchen von dem Müller und Fuchs	mf03_l11	11	pa-	pa	0	pa	pa	pa	to			unsplit	Current word-level token gloss; no confident internal split applied.
Mährchen von dem Müller und Fuchs	mf03_l12	0	šáde	şadê	0	šáde	şadê	sade	of the pasha			unsplit	Current word-level token gloss; no confident internal split applied.
Mährchen von dem Müller und Fuchs	mf03_l12	1	Mi̥sri	Mısri	0	Mi̥sri	Mısri	misri	Egypt			unsplit	Current word-level token gloss; no confident internal split applied.
Mährchen von dem Müller und Fuchs	mf03_l12	2	waíšte,	wayştê	0	waíšte	wayştê	waiste	asked for			unsplit	Current word-level token gloss; no confident internal split applied.
Mährchen von dem Müller und Fuchs	mf03_l12	3	wárze,	warzê	0	wárze	warzê	warze	get up			unsplit	Current word-level token gloss; no confident internal split applied.
Mährchen von dem Müller und Fuchs	mf03_l12	4	šúe	şwê	0	šúe	şwê	sue	go			unsplit	Current word-level token gloss; no confident internal split applied.
Mährchen von dem Müller und Fuchs	mf03_l12	5	h̔é̱m’ām,	'hemam	0	h̔é̱m’ām	'hemam	hemam	bath			unsplit	Current word-level token gloss; no confident internal split applied.
Mährchen von dem Müller und Fuchs	mf03_l12	6	χóe	xoê	0	χóe	xoê	xoe	own			unsplit	Current word-level token gloss; no confident internal split applied.
Mährchen von dem Müller und Fuchs	mf03_l12	7	bi̥šú,	bışu	0	bi̥šú	bışu	bisu	wash yourself			unsplit	Current word-level token gloss; no confident internal split applied.
Mährchen von dem Müller und Fuchs	mf03_l12	8	te̱míz	temiz	0	te̱míz	temiz	temiz	clean			unsplit	Current word-level token gloss; no confident internal split applied.
Mährchen von dem Müller und Fuchs	mf03_l12	9	ke,	kê	0	ke	kê	ke	that			unsplit	Current word-level token gloss; no confident internal split applied.
Mährchen von dem Müller und Fuchs	mf03_l12	10	bye,	byê	0	bye	byê	bye	come			unsplit	Current word-level token gloss; no confident internal split applied.
Mährchen von dem Müller und Fuchs	mf03_l13	0	ḗ̱n’oe	enoê	0	ḗ̱n’oe	enoê	enoe	this			unsplit	Current word-level token gloss; no confident internal split applied.
Mährchen von dem Müller und Fuchs	mf03_l13	1	qáti	qati	0	qáti	qati	qati	set			unsplit	Current word-level token gloss; no confident internal split applied.
Mährchen von dem Müller und Fuchs	mf03_l13	2	kind̮áṅ	kincang	0	kind̮áṅ	kincang	kindan	clothes			unsplit	Current word-level token gloss; no confident internal split applied.
Mährchen von dem Müller und Fuchs	mf03_l13	3	perá	pêra	0	perá	pêra	pera	on			unsplit	Current word-level token gloss; no confident internal split applied.
Mährchen von dem Müller und Fuchs	mf03_l13	4	ǵe,	gê	0	ǵe	gê	ge	put on			unsplit	Current word-level token gloss; no confident internal split applied.
Mährchen von dem Müller und Fuchs	mf03_l13	5	mā	ma	0	mā	ma	ma	we			unsplit	Current word-level token gloss; no confident internal split applied.
Mährchen von dem Müller und Fuchs	mf03_l13	6	šyẹ̄́ri	şyêri	0	šyẹ̄́ri	şyêri	syeri	go			unsplit	Current word-level token gloss; no confident internal split applied.
Mährchen von dem Müller und Fuchs	mf03_l13	7	pašáde	paşadê	0	pašáde	paşadê	pasade	of the pasha			unsplit	Current word-level token gloss; no confident internal split applied.
Mährchen von dem Müller und Fuchs	mf03_l13	8	Mí̥sri	Mısri	0	Mí̥sri	Mısri	misri	Egypt			unsplit	Current word-level token gloss; no confident internal split applied.
Mährchen von dem Müller und Fuchs	mf03_l13	9	h̔et.	'hêt	0	h̔et	'hêt	het	to			unsplit	Current word-level token gloss; no confident internal split applied.
Mährchen von dem Müller und Fuchs	mf03_l14	0	Ārewāṅt̮í	Arêwangçi	0	Ārewāṅt̮í	Arêwangçi	arewanti	miller			unsplit	Current word-level token gloss; no confident internal split applied.
Mährchen von dem Müller und Fuchs	mf03_l14	1	we̱ríšt,	werişt	0	we̱ríšt	werişt	werist	got up			unsplit	Current word-level token gloss; no confident internal split applied.
Mährchen von dem Müller und Fuchs	mf03_l14	2	šẹ̄	şê	0	šẹ̄	şê	se	went			unsplit	Current word-level token gloss; no confident internal split applied.
Mährchen von dem Müller und Fuchs	mf03_l14	3	h̔e̱m’ām,	'hemam	0	h̔e̱m’ām	'hemam	hemam	bath			unsplit	Current word-level token gloss; no confident internal split applied.
Mährchen von dem Müller und Fuchs	mf03_l14	4	χóe	xoê	0	χóe	xoê	xoe	own			unsplit	Current word-level token gloss; no confident internal split applied.
Mährchen von dem Müller und Fuchs	mf03_l14	5	te̱míz	temiz	0	te̱míz	temiz	temiz	clean			unsplit	Current word-level token gloss; no confident internal split applied.
Mährchen von dem Müller und Fuchs	mf03_l14	6	kerd,	kêrd	0	kerd	kêrd	kerd	did			unsplit	Current word-level token gloss; no confident internal split applied.
Mährchen von dem Müller und Fuchs	mf03_l14	7	sé̱re	serê	0	sé̱re	serê	sere	head			unsplit	Current word-level token gloss; no confident internal split applied.
Mährchen von dem Müller und Fuchs	mf03_l14	8	χóe	xoê	0	χóe	xoê	xoe	own			unsplit	Current word-level token gloss; no confident internal split applied.
Mährchen von dem Müller und Fuchs	mf03_l14	9	taišt,	tayşt	0	taišt	tayşt	taist	shaved			unsplit	Current word-level token gloss; no confident internal split applied.
Mährchen von dem Müller und Fuchs	mf03_l15	0	ríe	ryê	0	ríe	ryê	rie	face			unsplit	Current word-level token gloss; no confident internal split applied.
Mährchen von dem Müller und Fuchs	mf03_l15	1	χóe	xoê	0	χóe	xoê	xoe	own			unsplit	Current word-level token gloss; no confident internal split applied.
Mährchen von dem Müller und Fuchs	mf03_l15	2	taišt;	tayşt	0	taišt	tayşt	taist	shaved			unsplit	Current word-level token gloss; no confident internal split applied.
Mährchen von dem Müller und Fuchs	mf03_l15	3	āmé̱,	ame	0	āmé̱	ame	ame	came			unsplit	Current word-level token gloss; no confident internal split applied.
Mährchen von dem Müller und Fuchs	mf03_l15	4	kínd̮i	kinci	0	kínd̮i	kinci	kindi	clothes			unsplit	Current word-level token gloss; no confident internal split applied.
Mährchen von dem Müller und Fuchs	mf03_l15	5	geraúti	gêrawti	0	geraúti	gêrawti	gerauti	took			unsplit	Current word-level token gloss; no confident internal split applied.
Mährchen von dem Müller und Fuchs	mf03_l15	6	perá,	pêra	0	perá	pêra	pera	on			unsplit	Current word-level token gloss; no confident internal split applied.
Mährchen von dem Müller und Fuchs	mf03_l15	7	lúe	lwê	0	lúe	lwê	lue	fox			unsplit	Current word-level token gloss; no confident internal split applied.
Mährchen von dem Müller und Fuchs	mf03_l15	8	kaúte	kawtê	0	kaúte	kawtê	kaute	went			unsplit	Current word-level token gloss; no confident internal split applied.
Mährchen von dem Müller und Fuchs	mf03_l15	9	ve̱r,	ver	0	ve̱r	ver	ver	front			unsplit	Current word-level token gloss; no confident internal split applied.
Mährchen von dem Müller und Fuchs	mf03_l15	10	šī	şi	0	šī	şi	si	went			unsplit	Current word-level token gloss; no confident internal split applied.
Mährchen von dem Müller und Fuchs	mf03_l15	11	kenā́ri	kênari	0	kenā́ri	kênari	kenari	to do			unsplit	Current word-level token gloss; no confident internal split applied.
Mährchen von dem Müller und Fuchs	mf03_l16	0	Mí̥sri.	Mısri	0	Mí̥sri	Mısri	misri	Egypt			unsplit	Current word-level token gloss; no confident internal split applied.
Mährchen von dem Müller und Fuchs	mf03_l16	1	Wíd̮ā	Wica	0	Wíd̮ā	Wica	wida	there			unsplit	Current word-level token gloss; no confident internal split applied.
Mährchen von dem Müller und Fuchs	mf03_l16	2	rōništi,	ronişti	0	rōništi	ronişti	ronisti	stopped			unsplit	Current word-level token gloss; no confident internal split applied.
Mährchen von dem Müller und Fuchs	mf03_l16	3	lúe	lwê	0	lúe	lwê	lue	fox			unsplit	Current word-level token gloss; no confident internal split applied.
Mährchen von dem Müller und Fuchs	mf03_l16	4	šíe,	şyê	0	šíe	şyê	sie	went			unsplit	Current word-level token gloss; no confident internal split applied.
Mährchen von dem Müller und Fuchs	mf03_l16	5	h̔abé̱re	'haberê	0	h̔abé̱re	'haberê	habere	message			unsplit	Current word-level token gloss; no confident internal split applied.
Mährchen von dem Müller und Fuchs	mf03_l16	6	dai	day	0	dai	day	dai	struck			unsplit	Current word-level token gloss; no confident internal split applied.
Mährchen von dem Müller und Fuchs	mf03_l16	7	pašai	paşay	0	pašai	paşay	pasai	pasha			unsplit	Current word-level token gloss; no confident internal split applied.
Mährchen von dem Müller und Fuchs	mf03_l16	8	Mí̥sri.	Mısri	0	Mí̥sri	Mısri	misri	Egypt			unsplit	Current word-level token gloss; no confident internal split applied.
Mährchen von dem Müller und Fuchs	mf03_l16	9	Pašá	Paşa	0	Pašá	Paşa	pasa	pasha			unsplit	Current word-level token gloss; no confident internal split applied.
Mährchen von dem Müller und Fuchs	mf03_l16	10	vā	va	0	vā	va	va	said			unsplit	Current word-level token gloss; no confident internal split applied.
Mährchen von dem Müller und Fuchs	mf04_l01	0	ke:	kê	0	ke	kê	ke	that			unsplit	Current word-level token gloss; no confident internal split applied.
Mährchen von dem Müller und Fuchs	mf04_l01	1	t̮emt̮aqú	çêmçaqu	0	t̮emt̮aqú	çêmçaqu	temtaqu	Çemçequ			unsplit	Current word-level token gloss; no confident internal split applied.
Mährchen von dem Müller und Fuchs	mf04_l01	2	pašá	paşa	0	pašá	paşa	pasa	pasha			unsplit	Current word-level token gloss; no confident internal split applied.
Mährchen von dem Müller und Fuchs	mf04_l01	3	āmé̱,	ame	0	āmé̱	ame	ame	came			unsplit	Current word-level token gloss; no confident internal split applied.
Mährchen von dem Müller und Fuchs	mf04_l01	4	yau	yaw	0	yau	yaw	yau	one			unsplit	Current word-level token gloss; no confident internal split applied.
Mährchen von dem Müller und Fuchs	mf04_l01	5	fintṓye	fintoyê	0	fintṓye	fintoyê	fintoye	carriage			unsplit	Current word-level token gloss; no confident internal split applied.
Mährchen von dem Müller und Fuchs	mf04_l01	6	ri̥nd	rınd	0	ri̥nd	rınd	rind	fine			unsplit	Current word-level token gloss; no confident internal split applied.
Mährchen von dem Müller und Fuchs	mf04_l01	7	bi̥dé,	bıdê	0	bi̥	bi	bi-	CONJ/FUT	prefix	mood=conjunctive;tense=future	high	Muller 1865, ZGP-0361 conjunctive/future bi- prefix.
Mährchen von dem Müller und Fuchs	mf04_l01	7	bi̥dé,	bıdê	1	dé	dê	de	give			high	Muller 1865, ZGP-0361 conjunctive/future bi- prefix.
Mährchen von dem Müller und Fuchs	mf04_l01	8	e̱z	ez	0	e̱z	ez	ez	I			unsplit	Current word-level token gloss; no confident internal split applied.
Mährchen von dem Müller und Fuchs	mf04_l01	9	bén’a	bêna	0	b	b	be	be			medium	Muller 1865, ZGP-0356 present -ena/-ana material.
Mährchen von dem Müller und Fuchs	mf04_l01	9	bén’a	bêna	1	én’a	ena	-ena	PRS.1SG	suffix	tense_aspect=present;person=1;number=singular	medium	Muller 1865, ZGP-0356 present -ena/-ana material.
Mährchen von dem Müller und Fuchs	mf04_l01	10	t̮emt̮aqú	çêmçaqu	0	t̮emt̮aqú	çêmçaqu	temtaqu	Çemçequ			unsplit	Current word-level token gloss; no confident internal split applied.
Mährchen von dem Müller und Fuchs	mf04_l02	0	pašaíri	paşayri	0	pašaíri	paşayri	pasairi	to the pasha			unsplit	Current word-level token gloss; no confident internal split applied.
Mährchen von dem Müller und Fuchs	mf04_l02	1	wā	wa	0	wā	wa	wa	let			unsplit	Current word-level token gloss; no confident internal split applied.
Mährchen von dem Müller und Fuchs	mf04_l02	2	wén’išu,	wênişu	0	wén’išu	wênişu	wenisu	let him come out			unsplit	Current word-level token gloss; no confident internal split applied.
Mährchen von dem Müller und Fuchs	mf04_l02	3	e̱skéri	eskêri	0	e̱skéri	eskêri	eskeri	army			unsplit	Current word-level token gloss; no confident internal split applied.
Mährchen von dem Müller und Fuchs	mf04_l02	4	vád̮e:	vacê	0	vád̮e	vacê	vade	say			unsplit	Current word-level token gloss; no confident internal split applied.
Mährchen von dem Müller und Fuchs	mf04_l02	5	selám	sêlam	0	selám	sêlam	selam	greeting			unsplit	Current word-level token gloss; no confident internal split applied.
Mährchen von dem Müller und Fuchs	mf04_l02	6	leγeí.	lêğêy	0	leγeí	lêğêy	legei				unsplit	Current word-level token gloss; no confident internal split applied.
Mährchen von dem Müller und Fuchs	mf04_l02	7	Pašai	Paşay	0	Pašai	Paşay	pasai	pasha			unsplit	Current word-level token gloss; no confident internal split applied.
Mährchen von dem Müller und Fuchs	mf04_l02	8	Mí̥sri	Mısri	0	Mí̥sri	Mısri	misri	Egypt			unsplit	Current word-level token gloss; no confident internal split applied.
Mährchen von dem Müller und Fuchs	mf04_l02	9	yau	yaw	0	yau	yaw	yau	one			unsplit	Current word-level token gloss; no confident internal split applied.
Mährchen von dem Müller und Fuchs	mf04_l03	0	fintṓye	fintoyê	0	fintṓye	fintoyê	fintoye	carriage			unsplit	Current word-level token gloss; no confident internal split applied.
Mährchen von dem Müller und Fuchs	mf04_l03	1	dai	day	0	dai	day	dai	struck			unsplit	Current word-level token gloss; no confident internal split applied.
Mährchen von dem Müller und Fuchs	mf04_l03	2	lúe,	lwê	0	lúe	lwê	lue	fox			unsplit	Current word-level token gloss; no confident internal split applied.
Mährchen von dem Müller und Fuchs	mf04_l03	3	hī́rye	hiryê	0	hī́rye	hiryê	hirye	three			unsplit	Current word-level token gloss; no confident internal split applied.
Mährchen von dem Müller und Fuchs	mf04_l03	4	qabási	qabasi	0	qabási	qabasi	qabasi	qawas			unsplit	Current word-level token gloss; no confident internal split applied.
Mährchen von dem Müller und Fuchs	mf04_l03	5	lúede	lwêdê	0	lúede	lwêdê	luede	with the fox			unsplit	Current word-level token gloss; no confident internal split applied.
Mährchen von dem Müller und Fuchs	mf04_l03	6	rai	ray	0	rai	ray	rai	way			unsplit	Current word-level token gloss; no confident internal split applied.
Mährchen von dem Müller und Fuchs	mf04_l03	7	ké̱rdi.	kerdi	0	ké̱rdi	kerdi	kerdi	did			unsplit	Current word-level token gloss; no confident internal split applied.
Mährchen von dem Müller und Fuchs	mf04_l03	8	T̮emt̮aqú	Çêmçaqu	0	T̮emt̮aqú	Çêmçaqu	temtaqu	Çemçequ			unsplit	Current word-level token gloss; no confident internal split applied.
Mährchen von dem Müller und Fuchs	mf04_l03	9	pašá	paşa	0	pašá	paşa	pasa	pasha			unsplit	Current word-level token gloss; no confident internal split applied.
Mährchen von dem Müller und Fuchs	mf04_l03	10	āmeí	amêy	0	āmeí	amêy	amei	came			unsplit	Current word-level token gloss; no confident internal split applied.
Mährchen von dem Müller und Fuchs	mf04_l04	0	Mi̥sr,	Mısr	0	Mi̥sr	Mısr	misr	Egypt			unsplit	Current word-level token gloss; no confident internal split applied.
Mährchen von dem Müller und Fuchs	mf04_l04	1	e̱skéri	eskêri	0	e̱skéri	eskêri	eskeri	army			unsplit	Current word-level token gloss; no confident internal split applied.
Mährchen von dem Müller und Fuchs	mf04_l04	2	pašai	paşay	0	pašai	paşay	pasai	pasha			unsplit	Current word-level token gloss; no confident internal split applied.
Mährchen von dem Müller und Fuchs	mf04_l04	3	Mi̥sri	Mısri	0	Mi̥sri	Mısri	misri	Egypt			unsplit	Current word-level token gloss; no confident internal split applied.
Mährchen von dem Müller und Fuchs	mf04_l04	4	ved̮aú:	vêcaw	0	ved̮aú	vêcaw	vedau	gave honor			unsplit	Current word-level token gloss; no confident internal split applied.
Mährchen von dem Müller und Fuchs	mf04_l04	5	selám	sêlam	0	selám	sêlam	selam	greeting			unsplit	Current word-level token gloss; no confident internal split applied.
Mährchen von dem Müller und Fuchs	mf04_l04	6	leγeí.	lêğêy	0	leγeí	lêğêy	legei				unsplit	Current word-level token gloss; no confident internal split applied.
Mährchen von dem Müller und Fuchs	mf04_l04	7	Ārewāṅt̮í	Arêwangçi	0	Ārewāṅt̮í	Arêwangçi	arewanti	miller			unsplit	Current word-level token gloss; no confident internal split applied.
Mährchen von dem Müller und Fuchs	mf04_l04	8	ńe̱zā́nu	nyezanu	0	ńe̱zā́nu	nyezanu	nezanu				unsplit	Current word-level token gloss; no confident internal split applied.
Mährchen von dem Müller und Fuchs	mf04_l05	0	selám	sêlam	0	selám	sêlam	selam	greeting			unsplit	Current word-level token gloss; no confident internal split applied.
Mährchen von dem Müller und Fuchs	mf04_l05	1	bedú.	bêdu	0	bedú	bêdu	bedu				unsplit	Current word-level token gloss; no confident internal split applied.
Mährchen von dem Müller und Fuchs	mf04_l05	2	E̱skéri	Eskêri	0	E̱skéri	Eskêri	eskeri	army			unsplit	Current word-level token gloss; no confident internal split applied.
Mährchen von dem Müller und Fuchs	mf04_l05	3	qā́mek	qamêk	0	qā́mek	qamêk	qamek	some			unsplit	Current word-level token gloss; no confident internal split applied.
Mährchen von dem Müller und Fuchs	mf04_l05	4	vā:	va	0	vā	va	va	said			unsplit	Current word-level token gloss; no confident internal split applied.
Mährchen von dem Müller und Fuchs	mf04_l05	5	ḗ̱n’oe	enoê	0	ḗ̱n’oe	enoê	enoe	this			unsplit	Current word-level token gloss; no confident internal split applied.
Mährchen von dem Müller und Fuchs	mf04_l05	6	dé̱lu,	delu	0	dé̱lu	delu	delu	drunk			unsplit	Current word-level token gloss; no confident internal split applied.
Mährchen von dem Müller und Fuchs	mf04_l05	7	ḗ̱n’oe	enoê	0	ḗ̱n’oe	enoê	enoe	this			unsplit	Current word-level token gloss; no confident internal split applied.
Mährchen von dem Müller und Fuchs	mf04_l05	8	délu;	dêlu	0	délu	dêlu	delu	drunk			unsplit	Current word-level token gloss; no confident internal split applied.
Mährchen von dem Müller und Fuchs	mf04_l05	9	qā́mek	qamêk	0	qā́mek	qamêk	qamek	some			unsplit	Current word-level token gloss; no confident internal split applied.
Mährchen von dem Müller und Fuchs	mf04_l05	10	vā:	va	0	vā	va	va	said			unsplit	Current word-level token gloss; no confident internal split applied.
Mährchen von dem Müller und Fuchs	mf04_l06	0	ḗ̱n’oe	enoê	0	ḗ̱n’oe	enoê	enoe	this			unsplit	Current word-level token gloss; no confident internal split applied.
Mährchen von dem Müller und Fuchs	mf04_l06	1	pašá	paşa	0	pašá	paşa	pasa	pasha			unsplit	Current word-level token gloss; no confident internal split applied.
Mährchen von dem Müller und Fuchs	mf04_l06	2	ńu,	nyu	0	ńu	nyu	nu	not			unsplit	Current word-level token gloss; no confident internal split applied.
Mährchen von dem Müller und Fuchs	mf04_l06	3	qāmek	qamêk	0	qāmek	qamêk	qamek	some			unsplit	Current word-level token gloss; no confident internal split applied.
Mährchen von dem Müller und Fuchs	mf04_l06	4	vā:	va	0	vā	va	va	said			unsplit	Current word-level token gloss; no confident internal split applied.
Mährchen von dem Müller und Fuchs	mf04_l06	5	ḗ̱n’oe	enoê	0	ḗ̱n’oe	enoê	enoe	this			unsplit	Current word-level token gloss; no confident internal split applied.
Mährchen von dem Müller und Fuchs	mf04_l06	6	ārewāṅt̮íyu.	arêwangçiyu	0	ārewāṅt̮íyu	arêwangçiyu	arewantiyu	is a miller			unsplit	Current word-level token gloss; no confident internal split applied.
Mährchen von dem Müller und Fuchs	mf04_l06	7	Lúe	Lwê	0	Lúe	Lwê	lue	fox			unsplit	Current word-level token gloss; no confident internal split applied.
Mährchen von dem Müller und Fuchs	mf04_l06	8	āgeraí	agêray	0	āgeraí	agêray	agerai	returned			unsplit	Current word-level token gloss; no confident internal split applied.
Mährchen von dem Müller und Fuchs	mf04_l06	9	d̮igeraí,	cigêray	0	d̮igeraí	cigêray	digerai	went back and forth			unsplit	Current word-level token gloss; no confident internal split applied.
Mährchen von dem Müller und Fuchs	mf04_l07	0	e̱skérira	eskêrira	0	e̱skéri	eskêri	eskeri	soldiers			medium	Contextual ra split; function checked against project ra conventions.
Mährchen von dem Müller und Fuchs	mf04_l07	0	e̱skérira	eskêrira	1	ra	ra	ra	RECIP	postposition	case_or_relation=contextual	medium	Muller 1865, ZGP-0336; project glossing_conventions.tsv keeps ra contextual.
Mährchen von dem Müller und Fuchs	mf04_l07	1	vā	va	0	vā	va	va	said			unsplit	Current word-level token gloss; no confident internal split applied.
Mährchen von dem Müller und Fuchs	mf04_l07	2	ke:	kê	0	ke	kê	ke	that			unsplit	Current word-level token gloss; no confident internal split applied.
Mährchen von dem Müller und Fuchs	mf04_l07	3	gé̱rmu,	germu	0	gé̱rmu	germu	germu	it is hot			unsplit	Current word-level token gloss; no confident internal split applied.
Mährchen von dem Müller und Fuchs	mf04_l07	4	āqí̥l	aqıl	0	āqí̥l	aqıl	aqil	sense			unsplit	Current word-level token gloss; no confident internal split applied.
Mährchen von dem Müller und Fuchs	mf04_l07	5	t̮emt̮aqú	çêmçaqu	0	t̮emt̮aqú	çêmçaqu	temtaqu	Çemçequ			unsplit	Current word-level token gloss; no confident internal split applied.
Mährchen von dem Müller und Fuchs	mf04_l07	6	pašai	paşay	0	pašai	paşay	pasai	pasha			unsplit	Current word-level token gloss; no confident internal split applied.
Mährchen von dem Müller und Fuchs	mf04_l07	7	sé̱rede	serêdê	0	sé̱re	serê	sere	head			medium	ZGP-0340; contextual locative -de.
Mährchen von dem Müller und Fuchs	mf04_l07	7	sé̱rede	serêdê	1	de	de	-de	LOC	case	case=locative	high	Muller 1865, ZGP-0340 locative -de.
Mährchen von dem Müller und Fuchs	mf04_l07	8	t̮ínu.	çinu	0	t̮ínu	çinu	tinu	there is not			unsplit	Current word-level token gloss; no confident internal split applied.
Mährchen von dem Müller und Fuchs	mf04_l07	9	T̮emt̮aqú	Çêmçaqu	0	T̮emt̮aqú	Çêmçaqu	temtaqu	Çemçequ			unsplit	Current word-level token gloss; no confident internal split applied.
Mährchen von dem Müller und Fuchs	mf04_l08	0	pašá	paşa	0	pašá	paşa	pasa	pasha			unsplit	Current word-level token gloss; no confident internal split applied.
Mährchen von dem Müller und Fuchs	mf04_l08	1	be̱rd	berd	0	be̱rd	berd	berd	carried			unsplit	Current word-level token gloss; no confident internal split applied.
Mährchen von dem Müller und Fuchs	mf04_l08	2	kunáγi	kunaği	0	kunáγi	kunaği	kunagi				unsplit	Current word-level token gloss; no confident internal split applied.
Mährchen von dem Müller und Fuchs	mf04_l08	3	pašaí	paşay	0	pašaí	paşay	pasai	pasha			unsplit	Current word-level token gloss; no confident internal split applied.
Mährchen von dem Müller und Fuchs	mf04_l08	4	Mí̥sri,	Mısri	0	Mí̥sri	Mısri	misri	Egypt			unsplit	Current word-level token gloss; no confident internal split applied.
Mährchen von dem Müller und Fuchs	mf04_l08	5	fintṓera	fintoêra	0	fintṓe	fintoê	fintoe	carriage			medium	Contextual ra split; function checked against project ra conventions.
Mährchen von dem Müller und Fuchs	mf04_l08	5	fintṓera	fintoêra	1	ra	ra	ra	ABL	postposition	case_or_relation=contextual	medium	Muller 1865, ZGP-0336; project glossing_conventions.tsv keeps ra contextual.
Mährchen von dem Müller und Fuchs	mf04_l08	6	āmeí	amêy	0	āmeí	amêy	amei	came			unsplit	Current word-level token gloss; no confident internal split applied.
Mährchen von dem Müller und Fuchs	mf04_l08	7	war,	war	0	war	war	war	down			unsplit	Current word-level token gloss; no confident internal split applied.
Mährchen von dem Müller und Fuchs	mf04_l08	8	lúe	lwê	0	lúe	lwê	lue	fox			unsplit	Current word-level token gloss; no confident internal split applied.
Mährchen von dem Müller und Fuchs	mf04_l08	9	dé̱sti	desti	0	dé̱sti	desti	desti	hand			unsplit	Current word-level token gloss; no confident internal split applied.
Mährchen von dem Müller und Fuchs	mf04_l08	10	ye	yê	0	ye	yê	ye	his			unsplit	Current word-level token gloss; no confident internal split applied.
Mährchen von dem Müller und Fuchs	mf04_l08	11	te̱-	te	0	te̱	te	te	you			unsplit	Current word-level token gloss; no confident internal split applied.
Mährchen von dem Müller und Fuchs	mf04_l09	0	píšt,	pişt	0	píšt	pişt	pist	took			unsplit	Current word-level token gloss; no confident internal split applied.
Mährchen von dem Müller und Fuchs	mf04_l09	1	be̱rd	berd	0	be̱rd	berd	berd	carried			unsplit	Current word-level token gloss; no confident internal split applied.
Mährchen von dem Müller und Fuchs	mf04_l09	2	kunáγ	kunağ	0	kunáγ	kunağ	kunag				unsplit	Current word-level token gloss; no confident internal split applied.
Mährchen von dem Müller und Fuchs	mf04_l09	3	u	û	0	u	û	u	and			unsplit	Current word-level token gloss; no confident internal split applied.
Mährchen von dem Müller und Fuchs	mf04_l09	4	sé̱rye;	seryê	0	sé̱rye	seryê	serye	serail			unsplit	Current word-level token gloss; no confident internal split applied.
Mährchen von dem Müller und Fuchs	mf04_l09	5	vā	va	0	vā	va	va	said			unsplit	Current word-level token gloss; no confident internal split applied.
Mährchen von dem Müller und Fuchs	mf04_l09	6	ke	kê	0	ke	kê	ke	that			unsplit	Current word-level token gloss; no confident internal split applied.
Mährchen von dem Müller und Fuchs	mf04_l09	7	pašai	paşay	0	pašai	paşay	pasai	pasha			unsplit	Current word-level token gloss; no confident internal split applied.
Mährchen von dem Müller und Fuchs	mf04_l09	8	Mi̥srira:	Mısrira	0	Mi̥sri	Mısri	misri	Egypt			medium	Contextual ra split; function checked against project ra conventions.
Mährchen von dem Müller und Fuchs	mf04_l09	8	Mi̥srira:	Mısrira	1	ra	ra	ra	RECIP	postposition	case_or_relation=contextual	medium	Muller 1865, ZGP-0336; project glossing_conventions.tsv keeps ra contextual.
Mährchen von dem Müller und Fuchs	mf04_l09	9	yau	yaw	0	yau	yaw	yau	one			unsplit	Current word-level token gloss; no confident internal split applied.
Mährchen von dem Müller und Fuchs	mf04_l09	10	ášme	aşmê	0	ášme	aşmê	asme	month			unsplit	Current word-level token gloss; no confident internal split applied.
Mährchen von dem Müller und Fuchs	mf04_l09	11	āqí̥l	aqıl	0	āqí̥l	aqıl	aqil	sense			unsplit	Current word-level token gloss; no confident internal split applied.
Mährchen von dem Müller und Fuchs	mf04_l10	0	ńíńu	nyinyu	0	ńíńu	nyinyu	ninu				unsplit	Current word-level token gloss; no confident internal split applied.
Mährchen von dem Müller und Fuchs	mf04_l10	1	ḗ̱n’ei	enêy	0	ḗ̱n’ei	enêy	enei	this			unsplit	Current word-level token gloss; no confident internal split applied.
Mährchen von dem Müller und Fuchs	mf04_l10	2	sé̱re.	serê	0	sé̱re	serê	sere	head			unsplit	Current word-level token gloss; no confident internal split applied.
Mährchen von dem Müller und Fuchs	mf04_l10	3	Pašai	Paşay	0	Pašai	Paşay	pasai	pasha			unsplit	Current word-level token gloss; no confident internal split applied.
Mährchen von dem Müller und Fuchs	mf04_l10	4	Mí̥sri	Mısri	0	Mí̥sri	Mısri	misri	Egypt			unsplit	Current word-level token gloss; no confident internal split applied.
Mährchen von dem Müller und Fuchs	mf04_l10	5	vā	va	0	vā	va	va	said			unsplit	Current word-level token gloss; no confident internal split applied.
Mährchen von dem Müller und Fuchs	mf04_l10	6	ke:	kê	0	ke	kê	ke	that			unsplit	Current word-level token gloss; no confident internal split applied.
Mährchen von dem Müller und Fuchs	mf04_l10	7	bé̱ri	beri	0	bé̱ri	beri	beri	one day			unsplit	Current word-level token gloss; no confident internal split applied.
Mährchen von dem Müller und Fuchs	mf04_l10	8	wadé̱	wade	0	wadé̱	wade	wade	bed			unsplit	Current word-level token gloss; no confident internal split applied.
Mährchen von dem Müller und Fuchs	mf04_l10	9	d̮ai	cay	0	d̮ai	cay	dai	struck			unsplit	Current word-level token gloss; no confident internal split applied.
Mährchen von dem Müller und Fuchs	mf04_l10	10	d̮e̱i	cey	0	d̮e̱i	cey	dei	place			unsplit	Current word-level token gloss; no confident internal split applied.
Mährchen von dem Müller und Fuchs	mf04_l10	11	rā	ra	0	rā	ra	ra	from			unsplit	Current word-level token gloss; no confident internal split applied.
Mährchen von dem Müller und Fuchs	mf04_l10	12	ki,	ki	0	ki	ki	ki	to do			unsplit	Current word-level token gloss; no confident internal split applied.
Mährchen von dem Müller und Fuchs	mf04_l10	13	we̱	we	0	we̱	we	we	let			unsplit	Current word-level token gloss; no confident internal split applied.
Mährchen von dem Müller und Fuchs	mf04_l11	0	rāku.	raku	0	rāku	raku	raku	lie down			unsplit	Current word-level token gloss; no confident internal split applied.
Mährchen von dem Müller und Fuchs	mf04_l11	1	Lúe	Lwê	0	Lúe	Lwê	lue	fox			unsplit	Current word-level token gloss; no confident internal split applied.
Mährchen von dem Müller und Fuchs	mf04_l11	2	be̱rd	berd	0	be̱rd	berd	berd	carried			unsplit	Current word-level token gloss; no confident internal split applied.
Mährchen von dem Müller und Fuchs	mf04_l11	3	wadé̱	wade	0	wadé̱	wade	wade	bed			unsplit	Current word-level token gloss; no confident internal split applied.
Mährchen von dem Müller und Fuchs	mf04_l11	4	t̮emt̮aqú	çêmçaqu	0	t̮emt̮aqú	çêmçaqu	temtaqu	Çemçequ			unsplit	Current word-level token gloss; no confident internal split applied.
Mährchen von dem Müller und Fuchs	mf04_l11	5	pašá,	paşa	0	pašá	paşa	pasa	pasha			unsplit	Current word-level token gloss; no confident internal split applied.
Mährchen von dem Müller und Fuchs	mf04_l11	6	d̮ā	ca	0	d̮ā	ca	da	gave			unsplit	Current word-level token gloss; no confident internal split applied.
Mährchen von dem Müller und Fuchs	mf04_l11	7	rā	ra	0	rā	ra	ra	from			unsplit	Current word-level token gloss; no confident internal split applied.
Mährchen von dem Müller und Fuchs	mf04_l11	8	kerd.	kêrd	0	kerd	kêrd	kerd	did			unsplit	Current word-level token gloss; no confident internal split applied.
Mährchen von dem Müller und Fuchs	mf04_l11	9	T̮emt̮aqú	Çêmçaqu	0	T̮emt̮aqú	Çêmçaqu	temtaqu	Çemçequ			unsplit	Current word-level token gloss; no confident internal split applied.
Mährchen von dem Müller und Fuchs	mf04_l11	10	pašá	paşa	0	pašá	paşa	pasa	pasha			unsplit	Current word-level token gloss; no confident internal split applied.
Mährchen von dem Müller und Fuchs	mf04_l12	0	tersā́;	têrsa	0	tersā́	têrsa	tersa	trembled			unsplit	Current word-level token gloss; no confident internal split applied.
Mährchen von dem Müller und Fuchs	mf04_l12	1	lúe	lwê	0	lúe	lwê	lue	fox			unsplit	Current word-level token gloss; no confident internal split applied.
Mährchen von dem Müller und Fuchs	mf04_l12	2	vā	va	0	vā	va	va	said			unsplit	Current word-level token gloss; no confident internal split applied.
Mährchen von dem Müller und Fuchs	mf04_l12	3	ke:	kê	0	ke	kê	ke	that			unsplit	Current word-level token gloss; no confident internal split applied.
Mährchen von dem Müller und Fuchs	mf04_l12	4	teré̱s,	têres	0	teré̱s	têres	teres	cursed one			unsplit	Current word-level token gloss; no confident internal split applied.
Mährchen von dem Müller und Fuchs	mf04_l12	5	mé̱terse,	metêrsê	0	mé̱terse	metêrsê	meterse	do not fear			unsplit	Current word-level token gloss; no confident internal split applied.
Mährchen von dem Müller und Fuchs	mf04_l12	6	šúe	şwê	0	šúe	şwê	sue	go			unsplit	Current word-level token gloss; no confident internal split applied.
Mährchen von dem Müller und Fuchs	mf04_l12	7	te	tê	0	te	tê	te	you			unsplit	Current word-level token gloss; no confident internal split applied.
Mährchen von dem Müller und Fuchs	mf04_l12	8	rā	ra	0	rā	ra	ra	from			unsplit	Current word-level token gloss; no confident internal split applied.
Mährchen von dem Müller und Fuchs	mf04_l12	9	ku.	ku	0	ku	ku	ku	lie down			unsplit	Current word-level token gloss; no confident internal split applied.
Mährchen von dem Müller und Fuchs	mf04_l12	10	Ārewāṅtí	Arêwangti	0	Ārewāṅtí	Arêwangti	arewanti	miller			unsplit	Current word-level token gloss; no confident internal split applied.
Mährchen von dem Müller und Fuchs	mf04_l12	11	vā	va	0	vā	va	va	said			unsplit	Current word-level token gloss; no confident internal split applied.
Mährchen von dem Müller und Fuchs	mf04_l12	12	ke	kê	0	ke	kê	ke	that			unsplit	Current word-level token gloss; no confident internal split applied.
Mährchen von dem Müller und Fuchs	mf04_l13	0	lúera:	lwêra	0	lúe	lwê	lue	fox			medium	Contextual ra split; function checked against project ra conventions.
Mährchen von dem Müller und Fuchs	mf04_l13	0	lúera:	lwêra	1	ra	ra	ra	RECIP	postposition	case_or_relation=contextual	medium	Muller 1865, ZGP-0336; project glossing_conventions.tsv keeps ra contextual.
Mährchen von dem Müller und Fuchs	mf04_l13	1	pašaí	paşay	0	pašaí	paşay	pasai	pasha			unsplit	Current word-level token gloss; no confident internal split applied.
Mährchen von dem Müller und Fuchs	mf04_l13	2	Mí̥sri	Mısri	0	Mí̥sri	Mısri	misri	Egypt			unsplit	Current word-level token gloss; no confident internal split applied.
Mährchen von dem Müller und Fuchs	mf04_l13	3	nekāí	nêkay	0	nekāí	nêkay	nekai	now			unsplit	Current word-level token gloss; no confident internal split applied.
Mährchen von dem Müller und Fuchs	mf04_l13	4	yén’u,	yênu	0	yén’u	yênu	yenu	comes			unsplit	Current word-level token gloss; no confident internal split applied.
Mährchen von dem Müller und Fuchs	mf04_l13	5	sé̱rei	serêy	0	sé̱rei	serêy	serei	head			unsplit	Current word-level token gloss; no confident internal split applied.
Mährchen von dem Müller und Fuchs	mf04_l13	6	me	mê	0	me	mê	me	me			unsplit	Current word-level token gloss; no confident internal split applied.
Mährchen von dem Müller und Fuchs	mf04_l13	7	terá	têra	0	terá	têra	tera	from			unsplit	Current word-level token gloss; no confident internal split applied.
Mährchen von dem Müller und Fuchs	mf04_l13	8	kén’u.	kênu	0	kén’u	kênu	kenu	will cut			unsplit	Current word-level token gloss; no confident internal split applied.
Mährchen von dem Müller und Fuchs	mf04_l13	9	Lúe	Lwê	0	Lúe	Lwê	lue	fox			unsplit	Current word-level token gloss; no confident internal split applied.
Mährchen von dem Müller und Fuchs	mf04_l13	10	vā	va	0	vā	va	va	said			unsplit	Current word-level token gloss; no confident internal split applied.
Mährchen von dem Müller und Fuchs	mf04_l13	11	ke:	kê	0	ke	kê	ke	that			unsplit	Current word-level token gloss; no confident internal split applied.
Mährchen von dem Müller und Fuchs	mf04_l14	0	mé̱terse,	metêrsê	0	mé̱terse	metêrsê	meterse	do not fear			unsplit	Current word-level token gloss; no confident internal split applied.
Mährchen von dem Müller und Fuchs	mf04_l14	1	e̱z	ez	0	e̱z	ez	ez	I			unsplit	Current word-level token gloss; no confident internal split applied.
Mährchen von dem Müller und Fuchs	mf04_l14	2	ńeverdā́na,	nyêvêrdana	0	ńe	ne	ne-	NEG	prefix	polarity=negative	high	Lerch corpus pattern plus modern Zazaki comparison: ne-/ńe- negative prefix.
Mährchen von dem Müller und Fuchs	mf04_l14	2	ńeverdā́na,	nyêvêrdana	1	verdā́na	vêrdana	verdana	spare/leave			high	Lerch corpus pattern plus modern Zazaki comparison: ne-/ńe- negative prefix.
Mährchen von dem Müller und Fuchs	mf04_l14	3	āqí̥li	aqıli	0	āqí̥li	aqıli	aqili	mind			unsplit	Current word-level token gloss; no confident internal split applied.
Mährchen von dem Müller und Fuchs	mf04_l14	4	vínde,	vindê	0	vínde	vindê	vinde	stay			unsplit	Current word-level token gloss; no confident internal split applied.
Mährchen von dem Müller und Fuchs	mf04_l14	5	pašai	paşay	0	pašai	paşay	pasai	pasha			unsplit	Current word-level token gloss; no confident internal split applied.
Mährchen von dem Müller und Fuchs	mf04_l14	6	Mí̥sri	Mısri	0	Mí̥sri	Mısri	misri	Egypt			unsplit	Current word-level token gloss; no confident internal split applied.
Mährchen von dem Müller und Fuchs	mf04_l14	7	nekaí	nêkay	0	nekaí	nêkay	nekai	now			unsplit	Current word-level token gloss; no confident internal split applied.
Mährchen von dem Müller und Fuchs	mf04_l14	8	āmé̱	ame	0	āmé̱	ame	ame	came			unsplit	Current word-level token gloss; no confident internal split applied.
Mährchen von dem Müller und Fuchs	mf04_l14	9	zé̱re,	zerê	0	zé̱re	zerê	zere	inside			unsplit	Current word-level token gloss; no confident internal split applied.
Mährchen von dem Müller und Fuchs	mf05_l01	0	wárze,	warzê	0	wárze	warzê	warze	get up			unsplit	Current word-level token gloss; no confident internal split applied.
Mährchen von dem Müller und Fuchs	mf05_l01	1	lau	law	0	lau	law	lau	mouth			unsplit	Current word-level token gloss; no confident internal split applied.
Mährchen von dem Müller und Fuchs	mf05_l01	2	língeru.	lingêru	0	língeru	lingêru	lingeru	feet			unsplit	Current word-level token gloss; no confident internal split applied.
Mährchen von dem Müller und Fuchs	mf05_l01	3	T̮emt̮aqú	Çêmçaqu	0	T̮emt̮aqú	Çêmçaqu	temtaqu	Çemçequ			unsplit	Current word-level token gloss; no confident internal split applied.
Mährchen von dem Müller und Fuchs	mf05_l01	4	pašá	paşa	0	pašá	paşa	pasa	pasha			unsplit	Current word-level token gloss; no confident internal split applied.
Mährchen von dem Müller und Fuchs	mf05_l01	5	vā	va	0	vā	va	va	said			unsplit	Current word-level token gloss; no confident internal split applied.
Mährchen von dem Müller und Fuchs	mf05_l01	6	ke	kê	0	ke	kê	ke	that			unsplit	Current word-level token gloss; no confident internal split applied.
Mährchen von dem Müller und Fuchs	mf05_l01	7	lúera:	lwêra	0	lúe	lwê	lue	fox			medium	Contextual ra split; function checked against project ra conventions.
Mährchen von dem Müller und Fuchs	mf05_l01	7	lúera:	lwêra	1	ra	ra	ra	RECIP	postposition	case_or_relation=contextual	medium	Muller 1865, ZGP-0336; project glossing_conventions.tsv keeps ra contextual.
Mährchen von dem Müller und Fuchs	mf05_l01	8	nekaí	nêkay	0	nekaí	nêkay	nekai	now			unsplit	Current word-level token gloss; no confident internal split applied.
Mährchen von dem Müller und Fuchs	mf05_l01	9	pašai	paşay	0	pašai	paşay	pasai	pasha			unsplit	Current word-level token gloss; no confident internal split applied.
Mährchen von dem Müller und Fuchs	mf05_l01	10	Mí̥šri	Mışri	0	Mí̥šri	Mışri	misri	Egypt			unsplit	Current word-level token gloss; no confident internal split applied.
Mährchen von dem Müller und Fuchs	mf05_l02	0	yén’u,	yênu	0	yén’u	yênu	yenu	comes			unsplit	Current word-level token gloss; no confident internal split applied.
Mährchen von dem Müller und Fuchs	mf05_l02	1	mi̥	mı	0	mi̥	mı	mi	me			unsplit	Current word-level token gloss; no confident internal split applied.
Mährchen von dem Müller und Fuchs	mf05_l02	2	kišén’u.	kişênu	0	kiš	kiş	kist	kill			high	Muller 1865, ZGP-0356 present -ena/-ana material.
Mährchen von dem Müller und Fuchs	mf05_l02	2	kišén’u.	kişênu	1	én’u	enu	-ena	PRS/FUT.3SG	suffix	tense_aspect=present_or_future;person=3;number=singular	medium	Muller 1865, ZGP-0356 present -ena/-ana material.
Mährchen von dem Müller und Fuchs	mf05_l02	3	Lúe	Lwê	0	Lúe	Lwê	lue	fox			unsplit	Current word-level token gloss; no confident internal split applied.
Mährchen von dem Müller und Fuchs	mf05_l02	4	vā	va	0	vā	va	va	said			unsplit	Current word-level token gloss; no confident internal split applied.
Mährchen von dem Müller und Fuchs	mf05_l02	5	ke:	kê	0	ke	kê	ke	that			unsplit	Current word-level token gloss; no confident internal split applied.
Mährchen von dem Müller und Fuchs	mf05_l02	6	wárze,	warzê	0	wárze	warzê	warze	get up			unsplit	Current word-level token gloss; no confident internal split applied.
Mährchen von dem Müller und Fuchs	mf05_l02	7	e̱z	ez	0	e̱z	ez	ez	I			unsplit	Current word-level token gloss; no confident internal split applied.
Mährchen von dem Müller und Fuchs	mf05_l02	8	túeri	twêri	0	túe	twê	tue	2SG.OBL			high	Muller 1865, ZGP-0337-ZGP-0339 ri/ru/-i object or goal material.
Mährchen von dem Müller und Fuchs	mf05_l02	8	túeri	twêri	1	ri	ri	ri	GOAL/RECIP	case/postposition	relation=goal_or_recipient	high	Muller 1865, ZGP-0337-ZGP-0339 ri/ru/-i object or goal material.
Mährchen von dem Müller und Fuchs	mf05_l02	9	aúke	awkê	0	aúke	awkê	auke	water			unsplit	Current word-level token gloss; no confident internal split applied.
Mährchen von dem Müller und Fuchs	mf05_l02	10	kén’a	kêna	0	k	k	kerd	do/make			medium	Muller 1865, ZGP-0356 present -ena/-ana material.
Mährchen von dem Müller und Fuchs	mf05_l02	10	kén’a	kêna	1	én’a	ena	-ena	PRS.1SG	suffix	tense_aspect=present;person=1;number=singular	medium	Muller 1865, ZGP-0356 present -ena/-ana material.
Mährchen von dem Müller und Fuchs	mf05_l02	11	me̱si-	mesi	0	me̱si	mesi	mesi	basin			unsplit	Current word-level token gloss; no confident internal split applied.
Mährchen von dem Müller und Fuchs	mf05_l03	0	ne,	nê	0	ne	nê	ne	now			unsplit	Current word-level token gloss; no confident internal split applied.
Mährchen von dem Müller und Fuchs	mf05_l03	1	šúe,	şwê	0	šúe	şwê	sue	go			unsplit	Current word-level token gloss; no confident internal split applied.
Mährchen von dem Müller und Fuchs	mf05_l03	2	desmā́t̮	dêsmaç	0	desmā́t̮	dêsmaç	desmat	ablution			unsplit	Current word-level token gloss; no confident internal split applied.
Mährchen von dem Müller und Fuchs	mf05_l03	3	bigí,	bigi	0	bi	bi	bi-	CONJ/FUT	prefix	mood=conjunctive;tense=future	high	Muller 1865, ZGP-0361 conjunctive/future bi- prefix.
Mährchen von dem Müller und Fuchs	mf05_l03	3	bigí,	bigi	1	gí	gi	gi	lead/take			high	Muller 1865, ZGP-0361 conjunctive/future bi- prefix.
Mährchen von dem Müller und Fuchs	mf05_l03	4	bye	byê	0	bye	byê	bye	come			unsplit	Current word-level token gloss; no confident internal split applied.
Mährchen von dem Müller und Fuchs	mf05_l03	5	zé̱re,	zerê	0	zé̱re	zerê	zere	inside			unsplit	Current word-level token gloss; no confident internal split applied.
Mährchen von dem Müller und Fuchs	mf05_l03	6	nemā́d̮	nêmac	0	nemā́d̮	nêmac	nemad	prayer			unsplit	Current word-level token gloss; no confident internal split applied.
Mährchen von dem Müller und Fuchs	mf05_l03	7	bi̥ké.	bıkê	0	bi̥	bi	bi-	CONJ/FUT	prefix	mood=conjunctive;tense=future	high	Muller 1865, ZGP-0361 conjunctive/future bi- prefix.
Mährchen von dem Müller und Fuchs	mf05_l03	7	bi̥ké.	bıkê	1	ké	kê	ke	do			high	Muller 1865, ZGP-0361 conjunctive/future bi- prefix.
Mährchen von dem Müller und Fuchs	mf05_l03	8	Ārewāṅt̮í	Arêwangçi	0	Ārewāṅt̮í	Arêwangçi	arewanti	miller			unsplit	Current word-level token gloss; no confident internal split applied.
Mährchen von dem Müller und Fuchs	mf05_l03	9	vā	va	0	vā	va	va	said			unsplit	Current word-level token gloss; no confident internal split applied.
Mährchen von dem Müller und Fuchs	mf05_l03	10	ke	kê	0	ke	kê	ke	that			unsplit	Current word-level token gloss; no confident internal split applied.
Mährchen von dem Müller und Fuchs	mf05_l04	0	lúera:	lwêra	0	lúe	lwê	lue	fox			medium	Contextual ra split; function checked against project ra conventions.
Mährchen von dem Müller und Fuchs	mf05_l04	0	lúera:	lwêra	1	ra	ra	ra	RECIP	postposition	case_or_relation=contextual	medium	Muller 1865, ZGP-0336; project glossing_conventions.tsv keeps ra contextual.
Mährchen von dem Müller und Fuchs	mf05_l04	1	mí̥ri	mıri	0	mí̥ri	mıri	miri	to me			unsplit	Current word-level token gloss; no confident internal split applied.
Mährchen von dem Müller und Fuchs	mf05_l04	2	aúke	awkê	0	aúke	awkê	auke	water			unsplit	Current word-level token gloss; no confident internal split applied.
Mährchen von dem Müller und Fuchs	mf05_l04	3	byā́re,	byarê	0	byā́re	byarê	byare	bring			unsplit	Current word-level token gloss; no confident internal split applied.
Mährchen von dem Müller und Fuchs	mf05_l04	4	e̱z	ez	0	e̱z	ez	ez	I			unsplit	Current word-level token gloss; no confident internal split applied.
Mährchen von dem Müller und Fuchs	mf05_l04	5	šuen’a	şwêna	0	šuen’a	şwêna	suena	I go			unsplit	Current word-level token gloss; no confident internal split applied.
Mährchen von dem Müller und Fuchs	mf05_l04	6	desmāt̮.	dêsmaç	0	desmāt̮	dêsmaç	desmat	ablution			unsplit	Current word-level token gloss; no confident internal split applied.
Mährchen von dem Müller und Fuchs	mf05_l04	7	Lúe	Lwê	0	Lúe	Lwê	lue	fox			unsplit	Current word-level token gloss; no confident internal split applied.
Mährchen von dem Müller und Fuchs	mf05_l04	8	we̱ríšt	werişt	0	we̱ríšt	werişt	werist	got up			unsplit	Current word-level token gloss; no confident internal split applied.
Mährchen von dem Müller und Fuchs	mf05_l04	9	šíe,	şyê	0	šíe	şyê	sie	went			unsplit	Current word-level token gloss; no confident internal split applied.
Mährchen von dem Müller und Fuchs	mf05_l04	10	aúke	awkê	0	aúke	awkê	auke	water			unsplit	Current word-level token gloss; no confident internal split applied.
Mährchen von dem Müller und Fuchs	mf05_l05	0	ā́rde,	ardê	0	ā́rde	ardê	arde	brought			unsplit	Current word-level token gloss; no confident internal split applied.
Mährchen von dem Müller und Fuchs	mf05_l05	1	dai	day	0	dai	day	dai	struck			unsplit	Current word-level token gloss; no confident internal split applied.
Mährchen von dem Müller und Fuchs	mf05_l05	2	ārewāṅt̮í;	arêwangçi	0	ārewāṅt̮í	arêwangçi	arewanti	miller			unsplit	Current word-level token gloss; no confident internal split applied.
Mährchen von dem Müller und Fuchs	mf05_l05	3	ārewāṅt̮í	arêwangçi	0	ārewāṅt̮í	arêwangçi	arewanti	miller			unsplit	Current word-level token gloss; no confident internal split applied.
Mährchen von dem Müller und Fuchs	mf05_l05	4	we̱ríšt,	werişt	0	we̱ríšt	werişt	werist	got up			unsplit	Current word-level token gloss; no confident internal split applied.
Mährchen von dem Müller und Fuchs	mf05_l05	5	ši	şi	0	ši	şi	si	went			unsplit	Current word-level token gloss; no confident internal split applied.
Mährchen von dem Müller und Fuchs	mf05_l05	6	desmāt̮,	dêsmaç	0	desmāt̮	dêsmaç	desmat	ablution			unsplit	Current word-level token gloss; no confident internal split applied.
Mährchen von dem Müller und Fuchs	mf05_l05	7	ši	şi	0	ši	şi	si	went			unsplit	Current word-level token gloss; no confident internal split applied.
Mährchen von dem Müller und Fuchs	mf05_l05	8	pei	pêy	0	pei	pêy	pei	then			unsplit	Current word-level token gloss; no confident internal split applied.
Mährchen von dem Müller und Fuchs	mf05_l05	9	sára,	sara	0	sára	sara	sara	afterward			unsplit	Current word-level token gloss; no confident internal split applied.
Mährchen von dem Müller und Fuchs	mf05_l05	10	des-	dês	0	des	dês	des	ablution			unsplit	Current word-level token gloss; no confident internal split applied.
Mährchen von dem Müller und Fuchs	mf05_l06	0	mā́t̮	maç	0	mā́t̮	maç	mat	ablution			unsplit	Current word-level token gloss; no confident internal split applied.
Mährchen von dem Müller und Fuchs	mf05_l06	1	biǵeru,	bigêru	0	biǵeru	bigêru	bigeru	take			unsplit	Current word-level token gloss; no confident internal split applied.
Mährchen von dem Müller und Fuchs	mf05_l06	2	ńézana	nyêzana	0	ńézana	nyêzana	nezana	does not know			unsplit	Current word-level token gloss; no confident internal split applied.
Mährchen von dem Müller und Fuchs	mf05_l06	3	rayér	rayêr	0	rayér	rayêr	rayer	way			unsplit	Current word-level token gloss; no confident internal split applied.
Mährchen von dem Müller und Fuchs	mf05_l06	4	qānd̮aú.	qancaw	0	qānd̮aú	qancaw	qandau				unsplit	Current word-level token gloss; no confident internal split applied.
Mährchen von dem Müller und Fuchs	mf05_l06	5	Lúe	Lwê	0	Lúe	Lwê	lue	fox			unsplit	Current word-level token gloss; no confident internal split applied.
Mährchen von dem Müller und Fuchs	mf05_l06	6	pa’út,	paut	0	pa’út	paut	paut	waited			unsplit	Current word-level token gloss; no confident internal split applied.
Mährchen von dem Müller und Fuchs	mf05_l06	7	ārewāṅt̮í	arêwangçi	0	ārewāṅt̮í	arêwangçi	arewanti	miller			unsplit	Current word-level token gloss; no confident internal split applied.
Mährchen von dem Müller und Fuchs	mf05_l06	8	ńaúme̱,	nyawme	0	ńaúme̱	nyawme	naume	did not come			unsplit	Current word-level token gloss; no confident internal split applied.
Mährchen von dem Müller und Fuchs	mf05_l07	0	lúe	lwê	0	lúe	lwê	lue	fox			unsplit	Current word-level token gloss; no confident internal split applied.
Mährchen von dem Müller und Fuchs	mf05_l07	1	ši	şi	0	ši	şi	si	went			unsplit	Current word-level token gloss; no confident internal split applied.
Mährchen von dem Müller und Fuchs	mf05_l07	2	geraí,	gêray	0	geraí	gêray	gerai	searched			unsplit	Current word-level token gloss; no confident internal split applied.
Mährchen von dem Müller und Fuchs	mf05_l07	3	ārewāṅt̮í	arêwangçi	0	ārewāṅt̮í	arêwangçi	arewanti	miller			unsplit	Current word-level token gloss; no confident internal split applied.
Mährchen von dem Müller und Fuchs	mf05_l07	4	dī,	di	0	dī	di	di	two, 2			unsplit	Current word-level token gloss; no confident internal split applied.
Mährchen von dem Müller und Fuchs	mf05_l07	5	gnau	gnaw	0	gnau	gnaw	gnau	fell			unsplit	Current word-level token gloss; no confident internal split applied.
Mährchen von dem Müller und Fuchs	mf05_l07	6	é̱ru,	eru	0	é̱ru	eru	eru	earth			unsplit	Current word-level token gloss; no confident internal split applied.
Mährchen von dem Müller und Fuchs	mf05_l07	7	mé̱rdu.	merdu	0	mé̱rdu	merdu	merdu	died			unsplit	Current word-level token gloss; no confident internal split applied.
Mährchen von dem Müller und Fuchs	mf05_l07	8	Lúe	Lwê	0	Lúe	Lwê	lue	fox			unsplit	Current word-level token gloss; no confident internal split applied.
Mährchen von dem Müller und Fuchs	mf05_l07	9	āmeí,	amêy	0	āmeí	amêy	amei	came			unsplit	Current word-level token gloss; no confident internal split applied.
Mährchen von dem Müller und Fuchs	mf05_l07	10	pašai	paşay	0	pašai	paşay	pasai	pasha			unsplit	Current word-level token gloss; no confident internal split applied.
Mährchen von dem Müller und Fuchs	mf05_l07	11	Mí̥s-	Mıs	0	Mí̥s	Mıs	mis	Egypt			unsplit	Current word-level token gloss; no confident internal split applied.
Mährchen von dem Müller und Fuchs	mf05_l08	0	rira	rira	0	rira	rira	rira	to			unsplit	Current word-level token gloss; no confident internal split applied.
Mährchen von dem Müller und Fuchs	mf05_l08	1	vā	va	0	vā	va	va	said			unsplit	Current word-level token gloss; no confident internal split applied.
Mährchen von dem Müller und Fuchs	mf05_l08	2	ke:	kê	0	ke	kê	ke	that			unsplit	Current word-level token gloss; no confident internal split applied.
Mährchen von dem Müller und Fuchs	mf05_l08	3	t̮emt̮aqú	çêmçaqu	0	t̮emt̮aqú	çêmçaqu	temtaqu	Çemçequ			unsplit	Current word-level token gloss; no confident internal split applied.
Mährchen von dem Müller und Fuchs	mf05_l08	4	pašá	paşa	0	pašá	paşa	pasa	pasha			unsplit	Current word-level token gloss; no confident internal split applied.
Mährchen von dem Müller und Fuchs	mf05_l08	5	šu	şu	0	šu	şu	su	went			unsplit	Current word-level token gloss; no confident internal split applied.
Mährchen von dem Müller und Fuchs	mf05_l08	6	desmāt̮,	dêsmaç	0	desmāt̮	dêsmaç	desmat	ablution			unsplit	Current word-level token gloss; no confident internal split applied.
Mährchen von dem Müller und Fuchs	mf05_l08	7	ńézāna	nyêzana	0	ńézāna	nyêzana	nezana	does not know			unsplit	Current word-level token gloss; no confident internal split applied.
Mährchen von dem Müller und Fuchs	mf05_l08	8	se̱	se	0	se̱	se	se	went			unsplit	Current word-level token gloss; no confident internal split applied.
Mährchen von dem Müller und Fuchs	mf05_l08	9	byu,	byu	0	byu	byu	byu	became			unsplit	Current word-level token gloss; no confident internal split applied.
Mährchen von dem Müller und Fuchs	mf05_l08	10	gnau	gnaw	0	gnau	gnaw	gnau	fell			unsplit	Current word-level token gloss; no confident internal split applied.
Mährchen von dem Müller und Fuchs	mf05_l08	11	é̱ru,	eru	0	é̱ru	eru	eru	earth			unsplit	Current word-level token gloss; no confident internal split applied.
Mährchen von dem Müller und Fuchs	mf05_l09	0	mé̱rdu.	merdu	0	mé̱rdu	merdu	merdu	died			unsplit	Current word-level token gloss; no confident internal split applied.
Mährchen von dem Müller und Fuchs	mf05_l09	1	Pašai	Paşay	0	Pašai	Paşay	pasai	pasha			unsplit	Current word-level token gloss; no confident internal split applied.
Mährchen von dem Müller und Fuchs	mf05_l09	2	Mí̥sri	Mısri	0	Mí̥sri	Mısri	misri	Egypt			unsplit	Current word-level token gloss; no confident internal split applied.
Mährchen von dem Müller und Fuchs	mf05_l09	3	vā	va	0	vā	va	va	said			unsplit	Current word-level token gloss; no confident internal split applied.
Mährchen von dem Müller und Fuchs	mf05_l09	4	ke:	kê	0	ke	kê	ke	that			unsplit	Current word-level token gloss; no confident internal split applied.
Mährchen von dem Müller und Fuchs	mf05_l09	5	šyẹ̄́ri	şyêri	0	šyẹ̄́ri	şyêri	syeri	go			unsplit	Current word-level token gloss; no confident internal split applied.
Mährchen von dem Müller und Fuchs	mf05_l09	6	biári.	byari	0	bi	bi	bi-	CONJ/FUT	prefix	mood=conjunctive;tense=future	high	Muller 1865, ZGP-0361 conjunctive/future bi- prefix.
Mährchen von dem Müller und Fuchs	mf05_l09	6	biári.	byari	1	ári	ari	ari	bring			high	Muller 1865, ZGP-0361 conjunctive/future bi- prefix.
Mährchen von dem Müller und Fuchs	mf05_l09	7	Ši,	Şi	0	Ši	Şi	si	went			unsplit	Current word-level token gloss; no confident internal split applied.
Mährchen von dem Müller und Fuchs	mf05_l09	8	ārd,	ard	0	ārd	ard	ard	brought			unsplit	Current word-level token gloss; no confident internal split applied.
Mährchen von dem Müller und Fuchs	mf05_l09	9	šit,	şit	0	šit	şit	sit	washed			unsplit	Current word-level token gloss; no confident internal split applied.
Mährchen von dem Müller und Fuchs	mf05_l09	10	we̱dé̱rt.	wedert	0	we̱dé̱rt	wedert	wedert	buried			unsplit	Current word-level token gloss; no confident internal split applied.
