story_id	segment_id	token_index	token_lerch	token_zazaki	morpheme_index	morpheme_surface_lerch	morpheme_normalized	lemma	gloss	pos	features	confidence	evidence	notes
Kauγé Ńeríb u Sivā́ni.	s01_l01	0	Kauγé	Kawğê	0	Kauγé	Kawğê	kauge	fight			unsplit	Current word-level token gloss; no confident internal split applied.	
Kauγé Ńeríb u Sivā́ni.	s01_l01	1	Ńeríb	Nyêrib	0	Ńeríb	Nyêrib	nerib	place name			unsplit	Current word-level token gloss; no confident internal split applied.	
Kauγé Ńeríb u Sivā́ni.	s01_l01	2	u	û	0	u	û	u	and			unsplit	Current word-level token gloss; no confident internal split applied.	
Kauγé Ńeríb u Sivā́ni.	s01_l01	3	Sivā́ni.	Sivani	0	Sivā́ni	Sivani	sivani	Sivan tribe			unsplit	Current word-level token gloss; no confident internal split applied.	
Kauγé Ńeríb u Sivā́ni.	s01_l02	0	Vé̱ri	Veri	0	Vé̱ri	Veri	veri	first			unsplit	Current word-level token gloss; no confident internal split applied.	
Kauγé Ńeríb u Sivā́ni.	s01_l02	1	d̮ṓan	coan	0	d̮ṓan	coan	doan	once			unsplit	Current word-level token gloss; no confident internal split applied.	
Kauγé Ńeríb u Sivā́ni.	s01_l02	2	yau	yaw	0	yau	yaw	yau	one			unsplit	Current word-level token gloss; no confident internal split applied.	
Kauγé Ńeríb u Sivā́ni.	s01_l02	3	lā́d̮eku	lacêkû	0	lā́d̮	lac	lad	son/boy			high	Muller 1865, ZGP-0335 genitive/izafet vowels; split kept contextual.	
Kauγé Ńeríb u Sivā́ni.	s01_l02	3	lā́d̮eku	lacêkû	1	ek	êk	-ek	DIM/one	suffix	nominal=diminutive_or_individualizer	medium	User note on s01_l02; compare modern -êk.	
Kauγé Ńeríb u Sivā́ni.	s01_l02	3	lā́d̮eku	lacêkû	2	u	û	-u	OBL	case/linker	relation=oblique	medium	Muller 1865, ZGP-0335 genitive/izafet vowels; split kept contextual.	
Kauγé Ńeríb u Sivā́ni.	s01_l02	4	Ńerbíd̮	Nyêrbic	0	Ńeríb	Nyêrib	nerib	Nerib			high	User note on s01_l02; place-name base in affiliation form.	
Kauγé Ńeríb u Sivā́ni.	s01_l02	4	Ńerbíd̮	Nyêrbic	1	d̮	c	-ic	AFFIL	derivational_suffix	relation=person_from_place	medium	User note on s01_l02: nerb-ic, person from Nerib.	
Kauγé Ńeríb u Sivā́ni.	s01_l02	5	šẹ̄	şê	0	šẹ̄	şê	se	went			unsplit	Current word-level token gloss; no confident internal split applied.	
Kauγé Ńeríb u Sivā́ni.	s01_l02	6	Sivā́ṅ,	Sivang	0	Sivā́ṅ	Sivang	sivan	Sivan tribe			unsplit	Current word-level token gloss; no confident internal split applied.	
Kauγé Ńeríb u Sivā́ni.	s01_l02	7	Hʿōrsíge	'Horsigê	0	Hʿōrsíge	'Horsigê	horsige	Horsig place			unsplit	Current word-level token gloss; no confident internal split applied.	
Kauγé Ńeríb u Sivā́ni.	s01_l02	8	dí̥zdeie,	dızdêyê	0	dí̥zdeie	dızdêyê	dizdeie	to steal			unsplit	Current word-level token gloss; no confident internal split applied.	
Kauγé Ńeríb u Sivā́ni.	s01_l02	9	bā́ni	bani	0	bā́ni	bani	bani	house			unsplit	Current word-level token gloss; no confident internal split applied.	
Kauγé Ńeríb u Sivā́ni.	s01_l03	0	Mél’a	Mêla	0	Mél’a	Mêla	mela	mullah			unsplit	Current word-level token gloss; no confident internal split applied.	
Kauγé Ńeríb u Sivā́ni.	s01_l03	1	Ah̔médi	A'hmêdi	0	Ah̔médi	A'hmêdi	ahmedi	Ahmed, personal name			unsplit	Current word-level token gloss; no confident internal split applied.	
Kauγé Ńeríb u Sivā́ni.	s01_l03	2	Qafán	Qafan	0	Qafán	Qafan	qafan	Qafan			unsplit	Current word-level token gloss; no confident internal split applied.	
Kauγé Ńeríb u Sivā́ni.	s01_l03	3	ākérd,	akêrd	0	ākérd	akêrd	akerd	opened			unsplit	Current word-level token gloss; no confident internal split applied.	
Kauγé Ńeríb u Sivā́ni.	s01_l03	4	púrti	pûrti	0	púrti	pûrti	purti	fur coat			unsplit	Current word-level token gloss; no confident internal split applied.	
Kauγé Ńeríb u Sivā́ni.	s01_l03	5	Mél’a	Mêla	0	Mél’a	Mêla	mela	mullah			unsplit	Current word-level token gloss; no confident internal split applied.	
Kauγé Ńeríb u Sivā́ni.	s01_l03	6	Ah̔médi	A'hmêdi	0	Ah̔médi	A'hmêdi	ahmedi	Ahmed, personal name			unsplit	Current word-level token gloss; no confident internal split applied.	
Kauγé Ńeríb u Sivā́ni.	s01_l03	7	Qafán	Qafan	0	Qafán	Qafan	qafan	Qafan			unsplit	Current word-level token gloss; no confident internal split applied.	
Kauγé Ńeríb u Sivā́ni.	s01_l03	8	geraút	gêrawt	0	geraút	gêrawt	geraut	took			unsplit	Current word-level token gloss; no confident internal split applied.	
Kauγé Ńeríb u Sivā́ni.	s01_l04	0	bér’u.	bêrû	0	bér’u	bêrû	beru	carried off			unsplit	Current word-level token gloss; no confident internal split applied.	
Kauγé Ńeríb u Sivā́ni.	s01_l04	1	Lā́d̮i	Laci	0	lā́d̮	lac	lad	son			high	Muller 1865, ZGP-0335 genitive/izafet vowels; split kept contextual.	
Kauγé Ńeríb u Sivā́ni.	s01_l04	1	Lā́d̮i	Laci	1	i	i	-i	EZ/GEN	linker	relation=genitive/ezafe	medium	Muller 1865, ZGP-0335 genitive/izafet vowels; split kept contextual.	
Kauγé Ńeríb u Sivā́ni.	s01_l04	2	Mél’a	Mêla	0	Mél’a	Mêla	mela	mullah			unsplit	Current word-level token gloss; no confident internal split applied.	
Kauγé Ńeríb u Sivā́ni.	s01_l04	3	Ah̔médi	A'hmêdi	0	Ah̔médi	A'hmêdi	ahmedi	Ahmed, personal name			unsplit	Current word-level token gloss; no confident internal split applied.	
Kauγé Ńeríb u Sivā́ni.	s01_l04	4	Hʿuseíni	'Hûsêyni	0	Hʿuseíni	'Hûsêyni	huseini	Husein, personal name			unsplit	Current word-level token gloss; no confident internal split applied.	
Kauγé Ńeríb u Sivā́ni.	s01_l04	5	dī	di	0	dī	di	di	saw			unsplit	Current word-level token gloss; no confident internal split applied.	
Kauγé Ńeríb u Sivā́ni.	s01_l04	6	é̱n’oe	enoê	0	é̱n’oe	enoê	enoe	that			unsplit	Current word-level token gloss; no confident internal split applied.	
Kauγé Ńeríb u Sivā́ni.	s01_l04	7	dí̥zd,	dızd	0	dí̥zd	dızd	dizd	thief			unsplit	Current word-level token gloss; no confident internal split applied.	
Kauγé Ńeríb u Sivā́ni.	s01_l04	8	te̱píšt	tepişt	0	te̱píšt	tepişt	tepist	caught			unsplit	Current word-level token gloss; no confident internal split applied.	
Kauγé Ńeríb u Sivā́ni.	s01_l04	9	vā	va	0	vā	va	va	said			unsplit	Current word-level token gloss; no confident internal split applied.	
Kauγé Ńeríb u Sivā́ni.	s01_l04	10	ke	kê	0	ke	kê	ke	that			unsplit	Current word-level token gloss; no confident internal split applied.	
Kauγé Ńeríb u Sivā́ni.	s01_l05	0	dí̥zdera:	dızdê ra	0	dí̥zde	dızdê	dizde	thief			high	Muller 1865, ZGP-0336; function chosen with project ra conventions.	
Kauγé Ńeríb u Sivā́ni.	s01_l05	0	dí̥zdera:	dızdê ra	1	ra	ra	ra	RECIP	postposition	relation=recipient	high	Muller 1865, ZGP-0336; function chosen with project ra conventions.	
Kauγé Ńeríb u Sivā́ni.	s01_l05	1	te	tê	0	te	tê	te	you			unsplit	Current word-level token gloss; no confident internal split applied.	
Kauγé Ńeríb u Sivā́ni.	s01_l05	2	qāṅd̮araí.	qangcaray	0	qāṅd̮araí	qangcaray	qandarai	where from?			unsplit	Current word-level token gloss; no confident internal split applied.	
Kauγé Ńeríb u Sivā́ni.	s01_l05	3	Dí̥zdi	Dızdi	0	Dí̥zdi	Dızdi	dizdi	thief			unsplit	Current word-level token gloss; no confident internal split applied.	
Kauγé Ńeríb u Sivā́ni.	s01_l05	4	vā	va	0	vā	va	va	said			unsplit	Current word-level token gloss; no confident internal split applied.	
Kauγé Ńeríb u Sivā́ni.	s01_l05	5	ke:	kê	0	ke	kê	ke	that			unsplit	Current word-level token gloss; no confident internal split applied.	
Kauγé Ńeríb u Sivā́ni.	s01_l05	6	e̱z	ez	0	e̱z	ez	ez	I			unsplit	Current word-level token gloss; no confident internal split applied.	
Kauγé Ńeríb u Sivā́ni.	s01_l05	7	Ńeríbraya.	Nyêribraya	0	Ńeríbraya	Nyêribraya	neribraya	from Nerib			unsplit	Current word-level token gloss; no confident internal split applied.	
Kauγé Ńeríb u Sivā́ni.	s01_l05	8	Lā́d̮i	Laci	0	lā́d̮	lac	lad	son			high	Muller 1865, ZGP-0335 genitive/izafet vowels; split kept contextual.	
Kauγé Ńeríb u Sivā́ni.	s01_l05	8	Lā́d̮i	Laci	1	i	i	-i	EZ/GEN	linker	relation=genitive/ezafe	medium	Muller 1865, ZGP-0335 genitive/izafet vowels; split kept contextual.	
Kauγé Ńeríb u Sivā́ni.	s01_l05	9	Mél’a	Mêla	0	Mél’a	Mêla	mela	mullah			unsplit	Current word-level token gloss; no confident internal split applied.	
Kauγé Ńeríb u Sivā́ni.	s01_l05	10	Ah̔-	A'h	0	Ah̔	A'h	ah	Ahmed-			unsplit	Current word-level token gloss; no confident internal split applied.	
Kauγé Ńeríb u Sivā́ni.	s01_l06	0	médi	mêdi	0	médi	mêdi	medi	-Ahmed			unsplit	Current word-level token gloss; no confident internal split applied.	
Kauγé Ńeríb u Sivā́ni.	s01_l06	1	vā	va	0	vā	va	va	said			unsplit	Current word-level token gloss; no confident internal split applied.	
Kauγé Ńeríb u Sivā́ni.	s01_l06	2	ke:	kê	0	ke	kê	ke	that			unsplit	Current word-level token gloss; no confident internal split applied.	
Kauγé Ńeríb u Sivā́ni.	s01_l06	3	te	tê	0	te	tê	te	you			unsplit	Current word-level token gloss; no confident internal split applied.	
Kauγé Ńeríb u Sivā́ni.	s01_l06	4	Ńeríbde,	Nyêribdê	0	Ńeríb	Nyêrib	nerib	Nerib			medium	Muller 1865, ZGP-0340 locative -de/-di.	
Kauγé Ńeríb u Sivā́ni.	s01_l06	4	Ńeríbde,	Nyêribdê	1	de	dê	de	LOC/COM	case	case=locative_or_comitative	medium	Muller 1865, ZGP-0340 locative -de/-di.	
Kauγé Ńeríb u Sivā́ni.	s01_l06	5	qām	qam	0	qām	qam	qam	which			unsplit	Current word-level token gloss; no confident internal split applied.	
Kauγé Ńeríb u Sivā́ni.	s01_l06	6	Ńeríbdei.	Nyêribdêy	0	Ńeríbdei	Nyêribdêy	neribdei	from which Nerib?			unsplit	Current word-level token gloss; no confident internal split applied.	
Kauγé Ńeríb u Sivā́ni.	s01_l06	7	Dí̥zdi	Dızdi	0	Dí̥zdi	Dızdi	dizdi	thief			unsplit	Current word-level token gloss; no confident internal split applied.	
Kauγé Ńeríb u Sivā́ni.	s01_l06	8	vā	va	0	vā	va	va	said			unsplit	Current word-level token gloss; no confident internal split applied.	
Kauγé Ńeríb u Sivā́ni.	s01_l06	9	ke:	kê	0	ke	kê	ke	that			unsplit	Current word-level token gloss; no confident internal split applied.	
Kauγé Ńeríb u Sivā́ni.	s01_l06	10	e̱z	ez	0	e̱z	ez	ez	I			unsplit	Current word-level token gloss; no confident internal split applied.	
Kauγé Ńeríb u Sivā́ni.	s01_l06	11	Déštei	Dêştêy	0	Déštei	Dêştêy	destei	Destei, place name			unsplit	Current word-level token gloss; no confident internal split applied.	
Kauγé Ńeríb u Sivā́ni.	s01_l07	0	Hʿé̱nzira.	'Henzira	0	Hʿé̱nzi	'Henzi	henzi	Henzi, place name			medium	Contextual ra split; function checked against project ra conventions.	
Kauγé Ńeríb u Sivā́ni.	s01_l07	0	Hʿé̱nzira.	'Henzira	1	ra	ra	ra	ABL	postposition	case_or_relation=contextual	medium	Muller 1865, ZGP-0336; project glossing_conventions.tsv keeps ra contextual.	
Kauγé Ńeríb u Sivā́ni.	s01_l07	1	Lā́d̮i	Laci	0	lā́d̮	lac	lad	son			high	Muller 1865, ZGP-0335 genitive/izafet vowels; split kept contextual.	
Kauγé Ńeríb u Sivā́ni.	s01_l07	1	Lā́d̮i	Laci	1	i	i	-i	EZ/GEN	linker	relation=genitive/ezafe	medium	Muller 1865, ZGP-0335 genitive/izafet vowels; split kept contextual.	
Kauγé Ńeríb u Sivā́ni.	s01_l07	2	Mél’a	Mêla	0	Mél’a	Mêla	mela	mullah			unsplit	Current word-level token gloss; no confident internal split applied.	
Kauγé Ńeríb u Sivā́ni.	s01_l07	3	Ah̔médi	A'hmêdi	0	Ah̔médi	A'hmêdi	ahmedi	Ahmed, personal name			unsplit	Current word-level token gloss; no confident internal split applied.	
Kauγé Ńeríb u Sivā́ni.	s01_l07	4	vā	va	0	vā	va	va	said			unsplit	Current word-level token gloss; no confident internal split applied.	
Kauγé Ńeríb u Sivā́ni.	s01_l07	5	ke:	kê	0	ke	kê	ke	that			unsplit	Current word-level token gloss; no confident internal split applied.	
Kauγé Ńeríb u Sivā́ni.	s01_l07	6	te	tê	0	te	tê	te	you			unsplit	Current word-level token gloss; no confident internal split applied.	
Kauγé Ńeríb u Sivā́ni.	s01_l07	7	qām	qam	0	qām	qam	qam	which			unsplit	Current word-level token gloss; no confident internal split applied.	
Kauγé Ńeríb u Sivā́ni.	s01_l07	8	mé̱hladi.	mehladi	0	mé̱hladi	mehladi	mehladi	from which mahalle?			unsplit	Current word-level token gloss; no confident internal split applied.	
Kauγé Ńeríb u Sivā́ni.	s01_l07	9	Dí̥zdi	Dızdi	0	Dí̥zdi	Dızdi	dizdi	thief			unsplit	Current word-level token gloss; no confident internal split applied.	
Kauγé Ńeríb u Sivā́ni.	s01_l07	10	vā	va	0	vā	va	va	said			unsplit	Current word-level token gloss; no confident internal split applied.	
Kauγé Ńeríb u Sivā́ni.	s01_l08	0	ke:	kê	0	ke	kê	ke	that			unsplit	Current word-level token gloss; no confident internal split applied.	
Kauγé Ńeríb u Sivā́ni.	s01_l08	1	e̱z	ez	0	e̱z	ez	ez	I			unsplit	Current word-level token gloss; no confident internal split applied.	
Kauγé Ńeríb u Sivā́ni.	s01_l08	2	mé̱hlai	mehlay	0	mé̱hlai	mehlay	mehlai	mahalle			unsplit	Current word-level token gloss; no confident internal split applied.	
Kauγé Ńeríb u Sivā́ni.	s01_l08	3	Šeināṅda.	Şêynangda	0	Šeināṅda	Şêynangda	seinanda	in the Seinan mahalle			unsplit	Current word-level token gloss; no confident internal split applied.	
Kauγé Ńeríb u Sivā́ni.	s01_l08	4	Lā́d̮i	Laci	0	lā́d̮	lac	lad	son			high	Muller 1865, ZGP-0335 genitive/izafet vowels; split kept contextual.	
Kauγé Ńeríb u Sivā́ni.	s01_l08	4	Lā́d̮i	Laci	1	i	i	-i	EZ/GEN	linker	relation=genitive/ezafe	medium	Muller 1865, ZGP-0335 genitive/izafet vowels; split kept contextual.	
Kauγé Ńeríb u Sivā́ni.	s01_l08	5	Mél’a	Mêla	0	Mél’a	Mêla	mela	mullah			unsplit	Current word-level token gloss; no confident internal split applied.	
Kauγé Ńeríb u Sivā́ni.	s01_l08	6	Ah̔médi	A'hmêdi	0	Ah̔médi	A'hmêdi	ahmedi	Ahmed, personal name			unsplit	Current word-level token gloss; no confident internal split applied.	
Kauγé Ńeríb u Sivā́ni.	s01_l08	7	vā	va	0	vā	va	va	said			unsplit	Current word-level token gloss; no confident internal split applied.	
Kauγé Ńeríb u Sivā́ni.	s01_l08	8	ke:	kê	0	ke	kê	ke	that			unsplit	Current word-level token gloss; no confident internal split applied.	
Kauγé Ńeríb u Sivā́ni.	s01_l08	9	te	tê	0	te	tê	te	you			unsplit	Current word-level token gloss; no confident internal split applied.	
Kauγé Ńeríb u Sivā́ni.	s01_l08	10	qaú’i	qawi	0	qaú’i	qawi	qaui	why?			unsplit	Current word-level token gloss; no confident internal split applied.	
Kauγé Ńeríb u Sivā́ni.	s01_l08	11	āmeí	amêy	0	āmeí	amêy	amei	came			unsplit	Current word-level token gloss; no confident internal split applied.	
Kauγé Ńeríb u Sivā́ni.	s01_l09	0	mā́le	malê	0	mā́le	malê	male	house			unsplit	Current word-level token gloss; no confident internal split applied.	
Kauγé Ńeríb u Sivā́ni.	s01_l09	1	me	mê	0	me	mê	me	my			unsplit	Current word-level token gloss; no confident internal split applied.	
Kauγé Ńeríb u Sivā́ni.	s01_l09	2	bén’i.	bêni	0	b	b	be	be/take			low	Muller 1865, ZGP-0356 present -ena/-ana material.	Stem reading depends on context; word-level gloss remains the safer guide.
Kauγé Ńeríb u Sivā́ni.	s01_l09	2	bén’i.	bêni	1	én’i	eni	-ena	PRS/FUT	suffix	tense_aspect=present_or_future	medium	Muller 1865, ZGP-0356 present -ena/-ana material.	
Kauγé Ńeríb u Sivā́ni.	s01_l09	3	Dí̥zdi	Dızdi	0	Dí̥zdi	Dızdi	dizdi	thief			unsplit	Current word-level token gloss; no confident internal split applied.	
Kauγé Ńeríb u Sivā́ni.	s01_l09	4	vā	va	0	vā	va	va	said			unsplit	Current word-level token gloss; no confident internal split applied.	
Kauγé Ńeríb u Sivā́ni.	s01_l09	5	ke:	kê	0	ke	kê	ke	that			unsplit	Current word-level token gloss; no confident internal split applied.	
Kauγé Ńeríb u Sivā́ni.	s01_l09	6	e̱z	ez	0	e̱z	ez	ez	I			unsplit	Current word-level token gloss; no confident internal split applied.	
Kauγé Ńeríb u Sivā́ni.	s01_l09	7	Ńerbíd̮a	Nyêrbica	0	Ńerbíd̮a	Nyêrbica	nerbida	Neribian			unsplit	Current word-level token gloss; no confident internal split applied.	
Kauγé Ńeríb u Sivā́ni.	s01_l09	8	āmeía	amêya	0	āmeía	amêya	ameia	I came			unsplit	Current word-level token gloss; no confident internal split applied.	
Kauγé Ńeríb u Sivā́ni.	s01_l09	9	mā́le	malê	0	mā́le	malê	male	house			unsplit	Current word-level token gloss; no confident internal split applied.	
Kauγé Ńeríb u Sivā́ni.	s01_l09	10	tue,	twê	0	tue	twê	tue	your			unsplit	Current word-level token gloss; no confident internal split applied.	
Kauγé Ńeríb u Sivā́ni.	s01_l09	11	dí̥zdei	dızdêy	0	dí̥zdei	dızdêy	dizdei	to steal			unsplit	Current word-level token gloss; no confident internal split applied.	
Kauγé Ńeríb u Sivā́ni.	s01_l10	0	bi̥kéra,	bıkêra	0	bi̥	bı	bı-	CONJ/FUT	prefix	mood=conjunctive;tense=future	high	Muller 1865, ZGP-0361 conjunctive/future bi- prefix.	
Kauγé Ńeríb u Sivā́ni.	s01_l10	0	bi̥kéra,	bıkêra	1	kéra	kêra	kera	commit/do			high	Muller 1865, ZGP-0361 conjunctive/future bi- prefix.	
Kauγé Ńeríb u Sivā́ni.	s01_l10	1	berá	bêra	0	berá	bêra	bera	brother			unsplit	Current word-level token gloss; no confident internal split applied.	
Kauγé Ńeríb u Sivā́ni.	s01_l10	2	túe	twê	0	túe	twê	tue	you			unsplit	Current word-level token gloss; no confident internal split applied.	
Kauγé Ńeríb u Sivā́ni.	s01_l10	3	e̱z	ez	0	e̱z	ez	ez	I			unsplit	Current word-level token gloss; no confident internal split applied.	
Kauγé Ńeríb u Sivā́ni.	s01_l10	4	dián,	dyan	0	dián	dyan	dian	you saw me			unsplit	Current word-level token gloss; no confident internal split applied.	
Kauγé Ńeríb u Sivā́ni.	s01_l10	5	lakímke	lakimkê	0	lakímke	lakimkê	lakimke	but			unsplit	Current word-level token gloss; no confident internal split applied.	
Kauγé Ńeríb u Sivā́ni.	s01_l10	6	e̱z	ez	0	e̱z	ez	ez	I			unsplit	Current word-level token gloss; no confident internal split applied.	
Kauγé Ńeríb u Sivā́ni.	s01_l10	7	hā	ha	0	hā	ha	ha	here			unsplit	Current word-level token gloss; no confident internal split applied.	
Kauγé Ńeríb u Sivā́ni.	s01_l10	8	bén’a,	bêna	0	b	b	be	be			medium	Muller 1865, ZGP-0356 present -ena/-ana material.	
Kauγé Ńeríb u Sivā́ni.	s01_l10	8	bén’a,	bêna	1	én’a	ena	-ena	PRS.1SG	suffix	tense_aspect=present;person=1;number=singular	medium	Muller 1865, ZGP-0356 present -ena/-ana material.	
Kauγé Ńeríb u Sivā́ni.	s01_l10	9	zōr	zor	0	zōr	zor	zor	strong			unsplit	Current word-level token gloss; no confident internal split applied.	
Kauγé Ńeríb u Sivā́ni.	s01_l10	10	bén’a.	bêna	0	b	b	be	be			medium	Muller 1865, ZGP-0356 present -ena/-ana material.	
Kauγé Ńeríb u Sivā́ni.	s01_l10	10	bén’a.	bêna	1	én’a	ena	-ena	PRS.1SG	suffix	tense_aspect=present;person=1;number=singular	medium	Muller 1865, ZGP-0356 present -ena/-ana material.	
Kauγé Ńeríb u Sivā́ni.	s01_l10	11	Lā́d̮i	Laci	0	lā́d̮	lac	lad	son			high	Muller 1865, ZGP-0335 genitive/izafet vowels; split kept contextual.	
Kauγé Ńeríb u Sivā́ni.	s01_l10	11	Lā́d̮i	Laci	1	i	i	-i	EZ/GEN	linker	relation=genitive/ezafe	medium	Muller 1865, ZGP-0335 genitive/izafet vowels; split kept contextual.	
Kauγé Ńeríb u Sivā́ni.	s01_l11	0	Mél’a	Mêla	0	Mél’a	Mêla	mela	mullah			unsplit	Current word-level token gloss; no confident internal split applied.	
Kauγé Ńeríb u Sivā́ni.	s01_l11	1	Ah̔médi	A'hmêdi	0	Ah̔médi	A'hmêdi	ahmedi	Ahmed, personal name			unsplit	Current word-level token gloss; no confident internal split applied.	
Kauγé Ńeríb u Sivā́ni.	s01_l11	2	wid̮á	wica	0	wid̮á	wica	wida	immediately			unsplit	Current word-level token gloss; no confident internal split applied.	
Kauγé Ńeríb u Sivā́ni.	s01_l11	3	sé̱rei	serêy	0	sé̱rei	serêy	serei	head			unsplit	Current word-level token gloss; no confident internal split applied.	
Kauγé Ńeríb u Sivā́ni.	s01_l11	4	dí̥zdi	dızdi	0	dí̥zdi	dızdi	dizdi	thief			unsplit	Current word-level token gloss; no confident internal split applied.	
Kauγé Ńeríb u Sivā́ni.	s01_l11	5	terá	têra	0	terá	têra	tera	off			unsplit	Current word-level token gloss; no confident internal split applied.	
Kauγé Ńeríb u Sivā́ni.	s01_l11	6	kerd,	kêrd	0	kerd	kêrd	kerd	cut			unsplit	Current word-level token gloss; no confident internal split applied.	
Kauγé Ńeríb u Sivā́ni.	s01_l11	7	h̔abér’e	'habêrê	0	h̔abér’e	'habêrê	habere	message			unsplit	Current word-level token gloss; no confident internal split applied.	
Kauγé Ńeríb u Sivā́ni.	s01_l11	8	e̱ršau’úte	erşawûtê	0	e̱ršau’úte	erşawûtê	ersauute	sent			unsplit	Current word-level token gloss; no confident internal split applied.	
Kauγé Ńeríb u Sivā́ni.	s01_l11	9	Ńe-	Nyê	0	Ńe	Nyê	ne	Nerib-			unsplit	Current word-level token gloss; no confident internal split applied.	
Kauγé Ńeríb u Sivā́ni.	s01_l12	0	ríb	rib	0	ríb	rib	rib	-Nerib			unsplit	Current word-level token gloss; no confident internal split applied.	
Kauγé Ńeríb u Sivā́ni.	s01_l12	1	Xalé̱f	Xalef	0	Xalé̱f	Xalef	xalef	Xalef, personal name			unsplit	Current word-level token gloss; no confident internal split applied.	
Kauγé Ńeríb u Sivā́ni.	s01_l12	2	aγāiri	ağayri	0	aγāi	ağay	agai	Agha			high	Muller 1865, ZGP-0337-ZGP-0339 ri/ru/-i object or goal material.	
Kauγé Ńeríb u Sivā́ni.	s01_l12	2	aγāiri	ağayri	1	ri	ri	ri	GOAL/RECIP	case/postposition	relation=goal_or_recipient	high	Muller 1865, ZGP-0337-ZGP-0339 ri/ru/-i object or goal material.	
Kauγé Ńeríb u Sivā́ni.	s01_l12	3	vā	va	0	vā	va	va	said			unsplit	Current word-level token gloss; no confident internal split applied.	
Kauγé Ńeríb u Sivā́ni.	s01_l12	4	ke:	kê	0	ke	kê	ke	that			unsplit	Current word-level token gloss; no confident internal split applied.	
Kauγé Ńeríb u Sivā́ni.	s01_l12	5	we̱	we	0	we̱	we	we	to			unsplit	Current word-level token gloss; no confident internal split applied.	
Kauγé Ńeríb u Sivā́ni.	s01_l12	6	Xyé̱̣ni	Xyeni	0	Xyé̱̣ni	Xyeni	xyeni	Hyeni, place name			unsplit	Current word-level token gloss; no confident internal split applied.	
Kauγé Ńeríb u Sivā́ni.	s01_l12	7	nebé,	nêbê	0	nebé	nêbê	ne-	NEG	prefix	polarity=negative	high	Lerch corpus pattern plus modern Zazaki comparison: ne-/ńe- negative prefix.	
Kauγé Ńeríb u Sivā́ni.	s01_l12	7	nebé,	nêbê	1	bé	bê	be	come/be			high	Lerch corpus pattern plus modern Zazaki comparison: ne-/ńe- negative prefix.	
Kauγé Ńeríb u Sivā́ni.	s01_l12	8	tue	twê	0	tue	twê	tue	you			unsplit	Current word-level token gloss; no confident internal split applied.	
Kauγé Ńeríb u Sivā́ni.	s01_l12	9	té̱de	tedê	0	té̱de	tedê	tede	there			unsplit	Current word-level token gloss; no confident internal split applied.	
Kauγé Ńeríb u Sivā́ni.	s01_l12	10	kauγé	kawğê	0	kauγé	kawğê	kauge	fight			unsplit	Current word-level token gloss; no confident internal split applied.	
Kauγé Ńeríb u Sivā́ni.	s01_l12	11	kerdíni,	kêrdini	0	kerdíni	kêrdini	kerdini	you fought			unsplit	Current word-level token gloss; no confident internal split applied.	
Kauγé Ńeríb u Sivā́ni.	s01_l13	0	tu	tû	0	tu	tû	tu	you			unsplit	Current word-level token gloss; no confident internal split applied.	
Kauγé Ńeríb u Sivā́ni.	s01_l13	1	Hʿyẹ̄ṅid̮i	'Hyêngici	0	Hʿyẹ̄ṅid̮i	'Hyêngici	hyenidi	in Hyeni			unsplit	Current word-level token gloss; no confident internal split applied.	
Kauγé Ńeríb u Sivā́ni.	s01_l13	2	pyéru	pyêrû	0	pyéru	pyêrû	pyeru	all			unsplit	Current word-level token gloss; no confident internal split applied.	
Kauγé Ńeríb u Sivā́ni.	s01_l13	3	kíšti	kişti	0	kíšti	kişti	kisti	killed			unsplit	Current word-level token gloss; no confident internal split applied.	
Kauγé Ńeríb u Sivā́ni.	s01_l13	4	ā́rdi	ardi	0	ā́rdi	ardi	ardi	brought			unsplit	Current word-level token gloss; no confident internal split applied.	
Kauγé Ńeríb u Sivā́ni.	s01_l13	5	e̱mā́ni	emani	0	e̱mā́ni	emani	emani	safe-conduct			unsplit	Current word-level token gloss; no confident internal split applied.	
Kauγé Ńeríb u Sivā́ni.	s01_l13	6	se̱r.	ser	0	se̱r	ser	ser	head			unsplit	Current word-level token gloss; no confident internal split applied.	
Kauγé Ńeríb u Sivā́ni.	s01_l13	7	Xalé̱f	Xalef	0	Xalé̱f	Xalef	xalef	Xalef, personal name			unsplit	Current word-level token gloss; no confident internal split applied.	
Kauγé Ńeríb u Sivā́ni.	s01_l13	8	aγái	ağay	0	aγái	ağay	agai	Agha			unsplit	Current word-level token gloss; no confident internal split applied.	
Kauγé Ńeríb u Sivā́ni.	s01_l13	9	h̔abér’e	'habêrê	0	h̔abér’e	'habêrê	habere	message			unsplit	Current word-level token gloss; no confident internal split applied.	
Kauγé Ńeríb u Sivā́ni.	s01_l13	10	e̱ršau’-	erşaw	0	e̱ršau’	erşaw	ersau	sent-			unsplit	Current word-level token gloss; no confident internal split applied.	
Kauγé Ńeríb u Sivā́ni.	s02_l01	0	úte	ûtê	0	úte	ûtê	ute	-sent			unsplit	Current word-level token gloss; no confident internal split applied.	
Kauγé Ńeríb u Sivā́ni.	s02_l01	1	Avdúl’ah	Avdûlah	0	Avdúl’ah	Avdûlah	avdulah	Avdulah, personal name			unsplit	Current word-level token gloss; no confident internal split applied.	
Kauγé Ńeríb u Sivā́ni.	s02_l01	2	aγái	ağay	0	aγái	ağay	agai	Agha			unsplit	Current word-level token gloss; no confident internal split applied.	
Kauγé Ńeríb u Sivā́ni.	s02_l01	3	Kelán	Kêlan	0	Kelán	Kêlan	kelan	Kelan, place name			unsplit	Current word-level token gloss; no confident internal split applied.	
Kauγé Ńeríb u Sivā́ni.	s02_l01	4	vā	va	0	vā	va	va	said			unsplit	Current word-level token gloss; no confident internal split applied.	
Kauγé Ńeríb u Sivā́ni.	s02_l01	5	ke:	kê	0	ke	kê	ke	that			unsplit	Current word-level token gloss; no confident internal split applied.	
Kauγé Ńeríb u Sivā́ni.	s02_l01	6	me	mê	0	me	mê	me	I			unsplit	Current word-level token gloss; no confident internal split applied.	
Kauγé Ńeríb u Sivā́ni.	s02_l01	7	Ńeríbde	Nyêribdê	0	Ńeríb	Nyêrib	nerib	Nerib			medium	Muller 1865, ZGP-0340 locative -de/-di.	
Kauγé Ńeríb u Sivā́ni.	s02_l01	7	Ńeríbde	Nyêribdê	1	de	dê	de	LOC/COM	case	case=locative_or_comitative	medium	Muller 1865, ZGP-0340 locative -de/-di.	
Kauγé Ńeríb u Sivā́ni.	s02_l01	8	kauγé	kawğê	0	kauγé	kawğê	kauge	fight			unsplit	Current word-level token gloss; no confident internal split applied.	
Kauγé Ńeríb u Sivā́ni.	s02_l01	9	kerd,	kêrd	0	kerd	kêrd	kerd	did			unsplit	Current word-level token gloss; no confident internal split applied.	
Kauγé Ńeríb u Sivā́ni.	s02_l01	10	la-	la	0	la	la	la	but-			unsplit	Current word-level token gloss; no confident internal split applied.	
Kauγé Ńeríb u Sivā́ni.	s02_l02	0	kímke	kimkê	0	kímke	kimkê	kimke	-but			unsplit	Current word-level token gloss; no confident internal split applied.	
Kauγé Ńeríb u Sivā́ni.	s02_l02	1	wé̱χti	wexti	0	wé̱χti	wexti	wexti	time			unsplit	Current word-level token gloss; no confident internal split applied.	
Kauγé Ńeríb u Sivā́ni.	s02_l02	2	χóede	xoêdê	0	χóe	xoê	xoe	own			high	Muller 1865, ZGP-0340 locative -de/-di.	
Kauγé Ńeríb u Sivā́ni.	s02_l02	2	χóede	xoêdê	1	de	dê	de	LOC/TEMP	case	case=locative_or_temporal	high	Muller 1865, ZGP-0340 locative -de/-di.	
Kauγé Ńeríb u Sivā́ni.	s02_l02	3	hādré	hadrê	0	hādré	hadrê	hadre	ready			unsplit	Current word-level token gloss; no confident internal split applied.	
Kauγé Ńeríb u Sivā́ni.	s02_l02	4	be,	bê	0	be	bê	be	be			unsplit	Current word-level token gloss; no confident internal split applied.	
Kauγé Ńeríb u Sivā́ni.	s02_l02	5	túe	twê	0	túe	twê	tue	you			unsplit	Current word-level token gloss; no confident internal split applied.	
Kauγé Ńeríb u Sivā́ni.	s02_l02	6	mē̱rd̮úmi	mercûmi	0	me̱rdṳ́m	merdûm	merdum	man/person			high	Muller 1865, ZGP-0335 genitive/izafet vowels; split kept contextual.	
Kauγé Ńeríb u Sivā́ni.	s02_l02	6	mē̱rd̮úmi	mercûmi	1	i	i	-i	OBL/EZ	case/linker	relation=oblique_or_ezafe	medium	Muller 1865, ZGP-0335 genitive/izafet vowels; split kept contextual.	
Kauγé Ńeríb u Sivā́ni.	s02_l02	7	me	mê	0	me	mê	me	my			unsplit	Current word-level token gloss; no confident internal split applied.	
Kauγé Ńeríb u Sivā́ni.	s02_l02	8	kišt,	kişt	0	kišt	kişt	kist	killed			unsplit	Current word-level token gloss; no confident internal split applied.	
Kauγé Ńeríb u Sivā́ni.	s02_l02	9	bi̥zāni	bızani	0	bi̥	bi	bi-	CONJ/FUT	prefix	mood=conjunctive;tense=future	high	Muller 1865, ZGP-0361 conjunctive/future bi- prefix.	
Kauγé Ńeríb u Sivā́ni.	s02_l02	9	bi̥zāni	bızani	1	zāni	zani	zani	know			high	Muller 1865, ZGP-0361 conjunctive/future bi- prefix.	
Kauγé Ńeríb u Sivā́ni.	s02_l02	10	ke:	kê	0	ke	kê	ke	that			unsplit	Current word-level token gloss; no confident internal split applied.	
Kauγé Ńeríb u Sivā́ni.	s02_l02	11	e̱z	ez	0	e̱z	ez	ez	I			unsplit	Current word-level token gloss; no confident internal split applied.	
Kauγé Ńeríb u Sivā́ni.	s02_l03	0	vīst	vist	0	vīst	vist	vist	twenty			unsplit	Current word-level token gloss; no confident internal split applied.	
Kauγé Ńeríb u Sivā́ni.	s02_l03	1	mē̱rdṳ́mi	merdûmi	0	me̱rdṳ́m	merdûm	merdum	man/person			high	Muller 1865, ZGP-0335 genitive/izafet vowels; split kept contextual.	
Kauγé Ńeríb u Sivā́ni.	s02_l03	1	mē̱rdṳ́mi	merdûmi	1	i	i	-i	OBL/EZ	case/linker	relation=oblique_or_ezafe	medium	Muller 1865, ZGP-0335 genitive/izafet vowels; split kept contextual.	
Kauγé Ńeríb u Sivā́ni.	s02_l03	2	túe	twê	0	túe	twê	tue	your			unsplit	Current word-level token gloss; no confident internal split applied.	
Kauγé Ńeríb u Sivā́ni.	s02_l03	3	yau	yaw	0	yau	yaw	yau	one			unsplit	Current word-level token gloss; no confident internal split applied.	
Kauγé Ńeríb u Sivā́ni.	s02_l03	4	mē̱rdṳ́mi	merdûmi	0	me̱rdṳ́m	merdûm	merdum	man/person			high	Muller 1865, ZGP-0335 genitive/izafet vowels; split kept contextual.	
Kauγé Ńeríb u Sivā́ni.	s02_l03	4	mē̱rdṳ́mi	merdûmi	1	i	i	-i	OBL/EZ	case/linker	relation=oblique_or_ezafe	medium	Muller 1865, ZGP-0335 genitive/izafet vowels; split kept contextual.	
Kauγé Ńeríb u Sivā́ni.	s02_l03	5	χóe	xoê	0	χóe	xoê	xoe	own			unsplit	Current word-level token gloss; no confident internal split applied.	
Kauγé Ńeríb u Sivā́ni.	s02_l03	6	vé̱ra	vera	0	vé̱ra	vera	vera	for			unsplit	Current word-level token gloss; no confident internal split applied.	
Kauγé Ńeríb u Sivā́ni.	s02_l03	7	kišēn’a.	kişêna	0	kiš	kiş	kist	kill			high	Muller 1865, ZGP-0356 present -ena/-ana material.	
Kauγé Ńeríb u Sivā́ni.	s02_l03	7	kišēn’a.	kişêna	1	én’a	ena	-ena	PRS/FUT.1SG	suffix	tense_aspect=present_or_future;person=1;number=singular	medium	Muller 1865, ZGP-0356 present -ena/-ana material.	
Kauγé Ńeríb u Sivā́ni.	s02_l03	8	Avdúl’ah	Avdûlah	0	Avdúl’ah	Avdûlah	avdulah	Avdulah, personal name			unsplit	Current word-level token gloss; no confident internal split applied.	
Kauγé Ńeríb u Sivā́ni.	s02_l03	9	aγái	ağay	0	aγái	ağay	agai	Agha			unsplit	Current word-level token gloss; no confident internal split applied.	
Kauγé Ńeríb u Sivā́ni.	s02_l04	0	h̔abér’e	'habêrê	0	h̔abér’e	'habêrê	habere	message			unsplit	Current word-level token gloss; no confident internal split applied.	
Kauγé Ńeríb u Sivā́ni.	s02_l04	1	e̱ršau’úte	erşawûtê	0	e̱ršau’úte	erşawûtê	ersauute	sent			unsplit	Current word-level token gloss; no confident internal split applied.	
Kauγé Ńeríb u Sivā́ni.	s02_l04	2	Xalé̱f	Xalef	0	Xalé̱f	Xalef	xalef	Xalef, personal name			unsplit	Current word-level token gloss; no confident internal split applied.	
Kauγé Ńeríb u Sivā́ni.	s02_l04	3	aγāiri	ağayri	0	aγāi	ağay	agai	Agha			high	Muller 1865, ZGP-0337-ZGP-0339 ri/ru/-i object or goal material.	
Kauγé Ńeríb u Sivā́ni.	s02_l04	3	aγāiri	ağayri	1	ri	ri	ri	GOAL/RECIP	case/postposition	relation=goal_or_recipient	high	Muller 1865, ZGP-0337-ZGP-0339 ri/ru/-i object or goal material.	
Kauγé Ńeríb u Sivā́ni.	s02_l04	4	vā	va	0	vā	va	va	said			unsplit	Current word-level token gloss; no confident internal split applied.	
Kauγé Ńeríb u Sivā́ni.	s02_l04	5	ke:	kê	0	ke	kê	ke	that			unsplit	Current word-level token gloss; no confident internal split applied.	
Kauγé Ńeríb u Sivā́ni.	s02_l04	6	wāχte	waxtê	0	wāχte	waxtê	waxte	time			unsplit	Current word-level token gloss; no confident internal split applied.	
Kauγé Ńeríb u Sivā́ni.	s02_l04	7	χóede	xoêdê	0	χóe	xoê	xoe	own			high	Muller 1865, ZGP-0340 locative -de/-di.	
Kauγé Ńeríb u Sivā́ni.	s02_l04	7	χóede	xoêdê	1	de	dê	de	LOC/TEMP	case	case=locative_or_temporal	high	Muller 1865, ZGP-0340 locative -de/-di.	
Kauγé Ńeríb u Sivā́ni.	s02_l04	8	hādré	hadrê	0	hādré	hadrê	hadre	ready			unsplit	Current word-level token gloss; no confident internal split applied.	
Kauγé Ńeríb u Sivā́ni.	s02_l04	9	be,	bê	0	be	bê	be	be			unsplit	Current word-level token gloss; no confident internal split applied.	
Kauγé Ńeríb u Sivā́ni.	s02_l04	10	e̱z	ez	0	e̱z	ez	ez	I			unsplit	Current word-level token gloss; no confident internal split applied.	
Kauγé Ńeríb u Sivā́ni.	s02_l05	0	meíšte	mêyştê	0	meíšte	mêyştê	meiste	tomorrow			unsplit	Current word-level token gloss; no confident internal split applied.	
Kauγé Ńeríb u Sivā́ni.	s02_l05	1	e̱skéri	eskêri	0	e̱skéri	eskêri	eskeri	army			unsplit	Current word-level token gloss; no confident internal split applied.	
Kauγé Ńeríb u Sivā́ni.	s02_l05	2	χóe	xoê	0	χóe	xoê	xoe	own			unsplit	Current word-level token gloss; no confident internal split applied.	
Kauγé Ńeríb u Sivā́ni.	s02_l05	3	ǵén’a,	gêna	0	ǵén’a	gêna	gena	I lead			unsplit	Current word-level token gloss; no confident internal split applied.	
Kauγé Ńeríb u Sivā́ni.	s02_l05	4	yén’a	yêna	0	yén’a	yêna	yena	I come			unsplit	Current word-level token gloss; no confident internal split applied.	
Kauγé Ńeríb u Sivā́ni.	s02_l05	5	aúkai	awkay	0	aúkai	awkay	aukai	stream			unsplit	Current word-level token gloss; no confident internal split applied.	
Kauγé Ńeríb u Sivā́ni.	s02_l05	6	Šél’e	Şêlê	0	Šél’e	Şêlê	sele	Sele stream			unsplit	Current word-level token gloss; no confident internal split applied.	
Kauγé Ńeríb u Sivā́ni.	s02_l05	7	ve̱r,	ver	0	ve̱r	ver	ver	front			unsplit	Current word-level token gloss; no confident internal split applied.	
Kauγé Ńeríb u Sivā́ni.	s02_l05	8	tí̥zi	tızi	0	tí̥zi	tızi	tizi	you too			unsplit	Current word-level token gloss; no confident internal split applied.	
Kauγé Ńeríb u Sivā́ni.	s02_l05	9	wid̮ára	wicara	0	wid̮ára	wicara	widara	there			unsplit	Current word-level token gloss; no confident internal split applied.	
Kauγé Ńeríb u Sivā́ni.	s02_l05	10	e̱skéri	eskêri	0	e̱skéri	eskêri	eskeri	army			unsplit	Current word-level token gloss; no confident internal split applied.	
Kauγé Ńeríb u Sivā́ni.	s02_l06	0	χóe	xoê	0	χóe	xoê	xoe	own			unsplit	Current word-level token gloss; no confident internal split applied.	
Kauγé Ńeríb u Sivā́ni.	s02_l06	1	bi̥gí,	bıgi	0	bi̥	bi	bi-	CONJ/FUT	prefix	mood=conjunctive;tense=future	high	Muller 1865, ZGP-0361 conjunctive/future bi- prefix.	
Kauγé Ńeríb u Sivā́ni.	s02_l06	1	bi̥gí,	bıgi	1	gí	gi	gi	lead/take			high	Muller 1865, ZGP-0361 conjunctive/future bi- prefix.	
Kauγé Ńeríb u Sivā́ni.	s02_l06	2	bye	byê	0	bye	byê	bye	come			unsplit	Current word-level token gloss; no confident internal split applied.	
Kauγé Ńeríb u Sivā́ni.	s02_l06	3	D̮ait	Cayt	0	D̮ait	Cayt	dait	Dait, place name			unsplit	Current word-level token gloss; no confident internal split applied.	
Kauγé Ńeríb u Sivā́ni.	s02_l06	4	ve̱r,	ver	0	ve̱r	ver	ver	front			unsplit	Current word-level token gloss; no confident internal split applied.	
Kauγé Ńeríb u Sivā́ni.	s02_l06	5	mā	ma	0	mā	ma	ma	we			unsplit	Current word-level token gloss; no confident internal split applied.	
Kauγé Ńeríb u Sivā́ni.	s02_l06	6	kauγé	kawğê	0	kauγé	kawğê	kauge	fight			unsplit	Current word-level token gloss; no confident internal split applied.	
Kauγé Ńeríb u Sivā́ni.	s02_l06	7	bi̥kí,	bıki	0	bi̥	bi	bi-	CONJ/FUT	prefix	mood=conjunctive;tense=future	high	Muller 1865, ZGP-0361 conjunctive/future bi- prefix.	
Kauγé Ńeríb u Sivā́ni.	s02_l06	7	bi̥kí,	bıki	1	kí	ki	ki	do/fight			high	Muller 1865, ZGP-0361 conjunctive/future bi- prefix.	
Kauγé Ńeríb u Sivā́ni.	s02_l06	8	ńavaúke	nyavawkê	0	ńavaúke	nyavawkê	navauke	until			unsplit	Current word-level token gloss; no confident internal split applied.	
Kauγé Ńeríb u Sivā́ni.	s02_l06	9	te	tê	0	te	tê	te	you			unsplit	Current word-level token gloss; no confident internal split applied.	
Kauγé Ńeríb u Sivā́ni.	s02_l06	10	sé̱rei	serêy	0	sé̱rei	serêy	serei	head			unsplit	Current word-level token gloss; no confident internal split applied.	
Kauγé Ńeríb u Sivā́ni.	s02_l06	11	me	mê	0	me	mê	me	my			unsplit	Current word-level token gloss; no confident internal split applied.	
Kauγé Ńeríb u Sivā́ni.	s02_l06	12	wén’i,	wêni	0	wén’i	wêni	weni	cut			unsplit	Current word-level token gloss; no confident internal split applied.	
Kauγé Ńeríb u Sivā́ni.	s02_l07	0	ńavaúke	nyavawkê	0	ńavaúke	nyavawkê	navauke	until			unsplit	Current word-level token gloss; no confident internal split applied.	
Kauγé Ńeríb u Sivā́ni.	s02_l07	1	e̱z	ez	0	e̱z	ez	ez	I			unsplit	Current word-level token gloss; no confident internal split applied.	
Kauγé Ńeríb u Sivā́ni.	s02_l07	2	sé̱rei	serêy	0	sé̱rei	serêy	serei	head			unsplit	Current word-level token gloss; no confident internal split applied.	
Kauγé Ńeríb u Sivā́ni.	s02_l07	3	túe	twê	0	túe	twê	tue	your			unsplit	Current word-level token gloss; no confident internal split applied.	
Kauγé Ńeríb u Sivā́ni.	s02_l07	4	wén’a.	wêna	0	w	w	wena	cut			low	Muller 1865, ZGP-0356 present -ena/-ana material.	Stem is short in this segmentation; keep under review.
Kauγé Ńeríb u Sivā́ni.	s02_l07	4	wén’a.	wêna	1	én’a	ena	-ena	PRS.1SG	suffix	tense_aspect=present;person=1;number=singular	medium	Muller 1865, ZGP-0356 present -ena/-ana material.	
Kauγé Ńeríb u Sivā́ni.	s02_l07	5	Xalé̱f	Xalef	0	Xalé̱f	Xalef	xalef	Xalef, personal name			unsplit	Current word-level token gloss; no confident internal split applied.	
Kauγé Ńeríb u Sivā́ni.	s02_l07	6	aγái	ağay	0	aγái	ağay	agai	Agha			unsplit	Current word-level token gloss; no confident internal split applied.	
Kauγé Ńeríb u Sivā́ni.	s02_l07	7	h̔abér	'habêr	0	h̔abér	'habêr	haber	message			unsplit	Current word-level token gloss; no confident internal split applied.	
Kauγé Ńeríb u Sivā́ni.	s02_l07	8	e̱ršau’úte	erşawûtê	0	e̱ršau’úte	erşawûtê	ersauute	sent			unsplit	Current word-level token gloss; no confident internal split applied.	
Kauγé Ńeríb u Sivā́ni.	s02_l07	9	Av-	Av	0	Av	Av	av	Avdulah-			unsplit	Current word-level token gloss; no confident internal split applied.	
Kauγé Ńeríb u Sivā́ni.	s02_l08	0	dúl’ah	dûlah	0	dúl’ah	dûlah	dulah	-Avdulah			unsplit	Current word-level token gloss; no confident internal split applied.	
Kauγé Ńeríb u Sivā́ni.	s02_l08	1	aγāiri	ağayri	0	aγāi	ağay	agai	Agha			high	Muller 1865, ZGP-0337-ZGP-0339 ri/ru/-i object or goal material.	
Kauγé Ńeríb u Sivā́ni.	s02_l08	1	aγāiri	ağayri	1	ri	ri	ri	GOAL/RECIP	case/postposition	relation=goal_or_recipient	high	Muller 1865, ZGP-0337-ZGP-0339 ri/ru/-i object or goal material.	
Kauγé Ńeríb u Sivā́ni.	s02_l08	2	vā	va	0	vā	va	va	said			unsplit	Current word-level token gloss; no confident internal split applied.	
Kauγé Ńeríb u Sivā́ni.	s02_l08	3	ke:	kê	0	ke	kê	ke	that			unsplit	Current word-level token gloss; no confident internal split applied.	
Kauγé Ńeríb u Sivā́ni.	s02_l08	4	e̱skéri	eskêri	0	e̱skéri	eskêri	eskeri	army			unsplit	Current word-level token gloss; no confident internal split applied.	
Kauγé Ńeríb u Sivā́ni.	s02_l08	5	me	mê	0	me	mê	me	my			unsplit	Current word-level token gloss; no confident internal split applied.	
Kauγé Ńeríb u Sivā́ni.	s02_l08	6	hādrāú,	hadraw	0	hādrāú	hadraw	hadrau	is ready			unsplit	Current word-level token gloss; no confident internal split applied.	
Kauγé Ńeríb u Sivā́ni.	s02_l08	7	ē̱nkai	enkay	0	ē̱nkai	enkay	enkai	as soon as			unsplit	Current word-level token gloss; no confident internal split applied.	
Kauγé Ńeríb u Sivā́ni.	s02_l08	8	e̱z	ez	0	e̱z	ez	ez	I			unsplit	Current word-level token gloss; no confident internal split applied.	
Kauγé Ńeríb u Sivā́ni.	s02_l08	9	āmeía	amêya	0	āmeía	amêya	ameia	I came			unsplit	Current word-level token gloss; no confident internal split applied.	
Kauγé Ńeríb u Sivā́ni.	s02_l08	10	Deíštede	Dêyştêdê	0	Deíšte	Dêyştê	deiste	Destei, place name			medium	ZGP-0340; contextual locative -de.	
Kauγé Ńeríb u Sivā́ni.	s02_l08	10	Deíštede	Dêyştêdê	1	de	de	-de	LOC	case	case=locative	high	Muller 1865, ZGP-0340 locative -de.	
Kauγé Ńeríb u Sivā́ni.	s02_l09	0	t̮ízi	çizi	0	t̮ízi	çizi	tizi	you too			unsplit	Current word-level token gloss; no confident internal split applied.	
Kauγé Ńeríb u Sivā́ni.	s02_l09	1	wārze	warzê	0	wārze	warzê	warze	rise			unsplit	Current word-level token gloss; no confident internal split applied.	
Kauγé Ńeríb u Sivā́ni.	s02_l09	2	e̱skéri	eskêri	0	e̱skéri	eskêri	eskeri	army			unsplit	Current word-level token gloss; no confident internal split applied.	
Kauγé Ńeríb u Sivā́ni.	s02_l09	3	χoé	xoê	0	χoé	xoê	xoe	own			unsplit	Current word-level token gloss; no confident internal split applied.	
Kauγé Ńeríb u Sivā́ni.	s02_l09	4	bigí,	bigi	0	bi	bi	bi-	CONJ/FUT	prefix	mood=conjunctive;tense=future	high	Muller 1865, ZGP-0361 conjunctive/future bi- prefix.	
Kauγé Ńeríb u Sivā́ni.	s02_l09	4	bigí,	bigi	1	gí	gi	gi	lead/take			high	Muller 1865, ZGP-0361 conjunctive/future bi- prefix.	
Kauγé Ńeríb u Sivā́ni.	s02_l09	5	bye	byê	0	bye	byê	bye	come			unsplit	Current word-level token gloss; no confident internal split applied.	
Kauγé Ńeríb u Sivā́ni.	s02_l09	6	aúlkai	awlkay	0	aúlkai	awlkay	aulkai	stream			unsplit	Current word-level token gloss; no confident internal split applied.	
Kauγé Ńeríb u Sivā́ni.	s02_l09	7	Šél’e	Şêlê	0	Šél’e	Şêlê	sele	Sele stream			unsplit	Current word-level token gloss; no confident internal split applied.	
Kauγé Ńeríb u Sivā́ni.	s02_l09	8	ve̱r,	ver	0	ve̱r	ver	ver	front			unsplit	Current word-level token gloss; no confident internal split applied.	
Kauγé Ńeríb u Sivā́ni.	s02_l09	9	mā	ma	0	mā	ma	ma	we			unsplit	Current word-level token gloss; no confident internal split applied.	
Kauγé Ńeríb u Sivā́ni.	s02_l09	10	kauγé	kawğê	0	kauγé	kawğê	kauge	fight			unsplit	Current word-level token gloss; no confident internal split applied.	
Kauγé Ńeríb u Sivā́ni.	s02_l09	11	bikí.	biki	0	bi	bi	bi-	CONJ/FUT	prefix	mood=conjunctive;tense=future	high	Muller 1865, ZGP-0361 conjunctive/future bi- prefix.	
Kauγé Ńeríb u Sivā́ni.	s02_l09	11	bikí.	biki	1	kí	ki	ki	do/fight			high	Muller 1865, ZGP-0361 conjunctive/future bi- prefix.	
Kauγé Ńeríb u Sivā́ni.	s02_l10	0	Ē̱n’oe	Enoê	0	Ē̱n’oe	Enoê	enoe	this			unsplit	Current word-level token gloss; no confident internal split applied.	
Kauγé Ńeríb u Sivā́ni.	s02_l10	1	kauγé	kawğê	0	kauγé	kawğê	kauge	fight			unsplit	Current word-level token gloss; no confident internal split applied.	
Kauγé Ńeríb u Sivā́ni.	s02_l10	2	Tirkán	Tirkan	0	Tirkán	Tirkan	tirkan	Turks			unsplit	Current word-level token gloss; no confident internal split applied.	
Kauγé Ńeríb u Sivā́ni.	s02_l10	3	ńu,	nyû	0	ńu	nyû	nu	not			unsplit	Current word-level token gloss; no confident internal split applied.	
Kauγé Ńeríb u Sivā́ni.	s02_l10	4	ē̱n’oe	enoê	0	ē̱n’oe	enoê	enoe	this			unsplit	Current word-level token gloss; no confident internal split applied.	
Kauγé Ńeríb u Sivā́ni.	s02_l10	5	kauγé	kawğê	0	kauγé	kawğê	kauge	fight			unsplit	Current word-level token gloss; no confident internal split applied.	
Kauγé Ńeríb u Sivā́ni.	s02_l10	6	aširā́nu,	aşiranû	0	aširā́nu	aşiranû	asiranu	tribal			unsplit	Current word-level token gloss; no confident internal split applied.	
Kauγé Ńeríb u Sivā́ni.	s02_l10	7	t̮i	çi	0	t̮i	çi	ti	you			unsplit	Current word-level token gloss; no confident internal split applied.	
Kauγé Ńeríb u Sivā́ni.	s02_l10	8	bye	byê	0	bye	byê	bye	come			unsplit	Current word-level token gloss; no confident internal split applied.	
Kauγé Ńeríb u Sivā́ni.	s02_l10	9	χóeri	xoêri	0	χóe	xoê	xoe	self/own			high	Muller 1865, ZGP-0337-ZGP-0339 ri/ru/-i object or goal material.	
Kauγé Ńeríb u Sivā́ni.	s02_l10	9	χóeri	xoêri	1	ri	ri	ri	REFL/OBL	case/postposition	relation=reflexive_or_oblique	high	Muller 1865, ZGP-0337-ZGP-0339 ri/ru/-i object or goal material.	
Kauγé Ńeríb u Sivā́ni.	s02_l10	10	vyén’e.	vyênê	0	vyén’e	vyênê	vyene	see			unsplit	Current word-level token gloss; no confident internal split applied.	
Kauγé Ńeríb u Sivā́ni.	s02_l11	0	Avdúl’ah	Avdûlah	0	Avdúl’ah	Avdûlah	avdulah	Avdulah, personal name			unsplit	Current word-level token gloss; no confident internal split applied.	
Kauγé Ńeríb u Sivā́ni.	s02_l11	1	aγái	ağay	0	aγái	ağay	agai	Agha			unsplit	Current word-level token gloss; no confident internal split applied.	
Kauγé Ńeríb u Sivā́ni.	s02_l11	2	h̔abér	'habêr	0	h̔abér	'habêr	haber	message			unsplit	Current word-level token gloss; no confident internal split applied.	
Kauγé Ńeríb u Sivā́ni.	s02_l11	3	e̱ršau’úte	erşawûtê	0	e̱ršau’úte	erşawûtê	ersauute	sent			unsplit	Current word-level token gloss; no confident internal split applied.	
Kauγé Ńeríb u Sivā́ni.	s02_l11	4	dauāñ	dawan	0	dau	daw	dau	village			high	Muller 1865, ZGP-0334 plural -an.	
Kauγé Ńeríb u Sivā́ni.	s02_l11	4	dauāñ	dawan	1	āñ	an	an	PL	suffix	number=plural	high	Muller 1865, ZGP-0334 plural -an.	
Kauγé Ńeríb u Sivā́ni.	s02_l11	5	vā	va	0	vā	va	va	said			unsplit	Current word-level token gloss; no confident internal split applied.	
Kauγé Ńeríb u Sivā́ni.	s02_l11	6	ke:	kê	0	ke	kê	ke	that			unsplit	Current word-level token gloss; no confident internal split applied.	
Kauγé Ńeríb u Sivā́ni.	s02_l11	7	t̮au	çaw	0	t̮au	çaw	tau	no one			unsplit	Current word-level token gloss; no confident internal split applied.	
Kauγé Ńeríb u Sivā́ni.	s02_l11	8	mevīndi,	mêvindi	0	me	me	me-	NEG.IMP	prefix	polarity=negative;mood=imperative	high	Muller 1865, ZGP-0362 negative imperative me- prefix.	
Kauγé Ńeríb u Sivā́ni.	s02_l11	8	mevīndi,	mêvindi	1	vīndi	vindi	vindi	delay			high	Muller 1865, ZGP-0362 negative imperative me- prefix.	
Kauγé Ńeríb u Sivā́ni.	s02_l11	9	meíšte	mêyştê	0	meíšte	mêyştê	meiste	tomorrow			unsplit	Current word-level token gloss; no confident internal split applied.	
Kauγé Ńeríb u Sivā́ni.	s02_l12	0	aúlkai	awlkay	0	aúlkai	awlkay	aulkai	stream			unsplit	Current word-level token gloss; no confident internal split applied.	
Kauγé Ńeríb u Sivā́ni.	s02_l12	1	Šél’e	Şêlê	0	Šél’e	Şêlê	sele	Sele stream			unsplit	Current word-level token gloss; no confident internal split applied.	
Kauγé Ńeríb u Sivā́ni.	s02_l12	2	vé̱rde	verdê	0	vé̱r	ver	ver	front of			medium	ZGP-0340; contextual locative -de.	
Kauγé Ńeríb u Sivā́ni.	s02_l12	2	vé̱rde	verdê	1	de	de	-de	LOC	case	case=locative	high	Muller 1865, ZGP-0340 locative -de.	
Kauγé Ńeríb u Sivā́ni.	s02_l12	3	kauγé	kawğê	0	kauγé	kawğê	kauge	fight			unsplit	Current word-level token gloss; no confident internal split applied.	
Kauγé Ńeríb u Sivā́ni.	s02_l12	4	mau,	maw	0	mau	maw	mau	our			unsplit	Current word-level token gloss; no confident internal split applied.	
Kauγé Ńeríb u Sivā́ni.	s02_l12	5	Ńerbid̮ānu.	Nyêrbicanû	0	Ńerbid̮	Nyêrbic	nerbid	Neribian			high	Muller 1865, ZGP-0334 plural -an. Muller 1865, ZGP-0335 genitive/izafet vowels; split kept contextual.	
Kauγé Ńeríb u Sivā́ni.	s02_l12	5	Ńerbid̮ānu.	Nyêrbicanû	1	ān	an	-an	PL	suffix	number=plural	high	Muller 1865, ZGP-0334 plural -an.	
Kauγé Ńeríb u Sivā́ni.	s02_l12	5	Ńerbid̮ānu.	Nyêrbicanû	2	u	û	-u	EZ/OBL	case/linker	relation=ezafe_or_oblique	medium	Muller 1865, ZGP-0335 genitive/izafet vowels; split kept contextual.	
Kauγé Ńeríb u Sivā́ni.	s02_l12	6	Dauāñ	Dawan	0	Dau	Daw	dau	village			high	Muller 1865, ZGP-0334 plural -an.	
Kauγé Ńeríb u Sivā́ni.	s02_l12	6	Dauāñ	Dawan	1	āñ	an	an	PL	suffix	number=plural	high	Muller 1865, ZGP-0334 plural -an.	
Kauγé Ńeríb u Sivā́ni.	s02_l12	7	h̔abér	'habêr	0	h̔abér	'habêr	haber	message			unsplit	Current word-level token gloss; no confident internal split applied.	
Kauγé Ńeríb u Sivā́ni.	s02_l12	8	e̱ršau’úte	erşawûtê	0	e̱ršau’úte	erşawûtê	ersauute	sent			unsplit	Current word-level token gloss; no confident internal split applied.	
Kauγé Ńeríb u Sivā́ni.	s02_l13	0	Avdúl’ah	Avdûlah	0	Avdúl’ah	Avdûlah	avdulah	Avdulah, personal name			unsplit	Current word-level token gloss; no confident internal split applied.	
Kauγé Ńeríb u Sivā́ni.	s02_l13	1	aγāiri	ağayri	0	aγāi	ağay	agai	Agha			high	Muller 1865, ZGP-0337-ZGP-0339 ri/ru/-i object or goal material.	
Kauγé Ńeríb u Sivā́ni.	s02_l13	1	aγāiri	ağayri	1	ri	ri	ri	GOAL/RECIP	case/postposition	relation=goal_or_recipient	high	Muller 1865, ZGP-0337-ZGP-0339 ri/ru/-i object or goal material.	
Kauγé Ńeríb u Sivā́ni.	s02_l13	2	vā	va	0	vā	va	va	said			unsplit	Current word-level token gloss; no confident internal split applied.	
Kauγé Ńeríb u Sivā́ni.	s02_l13	3	ke:	kê	0	ke	kê	ke	that			unsplit	Current word-level token gloss; no confident internal split applied.	
Kauγé Ńeríb u Sivā́ni.	s02_l13	4	mé̱vinde,	mevindê	0	mé̱	me	me-	NEG.IMP	prefix	polarity=negative;mood=imperative	high	Muller 1865, ZGP-0362 negative imperative me- prefix.	
Kauγé Ńeríb u Sivā́ni.	s02_l13	4	mé̱vinde,	mevindê	1	vinde	vindê	vinde	delay			high	Muller 1865, ZGP-0362 negative imperative me- prefix.	
Kauγé Ńeríb u Sivā́ni.	s02_l13	5	t̮ikás	çikas	0	t̮ikás	çikas	tikas	everything			unsplit	Current word-level token gloss; no confident internal split applied.	
Kauγé Ńeríb u Sivā́ni.	s02_l13	6	māli	mali	0	māli	mali	mali	property			unsplit	Current word-level token gloss; no confident internal split applied.	
Kauγé Ńeríb u Sivā́ni.	s02_l13	7	Ńeríbi	Nyêribi	0	Ńeríbi	Nyêribi	neribi	place name			unsplit	Current word-level token gloss; no confident internal split applied.	
Kauγé Ńeríb u Sivā́ni.	s02_l13	8	é̱stu	estû	0	é̱stu	estû	estu	exists			unsplit	Current word-level token gloss; no confident internal split applied.	
Kauγé Ńeríb u Sivā́ni.	s02_l13	9	bi̥de	bıdê	0	bi̥	bi	bi-	CONJ/FUT	prefix	mood=conjunctive;tense=future	high	Muller 1865, ZGP-0361 conjunctive/future bi- prefix.	
Kauγé Ńeríb u Sivā́ni.	s02_l13	9	bi̥de	bıdê	1	de	dê	de	give			high	Muller 1865, ZGP-0361 conjunctive/future bi- prefix.	
Kauγé Ńeríb u Sivā́ni.	s02_l13	10	mā,	ma	0	mā	ma	ma	us			unsplit	Current word-level token gloss; no confident internal split applied.	
Kauγé Ńeríb u Sivā́ni.	s02_l14	0	ma	ma	0	ma	ma	ma	we			unsplit	Current word-level token gloss; no confident internal split applied.	
Kauγé Ńeríb u Sivā́ni.	s02_l14	1	peínai	pêynay	0	peínai	pêynay	peinai	all			unsplit	Current word-level token gloss; no confident internal split applied.	
Kauγé Ńeríb u Sivā́ni.	s02_l14	2	dauāni	dawani	0	dau	daw	daw	village			medium	Muller 1865, ZGP-0334 plural -an. Muller 1865, ZGP-0335 genitive/izafet vowels; split kept contextual.	
Kauγé Ńeríb u Sivā́ni.	s02_l14	2	dauāni	dawani	1	ān	an	-an	PL	suffix	number=plural	high	Muller 1865, ZGP-0334 plural -an.	
Kauγé Ńeríb u Sivā́ni.	s02_l14	2	dauāni	dawani	2	i	i	-i	EZ/OBL	case/linker	relation=ezafe_or_oblique	medium	Muller 1865, ZGP-0335 genitive/izafet vowels; split kept contextual.	
Kauγé Ńeríb u Sivā́ni.	s02_l14	3	Ńeríbi	Nyêribi	0	Ńeríbi	Nyêribi	neribi	place name			unsplit	Current word-level token gloss; no confident internal split applied.	
Kauγé Ńeríb u Sivā́ni.	s02_l14	4	ve̱šnén’i.	veşnêni	0	ve̱šnén’i	veşnêni	vesneni	burn			unsplit	Current word-level token gloss; no confident internal split applied.	
Kauγé Ńeríb u Sivā́ni.	s02_l14	5	Avdúl’ah	Avdûlah	0	Avdúl’ah	Avdûlah	avdulah	Avdulah, personal name			unsplit	Current word-level token gloss; no confident internal split applied.	
Kauγé Ńeríb u Sivā́ni.	s02_l14	6	aγái	ağay	0	aγái	ağay	agai	Agha			unsplit	Current word-level token gloss; no confident internal split applied.	
Kauγé Ńeríb u Sivā́ni.	s02_l14	7	h̔abér	'habêr	0	h̔abér	'habêr	haber	message			unsplit	Current word-level token gloss; no confident internal split applied.	
Kauγé Ńeríb u Sivā́ni.	s02_l14	8	e̱ršau’úte	erşawûtê	0	e̱ršau’úte	erşawûtê	ersauute	sent			unsplit	Current word-level token gloss; no confident internal split applied.	
Kauγé Ńeríb u Sivā́ni.	s02_l15	0	dauāni	dawani	0	dau	daw	daw	village			medium	Muller 1865, ZGP-0334 plural -an. Muller 1865, ZGP-0335 genitive/izafet vowels; split kept contextual.	
Kauγé Ńeríb u Sivā́ni.	s02_l15	0	dauāni	dawani	1	ān	an	-an	PL	suffix	number=plural	high	Muller 1865, ZGP-0334 plural -an.	
Kauγé Ńeríb u Sivā́ni.	s02_l15	0	dauāni	dawani	2	i	i	-i	EZ/OBL	case/linker	relation=ezafe_or_oblique	medium	Muller 1865, ZGP-0335 genitive/izafet vowels; split kept contextual.	
Kauγé Ńeríb u Sivā́ni.	s02_l15	1	vā	va	0	vā	va	va	said			unsplit	Current word-level token gloss; no confident internal split applied.	
Kauγé Ńeríb u Sivā́ni.	s02_l15	2	ke:	kê	0	ke	kê	ke	that			unsplit	Current word-level token gloss; no confident internal split applied.	
Kauγé Ńeríb u Sivā́ni.	s02_l15	3	métersi,	mêtêrsi	0	mé	me	me-	NEG.IMP	prefix	polarity=negative;mood=imperative	high	Muller 1865, ZGP-0362 negative imperative me- prefix.	
Kauγé Ńeríb u Sivā́ni.	s02_l15	3	métersi,	mêtêrsi	1	tersi	têrsi	tersi	fear			high	Muller 1865, ZGP-0362 negative imperative me- prefix.	
Kauγé Ńeríb u Sivā́ni.	s02_l15	4	sé̱ri	seri	0	sé̱ri	seri	seri	head			unsplit	Current word-level token gloss; no confident internal split applied.	
Kauγé Ńeríb u Sivā́ni.	s02_l15	5	mi̥ri,	mıri	0	mi̥ri	mıri	miri	mine			unsplit	Current word-level token gloss; no confident internal split applied.	
Kauγé Ńeríb u Sivā́ni.	s02_l15	6	māl	mal	0	māl	mal	mal	property			unsplit	Current word-level token gloss; no confident internal split applied.	
Kauγé Ńeríb u Sivā́ni.	s02_l15	7	ši̥māri.	şımari	0	ši̥mā	şıma	sima	2PL	pronoun	person=2;number=plural	high	Muller 1865, ZGP-0337-ZGP-0339 ri/ru/-i object or goal material.	
Kauγé Ńeríb u Sivā́ni.	s02_l15	7	ši̥māri.	şımari	1	ri	ri	ri	GOAL/POSS	case/postposition	relation=goal_or_possessive	medium	Muller 1865, ZGP-0337-ZGP-0339 ri/ru/-i object or goal material.	
Kauγé Ńeríb u Sivā́ni.	s02_l15	8	Dauāñ	Dawan	0	Dau	Daw	dau	village			high	Muller 1865, ZGP-0334 plural -an.	
Kauγé Ńeríb u Sivā́ni.	s02_l15	8	Dauāñ	Dawan	1	āñ	an	an	PL	suffix	number=plural	high	Muller 1865, ZGP-0334 plural -an.	
Kauγé Ńeríb u Sivā́ni.	s02_l15	9	vā	va	0	vā	va	va	said			unsplit	Current word-level token gloss; no confident internal split applied.	
Kauγé Ńeríb u Sivā́ni.	s02_l15	10	ke:	kê	0	ke	kê	ke	that			unsplit	Current word-level token gloss; no confident internal split applied.	
Kauγé Ńeríb u Sivā́ni.	s02_l15	11	mā	ma	0	mā	ma	ma	we			unsplit	Current word-level token gloss; no confident internal split applied.	
Kauγé Ńeríb u Sivā́ni.	s03_l01	0	émšoe	êmşoê	0	émšoe	êmşoê	emsoe	tonight			unsplit	Current word-level token gloss; no confident internal split applied.	
Kauγé Ńeríb u Sivā́ni.	s03_l01	1	ńevindén’i,	nyêvindêni	0	ńe	ne	ne-	NEG	prefix	polarity=negative	high	Lerch corpus pattern plus modern Zazaki comparison: ne-/ńe- negative prefix.	
Kauγé Ńeríb u Sivā́ni.	s03_l01	1	ńevindén’i,	nyêvindêni	1	vindén’i	vindêni	vindeni	delay			high	Lerch corpus pattern plus modern Zazaki comparison: ne-/ńe- negative prefix.	
Kauγé Ńeríb u Sivā́ni.	s03_l01	2	mā	ma	0	mā	ma	ma	we			unsplit	Current word-level token gloss; no confident internal split applied.	
Kauγé Ńeríb u Sivā́ni.	s03_l01	3	vardén’i,	vardêni	0	vardén’i	vardêni	vardeni	we will set out			unsplit	Current word-level token gloss; no confident internal split applied.	
Kauγé Ńeríb u Sivā́ni.	s03_l01	4	ma	ma	0	ma	ma	ma	we			unsplit	Current word-level token gloss; no confident internal split applied.	
Kauγé Ńeríb u Sivā́ni.	s03_l01	5	suén’i	swêni	0	suén’i	swêni	sueni	we go			unsplit	Current word-level token gloss; no confident internal split applied.	
Kauγé Ńeríb u Sivā́ni.	s03_l01	6	aúlkai	awlkay	0	aúlkai	awlkay	aulkai	stream			unsplit	Current word-level token gloss; no confident internal split applied.	
Kauγé Ńeríb u Sivā́ni.	s03_l01	7	Šél’e	Şêlê	0	Šél’e	Şêlê	sele	Sele stream			unsplit	Current word-level token gloss; no confident internal split applied.	
Kauγé Ńeríb u Sivā́ni.	s03_l01	8	ver,	vêr	0	ver	vêr	ver	front			unsplit	Current word-level token gloss; no confident internal split applied.	
Kauγé Ńeríb u Sivā́ni.	s03_l01	9	kauγé	kawğê	0	kauγé	kawğê	kauge	fight			unsplit	Current word-level token gloss; no confident internal split applied.	
Kauγé Ńeríb u Sivā́ni.	s03_l02	0	kén’i,	kêni	0	k	k	kerd	do/make			medium	Muller 1865, ZGP-0356 present -ena/-ana material.	
Kauγé Ńeríb u Sivā́ni.	s03_l02	0	kén’i,	kêni	1	én’i	eni	-ena	PRS	suffix	tense_aspect=present	medium	Muller 1865, ZGP-0356 present -ena/-ana material.	
Kauγé Ńeríb u Sivā́ni.	s03_l02	1	mévinde,	mêvindê	0	mé	me	me-	NEG.IMP	prefix	polarity=negative;mood=imperative	high	Muller 1865, ZGP-0362 negative imperative me- prefix.	
Kauγé Ńeríb u Sivā́ni.	s03_l02	1	mévinde,	mêvindê	1	vinde	vindê	vinde	delay			high	Muller 1865, ZGP-0362 negative imperative me- prefix.	
Kauγé Ńeríb u Sivā́ni.	s03_l02	2	t̮ízi	çizi	0	t̮ízi	çizi	tizi	you too			unsplit	Current word-level token gloss; no confident internal split applied.	
Kauγé Ńeríb u Sivā́ni.	s03_l02	3	bye.	byê	0	bye	byê	bye	come			unsplit	Current word-level token gloss; no confident internal split applied.	
Kauγé Ńeríb u Sivā́ni.	s03_l02	4	Sebāh	Sêbah	0	Sebāh	Sêbah	sebah	morning			unsplit	Current word-level token gloss; no confident internal split applied.	
Kauγé Ńeríb u Sivā́ni.	s03_l02	5	Avdúl’ah	Avdûlah	0	Avdúl’ah	Avdûlah	avdulah	Avdulah, personal name			unsplit	Current word-level token gloss; no confident internal split applied.	
Kauγé Ńeríb u Sivā́ni.	s03_l02	6	aγá	ağa	0	aγá	ağa	aga	Agha			unsplit	Current word-level token gloss; no confident internal split applied.	
Kauγé Ńeríb u Sivā́ni.	s03_l02	7	we̱ríšt	werişt	0	we̱ríšt	werişt	werist	mounted			unsplit	Current word-level token gloss; no confident internal split applied.	
Kauγé Ńeríb u Sivā́ni.	s03_l02	8	be	bê	0	be	bê	be	be			unsplit	Current word-level token gloss; no confident internal split applied.	
Kauγé Ńeríb u Sivā́ni.	s03_l02	9	espār,	êspar	0	espār	êspar	espar	horse			unsplit	Current word-level token gloss; no confident internal split applied.	
Kauγé Ńeríb u Sivā́ni.	s03_l03	0	e̱skéri	eskêri	0	e̱skéri	eskêri	eskeri	army			unsplit	Current word-level token gloss; no confident internal split applied.	
Kauγé Ńeríb u Sivā́ni.	s03_l03	1	χóe	xoê	0	χóe	xoê	xoe	own			unsplit	Current word-level token gloss; no confident internal split applied.	
Kauγé Ńeríb u Sivā́ni.	s03_l03	2	top	top	0	top	top	top	gathered			unsplit	Current word-level token gloss; no confident internal split applied.	
Kauγé Ńeríb u Sivā́ni.	s03_l03	3	kerd,	kêrd	0	kerd	kêrd	kerd	did			unsplit	Current word-level token gloss; no confident internal split applied.	
Kauγé Ńeríb u Sivā́ni.	s03_l03	4	vā	va	0	vā	va	va	said			unsplit	Current word-level token gloss; no confident internal split applied.	
Kauγé Ńeríb u Sivā́ni.	s03_l03	5	ke	kê	0	ke	kê	ke	that			unsplit	Current word-level token gloss; no confident internal split applied.	
Kauγé Ńeríb u Sivā́ni.	s03_l03	6	e̱skéri	eskêri	0	e̱skéri	eskêri	eskeri	army			unsplit	Current word-level token gloss; no confident internal split applied.	
Kauγé Ńeríb u Sivā́ni.	s03_l03	7	χóera:	xoêra	0	χóe	xoê	xoe	self/own			high	Muller 1865, ZGP-0336; function chosen with project ra conventions.	
Kauγé Ńeríb u Sivā́ni.	s03_l03	7	χóera:	xoêra	1	ra	ra	ra	REFL/RECIP	postposition	relation=reflexive_or_recipient	high	Muller 1865, ZGP-0336; function chosen with project ra conventions.	
Kauγé Ńeríb u Sivā́ni.	s03_l03	8	ōγíl,	oğil	0	ōγíl	oğil	ogil	sons			unsplit	Current word-level token gloss; no confident internal split applied.	
Kauγé Ńeríb u Sivā́ni.	s03_l03	9	mévindi,	mêvindi	0	mé	me	me-	NEG.IMP	prefix	polarity=negative;mood=imperative	high	Muller 1865, ZGP-0362 negative imperative me- prefix.	
Kauγé Ńeríb u Sivā́ni.	s03_l03	9	mévindi,	mêvindi	1	vindi	vindi	vindi	delay			high	Muller 1865, ZGP-0362 negative imperative me- prefix.	
Kauγé Ńeríb u Sivā́ni.	s03_l03	10	mā	ma	0	mā	ma	ma	we			unsplit	Current word-level token gloss; no confident internal split applied.	
Kauγé Ńeríb u Sivā́ni.	s03_l03	11	šyéri	şyêri	0	šyéri	şyêri	syeri	go			unsplit	Current word-level token gloss; no confident internal split applied.	
Kauγé Ńeríb u Sivā́ni.	s03_l04	0	kauγé,	kawğê	0	kauγé	kawğê	kauge	fight			unsplit	Current word-level token gloss; no confident internal split applied.	
Kauγé Ńeríb u Sivā́ni.	s03_l04	1	métersi,	mêtêrsi	0	mé	me	me-	NEG.IMP	prefix	polarity=negative;mood=imperative	high	Muller 1865, ZGP-0362 negative imperative me- prefix.	
Kauγé Ńeríb u Sivā́ni.	s03_l04	1	métersi,	mêtêrsi	1	tersi	têrsi	tersi	fear			high	Muller 1865, ZGP-0362 negative imperative me- prefix.	
Kauγé Ńeríb u Sivā́ni.	s03_l04	2	Ńerbíd̮i	Nyêrbici	0	Ńeríb	Nyêrib	nerib	Nerib			high	Muller 1865, ZGP-0335 genitive/izafet vowels; split kept contextual.; user note on s01_l02.	
Kauγé Ńeríb u Sivā́ni.	s03_l04	2	Ńerbíd̮i	Nyêrbici	1	d̮	c	-ic	AFFIL	derivational_suffix	relation=person_from_place	medium	User note on s01_l02: nerb-ic, person from Nerib.	
Kauγé Ńeríb u Sivā́ni.	s03_l04	2	Ńerbíd̮i	Nyêrbici	2	i	i	-i	OBL/EZ	case/linker	relation=oblique_or_ezafe	medium	Muller 1865, ZGP-0335 genitive/izafet vowels; split kept contextual.	
Kauγé Ńeríb u Sivā́ni.	s03_l04	3	t̮áni,	çani	0	t̮áni	çani	tani	few			unsplit	Current word-level token gloss; no confident internal split applied.	
Kauγé Ńeríb u Sivā́ni.	s03_l04	4	kauγé	kawğê	0	kauγé	kawğê	kauge	fight			unsplit	Current word-level token gloss; no confident internal split applied.	
Kauγé Ńeríb u Sivā́ni.	s03_l04	5	aširā́nu,	aşiranû	0	aširā́nu	aşiranû	asiranu	tribal			unsplit	Current word-level token gloss; no confident internal split applied.	
Kauγé Ńeríb u Sivā́ni.	s03_l04	6	sére	sêrê	0	sére	sêrê	sere	heads			unsplit	Current word-level token gloss; no confident internal split applied.	
Kauγé Ńeríb u Sivā́ni.	s03_l04	7	mi̥ri,	mıri	0	mi̥ri	mıri	miri	mine			unsplit	Current word-level token gloss; no confident internal split applied.	
Kauγé Ńeríb u Sivā́ni.	s03_l04	8	māl	mal	0	māl	mal	mal	property			unsplit	Current word-level token gloss; no confident internal split applied.	
Kauγé Ńeríb u Sivā́ni.	s03_l04	9	ši̥-māri.	şı-mari	0	ši̥mā	şıma	sima	2PL	pronoun	person=2;number=plural	high	Muller 1865, ZGP-0337-ZGP-0339 ri/ru/-i object or goal material.	
Kauγé Ńeríb u Sivā́ni.	s03_l04	9	ši̥-māri.	şı-mari	1	ri	ri	ri	GOAL/POSS	case/postposition	relation=goal_or_possessive	medium	Muller 1865, ZGP-0337-ZGP-0339 ri/ru/-i object or goal material.	
Kauγé Ńeríb u Sivā́ni.	s03_l05	0	Dúmilbāzi	Dûmilbazi	0	Dúmilbāzi	Dûmilbazi	dumilbazi	drum			unsplit	Current word-level token gloss; no confident internal split applied.	
Kauγé Ńeríb u Sivā́ni.	s03_l05	1	dai	day	0	dai	day	dai	struck			unsplit	Current word-level token gloss; no confident internal split applied.	
Kauγé Ńeríb u Sivā́ni.	s03_l05	2	pṳ́roe,	pûroê	0	pṳ́roe	pûroê	puroe	upon			unsplit	Current word-level token gloss; no confident internal split applied.	
Kauγé Ńeríb u Sivā́ni.	s03_l05	3	Avdúl’ah	Avdûlah	0	Avdúl’ah	Avdûlah	avdulah	Avdulah, personal name			unsplit	Current word-level token gloss; no confident internal split applied.	
Kauγé Ńeríb u Sivā́ni.	s03_l05	4	aγá	ağa	0	aγá	ağa	aga	Agha			unsplit	Current word-level token gloss; no confident internal split applied.	
Kauγé Ńeríb u Sivā́ni.	s03_l05	5	kaut	kawt	0	kaut	kawt	kaut	went			unsplit	Current word-level token gloss; no confident internal split applied.	
Kauγé Ńeríb u Sivā́ni.	s03_l05	6	e̱skéri	eskêri	0	e̱skéri	eskêri	eskeri	army			unsplit	Current word-level token gloss; no confident internal split applied.	
Kauγé Ńeríb u Sivā́ni.	s03_l05	7	ver,	vêr	0	ver	vêr	ver	front			unsplit	Current word-level token gloss; no confident internal split applied.	
Kauγé Ńeríb u Sivā́ni.	s03_l05	8	šē	şê	0	šē	şê	se	went			unsplit	Current word-level token gloss; no confident internal split applied.	
Kauγé Ńeríb u Sivā́ni.	s03_l05	9	aúlkai	awlkay	0	aúlkai	awlkay	aulkai	stream			unsplit	Current word-level token gloss; no confident internal split applied.	
Kauγé Ńeríb u Sivā́ni.	s03_l06	0	Šél’e	Şêlê	0	Šél’e	Şêlê	sele	Sele stream			unsplit	Current word-level token gloss; no confident internal split applied.	
Kauγé Ńeríb u Sivā́ni.	s03_l06	1	ver,	vêr	0	ver	vêr	ver	front			unsplit	Current word-level token gloss; no confident internal split applied.	
Kauγé Ńeríb u Sivā́ni.	s03_l06	2	e̱skéri	eskêri	0	e̱skéri	eskêri	eskeri	army			unsplit	Current word-level token gloss; no confident internal split applied.	
Kauγé Ńeríb u Sivā́ni.	s03_l06	3	Xalé̱f	Xalef	0	Xalé̱f	Xalef	xalef	Xalef, personal name			unsplit	Current word-level token gloss; no confident internal split applied.	
Kauγé Ńeríb u Sivā́ni.	s03_l06	4	aγái	ağay	0	aγái	ağay	agai	Agha			unsplit	Current word-level token gloss; no confident internal split applied.	
Kauγé Ńeríb u Sivā́ni.	s03_l06	5	ńāmaú,	nyamaw	0	ńāmaú	nyamaw	namau	ordered			unsplit	Current word-level token gloss; no confident internal split applied.	
Kauγé Ńeríb u Sivā́ni.	s03_l06	6	e̱rš	erş	0	e̱rš	erş	ers	did			unsplit	Current word-level token gloss; no confident internal split applied.	
Kauγé Ńeríb u Sivā́ni.	s03_l06	7	kerd,	kêrd	0	kerd	kêrd	kerd	did			unsplit	Current word-level token gloss; no confident internal split applied.	
Kauγé Ńeríb u Sivā́ni.	s03_l06	8	vā	va	0	vā	va	va	said			unsplit	Current word-level token gloss; no confident internal split applied.	
Kauγé Ńeríb u Sivā́ni.	s03_l06	9	ke	kê	0	ke	kê	ke	that			unsplit	Current word-level token gloss; no confident internal split applied.	
Kauγé Ńeríb u Sivā́ni.	s03_l06	10	e̱skéri	eskêri	0	e̱skéri	eskêri	eskeri	army			unsplit	Current word-level token gloss; no confident internal split applied.	
Kauγé Ńeríb u Sivā́ni.	s03_l06	11	χóera:	xoêra	0	χóe	xoê	xoe	self/own			high	Muller 1865, ZGP-0336; function chosen with project ra conventions.	
Kauγé Ńeríb u Sivā́ni.	s03_l06	11	χóera:	xoêra	1	ra	ra	ra	REFL/RECIP	postposition	relation=reflexive_or_recipient	high	Muller 1865, ZGP-0336; function chosen with project ra conventions.	
Kauγé Ńeríb u Sivā́ni.	s03_l07	0	sére	sêrê	0	sére	sêrê	sere	heads			unsplit	Current word-level token gloss; no confident internal split applied.	
Kauγé Ńeríb u Sivā́ni.	s03_l07	1	mi̥ri,	mıri	0	mi̥ri	mıri	miri	mine			unsplit	Current word-level token gloss; no confident internal split applied.	
Kauγé Ńeríb u Sivā́ni.	s03_l07	2	māl	mal	0	māl	mal	mal	property			unsplit	Current word-level token gloss; no confident internal split applied.	
Kauγé Ńeríb u Sivā́ni.	s03_l07	3	ši̥māri,	şımari	0	ši̥mā	şıma	sima	2PL	pronoun	person=2;number=plural	high	Muller 1865, ZGP-0337-ZGP-0339 ri/ru/-i object or goal material.	
Kauγé Ńeríb u Sivā́ni.	s03_l07	3	ši̥māri,	şımari	1	ri	ri	ri	GOAL/POSS	case/postposition	relation=goal_or_possessive	medium	Muller 1865, ZGP-0337-ZGP-0339 ri/ru/-i object or goal material.	
Kauγé Ńeríb u Sivā́ni.	s03_l07	4	dau’án	dawan	0	dau	daw	dau	village			high	Muller 1865, ZGP-0334 plural -an.	
Kauγé Ńeríb u Sivā́ni.	s03_l07	4	dau’án	dawan	1	’án	an	an	PL	suffix	number=plural	high	Muller 1865, ZGP-0334 plural -an.	
Kauγé Ńeríb u Sivā́ni.	s03_l07	5	véšni.	vêşni	0	véšni	vêşni	vesni	burn			unsplit	Current word-level token gloss; no confident internal split applied.	
Kauγé Ńeríb u Sivā́ni.	s03_l07	6	E̱skére	Eskêrê	0	E̱skére	Eskêrê	eskere	army			unsplit	Current word-level token gloss; no confident internal split applied.	
Kauγé Ńeríb u Sivā́ni.	s03_l07	7	Avdúl’ah	Avdûlah	0	Avdúl’ah	Avdûlah	avdulah	Avdulah, personal name			unsplit	Current word-level token gloss; no confident internal split applied.	
Kauγé Ńeríb u Sivā́ni.	s03_l07	8	aγái	ağay	0	aγái	ağay	agai	Agha			unsplit	Current word-level token gloss; no confident internal split applied.	
Kauγé Ńeríb u Sivā́ni.	s03_l07	9	šē	şê	0	šē	şê	se	went			unsplit	Current word-level token gloss; no confident internal split applied.	
Kauγé Ńeríb u Sivā́ni.	s03_l08	0	dé̱wi	dewi	0	dé̱wi	dewi	dewi	villages			unsplit	Current word-level token gloss; no confident internal split applied.	
Kauγé Ńeríb u Sivā́ni.	s03_l08	1	Xalé̱f	Xalef	0	Xalé̱f	Xalef	xalef	Xalef, personal name			unsplit	Current word-level token gloss; no confident internal split applied.	
Kauγé Ńeríb u Sivā́ni.	s03_l08	2	aγái,	ağay	0	aγái	ağay	agai	Agha			unsplit	Current word-level token gloss; no confident internal split applied.	
Kauγé Ńeríb u Sivā́ni.	s03_l08	3	geraúti	gêrawti	0	geraúti	gêrawti	gerauti	took			unsplit	Current word-level token gloss; no confident internal split applied.	
Kauγé Ńeríb u Sivā́ni.	s03_l08	4	šēš	şêş	0	šēš	şêş	ses	six			unsplit	Current word-level token gloss; no confident internal split applied.	
Kauγé Ńeríb u Sivā́ni.	s03_l08	5	dé̱wi,	dewi	0	dé̱wi	dewi	dewi	villages			unsplit	Current word-level token gloss; no confident internal split applied.	
Kauγé Ńeríb u Sivā́ni.	s03_l08	6	véšnai,	vêşnay	0	véšnai	vêşnay	vesnai	burned			unsplit	Current word-level token gloss; no confident internal split applied.	
Kauγé Ńeríb u Sivā́ni.	s03_l08	7	aγeraí,	ağêray	0	aγeraí	ağêray	agerai	returned			unsplit	Current word-level token gloss; no confident internal split applied.	
Kauγé Ńeríb u Sivā́ni.	s03_l08	8	āmeí	amêy	0	āmeí	amêy	amei	came			unsplit	Current word-level token gloss; no confident internal split applied.	
Kauγé Ńeríb u Sivā́ni.	s03_l08	9	keíye,	kêyyê	0	keíye	kêyyê	keiye	house			unsplit	Current word-level token gloss; no confident internal split applied.	
Kauγé Ńeríb u Sivā́ni.	s03_l09	0	Avdúl’ah	Avdûlah	0	Avdúl’ah	Avdûlah	avdulah	Avdulah, personal name			unsplit	Current word-level token gloss; no confident internal split applied.	
Kauγé Ńeríb u Sivā́ni.	s03_l09	1	aγá	ağa	0	aγá	ağa	aga	Agha			unsplit	Current word-level token gloss; no confident internal split applied.	
Kauγé Ńeríb u Sivā́ni.	s03_l09	2	dā	da	0	dā	da	da	gave			unsplit	Current word-level token gloss; no confident internal split applied.	
Kauγé Ńeríb u Sivā́ni.	s03_l09	3	māl	mal	0	māl	mal	mal	property			unsplit	Current word-level token gloss; no confident internal split applied.	
Kauγé Ńeríb u Sivā́ni.	s03_l09	4	e̱skéri	eskêri	0	e̱skéri	eskêri	eskeri	army			unsplit	Current word-level token gloss; no confident internal split applied.	
Kauγé Ńeríb u Sivā́ni.	s03_l09	5	χoé.	xoê	0	χoé	xoê	xoe	own			unsplit	Current word-level token gloss; no confident internal split applied.	
Kauγé Ńeríb u Sivā́ni.	s03_l10	0	Yau	Yaw	0	Yau	Yaw	yau	one			unsplit	Current word-level token gloss; no confident internal split applied.	
Kauγé Ńeríb u Sivā́ni.	s03_l10	1	ášme	aşmê	0	ášme	aşmê	asme	month			unsplit	Current word-level token gloss; no confident internal split applied.	
Kauγé Ńeríb u Sivā́ni.	s03_l10	2	mend.	mênd	0	mend	mênd	mend	passed			unsplit	Current word-level token gloss; no confident internal split applied.	
Kauγé Ńeríb u Sivā́ni.	s03_l10	3	Xalé̱f	Xalef	0	Xalé̱f	Xalef	xalef	Xalef, personal name			unsplit	Current word-level token gloss; no confident internal split applied.	
Kauγé Ńeríb u Sivā́ni.	s03_l10	4	aγái	ağay	0	aγái	ağay	agai	Agha			unsplit	Current word-level token gloss; no confident internal split applied.	
Kauγé Ńeríb u Sivā́ni.	s03_l10	5	h̔abére	'habêrê	0	h̔abére	'habêrê	habere	message			unsplit	Current word-level token gloss; no confident internal split applied.	
Kauγé Ńeríb u Sivā́ni.	s03_l10	6	e̱ršau’úte	erşawûtê	0	e̱ršau’úte	erşawûtê	ersauute	sent			unsplit	Current word-level token gloss; no confident internal split applied.	
Kauγé Ńeríb u Sivā́ni.	s03_l10	7	Avdúl’ah	Avdûlah	0	Avdúl’ah	Avdûlah	avdulah	Avdulah, personal name			unsplit	Current word-level token gloss; no confident internal split applied.	
Kauγé Ńeríb u Sivā́ni.	s03_l10	8	aγāiri	ağayri	0	aγāi	ağay	agai	Agha			high	Muller 1865, ZGP-0337-ZGP-0339 ri/ru/-i object or goal material.	
Kauγé Ńeríb u Sivā́ni.	s03_l10	8	aγāiri	ağayri	1	ri	ri	ri	GOAL/RECIP	case/postposition	relation=goal_or_recipient	high	Muller 1865, ZGP-0337-ZGP-0339 ri/ru/-i object or goal material.	
Kauγé Ńeríb u Sivā́ni.	s03_l11	0	vā	va	0	vā	va	va	said			unsplit	Current word-level token gloss; no confident internal split applied.	
Kauγé Ńeríb u Sivā́ni.	s03_l11	1	ke:	kê	0	ke	kê	ke	that			unsplit	Current word-level token gloss; no confident internal split applied.	
Kauγé Ńeríb u Sivā́ni.	s03_l11	2	túe	twê	0	túe	twê	tue	your			unsplit	Current word-level token gloss; no confident internal split applied.	
Kauγé Ńeríb u Sivā́ni.	s03_l11	3	éhende	êhêndê	0	éhende	êhêndê	ehende	some			unsplit	Current word-level token gloss; no confident internal split applied.	
Kauγé Ńeríb u Sivā́ni.	s03_l11	4	e̱skéri	eskêri	0	e̱skéri	eskêri	eskeri	army			unsplit	Current word-level token gloss; no confident internal split applied.	
Kauγé Ńeríb u Sivā́ni.	s03_l11	5	me	mê	0	me	mê	me	my			unsplit	Current word-level token gloss; no confident internal split applied.	
Kauγé Ńeríb u Sivā́ni.	s03_l11	6	kišt,	kişt	0	kišt	kişt	kist	killed			unsplit	Current word-level token gloss; no confident internal split applied.	
Kauγé Ńeríb u Sivā́ni.	s03_l11	7	túe	twê	0	túe	twê	tue	your			unsplit	Current word-level token gloss; no confident internal split applied.	
Kauγé Ńeríb u Sivā́ni.	s03_l11	8	šēš	şêş	0	šēš	şêş	ses	six			unsplit	Current word-level token gloss; no confident internal split applied.	
Kauγé Ńeríb u Sivā́ni.	s03_l11	9	dau’e	dawê	0	dau’e	dawê	daue	village			unsplit	Current word-level token gloss; no confident internal split applied.	
Kauγé Ńeríb u Sivā́ni.	s03_l11	10	me	mê	0	me	mê	me	my			unsplit	Current word-level token gloss; no confident internal split applied.	
Kauγé Ńeríb u Sivā́ni.	s03_l11	11	vešnai,	vêşnay	0	vešnai	vêşnay	vesnai	burned			unsplit	Current word-level token gloss; no confident internal split applied.	
Kauγé Ńeríb u Sivā́ni.	s03_l11	12	tá’alan	taalan	0	tá’alan	taalan	taalan	plunder			unsplit	Current word-level token gloss; no confident internal split applied.	
Kauγé Ńeríb u Sivā́ni.	s03_l12	0	kérdi,	kêrdi	0	kérdi	kêrdi	kerdi	did			unsplit	Current word-level token gloss; no confident internal split applied.	
Kauγé Ńeríb u Sivā́ni.	s03_l12	1	wāχte	waxtê	0	wāχte	waxtê	waxte	time			unsplit	Current word-level token gloss; no confident internal split applied.	
Kauγé Ńeríb u Sivā́ni.	s03_l12	2	χóede	xoêdê	0	χóe	xoê	xoe	own			high	Muller 1865, ZGP-0340 locative -de/-di.	
Kauγé Ńeríb u Sivā́ni.	s03_l12	2	χóede	xoêdê	1	de	dê	de	LOC/TEMP	case	case=locative_or_temporal	high	Muller 1865, ZGP-0340 locative -de/-di.	
Kauγé Ńeríb u Sivā́ni.	s03_l12	3	hādré	hadrê	0	hādré	hadrê	hadre	ready			unsplit	Current word-level token gloss; no confident internal split applied.	
Kauγé Ńeríb u Sivā́ni.	s03_l12	4	be,	bê	0	be	bê	be	be			unsplit	Current word-level token gloss; no confident internal split applied.	
Kauγé Ńeríb u Sivā́ni.	s03_l12	5	e̱z	ez	0	e̱z	ez	ez	I			unsplit	Current word-level token gloss; no confident internal split applied.	
Kauγé Ńeríb u Sivā́ni.	s03_l12	6	én’a	êna	0	én’a	êna	ena	this			unsplit	Current word-level token gloss; no confident internal split applied.	
Kauγé Ńeríb u Sivā́ni.	s03_l12	7	gelāṅke	gêlangkê	0	gelāṅke	gêlangkê	gelanke	occasion			unsplit	Current word-level token gloss; no confident internal split applied.	
Kauγé Ńeríb u Sivā́ni.	s03_l12	8	yén’a,	yêna	0	yén’a	yêna	yena	I come			unsplit	Current word-level token gloss; no confident internal split applied.	
Kauγé Ńeríb u Sivā́ni.	s03_l12	9	qandauke	qandawkê	0	qandauke	qandawkê	qandauke	wherever			unsplit	Current word-level token gloss; no confident internal split applied.	
Kauγé Ńeríb u Sivā́ni.	s03_l13	0	dé̱wi	dewi	0	dé̱wi	dewi	dewi	villages			unsplit	Current word-level token gloss; no confident internal split applied.	
Kauγé Ńeríb u Sivā́ni.	s03_l13	1	túe	twê	0	túe	twê	tue	your			unsplit	Current word-level token gloss; no confident internal split applied.	
Kauγé Ńeríb u Sivā́ni.	s03_l13	2	me	mê	0	me	mê	me	I			unsplit	Current word-level token gloss; no confident internal split applied.	
Kauγé Ńeríb u Sivā́ni.	s03_l13	3	di	di	0	di	di	di	see			unsplit	Current word-level token gloss; no confident internal split applied.	
Kauγé Ńeríb u Sivā́ni.	s03_l13	4	e̱z	ez	0	e̱z	ez	ez	I			unsplit	Current word-level token gloss; no confident internal split applied.	
Kauγé Ńeríb u Sivā́ni.	s03_l13	5	vešnén’a,	vêşnêna	0	vešnén’a	vêşnêna	vesnena	I will burn			unsplit	Current word-level token gloss; no confident internal split applied.	
Kauγé Ńeríb u Sivā́ni.	s03_l13	6	tá’alan	taalan	0	tá’alan	taalan	taalan	plunder			unsplit	Current word-level token gloss; no confident internal split applied.	
Kauγé Ńeríb u Sivā́ni.	s03_l13	7	kén’a	kêna	0	k	k	kerd	do/make			medium	Muller 1865, ZGP-0356 present -ena/-ana material.	
Kauγé Ńeríb u Sivā́ni.	s03_l13	7	kén’a	kêna	1	én’a	ena	-ena	PRS.1SG	suffix	tense_aspect=present;person=1;number=singular	medium	Muller 1865, ZGP-0356 present -ena/-ana material.	
Kauγé Ńeríb u Sivā́ni.	s03_l13	8	héta	hêta	0	héta	hêta	heta	until			unsplit	Current word-level token gloss; no confident internal split applied.	
Kauγé Ńeríb u Sivā́ni.	s03_l13	9	yau	yaw	0	yau	yaw	yau	one			unsplit	Current word-level token gloss; no confident internal split applied.	
Kauγé Ńeríb u Sivā́ni.	s03_l13	10	šéwe,	şêwê	0	šéwe	şêwê	sewe	night			unsplit	Current word-level token gloss; no confident internal split applied.	
Kauγé Ńeríb u Sivā́ni.	s03_l13	11	t̮oa-	çoa	0	t̮oa	çoa	toa	child-			unsplit	Current word-level token gloss; no confident internal split applied.	
Kauγé Ńeríb u Sivā́ni.	s04_l01	0	dúhi	dûhi	0	dúhi	dûhi	duhi	child			unsplit	Current word-level token gloss; no confident internal split applied.	
Kauγé Ńeríb u Sivā́ni.	s04_l01	1	ńeverdāna,	nyêvêrdana	0	ńe	ne	ne-	NEG	prefix	polarity=negative	high	Lerch corpus pattern plus modern Zazaki comparison: ne-/ńe- negative prefix.	
Kauγé Ńeríb u Sivā́ni.	s04_l01	1	ńeverdāna,	nyêvêrdana	1	verdāna	vêrdana	verdana	spare/leave			high	Lerch corpus pattern plus modern Zazaki comparison: ne-/ńe- negative prefix.	
Kauγé Ńeríb u Sivā́ni.	s04_l01	2	hémine	hêminê	0	hémine	hêminê	hemine	all			unsplit	Current word-level token gloss; no confident internal split applied.	
Kauγé Ńeríb u Sivā́ni.	s04_l01	3	sére	sêrê	0	sére	sêrê	sere	heads			unsplit	Current word-level token gloss; no confident internal split applied.	
Kauγé Ńeríb u Sivā́ni.	s04_l01	4	bi̥rmén’a.	bırmêna	0	bi̥rmén’a	bırmêna	birmena	cut off			unsplit	Current word-level token gloss; no confident internal split applied.	
Kauγé Ńeríb u Sivā́ni.	s04_l01	5	Avdúl’ah	Avdûlah	0	Avdúl’ah	Avdûlah	avdulah	Avdulah, personal name			unsplit	Current word-level token gloss; no confident internal split applied.	
Kauγé Ńeríb u Sivā́ni.	s04_l01	6	aγái	ağay	0	aγái	ağay	agai	Agha			unsplit	Current word-level token gloss; no confident internal split applied.	
Kauγé Ńeríb u Sivā́ni.	s04_l01	7	h̔abér	'habêr	0	h̔abér	'habêr	haber	message			unsplit	Current word-level token gloss; no confident internal split applied.	
Kauγé Ńeríb u Sivā́ni.	s04_l01	8	e̱r-	er	0	e̱r	er	er	sent-			unsplit	Current word-level token gloss; no confident internal split applied.	
Kauγé Ńeríb u Sivā́ni.	s04_l02	0	šau’úte	şawûtê	0	šau’úte	şawûtê	sauute	-sent			unsplit	Current word-level token gloss; no confident internal split applied.	
Kauγé Ńeríb u Sivā́ni.	s04_l02	1	Xalé̱f	Xalef	0	Xalé̱f	Xalef	xalef	Xalef, personal name			unsplit	Current word-level token gloss; no confident internal split applied.	
Kauγé Ńeríb u Sivā́ni.	s04_l02	2	aγāiri	ağayri	0	aγāi	ağay	agai	Agha			high	Muller 1865, ZGP-0337-ZGP-0339 ri/ru/-i object or goal material.	
Kauγé Ńeríb u Sivā́ni.	s04_l02	2	aγāiri	ağayri	1	ri	ri	ri	GOAL/RECIP	case/postposition	relation=goal_or_recipient	high	Muller 1865, ZGP-0337-ZGP-0339 ri/ru/-i object or goal material.	
Kauγé Ńeríb u Sivā́ni.	s04_l02	3	vā	va	0	vā	va	va	said			unsplit	Current word-level token gloss; no confident internal split applied.	
Kauγé Ńeríb u Sivā́ni.	s04_l02	4	ke:	kê	0	ke	kê	ke	that			unsplit	Current word-level token gloss; no confident internal split applied.	
Kauγé Ńeríb u Sivā́ni.	s04_l02	5	dai	day	0	dai	day	dai	there			unsplit	Current word-level token gloss; no confident internal split applied.	
Kauγé Ńeríb u Sivā́ni.	s04_l02	6	χóede	xoêdê	0	χóe	xoê	xoe	own			high	Muller 1865, ZGP-0340 locative -de/-di.	
Kauγé Ńeríb u Sivā́ni.	s04_l02	6	χóede	xoêdê	1	de	dê	de	LOC/TEMP	case	case=locative_or_temporal	high	Muller 1865, ZGP-0340 locative -de/-di.	
Kauγé Ńeríb u Sivā́ni.	s04_l02	7	rehát	rêhat	0	rehát	rêhat	rehat	calmly			unsplit	Current word-level token gloss; no confident internal split applied.	
Kauγé Ńeríb u Sivā́ni.	s04_l02	8	vinde,	vindê	0	vinde	vindê	vinde	stay			unsplit	Current word-level token gloss; no confident internal split applied.	
Kauγé Ńeríb u Sivā́ni.	s04_l02	9	éke	êkê	0	éke	êkê	eke	if			unsplit	Current word-level token gloss; no confident internal split applied.	
Kauγé Ńeríb u Sivā́ni.	s04_l02	10	én’a	êna	0	én’a	êna	ena	this			unsplit	Current word-level token gloss; no confident internal split applied.	
Kauγé Ńeríb u Sivā́ni.	s04_l02	11	ge-	gê	0	ge	gê	ge	occasion-			unsplit	Current word-level token gloss; no confident internal split applied.	
Kauγé Ńeríb u Sivā́ni.	s04_l03	0	lāṅke	langkê	0	lāṅke	langkê	lanke	-occasion			unsplit	Current word-level token gloss; no confident internal split applied.	
Kauγé Ńeríb u Sivā́ni.	s04_l03	1	e̱z	ez	0	e̱z	ez	ez	I			unsplit	Current word-level token gloss; no confident internal split applied.	
Kauγé Ńeríb u Sivā́ni.	s04_l03	2	ameía	amêya	0	ameía	amêya	ameia	I came			unsplit	Current word-level token gloss; no confident internal split applied.	
Kauγé Ńeríb u Sivā́ni.	s04_l03	3	túera	twêra	0	túe	twê	tue	2SG.OBL			high	Muller 1865, ZGP-0336; function chosen with project ra conventions.	
Kauγé Ńeríb u Sivā́ni.	s04_l03	3	túera	twêra	1	ra	ra	ra	ABL/RECIP	postposition	relation=contextual	high	Muller 1865, ZGP-0336; function chosen with project ra conventions.	
Kauγé Ńeríb u Sivā́ni.	s04_l03	4	yau	yaw	0	yau	yaw	yau	one			unsplit	Current word-level token gloss; no confident internal split applied.	
Kauγé Ńeríb u Sivā́ni.	s04_l03	5	kérga	kêrga	0	kérga	kêrga	kerga	hen			unsplit	Current word-level token gloss; no confident internal split applied.	
Kauγé Ńeríb u Sivā́ni.	s04_l03	6	kóere	koêrê	0	kóere	koêrê	koere	blind			unsplit	Current word-level token gloss; no confident internal split applied.	
Kauγé Ńeríb u Sivā́ni.	s04_l03	7	ńeverdānu.	nyêvêrdanû	0	ńe	ne	ne-	NEG	prefix	polarity=negative	high	Lerch corpus pattern plus modern Zazaki comparison: ne-/ńe- negative prefix.	
Kauγé Ńeríb u Sivā́ni.	s04_l03	7	ńeverdānu.	nyêvêrdanû	1	verdānu	vêrdanû	verdanu	spare/leave			high	Lerch corpus pattern plus modern Zazaki comparison: ne-/ńe- negative prefix.	
Kauγé Ńeríb u Sivā́ni.	s04_l03	8	Xalé̱f	Xalef	0	Xalé̱f	Xalef	xalef	Xalef, personal name			unsplit	Current word-level token gloss; no confident internal split applied.	
Kauγé Ńeríb u Sivā́ni.	s04_l03	9	aγái	ağay	0	aγái	ağay	agai	Agha			unsplit	Current word-level token gloss; no confident internal split applied.	
Kauγé Ńeríb u Sivā́ni.	s04_l04	0	h̔abér	'habêr	0	h̔abér	'habêr	haber	message			unsplit	Current word-level token gloss; no confident internal split applied.	
Kauγé Ńeríb u Sivā́ni.	s04_l04	1	e̱ršau’úte	erşawûtê	0	e̱ršau’úte	erşawûtê	ersauute	sent			unsplit	Current word-level token gloss; no confident internal split applied.	
Kauγé Ńeríb u Sivā́ni.	s04_l04	2	Avdúl’ah	Avdûlah	0	Avdúl’ah	Avdûlah	avdulah	Avdulah, personal name			unsplit	Current word-level token gloss; no confident internal split applied.	
Kauγé Ńeríb u Sivā́ni.	s04_l04	3	aγāiri	ağayri	0	aγāi	ağay	agai	Agha			high	Muller 1865, ZGP-0337-ZGP-0339 ri/ru/-i object or goal material.	
Kauγé Ńeríb u Sivā́ni.	s04_l04	3	aγāiri	ağayri	1	ri	ri	ri	GOAL/RECIP	case/postposition	relation=goal_or_recipient	high	Muller 1865, ZGP-0337-ZGP-0339 ri/ru/-i object or goal material.	
Kauγé Ńeríb u Sivā́ni.	s04_l04	4	vā	va	0	vā	va	va	said			unsplit	Current word-level token gloss; no confident internal split applied.	
Kauγé Ńeríb u Sivā́ni.	s04_l04	5	ke:	kê	0	ke	kê	ke	that			unsplit	Current word-level token gloss; no confident internal split applied.	
Kauγé Ńeríb u Sivā́ni.	s04_l04	6	te	tê	0	te	tê	te	you			unsplit	Current word-level token gloss; no confident internal split applied.	
Kauγé Ńeríb u Sivā́ni.	s04_l04	7	bye	byê	0	bye	byê	bye	come			unsplit	Current word-level token gloss; no confident internal split applied.	
Kauγé Ńeríb u Sivā́ni.	s04_l04	8	χóeri,	xoêri	0	χóe	xoê	xoe	self/own			high	Muller 1865, ZGP-0337-ZGP-0339 ri/ru/-i object or goal material.	
Kauγé Ńeríb u Sivā́ni.	s04_l04	8	χóeri,	xoêri	1	ri	ri	ri	REFL/OBL	case/postposition	relation=reflexive_or_oblique	high	Muller 1865, ZGP-0337-ZGP-0339 ri/ru/-i object or goal material.	
Kauγé Ńeríb u Sivā́ni.	s04_l04	9	vién’e.	vyênê	0	vién’e	vyênê	viene	see			unsplit	Current word-level token gloss; no confident internal split applied.	
Kauγé Ńeríb u Sivā́ni.	s04_l04	10	Av-	Av	0	Av	Av	av	Avdulah-			unsplit	Current word-level token gloss; no confident internal split applied.	
Kauγé Ńeríb u Sivā́ni.	s04_l05	0	dúl’ah	dûlah	0	dúl’ah	dûlah	dulah	-Avdulah			unsplit	Current word-level token gloss; no confident internal split applied.	
Kauγé Ńeríb u Sivā́ni.	s04_l05	1	aγá	ağa	0	aγá	ağa	aga	Agha			unsplit	Current word-level token gloss; no confident internal split applied.	
Kauγé Ńeríb u Sivā́ni.	s04_l05	2	we̱ríšt	werişt	0	we̱ríšt	werişt	werist	mounted			unsplit	Current word-level token gloss; no confident internal split applied.	
Kauγé Ńeríb u Sivā́ni.	s04_l05	3	be	bê	0	be	bê	be	be			unsplit	Current word-level token gloss; no confident internal split applied.	
Kauγé Ńeríb u Sivā́ni.	s04_l05	4	espār,	êspar	0	espār	êspar	espar	horse			unsplit	Current word-level token gloss; no confident internal split applied.	
Kauγé Ńeríb u Sivā́ni.	s04_l05	5	dúmilbāzi	dûmilbazi	0	dúmilbāzi	dûmilbazi	dumilbazi	drum			unsplit	Current word-level token gloss; no confident internal split applied.	
Kauγé Ńeríb u Sivā́ni.	s04_l05	6	dā	da	0	dā	da	da	gave			unsplit	Current word-level token gloss; no confident internal split applied.	
Kauγé Ńeríb u Sivā́ni.	s04_l05	7	pṳ́roe,	pûroê	0	pṳ́roe	pûroê	puroe	upon			unsplit	Current word-level token gloss; no confident internal split applied.	
Kauγé Ńeríb u Sivā́ni.	s04_l05	8	e̱skéri	eskêri	0	e̱skéri	eskêri	eskeri	army			unsplit	Current word-level token gloss; no confident internal split applied.	
Kauγé Ńeríb u Sivā́ni.	s04_l05	9	χóe	xoê	0	χóe	xoê	xoe	own			unsplit	Current word-level token gloss; no confident internal split applied.	
Kauγé Ńeríb u Sivā́ni.	s04_l05	10	āmé	amê	0	āmé	amê	ame	came			unsplit	Current word-level token gloss; no confident internal split applied.	
Kauγé Ńeríb u Sivā́ni.	s04_l06	0	pyesér.	pyêsêr	0	pyesér	pyêsêr	pyeser	together			unsplit	Current word-level token gloss; no confident internal split applied.	
Kauγé Ńeríb u Sivā́ni.	s04_l06	1	Avdúl’ah	Avdûlah	0	Avdúl’ah	Avdûlah	avdulah	Avdulah, personal name			unsplit	Current word-level token gloss; no confident internal split applied.	
Kauγé Ńeríb u Sivā́ni.	s04_l06	2	aγá	ağa	0	aγá	ağa	aga	Agha			unsplit	Current word-level token gloss; no confident internal split applied.	
Kauγé Ńeríb u Sivā́ni.	s04_l06	3	vā	va	0	vā	va	va	said			unsplit	Current word-level token gloss; no confident internal split applied.	
Kauγé Ńeríb u Sivā́ni.	s04_l06	4	ke	kê	0	ke	kê	ke	that			unsplit	Current word-level token gloss; no confident internal split applied.	
Kauγé Ńeríb u Sivā́ni.	s04_l06	5	e̱skéri	eskêri	0	e̱skéri	eskêri	eskeri	army			unsplit	Current word-level token gloss; no confident internal split applied.	
Kauγé Ńeríb u Sivā́ni.	s04_l06	6	χóera:	xoêra	0	χóe	xoê	xoe	self/own			high	Muller 1865, ZGP-0336; function chosen with project ra conventions.	
Kauγé Ńeríb u Sivā́ni.	s04_l06	6	χóera:	xoêra	1	ra	ra	ra	REFL/RECIP	postposition	relation=reflexive_or_recipient	high	Muller 1865, ZGP-0336; function chosen with project ra conventions.	
Kauγé Ńeríb u Sivā́ni.	s04_l06	7	t̮oadúhi	çoadûhi	0	t̮oadúhi	çoadûhi	toaduhi	children			unsplit	Current word-level token gloss; no confident internal split applied.	
Kauγé Ńeríb u Sivā́ni.	s04_l06	8	mā	ma	0	mā	ma	ma	we			unsplit	Current word-level token gloss; no confident internal split applied.	
Kauγé Ńeríb u Sivā́ni.	s04_l06	9	hā	ha	0	hā	ha	ha	here			unsplit	Current word-level token gloss; no confident internal split applied.	
Kauγé Ńeríb u Sivā́ni.	s04_l06	10	šuén’i	şwêni	0	šuén’i	şwêni	sueni	we go			unsplit	Current word-level token gloss; no confident internal split applied.	
Kauγé Ńeríb u Sivā́ni.	s04_l07	0	kauγé,	kawğê	0	kauγé	kawğê	kauge	fight			unsplit	Current word-level token gloss; no confident internal split applied.	
Kauγé Ńeríb u Sivā́ni.	s04_l07	1	métersi,	mêtêrsi	0	mé	me	me-	NEG.IMP	prefix	polarity=negative;mood=imperative	high	Muller 1865, ZGP-0362 negative imperative me- prefix.	
Kauγé Ńeríb u Sivā́ni.	s04_l07	1	métersi,	mêtêrsi	1	tersi	têrsi	tersi	fear			high	Muller 1865, ZGP-0362 negative imperative me- prefix.	
Kauγé Ńeríb u Sivā́ni.	s04_l07	2	én’a	êna	0	én’a	êna	ena	this			unsplit	Current word-level token gloss; no confident internal split applied.	
Kauγé Ńeríb u Sivā́ni.	s04_l07	3	gelāṅke	gêlangkê	0	gelāṅke	gêlangkê	gelanke	occasion			unsplit	Current word-level token gloss; no confident internal split applied.	
Kauγé Ńeríb u Sivā́ni.	s04_l07	4	t̮éwi	çêwi	0	t̮éwi	çêwi	tewi	no one			unsplit	Current word-level token gloss; no confident internal split applied.	
Kauγé Ńeríb u Sivā́ni.	s04_l07	5	méverdi,	mêvêrdi	0	mé	me	me-	NEG.IMP	prefix	polarity=negative;mood=imperative	high	Muller 1865, ZGP-0362 negative imperative me- prefix.	
Kauγé Ńeríb u Sivā́ni.	s04_l07	5	méverdi,	mêvêrdi	1	verdi	vêrdi	verdi	spare/leave			high	Muller 1865, ZGP-0362 negative imperative me- prefix.	
Kauγé Ńeríb u Sivā́ni.	s04_l07	6	hémine	hêminê	0	hémine	hêminê	hemine	all			unsplit	Current word-level token gloss; no confident internal split applied.	
Kauγé Ńeríb u Sivā́ni.	s04_l07	7	bi̥ksi,	bıksi	0	bi̥	bi	bi-	CONJ/FUT	prefix	mood=conjunctive;tense=future	high	Muller 1865, ZGP-0361 conjunctive/future bi- prefix.	
Kauγé Ńeríb u Sivā́ni.	s04_l07	7	bi̥ksi,	bıksi	1	ksi	ksi	ksi	kill			high	Muller 1865, ZGP-0361 conjunctive/future bi- prefix.	
Kauγé Ńeríb u Sivā́ni.	s04_l07	8	sére	sêrê	0	sére	sêrê	sere	heads			unsplit	Current word-level token gloss; no confident internal split applied.	
Kauγé Ńeríb u Sivā́ni.	s04_l08	0	mi̥ri	mıri	0	mi̥ri	mıri	miri	mine			unsplit	Current word-level token gloss; no confident internal split applied.	
Kauγé Ńeríb u Sivā́ni.	s04_l08	1	māl	mal	0	māl	mal	mal	property			unsplit	Current word-level token gloss; no confident internal split applied.	
Kauγé Ńeríb u Sivā́ni.	s04_l08	2	ši̥māri.	şımari	0	ši̥mā	şıma	sima	2PL	pronoun	person=2;number=plural	high	Muller 1865, ZGP-0337-ZGP-0339 ri/ru/-i object or goal material.	
Kauγé Ńeríb u Sivā́ni.	s04_l08	2	ši̥māri.	şımari	1	ri	ri	ri	GOAL/POSS	case/postposition	relation=goal_or_possessive	medium	Muller 1865, ZGP-0337-ZGP-0339 ri/ru/-i object or goal material.	
Kauγé Ńeríb u Sivā́ni.	s04_l08	3	E̱skéri	Eskêri	0	E̱skéri	Eskêri	eskeri	army			unsplit	Current word-level token gloss; no confident internal split applied.	
Kauγé Ńeríb u Sivā́ni.	s04_l08	4	vā	va	0	vā	va	va	said			unsplit	Current word-level token gloss; no confident internal split applied.	
Kauγé Ńeríb u Sivā́ni.	s04_l08	5	ke	kê	0	ke	kê	ke	that			unsplit	Current word-level token gloss; no confident internal split applied.	
Kauγé Ńeríb u Sivā́ni.	s04_l08	6	Avdúl’ah	Avdûlah	0	Avdúl’ah	Avdûlah	avdulah	Avdulah, personal name			unsplit	Current word-level token gloss; no confident internal split applied.	
Kauγé Ńeríb u Sivā́ni.	s04_l08	7	aγāira:	ağayra	0	aγāi	ağay	agai	Agha			high	Muller 1865, ZGP-0336; function chosen with project ra conventions.	
Kauγé Ńeríb u Sivā́ni.	s04_l08	7	aγāira:	ağayra	1	ra	ra	ra	GOAL/RECIP	postposition	relation=goal_or_recipient	high	Muller 1865, ZGP-0336; function chosen with project ra conventions.	
Kauγé Ńeríb u Sivā́ni.	s04_l08	8	péki,	pêki	0	péki	pêki	peki	good			unsplit	Current word-level token gloss; no confident internal split applied.	
Kauγé Ńeríb u Sivā́ni.	s04_l08	9	eféndim,	êfêndim	0	eféndim	êfêndim	efendim	my lord			unsplit	Current word-level token gloss; no confident internal split applied.	
Kauγé Ńeríb u Sivā́ni.	s04_l09	0	Alāh	Alah	0	Alāh	Alah	alah	God			unsplit	Current word-level token gloss; no confident internal split applied.	
Kauγé Ńeríb u Sivā́ni.	s04_l09	1	dāni	dani	0	dāni	dani	dani	preserve			unsplit	Current word-level token gloss; no confident internal split applied.	
Kauγé Ńeríb u Sivā́ni.	s04_l09	2	túe	twê	0	túe	twê	tue	your			unsplit	Current word-level token gloss; no confident internal split applied.	
Kauγé Ńeríb u Sivā́ni.	s04_l09	3	say	say	0	say	say	say	life			unsplit	Current word-level token gloss; no confident internal split applied.	
Kauγé Ńeríb u Sivā́ni.	s04_l09	4	bedú,	bêdû	0	bedú	bêdû	bedu	may be			unsplit	Current word-level token gloss; no confident internal split applied.	
Kauγé Ńeríb u Sivā́ni.	s04_l09	5	hetāke	hêtakê	0	hetāke	hêtakê	hetake	as long as			unsplit	Current word-level token gloss; no confident internal split applied.	
Kauγé Ńeríb u Sivā́ni.	s04_l09	6	peīnai	pêynay	0	peīnai	pêynay	peinai	all			unsplit	Current word-level token gloss; no confident internal split applied.	
Kauγé Ńeríb u Sivā́ni.	s04_l09	7	mā	ma	0	mā	ma	ma	we			unsplit	Current word-level token gloss; no confident internal split applied.	
Kauγé Ńeríb u Sivā́ni.	s04_l09	8	ńémeru,	nyêmêrû	0	ńé	ne	ne-	NEG	prefix	polarity=negative	high	Lerch corpus pattern plus modern Zazaki comparison: ne-/ńe- negative prefix.	
Kauγé Ńeríb u Sivā́ni.	s04_l09	8	ńémeru,	nyêmêrû	1	meru	mêrû	meru	die			high	Lerch corpus pattern plus modern Zazaki comparison: ne-/ńe- negative prefix.	
Kauγé Ńeríb u Sivā́ni.	s04_l09	9	túeri	twêri	0	túe	twê	tue	2SG.OBL			high	Muller 1865, ZGP-0337-ZGP-0339 ri/ru/-i object or goal material.	
Kauγé Ńeríb u Sivā́ni.	s04_l09	9	túeri	twêri	1	ri	ri	ri	GOAL/RECIP	case/postposition	relation=goal_or_recipient	high	Muller 1865, ZGP-0337-ZGP-0339 ri/ru/-i object or goal material.	
Kauγé Ńeríb u Sivā́ni.	s04_l09	10	ti	ti	0	ti	ti	ti	nothing			unsplit	Current word-level token gloss; no confident internal split applied.	
Kauγé Ńeríb u Sivā́ni.	s04_l09	11	t̮ínu.	çinû	0	t̮ínu	çinû	tinu	is not			unsplit	Current word-level token gloss; no confident internal split applied.	
Kauγé Ńeríb u Sivā́ni.	s04_l10	0	Avdúl’ah	Avdûlah	0	Avdúl’ah	Avdûlah	avdulah	Avdulah, personal name			unsplit	Current word-level token gloss; no confident internal split applied.	
Kauγé Ńeríb u Sivā́ni.	s04_l10	1	aγái	ağay	0	aγái	ağay	agai	Agha			unsplit	Current word-level token gloss; no confident internal split applied.	
Kauγé Ńeríb u Sivā́ni.	s04_l10	2	vā	va	0	vā	va	va	said			unsplit	Current word-level token gloss; no confident internal split applied.	
Kauγé Ńeríb u Sivā́ni.	s04_l10	3	ke:	kê	0	ke	kê	ke	that			unsplit	Current word-level token gloss; no confident internal split applied.	
Kauγé Ńeríb u Sivā́ni.	s04_l10	4	āferem	afêrêm	0	āferem	afêrêm	aferem	thanks			unsplit	Current word-level token gloss; no confident internal split applied.	
Kauγé Ńeríb u Sivā́ni.	s04_l10	5	ōγíl.	oğil	0	ōγíl	oğil	ogil	sons			unsplit	Current word-level token gloss; no confident internal split applied.	
Kauγé Ńeríb u Sivā́ni.	s04_l11	0	Avdúl’ah	Avdûlah	0	Avdúl’ah	Avdûlah	avdulah	Avdulah, personal name			unsplit	Current word-level token gloss; no confident internal split applied.	
Kauγé Ńeríb u Sivā́ni.	s04_l11	1	aγái	ağay	0	aγái	ağay	agai	Agha			unsplit	Current word-level token gloss; no confident internal split applied.	
Kauγé Ńeríb u Sivā́ni.	s04_l11	2	dúmilbāzi	dûmilbazi	0	dúmilbāzi	dûmilbazi	dumilbazi	drum			unsplit	Current word-level token gloss; no confident internal split applied.	
Kauγé Ńeríb u Sivā́ni.	s04_l11	3	dai	day	0	dai	day	dai	struck			unsplit	Current word-level token gloss; no confident internal split applied.	
Kauγé Ńeríb u Sivā́ni.	s04_l11	4	pṳ́roe,	pûroê	0	pṳ́roe	pûroê	puroe	upon			unsplit	Current word-level token gloss; no confident internal split applied.	
Kauγé Ńeríb u Sivā́ni.	s04_l11	5	e̱skéri	eskêri	0	e̱skéri	eskêri	eskeri	army			unsplit	Current word-level token gloss; no confident internal split applied.	
Kauγé Ńeríb u Sivā́ni.	s04_l11	6	χóe	xoê	0	χóe	xoê	xoe	own			unsplit	Current word-level token gloss; no confident internal split applied.	
Kauγé Ńeríb u Sivā́ni.	s04_l11	7	e̱rš	erş	0	e̱rš	erş	ers	sent			unsplit	Current word-level token gloss; no confident internal split applied.	
Kauγé Ńeríb u Sivā́ni.	s04_l11	8	kérd,	kêrd	0	kérd	kêrd	kerd	did			unsplit	Current word-level token gloss; no confident internal split applied.	
Kauγé Ńeríb u Sivā́ni.	s04_l11	9	šē	şê	0	šē	şê	se	went			unsplit	Current word-level token gloss; no confident internal split applied.	
Kauγé Ńeríb u Sivā́ni.	s04_l12	0	diāri	dyari	0	diāri	dyari	diari	district			unsplit	Current word-level token gloss; no confident internal split applied.	
Kauγé Ńeríb u Sivā́ni.	s04_l12	1	Mél’ekāni,	Mêlêkani	0	Mél’ekāni	Mêlêkani	melekani	Melekani district			unsplit	Current word-level token gloss; no confident internal split applied.	
Kauγé Ńeríb u Sivā́ni.	s04_l12	2	auńá	awnya	0	auńá	awnya	auna	saw			unsplit	Current word-level token gloss; no confident internal split applied.	
Kauγé Ńeríb u Sivā́ni.	s04_l12	3	ke	kê	0	ke	kê	ke	that			unsplit	Current word-level token gloss; no confident internal split applied.	
Kauγé Ńeríb u Sivā́ni.	s04_l12	4	e̱skéri	eskêri	0	e̱skéri	eskêri	eskeri	army			unsplit	Current word-level token gloss; no confident internal split applied.	
Kauγé Ńeríb u Sivā́ni.	s04_l12	5	Xalé̱f	Xalef	0	Xalé̱f	Xalef	xalef	Xalef, personal name			unsplit	Current word-level token gloss; no confident internal split applied.	
Kauγé Ńeríb u Sivā́ni.	s04_l12	6	aγái	ağay	0	aγái	ağay	agai	Agha			unsplit	Current word-level token gloss; no confident internal split applied.	
Kauγé Ńeríb u Sivā́ni.	s04_l12	7	tābure	tabûrê	0	tābure	tabûrê	tabure	cartridges			unsplit	Current word-level token gloss; no confident internal split applied.	
Kauγé Ńeríb u Sivā́ni.	s04_l12	8	bestā.	bêsta	0	bestā	bêsta	besta	prepared			unsplit	Current word-level token gloss; no confident internal split applied.	
Kauγé Ńeríb u Sivā́ni.	s04_l12	9	Avdúl’ah	Avdûlah	0	Avdúl’ah	Avdûlah	avdulah	Avdulah, personal name			unsplit	Current word-level token gloss; no confident internal split applied.	
Kauγé Ńeríb u Sivā́ni.	s04_l13	0	aγái	ağay	0	aγái	ağay	agai	Agha			unsplit	Current word-level token gloss; no confident internal split applied.	
Kauγé Ńeríb u Sivā́ni.	s04_l13	1	e̱skéri	eskêri	0	e̱skéri	eskêri	eskeri	army			unsplit	Current word-level token gloss; no confident internal split applied.	
Kauγé Ńeríb u Sivā́ni.	s04_l13	2	χóe	xoê	0	χóe	xoê	xoe	own			unsplit	Current word-level token gloss; no confident internal split applied.	
Kauγé Ńeríb u Sivā́ni.	s04_l13	3	e̱rš	erş	0	e̱rš	erş	ers	sent			unsplit	Current word-level token gloss; no confident internal split applied.	
Kauγé Ńeríb u Sivā́ni.	s04_l13	4	kerd	kêrd	0	kerd	kêrd	kerd	did			unsplit	Current word-level token gloss; no confident internal split applied.	
Kauγé Ńeríb u Sivā́ni.	s04_l13	5	vā	va	0	vā	va	va	said			unsplit	Current word-level token gloss; no confident internal split applied.	
Kauγé Ńeríb u Sivā́ni.	s04_l13	6	ke:	kê	0	ke	kê	ke	that			unsplit	Current word-level token gloss; no confident internal split applied.	
Kauγé Ńeríb u Sivā́ni.	s04_l13	7	séri	sêri	0	séri	sêri	seri	head			unsplit	Current word-level token gloss; no confident internal split applied.	
Kauγé Ńeríb u Sivā́ni.	s04_l13	8	mi̥ri	mıri	0	mi̥ri	mıri	miri	mine			unsplit	Current word-level token gloss; no confident internal split applied.	
Kauγé Ńeríb u Sivā́ni.	s04_l13	9	māl	mal	0	māl	mal	mal	property			unsplit	Current word-level token gloss; no confident internal split applied.	
Kauγé Ńeríb u Sivā́ni.	s04_l13	10	ši̥māri,	şımari	0	ši̥mā	şıma	sima	2PL	pronoun	person=2;number=plural	high	Muller 1865, ZGP-0337-ZGP-0339 ri/ru/-i object or goal material.	
Kauγé Ńeríb u Sivā́ni.	s04_l13	10	ši̥māri,	şımari	1	ri	ri	ri	GOAL/POSS	case/postposition	relation=goal_or_possessive	medium	Muller 1865, ZGP-0337-ZGP-0339 ri/ru/-i object or goal material.	
Kauγé Ńeríb u Sivā́ni.	s04_l13	11	métersi,	mêtêrsi	0	mé	me	me-	NEG.IMP	prefix	polarity=negative;mood=imperative	high	Muller 1865, ZGP-0362 negative imperative me- prefix.	
Kauγé Ńeríb u Sivā́ni.	s04_l13	11	métersi,	mêtêrsi	1	tersi	têrsi	tersi	fear			high	Muller 1865, ZGP-0362 negative imperative me- prefix.	
Kauγé Ńeríb u Sivā́ni.	s04_l14	0	šyéri	şyêri	0	šyéri	şyêri	syeri	go			unsplit	Current word-level token gloss; no confident internal split applied.	
Kauγé Ńeríb u Sivā́ni.	s04_l14	1	bi̥ksi	bıksi	0	bi̥	bi	bi-	CONJ/FUT	prefix	mood=conjunctive;tense=future	high	Muller 1865, ZGP-0361 conjunctive/future bi- prefix.	
Kauγé Ńeríb u Sivā́ni.	s04_l14	1	bi̥ksi	bıksi	1	ksi	ksi	ksi	kill			high	Muller 1865, ZGP-0361 conjunctive/future bi- prefix.	
Kauγé Ńeríb u Sivā́ni.	s04_l14	2	hémine.	hêminê	0	hémine	hêminê	hemine	all			unsplit	Current word-level token gloss; no confident internal split applied.	
Kauγé Ńeríb u Sivā́ni.	s04_l14	3	E̱skéri	Eskêri	0	E̱skéri	Eskêri	eskeri	army			unsplit	Current word-level token gloss; no confident internal split applied.	
Kauγé Ńeríb u Sivā́ni.	s04_l14	4	Avdúl’ah	Avdûlah	0	Avdúl’ah	Avdûlah	avdulah	Avdulah, personal name			unsplit	Current word-level token gloss; no confident internal split applied.	
Kauγé Ńeríb u Sivā́ni.	s04_l14	5	aγái	ağay	0	aγái	ağay	agai	Agha			unsplit	Current word-level token gloss; no confident internal split applied.	
Kauγé Ńeríb u Sivā́ni.	s04_l14	6	šē	şê	0	šē	şê	se	went			unsplit	Current word-level token gloss; no confident internal split applied.	
Kauγé Ńeríb u Sivā́ni.	s04_l14	7	e̱skéri	eskêri	0	e̱skéri	eskêri	eskeri	army			unsplit	Current word-level token gloss; no confident internal split applied.	
Kauγé Ńeríb u Sivā́ni.	s04_l14	8	Xalé̱f	Xalef	0	Xalé̱f	Xalef	xalef	Xalef, personal name			unsplit	Current word-level token gloss; no confident internal split applied.	
Kauγé Ńeríb u Sivā́ni.	s04_l14	9	aγái	ağay	0	aγái	ağay	agai	Agha			unsplit	Current word-level token gloss; no confident internal split applied.	
Kauγé Ńeríb u Sivā́ni.	s04_l15	0	wét̮a	wêça	0	wét̮a	wêça	weta	against			unsplit	Current word-level token gloss; no confident internal split applied.	
Kauγé Ńeríb u Sivā́ni.	s04_l15	1	āmé	amê	0	āmé	amê	ame	came			unsplit	Current word-level token gloss; no confident internal split applied.	
Kauγé Ńeríb u Sivā́ni.	s04_l15	2	bi	bi	0	bi	bi	bi	to			unsplit	Current word-level token gloss; no confident internal split applied.	
Kauγé Ńeríb u Sivā́ni.	s04_l15	3	Taúridye,	Tawridyê	0	Taúridye	Tawridyê	tauridye	Tauridye, place name			unsplit	Current word-level token gloss; no confident internal split applied.	
Kauγé Ńeríb u Sivā́ni.	s04_l15	4	kauγé	kawğê	0	kauγé	kawğê	kauge	fight			unsplit	Current word-level token gloss; no confident internal split applied.	
Kauγé Ńeríb u Sivā́ni.	s04_l15	5	kerd,	kêrd	0	kerd	kêrd	kerd	did			unsplit	Current word-level token gloss; no confident internal split applied.	
Kauγé Ńeríb u Sivā́ni.	s04_l15	6	e̱skéri	eskêri	0	e̱skéri	eskêri	eskeri	army			unsplit	Current word-level token gloss; no confident internal split applied.	
Kauγé Ńeríb u Sivā́ni.	s04_l15	7	Xalé̱f	Xalef	0	Xalé̱f	Xalef	xalef	Xalef, personal name			unsplit	Current word-level token gloss; no confident internal split applied.	
Kauγé Ńeríb u Sivā́ni.	s04_l15	8	aγái	ağay	0	aγái	ağay	agai	Agha			unsplit	Current word-level token gloss; no confident internal split applied.	
Kauγé Ńeríb u Sivā́ni.	s04_l15	9	remā,	rêma	0	remā	rêma	rema	fled			unsplit	Current word-level token gloss; no confident internal split applied.	
Kauγé Ńeríb u Sivā́ni.	s04_l15	10	es-	ês	0	es	ês	es	army-			unsplit	Current word-level token gloss; no confident internal split applied.	
Kauγé Ńeríb u Sivā́ni.	s05_l01	0	kéri	kêri	0	kéri	kêri	keri	-army			unsplit	Current word-level token gloss; no confident internal split applied.	
Kauγé Ńeríb u Sivā́ni.	s05_l01	1	Adúl’ah	Adûlah	0	Adúl’ah	Adûlah	adulah	Avdulah, personal name			unsplit	Current word-level token gloss; no confident internal split applied.	
Kauγé Ńeríb u Sivā́ni.	s05_l01	2	aγái	ağay	0	aγái	ağay	agai	Agha			unsplit	Current word-level token gloss; no confident internal split applied.	
Kauγé Ńeríb u Sivā́ni.	s05_l01	3	peíra	pêyra	0	peíra	pêyra	peira	after it			unsplit	Current word-level token gloss; no confident internal split applied.	
Kauγé Ńeríb u Sivā́ni.	s05_l01	4	kaut,	kawt	0	kaut	kawt	kaut	went			unsplit	Current word-level token gloss; no confident internal split applied.	
Kauγé Ńeríb u Sivā́ni.	s05_l01	5	bána	bana	0	bána	bana	bana	houses			unsplit	Current word-level token gloss; no confident internal split applied.	
Kauγé Ńeríb u Sivā́ni.	s05_l01	6	dé̱wi	dewi	0	dé̱wi	dewi	dewi	villages			unsplit	Current word-level token gloss; no confident internal split applied.	
Kauγé Ńeríb u Sivā́ni.	s05_l01	7	pyéru	pyêrû	0	pyéru	pyêrû	pyeru	all			unsplit	Current word-level token gloss; no confident internal split applied.	
Kauγé Ńeríb u Sivā́ni.	s05_l01	8	tá’alan	taalan	0	tá’alan	taalan	taalan	plunder			unsplit	Current word-level token gloss; no confident internal split applied.	
Kauγé Ńeríb u Sivā́ni.	s05_l01	9	kérdi,	kêrdi	0	kérdi	kêrdi	kerdi	did			unsplit	Current word-level token gloss; no confident internal split applied.	
Kauγé Ńeríb u Sivā́ni.	s05_l01	10	su-	sû	0	su	sû	su	shepherds-			unsplit	Current word-level token gloss; no confident internal split applied.	
Kauγé Ńeríb u Sivā́ni.	s05_l02	0	aneí	anêy	0	aneí	anêy	anei	-shepherds			unsplit	Current word-level token gloss; no confident internal split applied.	
Kauγé Ńeríb u Sivā́ni.	s05_l02	1	Ńerbid̮ān	Nyêrbican	0	Ńerbid̮	Nyêrbic	nerbid	Neribian			high	Muller 1865, ZGP-0334 plural -an.	
Kauγé Ńeríb u Sivā́ni.	s05_l02	1	Ńerbid̮ān	Nyêrbican	1	ān	an	-an	PL	suffix	number=plural	high	Muller 1865, ZGP-0334 plural -an.	
Kauγé Ńeríb u Sivā́ni.	s05_l02	2	pyéru	pyêrû	0	pyéru	pyêrû	pyeru	all			unsplit	Current word-level token gloss; no confident internal split applied.	
Kauγé Ńeríb u Sivā́ni.	s05_l02	3	kíšti,	kişti	0	kíšti	kişti	kisti	killed			unsplit	Current word-level token gloss; no confident internal split applied.	
Kauγé Ńeríb u Sivā́ni.	s05_l02	4	pé̱si	pesi	0	pé̱si	pesi	pesi	livestock			unsplit	Current word-level token gloss; no confident internal split applied.	
Kauγé Ńeríb u Sivā́ni.	s05_l02	5	dīne̱	dine	0	dīne̱	dine	dine	herds			unsplit	Current word-level token gloss; no confident internal split applied.	
Kauγé Ńeríb u Sivā́ni.	s05_l02	6	pyéru	pyêrû	0	pyéru	pyêrû	pyeru	all			unsplit	Current word-level token gloss; no confident internal split applied.	
Kauγé Ńeríb u Sivā́ni.	s05_l02	7	ārd.	ard	0	ārd	ard	ard	brought			unsplit	Current word-level token gloss; no confident internal split applied.	
Kauγé Ńeríb u Sivā́ni.	s05_l03	0	Mend	Mênd	0	Mend	Mênd	mend	passed			unsplit	Current word-level token gloss; no confident internal split applied.	
Kauγé Ńeríb u Sivā́ni.	s05_l03	1	vīst	vist	0	vīst	vist	vist	twenty			unsplit	Current word-level token gloss; no confident internal split applied.	
Kauγé Ńeríb u Sivā́ni.	s05_l03	2	rōd,	rod	0	rōd	rod	rod	days			unsplit	Current word-level token gloss; no confident internal split applied.	
Kauγé Ńeríb u Sivā́ni.	s05_l03	3	Xalé̱f	Xalef	0	Xalé̱f	Xalef	xalef	Xalef, personal name			unsplit	Current word-level token gloss; no confident internal split applied.	
Kauγé Ńeríb u Sivā́ni.	s05_l03	4	aγái	ağay	0	aγái	ağay	agai	Agha			unsplit	Current word-level token gloss; no confident internal split applied.	
Kauγé Ńeríb u Sivā́ni.	s05_l03	5	šē	şê	0	šē	şê	se	went			unsplit	Current word-level token gloss; no confident internal split applied.	
Kauγé Ńeríb u Sivā́ni.	s05_l03	6	kaut	kawt	0	kaut	kawt	kaut	went			unsplit	Current word-level token gloss; no confident internal split applied.	
Kauγé Ńeríb u Sivā́ni.	s05_l03	7	kei	kêy	0	kei	kêy	kei	house			unsplit	Current word-level token gloss; no confident internal split applied.	
Kauγé Ńeríb u Sivā́ni.	s05_l03	8	Qótwe̱san,	Qotwesan	0	Qótwe̱san	Qotwesan	qotwesan	Qotwesan, place name			unsplit	Current word-level token gloss; no confident internal split applied.	
Kauγé Ńeríb u Sivā́ni.	s05_l03	9	Haidér	Haydêr	0	Haidér	Haydêr	haider	Haider, personal name			unsplit	Current word-level token gloss; no confident internal split applied.	
Kauγé Ńeríb u Sivā́ni.	s05_l04	0	aγára	ağara	0	aγá	ağa	aga	Agha			high	Muller 1865, ZGP-0336; function chosen with project ra conventions.	
Kauγé Ńeríb u Sivā́ni.	s05_l04	0	aγára	ağara	1	ra	ra	ra	GOAL/RECIP	postposition	relation=goal_or_recipient	high	Muller 1865, ZGP-0336; function chosen with project ra conventions.	
Kauγé Ńeríb u Sivā́ni.	s05_l04	1	vā:	va	0	vā	va	va	said			unsplit	Current word-level token gloss; no confident internal split applied.	
Kauγé Ńeríb u Sivā́ni.	s05_l04	2	e̱z	ez	0	e̱z	ez	ez	I			unsplit	Current word-level token gloss; no confident internal split applied.	
Kauγé Ńeríb u Sivā́ni.	s05_l04	3	kaúta	kawta	0	kaúta	kawta	kauta	went			unsplit	Current word-level token gloss; no confident internal split applied.	
Kauγé Ńeríb u Sivā́ni.	s05_l04	4	behti	bêhti	0	behti	bêhti	behti	protection			unsplit	Current word-level token gloss; no confident internal split applied.	
Kauγé Ńeríb u Sivā́ni.	s05_l04	5	túe,	twê	0	túe	twê	tue	your			unsplit	Current word-level token gloss; no confident internal split applied.	
Kauγé Ńeríb u Sivā́ni.	s05_l04	6	Avdúl’ah	Avdûlah	0	Avdúl’ah	Avdûlah	avdulah	Avdulah, personal name			unsplit	Current word-level token gloss; no confident internal split applied.	
Kauγé Ńeríb u Sivā́ni.	s05_l04	7	aγái	ağay	0	aγái	ağay	agai	Agha			unsplit	Current word-level token gloss; no confident internal split applied.	
Kauγé Ńeríb u Sivā́ni.	s05_l04	8	Kélān	Kêlan	0	Kélān	Kêlan	kelan	Kelan, place name			unsplit	Current word-level token gloss; no confident internal split applied.	
Kauγé Ńeríb u Sivā́ni.	s05_l04	9	e̱skéri	eskêri	0	e̱skéri	eskêri	eskeri	army			unsplit	Current word-level token gloss; no confident internal split applied.	
Kauγé Ńeríb u Sivā́ni.	s05_l04	10	me	mê	0	me	mê	me	my			unsplit	Current word-level token gloss; no confident internal split applied.	
Kauγé Ńeríb u Sivā́ni.	s05_l04	11	pyéru	pyêrû	0	pyéru	pyêrû	pyeru	all			unsplit	Current word-level token gloss; no confident internal split applied.	
Kauγé Ńeríb u Sivā́ni.	s05_l05	0	kišt,	kişt	0	kišt	kişt	kist	killed			unsplit	Current word-level token gloss; no confident internal split applied.	
Kauγé Ńeríb u Sivā́ni.	s05_l05	1	dé̱wi	dewi	0	dé̱wi	dewi	dewi	villages			unsplit	Current word-level token gloss; no confident internal split applied.	
Kauγé Ńeríb u Sivā́ni.	s05_l05	2	me	mê	0	me	mê	me	my			unsplit	Current word-level token gloss; no confident internal split applied.	
Kauγé Ńeríb u Sivā́ni.	s05_l05	3	pyéru	pyêrû	0	pyéru	pyêrû	pyeru	all			unsplit	Current word-level token gloss; no confident internal split applied.	
Kauγé Ńeríb u Sivā́ni.	s05_l05	4	ve̱šnai,	veşnay	0	ve̱šnai	veşnay	vesnai	burned			unsplit	Current word-level token gloss; no confident internal split applied.	
Kauγé Ńeríb u Sivā́ni.	s05_l05	5	tá’alan	taalan	0	tá’alan	taalan	taalan	plunder			unsplit	Current word-level token gloss; no confident internal split applied.	
Kauγé Ńeríb u Sivā́ni.	s05_l05	6	kérdi.	kêrdi	0	kérdi	kêrdi	kerdi	did			unsplit	Current word-level token gloss; no confident internal split applied.	
Kauγé Ńeríb u Sivā́ni.	s05_l05	7	Haidér	Haydêr	0	Haidér	Haydêr	haider	Haider, personal name			unsplit	Current word-level token gloss; no confident internal split applied.	
Kauγé Ńeríb u Sivā́ni.	s05_l05	8	aγá	ağa	0	aγá	ağa	aga	Agha			unsplit	Current word-level token gloss; no confident internal split applied.	
Kauγé Ńeríb u Sivā́ni.	s05_l05	9	vā	va	0	vā	va	va	said			unsplit	Current word-level token gloss; no confident internal split applied.	
Kauγé Ńeríb u Sivā́ni.	s05_l05	10	ke	kê	0	ke	kê	ke	that			unsplit	Current word-level token gloss; no confident internal split applied.	
Kauγé Ńeríb u Sivā́ni.	s05_l05	11	Xa-	Xa	0	Xa	Xa	xa	Xalef-			unsplit	Current word-level token gloss; no confident internal split applied.	
Kauγé Ńeríb u Sivā́ni.	s05_l06	0	lé̱f	lef	0	lé̱f	lef	lef	-Xalef			unsplit	Current word-level token gloss; no confident internal split applied.	
Kauγé Ńeríb u Sivā́ni.	s05_l06	1	aγāira:	ağayra	0	aγāi	ağay	agai	Agha			high	Muller 1865, ZGP-0336; function chosen with project ra conventions.	
Kauγé Ńeríb u Sivā́ni.	s05_l06	1	aγāira:	ağayra	1	ra	ra	ra	GOAL/RECIP	postposition	relation=goal_or_recipient	high	Muller 1865, ZGP-0336; function chosen with project ra conventions.	
Kauγé Ńeríb u Sivā́ni.	s05_l06	2	te	tê	0	te	tê	te	you			unsplit	Current word-level token gloss; no confident internal split applied.	
Kauγé Ńeríb u Sivā́ni.	s05_l06	3	méra	mêra	0	mé	mê	me	1SG.OBL			high	Muller 1865, ZGP-0336; function chosen with project ra conventions.	
Kauγé Ńeríb u Sivā́ni.	s05_l06	3	méra	mêra	1	ra	ra	ra	RECIP	postposition	relation=recipient	high	Muller 1865, ZGP-0336; function chosen with project ra conventions.	
Kauγé Ńeríb u Sivā́ni.	s05_l06	4	vāni	vani	0	vāni	vani	vani	you say			unsplit	Current word-level token gloss; no confident internal split applied.	
Kauγé Ńeríb u Sivā́ni.	s05_l06	5	se,	sê	0	se	sê	se	what			unsplit	Current word-level token gloss; no confident internal split applied.	
Kauγé Ńeríb u Sivā́ni.	s05_l06	6	e̱z	ez	0	e̱z	ez	ez	I			unsplit	Current word-level token gloss; no confident internal split applied.	
Kauγé Ńeríb u Sivā́ni.	s05_l06	7	nešyén’a	nêşyêna	0	nešyén’a	nêşyêna	ne-	NEG	prefix	polarity=negative	high	Lerch corpus pattern plus modern Zazaki comparison: ne-/ńe- negative prefix.	
Kauγé Ńeríb u Sivā́ni.	s05_l06	7	nešyén’a	nêşyêna	1	šyén’a	şyêna	syena	be able			high	Lerch corpus pattern plus modern Zazaki comparison: ne-/ńe- negative prefix.	
Kauγé Ńeríb u Sivā́ni.	s05_l06	8	Sivāṅdānde	Sivangdandê	0	Sivāṅdānde	Sivangdandê	sivandande	with the Sivan people			unsplit	Current word-level token gloss; no confident internal split applied.	
Kauγé Ńeríb u Sivā́ni.	s05_l06	9	kauγé	kawğê	0	kauγé	kawğê	kauge	fight			unsplit	Current word-level token gloss; no confident internal split applied.	
Kauγé Ńeríb u Sivā́ni.	s05_l06	10	bi̥kéra,	bıkêra	0	bi̥	bı	bı-	CONJ/FUT	prefix	mood=conjunctive;tense=future	high	Muller 1865, ZGP-0361 conjunctive/future bi- prefix.	
Kauγé Ńeríb u Sivā́ni.	s05_l06	10	bi̥kéra,	bıkêra	1	kéra	kêra	kera	commit/do			high	Muller 1865, ZGP-0361 conjunctive/future bi- prefix.	
Kauγé Ńeríb u Sivā́ni.	s05_l07	0	Sivāṅdi	Sivangdi	0	Sivāṅdi	Sivangdi	sivandi	Sivan people			unsplit	Current word-level token gloss; no confident internal split applied.	
Kauγé Ńeríb u Sivā́ni.	s05_l07	1	peínai	pêynay	0	peínai	pêynay	peinai	all			unsplit	Current word-level token gloss; no confident internal split applied.	
Kauγé Ńeríb u Sivā́ni.	s05_l07	2	mā	ma	0	mā	ma	ma	we			unsplit	Current word-level token gloss; no confident internal split applied.	
Kauγé Ńeríb u Sivā́ni.	s05_l07	3	hémine	hêminê	0	hémine	hêminê	hemine	all			unsplit	Current word-level token gloss; no confident internal split applied.	
Kauγé Ńeríb u Sivā́ni.	s05_l07	4	kišén’i.	kişêni	0	kiš	kiş	kist	kill			high	Muller 1865, ZGP-0356 present -ena/-ana material.	
Kauγé Ńeríb u Sivā́ni.	s05_l07	4	kišén’i.	kişêni	1	én’i	eni	-ena	PRS/FUT	suffix	tense_aspect=present_or_future	medium	Muller 1865, ZGP-0356 present -ena/-ana material.	
Kauγé Ńeríb u Sivā́ni.	s05_l07	5	Xalé̱f	Xalef	0	Xalé̱f	Xalef	xalef	Xalef, personal name			unsplit	Current word-level token gloss; no confident internal split applied.	
Kauγé Ńeríb u Sivā́ni.	s05_l07	6	aγái	ağay	0	aγái	ağay	agai	Agha			unsplit	Current word-level token gloss; no confident internal split applied.	
Kauγé Ńeríb u Sivā́ni.	s05_l07	7	vā	va	0	vā	va	va	said			unsplit	Current word-level token gloss; no confident internal split applied.	
Kauγé Ńeríb u Sivā́ni.	s05_l07	8	ke:	kê	0	ke	kê	ke	that			unsplit	Current word-level token gloss; no confident internal split applied.	
Kauγé Ńeríb u Sivā́ni.	s05_l07	9	e̱z	ez	0	e̱z	ez	ez	I			unsplit	Current word-level token gloss; no confident internal split applied.	
Kauγé Ńeríb u Sivā́ni.	s05_l07	10	kaúta	kawta	0	kaúta	kawta	kauta	went			unsplit	Current word-level token gloss; no confident internal split applied.	
Kauγé Ńeríb u Sivā́ni.	s05_l08	0	béhti	bêhti	0	béhti	bêhti	behti	protection			unsplit	Current word-level token gloss; no confident internal split applied.	
Kauγé Ńeríb u Sivā́ni.	s05_l08	1	túe,	twê	0	túe	twê	tue	your			unsplit	Current word-level token gloss; no confident internal split applied.	
Kauγé Ńeríb u Sivā́ni.	s05_l08	2	bye	byê	0	bye	byê	bye	come			unsplit	Current word-level token gloss; no confident internal split applied.	
Kauγé Ńeríb u Sivā́ni.	s05_l08	3	me	mê	0	me	mê	me	my			unsplit	Current word-level token gloss; no confident internal split applied.	
Kauγé Ńeríb u Sivā́ni.	s05_l08	4	bére	bêrê	0	bére	bêrê	bere	bring, bring here			unsplit	Current word-level token gloss; no confident internal split applied.	
Kauγé Ńeríb u Sivā́ni.	s05_l08	5	kei	kêy	0	kei	kêy	kei	house			unsplit	Current word-level token gloss; no confident internal split applied.	
Kauγé Ńeríb u Sivā́ni.	s05_l08	6	Avdúl’ah	Avdûlah	0	Avdúl’ah	Avdûlah	avdulah	Avdulah, personal name			unsplit	Current word-level token gloss; no confident internal split applied.	
Kauγé Ńeríb u Sivā́ni.	s05_l08	7	aγái,	ağay	0	aγái	ağay	agai	Agha			unsplit	Current word-level token gloss; no confident internal split applied.	
Kauγé Ńeríb u Sivā́ni.	s05_l08	8	mā	ma	0	mā	ma	ma	we			unsplit	Current word-level token gloss; no confident internal split applied.	
Kauγé Ńeríb u Sivā́ni.	s05_l08	9	pya	pya	0	pya	pya	pya	together			unsplit	Current word-level token gloss; no confident internal split applied.	
Kauγé Ńeríb u Sivā́ni.	s05_l08	10	wé̱ši	weşi	0	wé̱ši	weşi	wesi	reconciliation			unsplit	Current word-level token gloss; no confident internal split applied.	
Kauγé Ńeríb u Sivā́ni.	s05_l08	11	ke,	kê	0	ke	kê	ke	that			unsplit	Current word-level token gloss; no confident internal split applied.	
Kauγé Ńeríb u Sivā́ni.	s05_l08	12	t̮ikáske	çikaskê	0	t̮ikáske	çikaskê	tikaske	whatever			unsplit	Current word-level token gloss; no confident internal split applied.	
Kauγé Ńeríb u Sivā́ni.	s05_l09	0	keifi	kêyfi	0	keifi	kêyfi	keifi	wish			unsplit	Current word-level token gloss; no confident internal split applied.	
Kauγé Ńeríb u Sivā́ni.	s05_l09	1	túe	twê	0	túe	twê	tue	your			unsplit	Current word-level token gloss; no confident internal split applied.	
Kauγé Ńeríb u Sivā́ni.	s05_l09	2	wazén’u	wazênû	0	waz	waz	wastene	want			medium	Muller 1865, ZGP-0356 present -ena/-ana material.	
Kauγé Ńeríb u Sivā́ni.	s05_l09	2	wazén’u	wazênû	1	én’u	enu	-ena	PRS.3SG	suffix	tense_aspect=present;person=3;number=singular	medium	Muller 1865, ZGP-0356 present -ena/-ana material.	
Kauγé Ńeríb u Sivā́ni.	s05_l09	3	e̱z	ez	0	e̱z	ez	ez	I			unsplit	Current word-level token gloss; no confident internal split applied.	
Kauγé Ńeríb u Sivā́ni.	s05_l09	4	māl	mal	0	māl	mal	mal	property			unsplit	Current word-level token gloss; no confident internal split applied.	
Kauγé Ńeríb u Sivā́ni.	s05_l09	5	dāna	dana	0	dāna	dana	dana	I give			unsplit	Current word-level token gloss; no confident internal split applied.	
Kauγé Ńeríb u Sivā́ni.	s05_l09	6	túe.	twê	0	túe	twê	tue	your			unsplit	Current word-level token gloss; no confident internal split applied.	
Kauγé Ńeríb u Sivā́ni.	s05_l09	7	Haidér	Haydêr	0	Haidér	Haydêr	haider	Haider, personal name			unsplit	Current word-level token gloss; no confident internal split applied.	
Kauγé Ńeríb u Sivā́ni.	s05_l09	8	aγá	ağa	0	aγá	ağa	aga	Agha			unsplit	Current word-level token gloss; no confident internal split applied.	
Kauγé Ńeríb u Sivā́ni.	s05_l09	9	we̱ríšt	werişt	0	we̱ríšt	werişt	werist	mounted			unsplit	Current word-level token gloss; no confident internal split applied.	
Kauγé Ńeríb u Sivā́ni.	s05_l09	10	be	bê	0	be	bê	be	be			unsplit	Current word-level token gloss; no confident internal split applied.	
Kauγé Ńeríb u Sivā́ni.	s05_l09	11	espār,	êspar	0	espār	êspar	espar	horse			unsplit	Current word-level token gloss; no confident internal split applied.	
Kauγé Ńeríb u Sivā́ni.	s05_l10	0	kaut	kawt	0	kaut	kawt	kaut	went			unsplit	Current word-level token gloss; no confident internal split applied.	
Kauγé Ńeríb u Sivā́ni.	s05_l10	1	Xalé̱f	Xalef	0	Xalé̱f	Xalef	xalef	Xalef, personal name			unsplit	Current word-level token gloss; no confident internal split applied.	
Kauγé Ńeríb u Sivā́ni.	s05_l10	2	aγái	ağay	0	aγái	ağay	agai	Agha			unsplit	Current word-level token gloss; no confident internal split applied.	
Kauγé Ńeríb u Sivā́ni.	s05_l10	3	ve̱r,	ver	0	ve̱r	ver	ver	front			unsplit	Current word-level token gloss; no confident internal split applied.	
Kauγé Ńeríb u Sivā́ni.	s05_l10	4	āmeí	amêy	0	āmeí	amêy	amei	came			unsplit	Current word-level token gloss; no confident internal split applied.	
Kauγé Ńeríb u Sivā́ni.	s05_l10	5	ši	şi	0	ši	şi	si	went			unsplit	Current word-level token gloss; no confident internal split applied.	
Kauγé Ńeríb u Sivā́ni.	s05_l10	6	Sivān,	Sivan	0	Sivān	Sivan	sivan	Sivan			unsplit	Current word-level token gloss; no confident internal split applied.	
Kauγé Ńeríb u Sivā́ni.	s05_l10	7	kaúti	kawti	0	kaúti	kawti	kauti	went			unsplit	Current word-level token gloss; no confident internal split applied.	
Kauγé Ńeríb u Sivā́ni.	s05_l10	8	kei	kêy	0	kei	kêy	kei	house			unsplit	Current word-level token gloss; no confident internal split applied.	
Kauγé Ńeríb u Sivā́ni.	s05_l10	9	Avdúl’ah	Avdûlah	0	Avdúl’ah	Avdûlah	avdulah	Avdulah, personal name			unsplit	Current word-level token gloss; no confident internal split applied.	
Kauγé Ńeríb u Sivā́ni.	s05_l10	10	aγái.	ağay	0	aγái	ağay	agai	Agha			unsplit	Current word-level token gloss; no confident internal split applied.	
Kauγé Ńeríb u Sivā́ni.	s05_l11	0	Haidér	Haydêr	0	Haidér	Haydêr	haider	Haider, personal name			unsplit	Current word-level token gloss; no confident internal split applied.	
Kauγé Ńeríb u Sivā́ni.	s05_l11	1	aγá	ağa	0	aγá	ağa	aga	Agha			unsplit	Current word-level token gloss; no confident internal split applied.	
Kauγé Ńeríb u Sivā́ni.	s05_l11	2	hírye	hiryê	0	hírye	hiryê	hirye	three			unsplit	Current word-level token gloss; no confident internal split applied.	
Kauγé Ńeríb u Sivā́ni.	s05_l11	3	gelāṅke	gêlangkê	0	gelāṅke	gêlangkê	gelanke	occasion			unsplit	Current word-level token gloss; no confident internal split applied.	
Kauγé Ńeríb u Sivā́ni.	s05_l11	4	šē	şê	0	šē	şê	se	went			unsplit	Current word-level token gloss; no confident internal split applied.	
Kauγé Ńeríb u Sivā́ni.	s05_l11	5	launā	lawna	0	launā	lawna	launa	kissed			unsplit	Current word-level token gloss; no confident internal split applied.	
Kauγé Ńeríb u Sivā́ni.	s05_l11	6	Avdúl’ah	Avdûlah	0	Avdúl’ah	Avdûlah	avdulah	Avdulah, personal name			unsplit	Current word-level token gloss; no confident internal split applied.	
Kauγé Ńeríb u Sivā́ni.	s05_l11	7	aγá	ağa	0	aγá	ağa	aga	Agha			unsplit	Current word-level token gloss; no confident internal split applied.	
Kauγé Ńeríb u Sivā́ni.	s05_l11	8	língeru	lingêrû	0	língeru	lingêrû	lingeru	feet			unsplit	Current word-level token gloss; no confident internal split applied.	
Kauγé Ńeríb u Sivā́ni.	s05_l11	9	vā	va	0	vā	va	va	said			unsplit	Current word-level token gloss; no confident internal split applied.	
Kauγé Ńeríb u Sivā́ni.	s05_l11	10	ke:	kê	0	ke	kê	ke	that			unsplit	Current word-level token gloss; no confident internal split applied.	
Kauγé Ńeríb u Sivā́ni.	s05_l12	0	te	tê	0	te	tê	te	you			unsplit	Current word-level token gloss; no confident internal split applied.	
Kauγé Ńeríb u Sivā́ni.	s05_l12	1	aγái	ağay	0	aγái	ağay	agai	Agha			unsplit	Current word-level token gloss; no confident internal split applied.	
Kauγé Ńeríb u Sivā́ni.	s05_l12	2	ê̱n’a	ena	0	ê̱n’a	ena	ena	this			unsplit	Current word-level token gloss; no confident internal split applied.	
Kauγé Ńeríb u Sivā́ni.	s05_l12	3	gelāṅke	gêlangkê	0	gelāṅke	gêlangkê	gelanke	occasion			unsplit	Current word-level token gloss; no confident internal split applied.	
Kauγé Ńeríb u Sivā́ni.	s05_l12	4	bi̥di	bıdi	0	bi̥di	bıdi	bidi	for			unsplit	Current word-level token gloss; no confident internal split applied.	
Kauγé Ńeríb u Sivā́ni.	s05_l12	5	riḍai	riday	0	riḍai	riday	ridai	sake			unsplit	Current word-level token gloss; no confident internal split applied.	
Kauγé Ńeríb u Sivā́ni.	s05_l12	6	me	mê	0	me	mê	me	my			unsplit	Current word-level token gloss; no confident internal split applied.	
Kauγé Ńeríb u Sivā́ni.	s05_l12	7	Xalé̱f	Xalef	0	Xalé̱f	Xalef	xalef	Xalef, personal name			unsplit	Current word-level token gloss; no confident internal split applied.	
Kauγé Ńeríb u Sivā́ni.	s05_l12	8	aγái.	ağay	0	aγái	ağay	agai	Agha			unsplit	Current word-level token gloss; no confident internal split applied.	
Kauγé Ńeríb u Sivā́ni.	s05_l12	9	Avdúl’ah	Avdûlah	0	Avdúl’ah	Avdûlah	avdulah	Avdulah, personal name			unsplit	Current word-level token gloss; no confident internal split applied.	
Kauγé Ńeríb u Sivā́ni.	s05_l12	10	aγá	ağa	0	aγá	ağa	aga	Agha			unsplit	Current word-level token gloss; no confident internal split applied.	
Kauγé Ńeríb u Sivā́ni.	s05_l12	11	vā	va	0	vā	va	va	said			unsplit	Current word-level token gloss; no confident internal split applied.	
Kauγé Ńeríb u Sivā́ni.	s05_l13	0	ke	kê	0	ke	kê	ke	that			unsplit	Current word-level token gloss; no confident internal split applied.	
Kauγé Ńeríb u Sivā́ni.	s05_l13	1	Xaidér	Xaydêr	0	Xaidér	Xaydêr	xaider	Haider, personal name			unsplit	Current word-level token gloss; no confident internal split applied.	
Kauγé Ńeríb u Sivā́ni.	s05_l13	2	aγára:	ağara	0	aγá	ağa	aga	Agha			high	Muller 1865, ZGP-0336; function chosen with project ra conventions.	
Kauγé Ńeríb u Sivā́ni.	s05_l13	2	aγára:	ağara	1	ra	ra	ra	GOAL/RECIP	postposition	relation=goal_or_recipient	high	Muller 1865, ZGP-0336; function chosen with project ra conventions.	
Kauγé Ńeríb u Sivā́ni.	s05_l13	3	é̱k’e	ekê	0	é̱k’e	ekê	eke	if			unsplit	Current word-level token gloss; no confident internal split applied.	
Kauγé Ńeríb u Sivā́ni.	s05_l13	4	te	tê	0	te	tê	te	you			unsplit	Current word-level token gloss; no confident internal split applied.	
Kauγé Ńeríb u Sivā́ni.	s05_l13	5	ńameíni	nyamêyni	0	ńameíni	nyamêyni	nameini	had not come			unsplit	Current word-level token gloss; no confident internal split applied.	
Kauγé Ńeríb u Sivā́ni.	s05_l13	6	me	mê	0	me	mê	me	my			unsplit	Current word-level token gloss; no confident internal split applied.	
Kauγé Ńeríb u Sivā́ni.	s05_l13	7	Xalé̱f	Xalef	0	Xalé̱f	Xalef	xalef	Xalef, personal name			unsplit	Current word-level token gloss; no confident internal split applied.	
Kauγé Ńeríb u Sivā́ni.	s05_l13	8	aγāira	ağayra	0	aγāi	ağay	agai	Agha			high	Muller 1865, ZGP-0336; function chosen with project ra conventions.	
Kauγé Ńeríb u Sivā́ni.	s05_l13	8	aγāira	ağayra	1	ra	ra	ra	GOAL/RECIP	postposition	relation=goal_or_recipient	high	Muller 1865, ZGP-0336; function chosen with project ra conventions.	
Kauγé Ńeríb u Sivā́ni.	s05_l13	9	yau	yaw	0	yau	yaw	yau	one			unsplit	Current word-level token gloss; no confident internal split applied.	
Kauγé Ńeríb u Sivā́ni.	s05_l13	10	zirōt	zirot	0	zirōt	zirot	zirot	boy			unsplit	Current word-level token gloss; no confident internal split applied.	
Kauγé Ńeríb u Sivā́ni.	s05_l13	11	vé̱ra	vera	0	vé̱ra	vera	vera	for			unsplit	Current word-level token gloss; no confident internal split applied.	
Kauγé Ńeríb u Sivā́ni.	s05_l14	0	ńedāni,	nyêdani	0	ńedāni	nyêdani	nedani	I would not give			unsplit	Current word-level token gloss; no confident internal split applied.	
Kauγé Ńeríb u Sivā́ni.	s05_l14	1	e̱z	ez	0	e̱z	ez	ez	I			unsplit	Current word-level token gloss; no confident internal split applied.	
Kauγé Ńeríb u Sivā́ni.	s05_l14	2	ka	ka	0	ka	ka	ka	would			unsplit	Current word-level token gloss; no confident internal split applied.	
Kauγé Ńeríb u Sivā́ni.	s05_l14	3	peínai	pêynay	0	peínai	pêynay	peinai	all			unsplit	Current word-level token gloss; no confident internal split applied.	
Kauγé Ńeríb u Sivā́ni.	s05_l14	4	dauāni	dawani	0	dau	daw	daw	village			medium	Muller 1865, ZGP-0334 plural -an. Muller 1865, ZGP-0335 genitive/izafet vowels; split kept contextual.	
Kauγé Ńeríb u Sivā́ni.	s05_l14	4	dauāni	dawani	1	ān	an	-an	PL	suffix	number=plural	high	Muller 1865, ZGP-0334 plural -an.	
Kauγé Ńeríb u Sivā́ni.	s05_l14	4	dauāni	dawani	2	i	i	-i	EZ/OBL	case/linker	relation=ezafe_or_oblique	medium	Muller 1865, ZGP-0335 genitive/izafet vowels; split kept contextual.	
Kauγé Ńeríb u Sivā́ni.	s05_l14	5	Ńeríbi	Nyêribi	0	Ńeríbi	Nyêribi	neribi	place name			unsplit	Current word-level token gloss; no confident internal split applied.	
Kauγé Ńeríb u Sivā́ni.	s05_l14	6	ve̱šna,	veşna	0	ve̱šna	veşna	vesna	I would burn			unsplit	Current word-level token gloss; no confident internal split applied.	
Kauγé Ńeríb u Sivā́ni.	s05_l14	7	hémine	hêminê	0	hémine	hêminê	hemine	all			unsplit	Current word-level token gloss; no confident internal split applied.	
Kauγé Ńeríb u Sivā́ni.	s05_l14	8	tá’alan	taalan	0	tá’alan	taalan	taalan	plunder			unsplit	Current word-level token gloss; no confident internal split applied.	
Kauγé Ńeríb u Sivā́ni.	s05_l14	9	ka,	ka	0	ka	ka	ka	would			unsplit	Current word-level token gloss; no confident internal split applied.	
Kauγé Ńeríb u Sivā́ni.	s05_l14	10	t̮im-	çim	0	t̮im	çim	tim	because-			unsplit	Current word-level token gloss; no confident internal split applied.	
Kauγé Ńeríb u Sivā́ni.	s05_l15	0	ke	kê	0	ke	kê	ke	that			unsplit	Current word-level token gloss; no confident internal split applied.	
Kauγé Ńeríb u Sivā́ni.	s05_l15	1	te	tê	0	te	tê	te	you			unsplit	Current word-level token gloss; no confident internal split applied.	
Kauγé Ńeríb u Sivā́ni.	s05_l15	2	āmeí	amêy	0	āmeí	amêy	amei	came			unsplit	Current word-level token gloss; no confident internal split applied.	
Kauγé Ńeríb u Sivā́ni.	s05_l15	3	me	mê	0	me	mê	me	my			unsplit	Current word-level token gloss; no confident internal split applied.	
Kauγé Ńeríb u Sivā́ni.	s05_l15	4	Xalé̱f	Xalef	0	Xalé̱f	Xalef	xalef	Xalef, personal name			unsplit	Current word-level token gloss; no confident internal split applied.	
Kauγé Ńeríb u Sivā́ni.	s05_l15	5	aγá	ağa	0	aγá	ağa	aga	Agha			unsplit	Current word-level token gloss; no confident internal split applied.	
Kauγé Ńeríb u Sivā́ni.	s05_l15	6	kerd	kêrd	0	kerd	kêrd	kerd	did			unsplit	Current word-level token gloss; no confident internal split applied.	
Kauγé Ńeríb u Sivā́ni.	s05_l15	7	báxši	baxşi	0	báxši	baxşi	baxsi	granted			unsplit	Current word-level token gloss; no confident internal split applied.	
Kauγé Ńeríb u Sivā́ni.	s05_l15	8	túe.	twê	0	túe	twê	tue	your			unsplit	Current word-level token gloss; no confident internal split applied.	
Kauγé Ńeríb u Sivā́ni.	s05_l15	9	Haidér	Haydêr	0	Haidér	Haydêr	haider	Haider, personal name			unsplit	Current word-level token gloss; no confident internal split applied.	
Kauγé Ńeríb u Sivā́ni.	s05_l15	10	aγái	ağay	0	aγái	ağay	agai	Agha			unsplit	Current word-level token gloss; no confident internal split applied.	
Kauγé Ńeríb u Sivā́ni.	s05_l15	11	launā	lawna	0	launā	lawna	launa	kissed			unsplit	Current word-level token gloss; no confident internal split applied.	
Kauγé Ńeríb u Sivā́ni.	s05_l15	12	Av-	Av	0	Av	Av	av	Avdulah-			unsplit	Current word-level token gloss; no confident internal split applied.	
Kauγé Ńeríb u Sivā́ni.	s06_l01	0	dúl’a	dûla	0	dúl’a	dûla	dula	-Avdulah			unsplit	Current word-level token gloss; no confident internal split applied.	
Kauγé Ńeríb u Sivā́ni.	s06_l01	1	aγá	ağa	0	aγá	ağa	aga	Agha			unsplit	Current word-level token gloss; no confident internal split applied.	
Kauγé Ńeríb u Sivā́ni.	s06_l01	2	sé̱reru	serêrû	0	sé̱reru	serêrû	sereru	on the head			unsplit	Current word-level token gloss; no confident internal split applied.	
Kauγé Ńeríb u Sivā́ni.	s06_l01	3	šē	şê	0	šē	şê	se	went			unsplit	Current word-level token gloss; no confident internal split applied.	
Kauγé Ńeríb u Sivā́ni.	s06_l01	4	Xalé̱f	Xalef	0	Xalé̱f	Xalef	xalef	Xalef, personal name			unsplit	Current word-level token gloss; no confident internal split applied.	
Kauγé Ńeríb u Sivā́ni.	s06_l01	5	aγá	ağa	0	aγá	ağa	aga	Agha			unsplit	Current word-level token gloss; no confident internal split applied.	
Kauγé Ńeríb u Sivā́ni.	s06_l01	6	ārd,	ard	0	ārd	ard	ard	brought			unsplit	Current word-level token gloss; no confident internal split applied.	
Kauγé Ńeríb u Sivā́ni.	s06_l01	7	launā	lawna	0	launā	lawna	launa	kissed			unsplit	Current word-level token gloss; no confident internal split applied.	
Kauγé Ńeríb u Sivā́ni.	s06_l01	8	Avdúl’ah	Avdûlah	0	Avdúl’ah	Avdûlah	avdulah	Avdulah, personal name			unsplit	Current word-level token gloss; no confident internal split applied.	
Kauγé Ńeríb u Sivā́ni.	s06_l01	9	aγá	ağa	0	aγá	ağa	aga	Agha			unsplit	Current word-level token gloss; no confident internal split applied.	
Kauγé Ńeríb u Sivā́ni.	s06_l01	10	língeru,	lingêrû	0	língeru	lingêrû	lingeru	feet			unsplit	Current word-level token gloss; no confident internal split applied.	
Kauγé Ńeríb u Sivā́ni.	s06_l02	0	Avdúl’ah	Avdûlah	0	Avdúl’ah	Avdûlah	avdulah	Avdulah, personal name			unsplit	Current word-level token gloss; no confident internal split applied.	
Kauγé Ńeríb u Sivā́ni.	s06_l02	1	aγá	ağa	0	aγá	ağa	aga	Agha			unsplit	Current word-level token gloss; no confident internal split applied.	
Kauγé Ńeríb u Sivā́ni.	s06_l02	2	launā	lawna	0	launā	lawna	launa	kissed			unsplit	Current word-level token gloss; no confident internal split applied.	
Kauγé Ńeríb u Sivā́ni.	s06_l02	3	Xalé̱f	Xalef	0	Xalé̱f	Xalef	xalef	Xalef, personal name			unsplit	Current word-level token gloss; no confident internal split applied.	
Kauγé Ńeríb u Sivā́ni.	s06_l02	4	aγá	ağa	0	aγá	ağa	aga	Agha			unsplit	Current word-level token gloss; no confident internal split applied.	
Kauγé Ńeríb u Sivā́ni.	s06_l02	5	dé̱stru,	destrû	0	dé̱stru	destrû	destru	hand			unsplit	Current word-level token gloss; no confident internal split applied.	
Kauγé Ńeríb u Sivā́ni.	s06_l02	6	pya	pya	0	pya	pya	pya	together			unsplit	Current word-level token gloss; no confident internal split applied.	
Kauγé Ńeríb u Sivā́ni.	s06_l02	7	be	bê	0	be	bê	be	be			unsplit	Current word-level token gloss; no confident internal split applied.	
Kauγé Ńeríb u Sivā́ni.	s06_l02	8	wé̱ši,	weşi	0	wé̱ši	weşi	wesi	reconciliation			unsplit	Current word-level token gloss; no confident internal split applied.	
Kauγé Ńeríb u Sivā́ni.	s06_l02	9	xalaí	xalay	0	xalaí	xalay	xalai	robes of honor			unsplit	Current word-level token gloss; no confident internal split applied.	
Kauγé Ńeríb u Sivā́ni.	s06_l02	10	dai	day	0	dai	day	dai	exchanged			unsplit	Current word-level token gloss; no confident internal split applied.	
Kauγé Ńeríb u Sivā́ni.	s06_l02	11	pyéra.	pyêra	0	pyé	pyê	pye	each other			medium	Contextual ra split; function checked against project ra conventions.	
Kauγé Ńeríb u Sivā́ni.	s06_l02	11	pyéra.	pyêra	1	ra	ra	ra	RECIP	postposition	case_or_relation=contextual	medium	Muller 1865, ZGP-0336; project glossing_conventions.tsv keeps ra contextual.	
Kauγé Ńeríb u Sivā́ni.	s06_l03	0	Xaidér	Xaydêr	0	Xaidér	Xaydêr	xaider	Haider, personal name			unsplit	Current word-level token gloss; no confident internal split applied.	
Kauγé Ńeríb u Sivā́ni.	s06_l03	1	aγá	ağa	0	aγá	ağa	aga	Agha			unsplit	Current word-level token gloss; no confident internal split applied.	
Kauγé Ńeríb u Sivā́ni.	s06_l03	2	we̱ríšt,	werişt	0	we̱ríšt	werişt	werist	mounted			unsplit	Current word-level token gloss; no confident internal split applied.	
Kauγé Ńeríb u Sivā́ni.	s06_l03	3	xati̥r	xatır	0	xati̥r	xatır	xatir	farewell			unsplit	Current word-level token gloss; no confident internal split applied.	
Kauγé Ńeríb u Sivā́ni.	s06_l03	4	waišt	wayşt	0	waišt	wayşt	waist	asked			unsplit	Current word-level token gloss; no confident internal split applied.	
Kauγé Ńeríb u Sivā́ni.	s06_l03	5	Avdúl’ah	Avdûlah	0	Avdúl’ah	Avdûlah	avdulah	Avdulah, personal name			unsplit	Current word-level token gloss; no confident internal split applied.	
Kauγé Ńeríb u Sivā́ni.	s06_l03	6	aγāira,	ağayra	0	aγāi	ağay	agai	Agha			high	Muller 1865, ZGP-0336; function chosen with project ra conventions.	
Kauγé Ńeríb u Sivā́ni.	s06_l03	6	aγāira,	ağayra	1	ra	ra	ra	GOAL/RECIP	postposition	relation=goal_or_recipient	high	Muller 1865, ZGP-0336; function chosen with project ra conventions.	
Kauγé Ńeríb u Sivā́ni.	s06_l03	7	Xalé̱f	Xalef	0	Xalé̱f	Xalef	xalef	Xalef, personal name			unsplit	Current word-level token gloss; no confident internal split applied.	
Kauγé Ńeríb u Sivā́ni.	s06_l03	8	aγá	ağa	0	aγá	ağa	aga	Agha			unsplit	Current word-level token gloss; no confident internal split applied.	
Kauγé Ńeríb u Sivā́ni.	s06_l03	9	ge-	gê	0	ge	gê	ge	took-			unsplit	Current word-level token gloss; no confident internal split applied.	
Kauγé Ńeríb u Sivā́ni.	s06_l04	0	raút,	rawt	0	raút	rawt	raut	took			unsplit	Current word-level token gloss; no confident internal split applied.	
Kauγé Ńeríb u Sivā́ni.	s06_l04	1	ši	şi	0	ši	şi	si	went			unsplit	Current word-level token gloss; no confident internal split applied.	
Kauγé Ńeríb u Sivā́ni.	s06_l04	2	keíye.	kêyyê	0	keíye	kêyyê	keiye	house			unsplit	Current word-level token gloss; no confident internal split applied.	
Kauγé Ńeríb u Sivā́ni.	s06_l04	3	Térek	Têrêk	0	Térek	Têrêk	terek	feud			unsplit	Current word-level token gloss; no confident internal split applied.	
Kauγé Ńeríb u Sivā́ni.	s06_l04	4	nā.	na	0	nā	na	na	ended			unsplit	Current word-level token gloss; no confident internal split applied.	
