story_id	segment_id	token_index	token_lerch	token_zazaki	morpheme_index	morpheme_surface_lerch	morpheme_normalized	lemma	gloss	pos	features	confidence	evidence	notes
Kauγé Ńeríb u Hʿyẹ̄́ni.	h01_l01	0	Kauγé	Kawğê	0	Kauγé	Kawğê	kauge	fight			unsplit	Current word-level token gloss; no confident internal split applied.	
Kauγé Ńeríb u Hʿyẹ̄́ni.	h01_l01	1	Ńeríb	Nyêrib	0	Ńeríb	Nyêrib	nerib	Nerib, place name			unsplit	Current word-level token gloss; no confident internal split applied.	
Kauγé Ńeríb u Hʿyẹ̄́ni.	h01_l01	2	u	û	0	u	û	u	and			unsplit	Current word-level token gloss; no confident internal split applied.	
Kauγé Ńeríb u Hʿyẹ̄́ni.	h01_l01	3	Hʿyẹ̄́ni.	'Hyêni	0	Hʿyẹ̄́ni	'Hyêni	hyeni	Hyeni, place name			unsplit	Current word-level token gloss; no confident internal split applied.	
Kauγé Ńeríb u Hʿyẹ̄́ni.	h01_l02	0	Vé̱ri	Veri	0	Vé̱ri	Veri	veri	first			unsplit	Current word-level token gloss; no confident internal split applied.	
Kauγé Ńeríb u Hʿyẹ̄́ni.	h01_l02	1	d̮ṓan	coan	0	d̮ṓan	coan	doan	once			unsplit	Current word-level token gloss; no confident internal split applied.	
Kauγé Ńeríb u Hʿyẹ̄́ni.	h01_l02	2	yau	yaw	0	yau	yaw	yau	one			unsplit	Current word-level token gloss; no confident internal split applied.	
Kauγé Ńeríb u Hʿyẹ̄́ni.	h01_l02	3	me̱rdṳ́m	merdûm	0	me̱rdṳ́m	merdûm	merdum	man			unsplit	Current word-level token gloss; no confident internal split applied.	
Kauγé Ńeríb u Hʿyẹ̄́ni.	h01_l02	4	Ńeríbra	Nyêribra	0	Ńeríb	Nyêrib	nerib	Nerib			high	Muller 1865, ZGP-0336; function chosen with project ra conventions.	
Kauγé Ńeríb u Hʿyẹ̄́ni.	h01_l02	4	Ńeríbra	Nyêribra	1	ra	ra	ra	ABL	postposition	relation=source	high	Muller 1865, ZGP-0336; function chosen with project ra conventions.	
Kauγé Ńeríb u Hʿyẹ̄́ni.	h01_l02	5	we̱ríšt	werişt	0	we̱ríšt	werişt	werist	set out			unsplit	Current word-level token gloss; no confident internal split applied.	
Kauγé Ńeríb u Hʿyẹ̄́ni.	h01_l02	6	šẹ̄	şê	0	šẹ̄	şê	se	went			unsplit	Current word-level token gloss; no confident internal split applied.	
Kauγé Ńeríb u Hʿyẹ̄́ni.	h01_l02	7	Daúzra	Dawzra	0	Daúz	Dawz	dauz	Dauz			medium	Contextual ra split; function checked against project ra conventions.	
Kauγé Ńeríb u Hʿyẹ̄́ni.	h01_l02	7	Daúzra	Dawzra	1	ra	ra	ra	ABL	postposition	case_or_relation=contextual	medium	Muller 1865, ZGP-0336; project glossing_conventions.tsv keeps ra contextual.	
Kauγé Ńeríb u Hʿyẹ̄́ni.	h01_l02	8	ageíra,	agêyra	0	ageíra	agêyra	ageira	set out			unsplit	Current word-level token gloss; no confident internal split applied.	
Kauγé Ńeríb u Hʿyẹ̄́ni.	h01_l03	0	āmé	amê	0	āmé	amê	ame	came			unsplit	Current word-level token gloss; no confident internal split applied.	
Kauγé Ńeríb u Hʿyẹ̄́ni.	h01_l03	1	zi̥meí	zımêy	0	zi̥meí	zımêy	zimei	north			unsplit	Current word-level token gloss; no confident internal split applied.	
Kauγé Ńeríb u Hʿyẹ̄́ni.	h01_l03	2	Hʿyẹ̄́ni.	'Hyêni	0	Hʿyẹ̄́ni	'Hyêni	hyeni	Hyeni, place name			unsplit	Current word-level token gloss; no confident internal split applied.	
Kauγé Ńeríb u Hʿyẹ̄́ni.	h01_l03	3	Yau	Yaw	0	Yau	Yaw	yau	one			unsplit	Current word-level token gloss; no confident internal split applied.	
Kauγé Ńeríb u Hʿyẹ̄́ni.	h01_l03	4	me̱rdṳ́m	merdûm	0	me̱rdṳ́m	merdûm	merdum	man			unsplit	Current word-level token gloss; no confident internal split applied.	
Kauγé Ńeríb u Hʿyẹ̄́ni.	h01_l03	5	Hʿyẹ̄́neyid̮	'Hyênêyic	0	Hʿyẹ̄́neyid̮	'Hyênêyic	hyeneyid	Hyeni person			unsplit	Current word-level token gloss; no confident internal split applied.	
Kauγé Ńeríb u Hʿyẹ̄́ni.	h01_l03	6	zi̥mé̱d̮e	zımecê	0	zi̥mé̱d̮e	zımecê	zimede	in			unsplit	Current word-level token gloss; no confident internal split applied.	
Kauγé Ńeríb u Hʿyẹ̄́ni.	h01_l03	7	χóeri	xoêri	0	χóe	xoê	xoe	self/own			high	Muller 1865, ZGP-0337-ZGP-0339 ri/ru/-i object or goal material.	
Kauγé Ńeríb u Hʿyẹ̄́ni.	h01_l03	7	χóeri	xoêri	1	ri	ri	ri	REFL/OBL	case/postposition	relation=reflexive_or_oblique	high	Muller 1865, ZGP-0337-ZGP-0339 ri/ru/-i object or goal material.	
Kauγé Ńeríb u Hʿyẹ̄́ni.	h01_l03	8	d̮it	cit	0	d̮it	cit	dit	plow			unsplit	Current word-level token gloss; no confident internal split applied.	
Kauγé Ńeríb u Hʿyẹ̄́ni.	h01_l03	9	kerdíni.	kêrdini	0	kerdíni	kêrdini	kerdini	was doing			unsplit	Current word-level token gloss; no confident internal split applied.	
Kauγé Ńeríb u Hʿyẹ̄́ni.	h01_l04	0	Ē̱n’oe	Enoê	0	Ē̱n’oe	Enoê	enoe	this			unsplit	Current word-level token gloss; no confident internal split applied.	
Kauγé Ńeríb u Hʿyẹ̄́ni.	h01_l04	1	me̱rdṳ́mu	merdûmû	0	me̱rdṳ́m	merdûm	merdum	man/person			high	Muller 1865, ZGP-0335 genitive/izafet vowels; split kept contextual.	
Kauγé Ńeríb u Hʿyẹ̄́ni.	h01_l04	1	me̱rdṳ́mu	merdûmû	1	u	û	-u	OBL/EZ	case/linker	relation=oblique_or_ezafe	medium	Muller 1865, ZGP-0335 genitive/izafet vowels; split kept contextual.	
Kauγé Ńeríb u Hʿyẹ̄́ni.	h01_l04	2	Ńerbíd̮	Nyêrbic	0	Ńeríb	Nyêrib	nerib	Nerib			high	User note on s01_l02; place-name base in affiliation form.	
Kauγé Ńeríb u Hʿyẹ̄́ni.	h01_l04	2	Ńerbíd̮	Nyêrbic	1	d̮	c	-ic	AFFIL	derivational_suffix	relation=person_from_place	medium	User note on s01_l02: nerb-ic, person from Nerib.	
Kauγé Ńeríb u Hʿyẹ̄́ni.	h01_l04	3	āmé	amê	0	āmé	amê	ame	came			unsplit	Current word-level token gloss; no confident internal split applied.	
Kauγé Ńeríb u Hʿyẹ̄́ni.	h01_l04	4	ē̱n’oe	enoê	0	ē̱n’oe	enoê	enoe	this			unsplit	Current word-level token gloss; no confident internal split applied.	
Kauγé Ńeríb u Hʿyẹ̄́ni.	h01_l04	5	me̱rdṳ́mi	merdûmi	0	me̱rdṳ́m	merdûm	merdum	man/person			high	Muller 1865, ZGP-0335 genitive/izafet vowels; split kept contextual.	
Kauγé Ńeríb u Hʿyẹ̄́ni.	h01_l04	5	me̱rdṳ́mi	merdûmi	1	i	i	-i	OBL/EZ	case/linker	relation=oblique_or_ezafe	medium	Muller 1865, ZGP-0335 genitive/izafet vowels; split kept contextual.	
Kauγé Ńeríb u Hʿyẹ̄́ni.	h01_l04	6	Hʿyẹ̄́neyid̮ra	'Hyênêyicra	0	Hʿyẹ̄́neyid̮	'Hyênêyic	hyeneyid	Hyeni person			high	Muller 1865, ZGP-0336; function chosen with project ra conventions.	
Kauγé Ńeríb u Hʿyẹ̄́ni.	h01_l04	6	Hʿyẹ̄́neyid̮ra	'Hyênêyicra	1	ra	ra	ra	ABL	postposition	relation=source	high	Muller 1865, ZGP-0336; function chosen with project ra conventions.	
Kauγé Ńeríb u Hʿyẹ̄́ni.	h01_l04	7	vā	va	0	vā	va	va	said			unsplit	Current word-level token gloss; no confident internal split applied.	
Kauγé Ńeríb u Hʿyẹ̄́ni.	h01_l05	0	ke:	kê	0	ke	kê	ke	that			unsplit	Current word-level token gloss; no confident internal split applied.	
Kauγé Ńeríb u Hʿyẹ̄́ni.	h01_l05	1	ti̥	tı	0	ti̥	tı	ti	you			unsplit	Current word-level token gloss; no confident internal split applied.	
Kauγé Ńeríb u Hʿyẹ̄́ni.	h01_l05	2	t̮i	çi	0	t̮i	çi	ti	what			unsplit	Current word-level token gloss; no confident internal split applied.	
Kauγé Ńeríb u Hʿyẹ̄́ni.	h01_l05	3	bén’i	bêni	0	b	b	be	be/take			low	Muller 1865, ZGP-0356 present -ena/-ana material.	Stem reading depends on context; word-level gloss remains the safer guide.
Kauγé Ńeríb u Hʿyẹ̄́ni.	h01_l05	3	bén’i	bêni	1	én’i	eni	-ena	PRS/FUT	suffix	tense_aspect=present_or_future	medium	Muller 1865, ZGP-0356 present -ena/-ana material.	
Kauγé Ńeríb u Hʿyẹ̄́ni.	h01_l05	4	e̱tia	etya	0	e̱tia	etya	etia	here (modern Zazaki: itiya)			unsplit	Current word-level token gloss; no confident internal split applied.	
Kauγé Ńeríb u Hʿyẹ̄́ni.	h01_l05	5	d̮it	cit	0	d̮it	cit	dit	plow			unsplit	Current word-level token gloss; no confident internal split applied.	
Kauγé Ńeríb u Hʿyẹ̄́ni.	h01_l05	6	kén’i.	kêni	0	k	k	kerd	do/make			medium	Muller 1865, ZGP-0356 present -ena/-ana material.	
Kauγé Ńeríb u Hʿyẹ̄́ni.	h01_l05	6	kén’i.	kêni	1	én’i	eni	-ena	PRS	suffix	tense_aspect=present	medium	Muller 1865, ZGP-0356 present -ena/-ana material.	
Kauγé Ńeríb u Hʿyẹ̄́ni.	h01_l05	7	Me̱rdṳ́mi	Merdûmi	0	me̱rdṳ́m	merdûm	merdum	man/person			high	Muller 1865, ZGP-0335 genitive/izafet vowels; split kept contextual.	
Kauγé Ńeríb u Hʿyẹ̄́ni.	h01_l05	7	Me̱rdṳ́mi	Merdûmi	1	i	i	-i	OBL/EZ	case/linker	relation=oblique_or_ezafe	medium	Muller 1865, ZGP-0335 genitive/izafet vowels; split kept contextual.	
Kauγé Ńeríb u Hʿyẹ̄́ni.	h01_l05	8	Hʿyẹ̄́neyid̮i	'Hyênêyici	0	Hʿyẹ̄́neyid̮i	'Hyênêyici	hyeneyidi	Hyeni person			unsplit	Current word-level token gloss; no confident internal split applied.	
Kauγé Ńeríb u Hʿyẹ̄́ni.	h01_l05	9	vā	va	0	vā	va	va	said			unsplit	Current word-level token gloss; no confident internal split applied.	
Kauγé Ńeríb u Hʿyẹ̄́ni.	h01_l05	10	ke:	kê	0	ke	kê	ke	that			unsplit	Current word-level token gloss; no confident internal split applied.	
Kauγé Ńeríb u Hʿyẹ̄́ni.	h01_l05	11	e̱z	ez	0	e̱z	ez	ez	I			unsplit	Current word-level token gloss; no confident internal split applied.	
Kauγé Ńeríb u Hʿyẹ̄́ni.	h01_l05	12	γi̥zmkā́ri	ğızmkari	0	γi̥zmkā́ri	ğızmkari	gizmkari	servant			unsplit	Current word-level token gloss; no confident internal split applied.	
Kauγé Ńeríb u Hʿyẹ̄́ni.	h01_l06	0	Mél’a	Mêla	0	Mél’a	Mêla	mela	Mela, religious title			unsplit	Current word-level token gloss; no confident internal split applied.	
Kauγé Ńeríb u Hʿyẹ̄́ni.	h01_l06	1	Haseíni	Hasêyni	0	Haseíni	Hasêyni	haseini	Hasein, personal name			unsplit	Current word-level token gloss; no confident internal split applied.	
Kauγé Ńeríb u Hʿyẹ̄́ni.	h01_l06	2	Muγaráya,	Mûğaraya	0	Muγaráya	Mûğaraya	mugaraya	Muyara, name			unsplit	Current word-level token gloss; no confident internal split applied.	
Kauγé Ńeríb u Hʿyẹ̄́ni.	h01_l06	3	e̱tia	etya	0	e̱tia	etya	etia	here (modern Zazaki: itiya)			unsplit	Current word-level token gloss; no confident internal split applied.	
Kauγé Ńeríb u Hʿyẹ̄́ni.	h01_l06	4	d̮it	cit	0	d̮it	cit	dit	plow			unsplit	Current word-level token gloss; no confident internal split applied.	
Kauγé Ńeríb u Hʿyẹ̄́ni.	h01_l06	5	kén’a.	kêna	0	k	k	kerd	do/make			medium	Muller 1865, ZGP-0356 present -ena/-ana material.	
Kauγé Ńeríb u Hʿyẹ̄́ni.	h01_l06	5	kén’a.	kêna	1	én’a	ena	-ena	PRS.1SG	suffix	tense_aspect=present;person=1;number=singular	medium	Muller 1865, ZGP-0356 present -ena/-ana material.	
Kauγé Ńeríb u Hʿyẹ̄́ni.	h01_l06	6	Me̱rdṳ́mi	Merdûmi	0	me̱rdṳ́m	merdûm	merdum	man/person			high	Muller 1865, ZGP-0335 genitive/izafet vowels; split kept contextual.	
Kauγé Ńeríb u Hʿyẹ̄́ni.	h01_l06	6	Me̱rdṳ́mi	Merdûmi	1	i	i	-i	OBL/EZ	case/linker	relation=oblique_or_ezafe	medium	Muller 1865, ZGP-0335 genitive/izafet vowels; split kept contextual.	
Kauγé Ńeríb u Hʿyẹ̄́ni.	h01_l06	7	Ńerbíd̮	Nyêrbic	0	Ńeríb	Nyêrib	nerib	Nerib			high	User note on s01_l02; place-name base in affiliation form.	
Kauγé Ńeríb u Hʿyẹ̄́ni.	h01_l06	7	Ńerbíd̮	Nyêrbic	1	d̮	c	-ic	AFFIL	derivational_suffix	relation=person_from_place	medium	User note on s01_l02: nerb-ic, person from Nerib.	
Kauγé Ńeríb u Hʿyẹ̄́ni.	h01_l07	0	vā	va	0	vā	va	va	said			unsplit	Current word-level token gloss; no confident internal split applied.	
Kauγé Ńeríb u Hʿyẹ̄́ni.	h01_l07	1	ke:	kê	0	ke	kê	ke	that			unsplit	Current word-level token gloss; no confident internal split applied.	
Kauγé Ńeríb u Hʿyẹ̄́ni.	h01_l07	2	Mél’a	Mêla	0	Mél’a	Mêla	mela	Mela, religious title			unsplit	Current word-level token gloss; no confident internal split applied.	
Kauγé Ńeríb u Hʿyẹ̄́ni.	h01_l07	3	Haseíni	Hasêyni	0	Haseíni	Hasêyni	haseini	Hasein, personal name			unsplit	Current word-level token gloss; no confident internal split applied.	
Kauγé Ńeríb u Hʿyẹ̄́ni.	h01_l07	4	Muyará	Mûyara	0	Muyará	Mûyara	muyara	Muyara, name			unsplit	Current word-level token gloss; no confident internal split applied.	
Kauγé Ńeríb u Hʿyẹ̄́ni.	h01_l07	5	χóera	xoêra	0	χóe	xoê	xoe	self/own			high	Muller 1865, ZGP-0336; function chosen with project ra conventions.	
Kauγé Ńeríb u Hʿyẹ̄́ni.	h01_l07	5	χóera	xoêra	1	ra	ra	ra	REFL/RECIP	postposition	relation=reflexive_or_recipient	high	Muller 1865, ZGP-0336; function chosen with project ra conventions.	
Kauγé Ńeríb u Hʿyẹ̄́ni.	h01_l07	6	dišméniménu,	dişmênimênû	0	dišméniménu	dişmênimênû	dismenimenu	is my enemy			unsplit	Current word-level token gloss; no confident internal split applied.	
Kauγé Ńeríb u Hʿyẹ̄́ni.	h01_l07	7	wéχtipī́riki	wêxtipiriki	0	wéχtipī́riki	wêxtipiriki	wextipiriki	grandfather's time			unsplit	Current word-level token gloss; no confident internal split applied.	
Kauγé Ńeríb u Hʿyẹ̄́ni.	h01_l07	8	mi̥de	mıdê	0	mi̥de	mıdê	mide	with			unsplit	Current word-level token gloss; no confident internal split applied.	
Kauγé Ńeríb u Hʿyẹ̄́ni.	h01_l08	0	yau	yaw	0	yau	yaw	yau	one			unsplit	Current word-level token gloss; no confident internal split applied.	
Kauγé Ńeríb u Hʿyẹ̄́ni.	h01_l08	1	γi̥zmkā́ri	ğızmkari	0	γi̥zmkā́ri	ğızmkari	gizmkari	servant			unsplit	Current word-level token gloss; no confident internal split applied.	
Kauγé Ńeríb u Hʿyẹ̄́ni.	h01_l08	2	pī́riki	piriki	0	pī́riki	piriki	piriki	grandfather			unsplit	Current word-level token gloss; no confident internal split applied.	
Kauγé Ńeríb u Hʿyẹ̄́ni.	h01_l08	3	min	min	0	min	min	min	1SG			unsplit	Current word-level token gloss; no confident internal split applied.	
Kauγé Ńeríb u Hʿyẹ̄́ni.	h01_l08	4	kištu,	kiştû	0	kištu	kiştû	kistu	killed			unsplit	Current word-level token gloss; no confident internal split applied.	
Kauγé Ńeríb u Hʿyẹ̄́ni.	h01_l08	5	e̱z	ez	0	e̱z	ez	ez	I			unsplit	Current word-level token gloss; no confident internal split applied.	
Kauγé Ńeríb u Hʿyẹ̄́ni.	h01_l08	6	eíroe	êyroê	0	eíroe	êyroê	eiroe	today			unsplit	Current word-level token gloss; no confident internal split applied.	
Kauγé Ńeríb u Hʿyẹ̄́ni.	h01_l08	7	hʿeífi	'hêyfi	0	hʿeífi	'hêyfi	heifi	revenge			unsplit	Current word-level token gloss; no confident internal split applied.	
Kauγé Ńeríb u Hʿyẹ̄́ni.	h01_l08	8	túera	twêra	0	túe	twê	tue	2SG.OBL			high	Muller 1865, ZGP-0336; function chosen with project ra conventions.	
Kauγé Ńeríb u Hʿyẹ̄́ni.	h01_l08	8	túera	twêra	1	ra	ra	ra	ABL/RECIP	postposition	relation=contextual	high	Muller 1865, ZGP-0336; function chosen with project ra conventions.	
Kauγé Ńeríb u Hʿyẹ̄́ni.	h01_l08	9	ǵen’u.	gênû	0	ǵen’u	gênû	genu	I take			unsplit	Current word-level token gloss; no confident internal split applied.	
Kauγé Ńeríb u Hʿyẹ̄́ni.	h01_l08	10	Me̱rdṳ́mi	Merdûmi	0	me̱rdṳ́m	merdûm	merdum	man/person			high	Muller 1865, ZGP-0335 genitive/izafet vowels; split kept contextual.	
Kauγé Ńeríb u Hʿyẹ̄́ni.	h01_l08	10	Me̱rdṳ́mi	Merdûmi	1	i	i	-i	OBL/EZ	case/linker	relation=oblique_or_ezafe	medium	Muller 1865, ZGP-0335 genitive/izafet vowels; split kept contextual.	
Kauγé Ńeríb u Hʿyẹ̄́ni.	h01_l09	0	Hʿyẹ̄́neyid̮i	'Hyênêyici	0	Hʿyẹ̄́neyid̮i	'Hyênêyici	hyeneyidi	Hyeni person			unsplit	Current word-level token gloss; no confident internal split applied.	
Kauγé Ńeríb u Hʿyẹ̄́ni.	h01_l09	1	vā	va	0	vā	va	va	said			unsplit	Current word-level token gloss; no confident internal split applied.	
Kauγé Ńeríb u Hʿyẹ̄́ni.	h01_l09	2	ke:	kê	0	ke	kê	ke	that			unsplit	Current word-level token gloss; no confident internal split applied.	
Kauγé Ńeríb u Hʿyẹ̄́ni.	h01_l09	3	e̱z	ez	0	e̱z	ez	ez	I			unsplit	Current word-level token gloss; no confident internal split applied.	
Kauγé Ńeríb u Hʿyẹ̄́ni.	h01_l09	4	γi̥zmkā́ra,	ğızmkara	0	γi̥zmkā́ra	ğızmkara	gizmkara	servant			unsplit	Current word-level token gloss; no confident internal split applied.	
Kauγé Ńeríb u Hʿyẹ̄́ni.	h01_l09	5	de̱rdi	derdi	0	de̱rdi	derdi	derdi	grief			unsplit	Current word-level token gloss; no confident internal split applied.	
Kauγé Ńeríb u Hʿyẹ̄́ni.	h01_l09	6	tue	twê	0	tue	twê	tue	your			unsplit	Current word-level token gloss; no confident internal split applied.	
Kauγé Ńeríb u Hʿyẹ̄́ni.	h01_l09	7	é̱be	ebê	0	é̱be	ebê	ebe	through			unsplit	Current word-level token gloss; no confident internal split applied.	
Kauγé Ńeríb u Hʿyẹ̄́ni.	h01_l09	8	me	mê	0	me	mê	me	1SG			unsplit	Current word-level token gloss; no confident internal split applied.	
Kauγé Ńeríb u Hʿyẹ̄́ni.	h01_l09	9	de̱rmā́ṅ	dermang	0	de̱rmā́ṅ	dermang	derman	remedy			unsplit	Current word-level token gloss; no confident internal split applied.	
Kauγé Ńeríb u Hʿyẹ̄́ni.	h01_l09	10	ńebén’u.	nyêbênû	0	ńe	ne	ne-	NEG	prefix	polarity=negative	high	Lerch corpus pattern plus modern Zazaki comparison: ne-/ńe- negative prefix.	
Kauγé Ńeríb u Hʿyẹ̄́ni.	h01_l09	10	ńebén’u.	nyêbênû	1	bén’u	bênû	benu	be			high	Lerch corpus pattern plus modern Zazaki comparison: ne-/ńe- negative prefix.	
Kauγé Ńeríb u Hʿyẹ̄́ni.	h01_l10	0	Me̱rdṳ́mi	Merdûmi	0	me̱rdṳ́m	merdûm	merdum	man/person			high	Muller 1865, ZGP-0335 genitive/izafet vowels; split kept contextual.	
Kauγé Ńeríb u Hʿyẹ̄́ni.	h01_l10	0	Me̱rdṳ́mi	Merdûmi	1	i	i	-i	OBL/EZ	case/linker	relation=oblique_or_ezafe	medium	Muller 1865, ZGP-0335 genitive/izafet vowels; split kept contextual.	
Kauγé Ńeríb u Hʿyẹ̄́ni.	h01_l10	1	Ńerbíd̮i	Nyêrbici	0	Ńeríb	Nyêrib	nerib	Nerib			high	Muller 1865, ZGP-0335 genitive/izafet vowels; split kept contextual.; user note on s01_l02.	
Kauγé Ńeríb u Hʿyẹ̄́ni.	h01_l10	1	Ńerbíd̮i	Nyêrbici	1	d̮	c	-ic	AFFIL	derivational_suffix	relation=person_from_place	medium	User note on s01_l02: nerb-ic, person from Nerib.	
Kauγé Ńeríb u Hʿyẹ̄́ni.	h01_l10	1	Ńerbíd̮i	Nyêrbici	2	i	i	-i	OBL/EZ	case/linker	relation=oblique_or_ezafe	medium	Muller 1865, ZGP-0335 genitive/izafet vowels; split kept contextual.	
Kauγé Ńeríb u Hʿyẹ̄́ni.	h01_l10	2	vā	va	0	vā	va	va	said			unsplit	Current word-level token gloss; no confident internal split applied.	
Kauγé Ńeríb u Hʿyẹ̄́ni.	h01_l10	3	ke:	kê	0	ke	kê	ke	that			unsplit	Current word-level token gloss; no confident internal split applied.	
Kauγé Ńeríb u Hʿyẹ̄́ni.	h01_l10	4	e̱z	ez	0	e̱z	ez	ez	I			unsplit	Current word-level token gloss; no confident internal split applied.	
Kauγé Ńeríb u Hʿyẹ̄́ni.	h01_l10	5	túe	twê	0	túe	twê	tue	your			unsplit	Current word-level token gloss; no confident internal split applied.	
Kauγé Ńeríb u Hʿyẹ̄́ni.	h01_l10	6	kišén’a.	kişêna	0	kiš	kiş	kist	kill			high	Muller 1865, ZGP-0356 present -ena/-ana material.	
Kauγé Ńeríb u Hʿyẹ̄́ni.	h01_l10	6	kišén’a.	kişêna	1	én’a	ena	-ena	PRS/FUT.1SG	suffix	tense_aspect=present_or_future;person=1;number=singular	medium	Muller 1865, ZGP-0356 present -ena/-ana material.	
Kauγé Ńeríb u Hʿyẹ̄́ni.	h01_l10	7	Me̱rdṳ́mi	Merdûmi	0	me̱rdṳ́m	merdûm	merdum	man/person			high	Muller 1865, ZGP-0335 genitive/izafet vowels; split kept contextual.	
Kauγé Ńeríb u Hʿyẹ̄́ni.	h01_l10	7	Me̱rdṳ́mi	Merdûmi	1	i	i	-i	OBL/EZ	case/linker	relation=oblique_or_ezafe	medium	Muller 1865, ZGP-0335 genitive/izafet vowels; split kept contextual.	
Kauγé Ńeríb u Hʿyẹ̄́ni.	h01_l10	8	Hʿyẹ̄́neyid̮i	'Hyênêyici	0	Hʿyẹ̄́neyid̮i	'Hyênêyici	hyeneyidi	Hyeni person			unsplit	Current word-level token gloss; no confident internal split applied.	
Kauγé Ńeríb u Hʿyẹ̄́ni.	h01_l10	9	šẹ̄	şê	0	šẹ̄	şê	se	went			unsplit	Current word-level token gloss; no confident internal split applied.	
Kauγé Ńeríb u Hʿyẹ̄́ni.	h01_l10	10	t̮é̱ki	çeki	0	t̮é̱ki	çeki	teki	weapon			unsplit	Current word-level token gloss; no confident internal split applied.	
Kauγé Ńeríb u Hʿyẹ̄́ni.	h02_l01	0	χóe	xoê	0	χóe	xoê	xoe	own			unsplit	Current word-level token gloss; no confident internal split applied.	
Kauγé Ńeríb u Hʿyẹ̄́ni.	h02_l01	1	geraúti	gêrawti	0	geraúti	gêrawti	gerauti	took			unsplit	Current word-level token gloss; no confident internal split applied.	
Kauγé Ńeríb u Hʿyẹ̄́ni.	h02_l01	2	ti̥rsi	tırsi	0	ti̥rsi	tırsi	tirsi	pistols			unsplit	Current word-level token gloss; no confident internal split applied.	
Kauγé Ńeríb u Hʿyẹ̄́ni.	h02_l01	3	χóe	xoê	0	χóe	xoê	xoe	own			unsplit	Current word-level token gloss; no confident internal split applied.	
Kauγé Ńeríb u Hʿyẹ̄́ni.	h02_l01	4	kerd,	kêrd	0	kerd	kêrd	kerd	did			unsplit	Current word-level token gloss; no confident internal split applied.	
Kauγé Ńeríb u Hʿyẹ̄́ni.	h02_l01	5	χo	xo	0	χo	xo	xo	own			unsplit	Current word-level token gloss; no confident internal split applied.	
Kauγé Ńeríb u Hʿyẹ̄́ni.	h02_l01	6	dest	dêst	0	dest	dêst	dest	hand			unsplit	Current word-level token gloss; no confident internal split applied.	
Kauγé Ńeríb u Hʿyẹ̄́ni.	h02_l01	7	šimšyéri	şimşyêri	0	šimšyéri	şimşyêri	simsyeri	sword			unsplit	Current word-level token gloss; no confident internal split applied.	
Kauγé Ńeríb u Hʿyẹ̄́ni.	h02_l01	8	χóe	xoê	0	χóe	xoê	xoe	own			unsplit	Current word-level token gloss; no confident internal split applied.	
Kauγé Ńeríb u Hʿyẹ̄́ni.	h02_l01	9	weránd,	wêrand	0	weránd	wêrand	werand	put			unsplit	Current word-level token gloss; no confident internal split applied.	
Kauγé Ńeríb u Hʿyẹ̄́ni.	h02_l01	10	šẹ̄	şê	0	šẹ̄	şê	se	went			unsplit	Current word-level token gloss; no confident internal split applied.	
Kauγé Ńeríb u Hʿyẹ̄́ni.	h02_l01	11	me̱rdṳ́mi	merdûmi	0	me̱rdṳ́m	merdûm	merdum	man/person			high	Muller 1865, ZGP-0335 genitive/izafet vowels; split kept contextual.	
Kauγé Ńeríb u Hʿyẹ̄́ni.	h02_l01	11	me̱rdṳ́mi	merdûmi	1	i	i	-i	OBL/EZ	case/linker	relation=oblique_or_ezafe	medium	Muller 1865, ZGP-0335 genitive/izafet vowels; split kept contextual.	
Kauγé Ńeríb u Hʿyẹ̄́ni.	h02_l02	0	Ńerbíd̮i	Nyêrbici	0	Ńeríb	Nyêrib	nerib	Nerib			high	Muller 1865, ZGP-0335 genitive/izafet vowels; split kept contextual.; user note on s01_l02.	
Kauγé Ńeríb u Hʿyẹ̄́ni.	h02_l02	0	Ńerbíd̮i	Nyêrbici	1	d̮	c	-ic	AFFIL	derivational_suffix	relation=person_from_place	medium	User note on s01_l02: nerb-ic, person from Nerib.	
Kauγé Ńeríb u Hʿyẹ̄́ni.	h02_l02	0	Ńerbíd̮i	Nyêrbici	2	i	i	-i	OBL/EZ	case/linker	relation=oblique_or_ezafe	medium	Muller 1865, ZGP-0335 genitive/izafet vowels; split kept contextual.	
Kauγé Ńeríb u Hʿyẹ̄́ni.	h02_l02	1	ser.	sêr	0	ser	sêr	ser	against			unsplit	Current word-level token gloss; no confident internal split applied.	
Kauγé Ńeríb u Hʿyẹ̄́ni.	h02_l02	2	Me̱rdṳ́mi	Merdûmi	0	me̱rdṳ́m	merdûm	merdum	man/person			high	Muller 1865, ZGP-0335 genitive/izafet vowels; split kept contextual.	
Kauγé Ńeríb u Hʿyẹ̄́ni.	h02_l02	2	Me̱rdṳ́mi	Merdûmi	1	i	i	-i	OBL/EZ	case/linker	relation=oblique_or_ezafe	medium	Muller 1865, ZGP-0335 genitive/izafet vowels; split kept contextual.	
Kauγé Ńeríb u Hʿyẹ̄́ni.	h02_l02	3	Ńerbíd̮i	Nyêrbici	0	Ńeríb	Nyêrib	nerib	Nerib			high	Muller 1865, ZGP-0335 genitive/izafet vowels; split kept contextual.; user note on s01_l02.	
Kauγé Ńeríb u Hʿyẹ̄́ni.	h02_l02	3	Ńerbíd̮i	Nyêrbici	1	d̮	c	-ic	AFFIL	derivational_suffix	relation=person_from_place	medium	User note on s01_l02: nerb-ic, person from Nerib.	
Kauγé Ńeríb u Hʿyẹ̄́ni.	h02_l02	3	Ńerbíd̮i	Nyêrbici	2	i	i	-i	OBL/EZ	case/linker	relation=oblique_or_ezafe	medium	Muller 1865, ZGP-0335 genitive/izafet vowels; split kept contextual.	
Kauγé Ńeríb u Hʿyẹ̄́ni.	h02_l02	4	widá	wida	0	widá	wida	wida	at once			unsplit	Current word-level token gloss; no confident internal split applied.	
Kauγé Ńeríb u Hʿyẹ̄́ni.	h02_l02	5	vázda,	vazda	0	vázda	vazda	vazda	sprang up			unsplit	Current word-level token gloss; no confident internal split applied.	
Kauγé Ńeríb u Hʿyẹ̄́ni.	h02_l02	6	šẹ̄	şê	0	šẹ̄	şê	se	went			unsplit	Current word-level token gloss; no confident internal split applied.	
Kauγé Ńeríb u Hʿyẹ̄́ni.	h02_l02	7	t̮é̱ki	çeki	0	t̮é̱ki	çeki	teki	weapon			unsplit	Current word-level token gloss; no confident internal split applied.	
Kauγé Ńeríb u Hʿyẹ̄́ni.	h02_l02	8	me̱rdṳ́mi	merdûmi	0	me̱rdṳ́m	merdûm	merdum	man/person			high	Muller 1865, ZGP-0335 genitive/izafet vowels; split kept contextual.	
Kauγé Ńeríb u Hʿyẹ̄́ni.	h02_l02	8	me̱rdṳ́mi	merdûmi	1	i	i	-i	OBL/EZ	case/linker	relation=oblique_or_ezafe	medium	Muller 1865, ZGP-0335 genitive/izafet vowels; split kept contextual.	
Kauγé Ńeríb u Hʿyẹ̄́ni.	h02_l02	9	Hʿyẹ̄́nid̮i	'Hyênici	0	Hʿyẹ̄́nid̮i	'Hyênici	hyenidi	Hyeni man			unsplit	Current word-level token gloss; no confident internal split applied.	
Kauγé Ńeríb u Hʿyẹ̄́ni.	h02_l03	0	terá	têra	0	terá	têra	tera	from			unsplit	Current word-level token gloss; no confident internal split applied.	
Kauγé Ńeríb u Hʿyẹ̄́ni.	h02_l03	1	geraút,	gêrawt	0	geraút	gêrawt	geraut	took			unsplit	Current word-level token gloss; no confident internal split applied.	
Kauγé Ńeríb u Hʿyẹ̄́ni.	h02_l03	2	pei	pêy	0	pei	pêy	pei	after			unsplit	Current word-level token gloss; no confident internal split applied.	
Kauγé Ńeríb u Hʿyẹ̄́ni.	h02_l03	3	séri	sêri	0	séri	sêri	seri	head			unsplit	Current word-level token gloss; no confident internal split applied.	
Kauγé Ńeríb u Hʿyẹ̄́ni.	h02_l03	4	me̱rdṳ́mi	merdûmi	0	me̱rdṳ́m	merdûm	merdum	man/person			high	Muller 1865, ZGP-0335 genitive/izafet vowels; split kept contextual.	
Kauγé Ńeríb u Hʿyẹ̄́ni.	h02_l03	4	me̱rdṳ́mi	merdûmi	1	i	i	-i	OBL/EZ	case/linker	relation=oblique_or_ezafe	medium	Muller 1865, ZGP-0335 genitive/izafet vowels; split kept contextual.	
Kauγé Ńeríb u Hʿyẹ̄́ni.	h02_l03	5	Hʿyẹ̄́nid̮i	'Hyênici	0	Hʿyẹ̄́nid̮i	'Hyênici	hyenidi	Hyeni man			unsplit	Current word-level token gloss; no confident internal split applied.	
Kauγé Ńeríb u Hʿyẹ̄́ni.	h02_l03	6	terá	têra	0	terá	têra	tera	from			unsplit	Current word-level token gloss; no confident internal split applied.	
Kauγé Ńeríb u Hʿyẹ̄́ni.	h02_l03	7	kerd	kêrd	0	kerd	kêrd	kerd	did			unsplit	Current word-level token gloss; no confident internal split applied.	
Kauγé Ńeríb u Hʿyẹ̄́ni.	h02_l03	8	kišt,	kişt	0	kišt	kişt	kist	killed			unsplit	Current word-level token gloss; no confident internal split applied.	
Kauγé Ńeríb u Hʿyẹ̄́ni.	h02_l03	9	dade	dadê	0	dade	dadê	dade	corpse			unsplit	Current word-level token gloss; no confident internal split applied.	
Kauγé Ńeríb u Hʿyẹ̄́ni.	h02_l04	0	ver	vêr	0	ver	vêr	ver	front			unsplit	Current word-level token gloss; no confident internal split applied.	
Kauγé Ńeríb u Hʿyẹ̄́ni.	h02_l04	1	da,	da	0	da	da	da	gave			unsplit	Current word-level token gloss; no confident internal split applied.	
Kauγé Ńeríb u Hʿyẹ̄́ni.	h02_l04	2	šẹ̄	şê	0	šẹ̄	şê	se	went			unsplit	Current word-level token gloss; no confident internal split applied.	
Kauγé Ńeríb u Hʿyẹ̄́ni.	h02_l04	3	Ńeríb	Nyêrib	0	Ńeríb	Nyêrib	nerib	Nerib, place name			unsplit	Current word-level token gloss; no confident internal split applied.	
Kauγé Ńeríb u Hʿyẹ̄́ni.	h02_l04	4	Xalé̱f	Xalef	0	Xalé̱f	Xalef	xalef	Xalef, personal name			unsplit	Current word-level token gloss; no confident internal split applied.	
Kauγé Ńeríb u Hʿyẹ̄́ni.	h02_l04	5	aγái	ağay	0	aγái	ağay	agai	Agha, title			unsplit	Current word-level token gloss; no confident internal split applied.	
Kauγé Ńeríb u Hʿyẹ̄́ni.	h02_l04	6	het,	hêt	0	het	hêt	het	to			unsplit	Current word-level token gloss; no confident internal split applied.	
Kauγé Ńeríb u Hʿyẹ̄́ni.	h02_l04	7	yéra	yêra	0	yé	yê	ye	him			medium	Contextual ra split; function checked against project ra conventions.	
Kauγé Ńeríb u Hʿyẹ̄́ni.	h02_l04	7	yéra	yêra	1	ra	ra	ra	RECIP	postposition	case_or_relation=contextual	medium	Muller 1865, ZGP-0336; project glossing_conventions.tsv keeps ra contextual.	
Kauγé Ńeríb u Hʿyẹ̄́ni.	h02_l04	8	vā	va	0	vā	va	va	said			unsplit	Current word-level token gloss; no confident internal split applied.	
Kauγé Ńeríb u Hʿyẹ̄́ni.	h02_l04	9	ke:	kê	0	ke	kê	ke	that			unsplit	Current word-level token gloss; no confident internal split applied.	
Kauγé Ńeríb u Hʿyẹ̄́ni.	h02_l04	10	me	mê	0	me	mê	me	1SG			unsplit	Current word-level token gloss; no confident internal split applied.	
Kauγé Ńeríb u Hʿyẹ̄́ni.	h02_l04	11	yau	yaw	0	yau	yaw	yau	one			unsplit	Current word-level token gloss; no confident internal split applied.	
Kauγé Ńeríb u Hʿyẹ̄́ni.	h02_l04	12	me̱rdṳ́mu	merdûmû	0	me̱rdṳ́m	merdûm	merdum	man/person			high	Muller 1865, ZGP-0335 genitive/izafet vowels; split kept contextual.	
Kauγé Ńeríb u Hʿyẹ̄́ni.	h02_l04	12	me̱rdṳ́mu	merdûmû	1	u	û	-u	OBL/EZ	case/linker	relation=oblique_or_ezafe	medium	Muller 1865, ZGP-0335 genitive/izafet vowels; split kept contextual.	
Kauγé Ńeríb u Hʿyẹ̄́ni.	h02_l05	0	Hʿyẹ̄́neyid̮	'Hyênêyic	0	Hʿyẹ̄́neyid̮	'Hyênêyic	hyeneyid	Hyeni person			unsplit	Current word-level token gloss; no confident internal split applied.	
Kauγé Ńeríb u Hʿyẹ̄́ni.	h02_l05	1	kišt.	kişt	0	kišt	kişt	kist	killed			unsplit	Current word-level token gloss; no confident internal split applied.	
Kauγé Ńeríb u Hʿyẹ̄́ni.	h02_l05	2	Xalé̱f	Xalef	0	Xalé̱f	Xalef	xalef	Xalef, personal name			unsplit	Current word-level token gloss; no confident internal split applied.	
Kauγé Ńeríb u Hʿyẹ̄́ni.	h02_l05	3	aγái	ağay	0	aγái	ağay	agai	Agha, title			unsplit	Current word-level token gloss; no confident internal split applied.	
Kauγé Ńeríb u Hʿyẹ̄́ni.	h02_l05	4	ye	yê	0	ye	yê	ye	she			unsplit	Current word-level token gloss; no confident internal split applied.	
Kauγé Ńeríb u Hʿyẹ̄́ni.	h02_l05	5	me̱rdṳ́mra	merdûmra	0	me̱rdṳ́m	merdûm	merdum	man			medium	Contextual ra split; function checked against project ra conventions.	
Kauγé Ńeríb u Hʿyẹ̄́ni.	h02_l05	5	me̱rdṳ́mra	merdûmra	1	ra	ra	ra	RECIP	postposition	case_or_relation=contextual	medium	Muller 1865, ZGP-0336; project glossing_conventions.tsv keeps ra contextual.	
Kauγé Ńeríb u Hʿyẹ̄́ni.	h02_l05	6	vā	va	0	vā	va	va	said			unsplit	Current word-level token gloss; no confident internal split applied.	
Kauγé Ńeríb u Hʿyẹ̄́ni.	h02_l05	7	ke:	kê	0	ke	kê	ke	that			unsplit	Current word-level token gloss; no confident internal split applied.	
Kauγé Ńeríb u Hʿyẹ̄́ni.	h02_l05	8	me̱rdṳ́mu	merdûmû	0	me̱rdṳ́m	merdûm	merdum	man/person			high	Muller 1865, ZGP-0335 genitive/izafet vowels; split kept contextual.	
Kauγé Ńeríb u Hʿyẹ̄́ni.	h02_l05	8	me̱rdṳ́mu	merdûmû	1	u	û	-u	OBL/EZ	case/linker	relation=oblique_or_ezafe	medium	Muller 1865, ZGP-0335 genitive/izafet vowels; split kept contextual.	
Kauγé Ńeríb u Hʿyẹ̄́ni.	h02_l05	9	Hʿyẹ̄́neyid̮u	'Hyênêyicû	0	Hʿyẹ̄́neyid̮u	'Hyênêyicû	hyeneyidu	Hyeni person			unsplit	Current word-level token gloss; no confident internal split applied.	
Kauγé Ńeríb u Hʿyẹ̄́ni.	h02_l06	0	tu	tû	0	tu	tû	tu	you			unsplit	Current word-level token gloss; no confident internal split applied.	
Kauγé Ńeríb u Hʿyẹ̄́ni.	h02_l06	1	kištu,	kiştû	0	kištu	kiştû	kistu	killed			unsplit	Current word-level token gloss; no confident internal split applied.	
Kauγé Ńeríb u Hʿyẹ̄́ni.	h02_l06	2	me̱rdṳ́mi	merdûmi	0	me̱rdṳ́m	merdûm	merdum	man/person			high	Muller 1865, ZGP-0335 genitive/izafet vowels; split kept contextual.	
Kauγé Ńeríb u Hʿyẹ̄́ni.	h02_l06	2	me̱rdṳ́mi	merdûmi	1	i	i	-i	OBL/EZ	case/linker	relation=oblique_or_ezafe	medium	Muller 1865, ZGP-0335 genitive/izafet vowels; split kept contextual.	
Kauγé Ńeríb u Hʿyẹ̄́ni.	h02_l06	3	qāmyu.	qamyû	0	qāmyu	qamyû	qamyu	what kind			unsplit	Current word-level token gloss; no confident internal split applied.	
Kauγé Ńeríb u Hʿyẹ̄́ni.	h02_l06	4	Ye	Yê	0	Ye	Yê	ye	she			unsplit	Current word-level token gloss; no confident internal split applied.	
Kauγé Ńeríb u Hʿyẹ̄́ni.	h02_l06	5	me̱rdṳ́m	merdûm	0	me̱rdṳ́m	merdûm	merdum	man			unsplit	Current word-level token gloss; no confident internal split applied.	
Kauγé Ńeríb u Hʿyẹ̄́ni.	h02_l06	6	Xalé̱f	Xalef	0	Xalé̱f	Xalef	xalef	Xalef, personal name			unsplit	Current word-level token gloss; no confident internal split applied.	
Kauγé Ńeríb u Hʿyẹ̄́ni.	h02_l06	7	aγáira	ağayra	0	aγái	ağay	agai	Agha			high	Muller 1865, ZGP-0336; function chosen with project ra conventions.	
Kauγé Ńeríb u Hʿyẹ̄́ni.	h02_l06	7	aγáira	ağayra	1	ra	ra	ra	GOAL/RECIP	postposition	relation=goal_or_recipient	high	Muller 1865, ZGP-0336; function chosen with project ra conventions.	
Kauγé Ńeríb u Hʿyẹ̄́ni.	h02_l06	8	vā	va	0	vā	va	va	said			unsplit	Current word-level token gloss; no confident internal split applied.	
Kauγé Ńeríb u Hʿyẹ̄́ni.	h02_l07	0	ke:	kê	0	ke	kê	ke	that			unsplit	Current word-level token gloss; no confident internal split applied.	
Kauγé Ńeríb u Hʿyẹ̄́ni.	h02_l07	1	γi̥zmkā́ri	ğızmkari	0	γi̥zmkā́ri	ğızmkari	gizmkari	servant			unsplit	Current word-level token gloss; no confident internal split applied.	
Kauγé Ńeríb u Hʿyẹ̄́ni.	h02_l07	2	Mél’a	Mêla	0	Mél’a	Mêla	mela	Mela, religious title			unsplit	Current word-level token gloss; no confident internal split applied.	
Kauγé Ńeríb u Hʿyẹ̄́ni.	h02_l07	3	Haseíni	Hasêyni	0	Haseíni	Hasêyni	haseini	Hasein, personal name			unsplit	Current word-level token gloss; no confident internal split applied.	
Kauγé Ńeríb u Hʿyẹ̄́ni.	h02_l07	4	Muyeraú.	Mûyêraw	0	Muyeraú	Mûyêraw	muyerau	Muyara, name			unsplit	Current word-level token gloss; no confident internal split applied.	
Kauγé Ńeríb u Hʿyẹ̄́ni.	h02_l07	5	Xalé̱f	Xalef	0	Xalé̱f	Xalef	xalef	Xalef, personal name			unsplit	Current word-level token gloss; no confident internal split applied.	
Kauγé Ńeríb u Hʿyẹ̄́ni.	h02_l07	6	aγá	ağa	0	aγá	ağa	aga	Agha, title			unsplit	Current word-level token gloss; no confident internal split applied.	
Kauγé Ńeríb u Hʿyẹ̄́ni.	h02_l07	7	vā	va	0	vā	va	va	said			unsplit	Current word-level token gloss; no confident internal split applied.	
Kauγé Ńeríb u Hʿyẹ̄́ni.	h02_l07	8	ke:	kê	0	ke	kê	ke	that			unsplit	Current word-level token gloss; no confident internal split applied.	
Kauγé Ńeríb u Hʿyẹ̄́ni.	h02_l07	9	muqaite	mûqaytê	0	muqaite	mûqaytê	muqaite	on guard			unsplit	Current word-level token gloss; no confident internal split applied.	
Kauγé Ńeríb u Hʿyẹ̄́ni.	h02_l08	0	χóe	xoê	0	χóe	xoê	xoe	own			unsplit	Current word-level token gloss; no confident internal split applied.	
Kauγé Ńeríb u Hʿyẹ̄́ni.	h02_l08	1	bi,	bi	0	bi	bi	bi	to			unsplit	Current word-level token gloss; no confident internal split applied.	
Kauγé Ńeríb u Hʿyẹ̄́ni.	h02_l08	2	ši̥mā	şıma	0	ši̥mā	şıma	sima	you			unsplit	Current word-level token gloss; no confident internal split applied.	
Kauγé Ńeríb u Hʿyẹ̄́ni.	h02_l08	3	me̱rdṳ́mi	merdûmi	0	me̱rdṳ́m	merdûm	merdum	man/person			high	Muller 1865, ZGP-0335 genitive/izafet vowels; split kept contextual.	
Kauγé Ńeríb u Hʿyẹ̄́ni.	h02_l08	3	me̱rdṳ́mi	merdûmi	1	i	i	-i	OBL/EZ	case/linker	relation=oblique_or_ezafe	medium	Muller 1865, ZGP-0335 genitive/izafet vowels; split kept contextual.	
Kauγé Ńeríb u Hʿyẹ̄́ni.	h02_l08	4	šarí	şari	0	šarí	şari	sari	stranger			unsplit	Current word-level token gloss; no confident internal split applied.	
Kauγé Ńeríb u Hʿyẹ̄́ni.	h02_l08	5	kišti,	kişti	0	kišti	kişti	kisti	killed			unsplit	Current word-level token gloss; no confident internal split applied.	
Kauγé Ńeríb u Hʿyẹ̄́ni.	h02_l08	6	šar	şar	0	šar	şar	sar	stranger			unsplit	Current word-level token gloss; no confident internal split applied.	
Kauγé Ńeríb u Hʿyẹ̄́ni.	h02_l08	7	yén’u,	yênû	0	yén’u	yênû	yenu	comes			unsplit	Current word-level token gloss; no confident internal split applied.	
Kauγé Ńeríb u Hʿyẹ̄́ni.	h02_l08	8	māli	mali	0	māli	mali	mali	property			unsplit	Current word-level token gloss; no confident internal split applied.	
Kauγé Ńeríb u Hʿyẹ̄́ni.	h02_l08	9	ši̥mā	şıma	0	ši̥mā	şıma	sima	you			unsplit	Current word-level token gloss; no confident internal split applied.	
Kauγé Ńeríb u Hʿyẹ̄́ni.	h02_l08	10	bén’u,	bênû	0	b	b	be	be/take			low	Muller 1865, ZGP-0356 present -ena/-ana material.	Use the phrase row for contexts where the idiom means carry off/take property.
Kauγé Ńeríb u Hʿyẹ̄́ni.	h02_l08	10	bén’u,	bênû	1	én’u	enu	-ena	PRS/FUT.3SG	suffix	tense_aspect=present_or_future;person=3;number=singular	medium	Muller 1865, ZGP-0356 present -ena/-ana material.	
Kauγé Ńeríb u Hʿyẹ̄́ni.	h02_l08	11	ši̥mā	şıma	0	ši̥mā	şıma	sima	you			unsplit	Current word-level token gloss; no confident internal split applied.	
Kauγé Ńeríb u Hʿyẹ̄́ni.	h02_l09	0	kišén’u.	kişênû	0	kiš	kiş	kist	kill			high	Muller 1865, ZGP-0356 present -ena/-ana material.	
Kauγé Ńeríb u Hʿyẹ̄́ni.	h02_l09	0	kišén’u.	kişênû	1	én’u	enu	-ena	PRS/FUT.3SG	suffix	tense_aspect=present_or_future;person=3;number=singular	medium	Muller 1865, ZGP-0356 present -ena/-ana material.	
Kauγé Ńeríb u Hʿyẹ̄́ni.	h02_l09	1	Ye	Yê	0	Ye	Yê	ye	she			unsplit	Current word-level token gloss; no confident internal split applied.	
Kauγé Ńeríb u Hʿyẹ̄́ni.	h02_l09	2	me̱rdṳ́mi	merdûmi	0	me̱rdṳ́m	merdûm	merdum	man/person			high	Muller 1865, ZGP-0335 genitive/izafet vowels; split kept contextual.	
Kauγé Ńeríb u Hʿyẹ̄́ni.	h02_l09	2	me̱rdṳ́mi	merdûmi	1	i	i	-i	OBL/EZ	case/linker	relation=oblique_or_ezafe	medium	Muller 1865, ZGP-0335 genitive/izafet vowels; split kept contextual.	
Kauγé Ńeríb u Hʿyẹ̄́ni.	h02_l09	3	vā	va	0	vā	va	va	said			unsplit	Current word-level token gloss; no confident internal split applied.	
Kauγé Ńeríb u Hʿyẹ̄́ni.	h02_l09	4	ke	kê	0	ke	kê	ke	that			unsplit	Current word-level token gloss; no confident internal split applied.	
Kauγé Ńeríb u Hʿyẹ̄́ni.	h02_l09	5	Xalé̱f	Xalef	0	Xalé̱f	Xalef	xalef	Xalef, personal name			unsplit	Current word-level token gloss; no confident internal split applied.	
Kauγé Ńeríb u Hʿyẹ̄́ni.	h02_l09	6	aγáira:	ağayra	0	aγái	ağay	agai	Agha			high	Muller 1865, ZGP-0336; function chosen with project ra conventions.	
Kauγé Ńeríb u Hʿyẹ̄́ni.	h02_l09	6	aγáira:	ağayra	1	ra	ra	ra	GOAL/RECIP	postposition	relation=goal_or_recipient	high	Muller 1865, ZGP-0336; function chosen with project ra conventions.	
Kauγé Ńeríb u Hʿyẹ̄́ni.	h02_l09	7	aγá,	ağa	0	aγá	ağa	aga	Agha, title			unsplit	Current word-level token gloss; no confident internal split applied.	
Kauγé Ńeríb u Hʿyẹ̄́ni.	h02_l09	8	habé̱re	haberê	0	habé̱re	haberê	habere	message			unsplit	Current word-level token gloss; no confident internal split applied.	
Kauγé Ńeríb u Hʿyẹ̄́ni.	h02_l09	9	be̱ršau’e	berşawê	0	be̱ršau’e	berşawê	bersaue	send word			unsplit	Current word-level token gloss; no confident internal split applied.	
Kauγé Ńeríb u Hʿyẹ̄́ni.	h02_l10	0	Ńeríbu	Nyêribû	0	Ńeríbu	Nyêribû	neribu	to Nerib			unsplit	Current word-level token gloss; no confident internal split applied.	
Kauγé Ńeríb u Hʿyẹ̄́ni.	h02_l10	1	kid̮,	kic	0	kid̮	kic	kid	small			unsplit	Current word-level token gloss; no confident internal split applied.	
Kauγé Ńeríb u Hʿyẹ̄́ni.	h02_l10	2	Déštei	Dêştêy	0	Déštei	Dêştêy	destei	Destei, place name			unsplit	Current word-level token gloss; no confident internal split applied.	
Kauγé Ńeríb u Hʿyẹ̄́ni.	h02_l10	3	Hʿé̱nzi	'Henzi	0	Hʿé̱nzi	'Henzi	henzi	Henzi, place name			unsplit	Current word-level token gloss; no confident internal split applied.	
Kauγé Ńeríb u Hʿyẹ̄́ni.	h02_l10	4	wa	wa	0	wa	wa	wa	let			unsplit	Current word-level token gloss; no confident internal split applied.	
Kauγé Ńeríb u Hʿyẹ̄́ni.	h02_l10	5	muqaite	mûqaytê	0	muqaite	mûqaytê	muqaite	on guard			unsplit	Current word-level token gloss; no confident internal split applied.	
Kauγé Ńeríb u Hʿyẹ̄́ni.	h02_l10	6	χóe	xoê	0	χóe	xoê	xoe	own			unsplit	Current word-level token gloss; no confident internal split applied.	
Kauγé Ńeríb u Hʿyẹ̄́ni.	h02_l10	7	bi,	bi	0	bi	bi	bi	to			unsplit	Current word-level token gloss; no confident internal split applied.	
Kauγé Ńeríb u Hʿyẹ̄́ni.	h02_l10	8	wa	wa	0	wa	wa	wa	let			unsplit	Current word-level token gloss; no confident internal split applied.	
Kauγé Ńeríb u Hʿyẹ̄́ni.	h02_l10	9	māle	malê	0	māle	malê	male	house			unsplit	Current word-level token gloss; no confident internal split applied.	
Kauγé Ńeríb u Hʿyẹ̄́ni.	h02_l10	10	χóe	xoê	0	χóe	xoê	xoe	own			unsplit	Current word-level token gloss; no confident internal split applied.	
Kauγé Ńeríb u Hʿyẹ̄́ni.	h02_l10	11	bye,	byê	0	bye	byê	bye	come			unsplit	Current word-level token gloss; no confident internal split applied.	
Kauγé Ńeríb u Hʿyẹ̄́ni.	h02_l11	0	wayér	wayêr	0	wayér	wayêr	wayer	owner			unsplit	Current word-level token gloss; no confident internal split applied.	
Kauγé Ńeríb u Hʿyẹ̄́ni.	h02_l11	1	ńékeri,	nyêkêri	0	ńé	ne	ne-	NEG	prefix	polarity=negative	high	Lerch corpus pattern plus modern Zazaki comparison: ne-/ńe- negative prefix.	
Kauγé Ńeríb u Hʿyẹ̄́ni.	h02_l11	1	ńékeri,	nyêkêri	1	keri	kêri	keri	leave/do			high	Lerch corpus pattern plus modern Zazaki comparison: ne-/ńe- negative prefix.	
Kauγé Ńeríb u Hʿyẹ̄́ni.	h02_l11	2	qām	qam	0	qām	qam	qam	who			unsplit	Current word-level token gloss; no confident internal split applied.	
Kauγé Ńeríb u Hʿyẹ̄́ni.	h02_l11	3	rōd̮u	rocû	0	rōd̮u	rocû	rodu	day			unsplit	Current word-level token gloss; no confident internal split applied.	
Kauγé Ńeríb u Hʿyẹ̄́ni.	h02_l11	4	ke	kê	0	ke	kê	ke	that			unsplit	Current word-level token gloss; no confident internal split applied.	
Kauγé Ńeríb u Hʿyẹ̄́ni.	h02_l11	5	habé̱re	haberê	0	habé̱re	haberê	habere	message			unsplit	Current word-level token gloss; no confident internal split applied.	
Kauγé Ńeríb u Hʿyẹ̄́ni.	h02_l11	6	Hʿyẹ̄́nera	'Hyênêra	0	Hʿyẹ̄́ne	'Hyênê	hyene	Hyeni			high	Muller 1865, ZGP-0336; function chosen with project ra conventions.	
Kauγé Ńeríb u Hʿyẹ̄́ni.	h02_l11	6	Hʿyẹ̄́nera	'Hyênêra	1	ra	ra	ra	ABL	postposition	relation=source	high	Muller 1865, ZGP-0336; function chosen with project ra conventions.	
Kauγé Ńeríb u Hʿyẹ̄́ni.	h02_l11	7	āmeí	amêy	0	āmeí	amêy	amei	came			unsplit	Current word-level token gloss; no confident internal split applied.	
Kauγé Ńeríb u Hʿyẹ̄́ni.	h02_l11	8	wa	wa	0	wa	wa	wa	let			unsplit	Current word-level token gloss; no confident internal split applied.	
Kauγé Ńeríb u Hʿyẹ̄́ni.	h02_l11	9	t̮au	çaw	0	t̮au	çaw	tau	no one			unsplit	Current word-level token gloss; no confident internal split applied.	
Kauγé Ńeríb u Hʿyẹ̄́ni.	h02_l11	10	tehe̱tia	têhetya	0	tehe̱tia	têhetya	tehetia	absent			unsplit	Current word-level token gloss; no confident internal split applied.	
Kauγé Ńeríb u Hʿyẹ̄́ni.	h02_l12	0	ńésiru	nyêsirû	0	ńé	ne	ne-	NEG	prefix	polarity=negative	high	Lerch corpus pattern plus modern Zazaki comparison: ne-/ńe- negative prefix.	
Kauγé Ńeríb u Hʿyẹ̄́ni.	h02_l12	0	ńésiru	nyêsirû	1	siru	sirû	siru	be absent			high	Lerch corpus pattern plus modern Zazaki comparison: ne-/ńe- negative prefix.	
Kauγé Ńeríb u Hʿyẹ̄́ni.	h02_l12	1	mā	ma	0	mā	ma	ma	we			unsplit	Current word-level token gloss; no confident internal split applied.	
Kauγé Ńeríb u Hʿyẹ̄́ni.	h02_l12	2	kauyé	kawyê	0	kauyé	kawyê	kauye	fight			unsplit	Current word-level token gloss; no confident internal split applied.	
Kauγé Ńeríb u Hʿyẹ̄́ni.	h02_l12	3	bi̥kéri.	bıkêri	0	bi̥	bi	bi-	CONJ/FUT	prefix	mood=conjunctive;tense=future	high	Muller 1865, ZGP-0361 conjunctive/future bi- prefix.	
Kauγé Ńeríb u Hʿyẹ̄́ni.	h02_l12	3	bi̥kéri.	bıkêri	1	kéri	kêri	keri	fight/do			high	Muller 1865, ZGP-0361 conjunctive/future bi- prefix.	
Kauγé Ńeríb u Hʿyẹ̄́ni.	h02_l12	4	Xalé̱f	Xalef	0	Xalé̱f	Xalef	xalef	Xalef, personal name			unsplit	Current word-level token gloss; no confident internal split applied.	
Kauγé Ńeríb u Hʿyẹ̄́ni.	h02_l12	5	aγái	ağay	0	aγái	ağay	agai	Agha, title			unsplit	Current word-level token gloss; no confident internal split applied.	
Kauγé Ńeríb u Hʿyẹ̄́ni.	h02_l12	6	habé̱re	haberê	0	habé̱re	haberê	habere	message			unsplit	Current word-level token gloss; no confident internal split applied.	
Kauγé Ńeríb u Hʿyẹ̄́ni.	h02_l12	7	e̱ršau’úte	erşawûtê	0	e̱ršau’úte	erşawûtê	ersauute	sent			unsplit	Current word-level token gloss; no confident internal split applied.	
Kauγé Ńeríb u Hʿyẹ̄́ni.	h02_l12	8	Ńeríbu	Nyêribû	0	Ńeríbu	Nyêribû	neribu	to Nerib			unsplit	Current word-level token gloss; no confident internal split applied.	
Kauγé Ńeríb u Hʿyẹ̄́ni.	h02_l12	9	kid̮	kic	0	kid̮	kic	kid	small			unsplit	Current word-level token gloss; no confident internal split applied.	
Kauγé Ńeríb u Hʿyẹ̄́ni.	h02_l13	0	Wesmān	Wêsman	0	Wesmān	Wêsman	wesman	Wesman, personal name			unsplit	Current word-level token gloss; no confident internal split applied.	
Kauγé Ńeríb u Hʿyẹ̄́ni.	h02_l13	1	aγáiri	ağayri	0	aγái	ağay	agai	Agha			high	Muller 1865, ZGP-0337-ZGP-0339 ri/ru/-i object or goal material.	
Kauγé Ńeríb u Hʿyẹ̄́ni.	h02_l13	1	aγáiri	ağayri	1	ri	ri	ri	GOAL/RECIP	case/postposition	relation=goal_or_recipient	high	Muller 1865, ZGP-0337-ZGP-0339 ri/ru/-i object or goal material.	
Kauγé Ńeríb u Hʿyẹ̄́ni.	h02_l13	2	vā	va	0	vā	va	va	said			unsplit	Current word-level token gloss; no confident internal split applied.	
Kauγé Ńeríb u Hʿyẹ̄́ni.	h02_l13	3	ke:	kê	0	ke	kê	ke	that			unsplit	Current word-level token gloss; no confident internal split applied.	
Kauγé Ńeríb u Hʿyẹ̄́ni.	h02_l13	4	habé̱re	haberê	0	habé̱re	haberê	habere	message			unsplit	Current word-level token gloss; no confident internal split applied.	
Kauγé Ńeríb u Hʿyẹ̄́ni.	h02_l13	5	be̱ršau’	berşaw	0	be̱ršau	berşaw	bersau	send word			unsplit	Current word-level token gloss; no confident internal split applied.	
Kauγé Ńeríb u Hʿyẹ̄́ni.	h02_l13	6	Déštei	Dêştêy	0	Déštei	Dêştêy	destei	Destei, place name			unsplit	Current word-level token gloss; no confident internal split applied.	
Kauγé Ńeríb u Hʿyẹ̄́ni.	h02_l13	7	Hʿé̱nzi	'Henzi	0	Hʿé̱nzi	'Henzi	henzi	Henzi, place name			unsplit	Current word-level token gloss; no confident internal split applied.	
Kauγé Ńeríb u Hʿyẹ̄́ni.	h02_l13	8	Mehmút	Mêhmût	0	Mehmút	Mêhmût	mehmut	Mehmut, personal name			unsplit	Current word-level token gloss; no confident internal split applied.	
Kauγé Ńeríb u Hʿyẹ̄́ni.	h02_l13	9	aγáiri.	ağayri	0	aγái	ağay	agai	Agha			high	Muller 1865, ZGP-0337-ZGP-0339 ri/ru/-i object or goal material.	
Kauγé Ńeríb u Hʿyẹ̄́ni.	h02_l13	9	aγáiri.	ağayri	1	ri	ri	ri	GOAL/RECIP	case/postposition	relation=goal_or_recipient	high	Muller 1865, ZGP-0337-ZGP-0339 ri/ru/-i object or goal material.	
Kauγé Ńeríb u Hʿyẹ̄́ni.	h02_l14	0	Wesmān	Wêsman	0	Wesmān	Wêsman	wesman	Wesman, personal name			unsplit	Current word-level token gloss; no confident internal split applied.	
Kauγé Ńeríb u Hʿyẹ̄́ni.	h02_l14	1	aγá	ağa	0	aγá	ağa	aga	Agha, title			unsplit	Current word-level token gloss; no confident internal split applied.	
Kauγé Ńeríb u Hʿyẹ̄́ni.	h02_l14	2	habé̱r	haber	0	habé̱r	haber	haber	message			unsplit	Current word-level token gloss; no confident internal split applied.	
Kauγé Ńeríb u Hʿyẹ̄́ni.	h02_l14	3	e̱ršau’úte	erşawûtê	0	e̱ršau’úte	erşawûtê	ersauute	sent			unsplit	Current word-level token gloss; no confident internal split applied.	
Kauγé Ńeríb u Hʿyẹ̄́ni.	h02_l14	4	Déštei	Dêştêy	0	Déštei	Dêştêy	destei	Destei, place name			unsplit	Current word-level token gloss; no confident internal split applied.	
Kauγé Ńeríb u Hʿyẹ̄́ni.	h02_l14	5	Hʿé̱nzi	'Henzi	0	Hʿé̱nzi	'Henzi	henzi	Henzi, place name			unsplit	Current word-level token gloss; no confident internal split applied.	
Kauγé Ńeríb u Hʿyẹ̄́ni.	h02_l14	6	Mehmút	Mêhmût	0	Mehmút	Mêhmût	mehmut	Mehmut, personal name			unsplit	Current word-level token gloss; no confident internal split applied.	
Kauγé Ńeríb u Hʿyẹ̄́ni.	h02_l14	7	aγáiri	ağayri	0	aγái	ağay	agai	Agha			high	Muller 1865, ZGP-0337-ZGP-0339 ri/ru/-i object or goal material.	
Kauγé Ńeríb u Hʿyẹ̄́ni.	h02_l14	7	aγáiri	ağayri	1	ri	ri	ri	GOAL/RECIP	case/postposition	relation=goal_or_recipient	high	Muller 1865, ZGP-0337-ZGP-0339 ri/ru/-i object or goal material.	
Kauγé Ńeríb u Hʿyẹ̄́ni.	h02_l14	8	vā	va	0	vā	va	va	said			unsplit	Current word-level token gloss; no confident internal split applied.	
Kauγé Ńeríb u Hʿyẹ̄́ni.	h02_l14	9	ke:	kê	0	ke	kê	ke	that			unsplit	Current word-level token gloss; no confident internal split applied.	
Kauγé Ńeríb u Hʿyẹ̄́ni.	h02_l15	0	terá	têra	0	terá	têra	tera	from			unsplit	Current word-level token gloss; no confident internal split applied.	
Kauγé Ńeríb u Hʿyẹ̄́ni.	h02_l15	1	rōki	roki	0	rōki	roki	roki	preparation			unsplit	Current word-level token gloss; no confident internal split applied.	
Kauγé Ńeríb u Hʿyẹ̄́ni.	h02_l15	2	χóe	xoê	0	χóe	xoê	xoe	own			unsplit	Current word-level token gloss; no confident internal split applied.	
Kauγé Ńeríb u Hʿyẹ̄́ni.	h02_l15	3	bi̥kéri,	bıkêri	0	bi̥	bi	bi-	CONJ/FUT	prefix	mood=conjunctive;tense=future	high	Muller 1865, ZGP-0361 conjunctive/future bi- prefix.	
Kauγé Ńeríb u Hʿyẹ̄́ni.	h02_l15	3	bi̥kéri,	bıkêri	1	kéri	kêri	keri	fight/do			high	Muller 1865, ZGP-0361 conjunctive/future bi- prefix.	
Kauγé Ńeríb u Hʿyẹ̄́ni.	h02_l15	4	Hʿyẹ̄́neyid̮i	'Hyênêyici	0	Hʿyẹ̄́neyid̮i	'Hyênêyici	hyeneyidi	Hyeni person			unsplit	Current word-level token gloss; no confident internal split applied.	
Kauγé Ńeríb u Hʿyẹ̄́ni.	h02_l15	5	mā́de	madê	0	mā́de	madê	made	with us			unsplit	Current word-level token gloss; no confident internal split applied.	
Kauγé Ńeríb u Hʿyẹ̄́ni.	h02_l15	6	kauyé	kawyê	0	kauyé	kawyê	kauye	fight			unsplit	Current word-level token gloss; no confident internal split applied.	
Kauγé Ńeríb u Hʿyẹ̄́ni.	h02_l15	7	kén’i,	kêni	0	k	k	kerd	do/make			medium	Muller 1865, ZGP-0356 present -ena/-ana material.	
Kauγé Ńeríb u Hʿyẹ̄́ni.	h02_l15	7	kén’i,	kêni	1	én’i	eni	-ena	PRS	suffix	tense_aspect=present	medium	Muller 1865, ZGP-0356 present -ena/-ana material.	
Kauγé Ńeríb u Hʿyẹ̄́ni.	h02_l15	8	bārut	barût	0	bārut	barût	barut	gunpowder			unsplit	Current word-level token gloss; no confident internal split applied.	
Kauγé Ńeríb u Hʿyẹ̄́ni.	h02_l15	9	bi̥géri,	bıgêri	0	bi̥	bi	bi-	CONJ/FUT	prefix	mood=conjunctive;tense=future	high	Muller 1865, ZGP-0361 conjunctive/future bi- prefix.	
Kauγé Ńeríb u Hʿyẹ̄́ni.	h02_l15	9	bi̥géri,	bıgêri	1	géri	gêri	geri	take			high	Muller 1865, ZGP-0361 conjunctive/future bi- prefix.	
Kauγé Ńeríb u Hʿyẹ̄́ni.	h03_l01	0	hādré	hadrê	0	hādré	hadrê	hadre	ready			unsplit	Current word-level token gloss; no confident internal split applied.	
Kauγé Ńeríb u Hʿyẹ̄́ni.	h03_l01	1	kéri,	kêri	0	kéri	kêri	keri	-army			unsplit	Current word-level token gloss; no confident internal split applied.	
Kauγé Ńeríb u Hʿyẹ̄́ni.	h03_l01	2	qām	qam	0	qām	qam	qam	who			unsplit	Current word-level token gloss; no confident internal split applied.	
Kauγé Ńeríb u Hʿyẹ̄́ni.	h03_l01	3	rōd̮uke	rocûkê	0	rōd̮uke	rocûkê	roduke	the day when			unsplit	Current word-level token gloss; no confident internal split applied.	
Kauγé Ńeríb u Hʿyẹ̄́ni.	h03_l01	4	Hʿyẹ̄́nera	'Hyênêra	0	Hʿyẹ̄́ne	'Hyênê	hyene	Hyeni			high	Muller 1865, ZGP-0336; function chosen with project ra conventions.	
Kauγé Ńeríb u Hʿyẹ̄́ni.	h03_l01	4	Hʿyẹ̄́nera	'Hyênêra	1	ra	ra	ra	ABL	postposition	relation=source	high	Muller 1865, ZGP-0336; function chosen with project ra conventions.	
Kauγé Ńeríb u Hʿyẹ̄́ni.	h03_l01	5	habé̱re	haberê	0	habé̱re	haberê	habere	message			unsplit	Current word-level token gloss; no confident internal split applied.	
Kauγé Ńeríb u Hʿyẹ̄́ni.	h03_l01	6	āmeíye	amêyyê	0	āmeíye	amêyyê	ameiye	has come			unsplit	Current word-level token gloss; no confident internal split applied.	
Kauγé Ńeríb u Hʿyẹ̄́ni.	h03_l01	7	mā	ma	0	mā	ma	ma	we			unsplit	Current word-level token gloss; no confident internal split applied.	
Kauγé Ńeríb u Hʿyẹ̄́ni.	h03_l01	8	kauyé	kawyê	0	kauyé	kawyê	kauye	fight			unsplit	Current word-level token gloss; no confident internal split applied.	
Kauγé Ńeríb u Hʿyẹ̄́ni.	h03_l01	9	kén’i.	kêni	0	k	k	kerd	do/make			medium	Muller 1865, ZGP-0356 present -ena/-ana material.	
Kauγé Ńeríb u Hʿyẹ̄́ni.	h03_l01	9	kén’i.	kêni	1	én’i	eni	-ena	PRS	suffix	tense_aspect=present	medium	Muller 1865, ZGP-0356 present -ena/-ana material.	
Kauγé Ńeríb u Hʿyẹ̄́ni.	h03_l02	0	Mehmét	Mêhmêt	0	Mehmét	Mêhmêt	mehmet	Mehmet, personal name			unsplit	Current word-level token gloss; no confident internal split applied.	
Kauγé Ńeríb u Hʿyẹ̄́ni.	h03_l02	1	aγái	ağay	0	aγái	ağay	agai	Agha, title			unsplit	Current word-level token gloss; no confident internal split applied.	
Kauγé Ńeríb u Hʿyẹ̄́ni.	h03_l02	2	habé̱r	haber	0	habé̱r	haber	haber	message			unsplit	Current word-level token gloss; no confident internal split applied.	
Kauγé Ńeríb u Hʿyẹ̄́ni.	h03_l02	3	e̱ršau’úte	erşawûtê	0	e̱ršau’úte	erşawûtê	ersauute	sent			unsplit	Current word-level token gloss; no confident internal split applied.	
Kauγé Ńeríb u Hʿyẹ̄́ni.	h03_l02	4	Wesmān	Wêsman	0	Wesmān	Wêsman	wesman	Wesman, personal name			unsplit	Current word-level token gloss; no confident internal split applied.	
Kauγé Ńeríb u Hʿyẹ̄́ni.	h03_l02	5	aγáiri	ağayri	0	aγái	ağay	agai	Agha			high	Muller 1865, ZGP-0337-ZGP-0339 ri/ru/-i object or goal material.	
Kauγé Ńeríb u Hʿyẹ̄́ni.	h03_l02	5	aγáiri	ağayri	1	ri	ri	ri	GOAL/RECIP	case/postposition	relation=goal_or_recipient	high	Muller 1865, ZGP-0337-ZGP-0339 ri/ru/-i object or goal material.	
Kauγé Ńeríb u Hʿyẹ̄́ni.	h03_l02	6	vā	va	0	vā	va	va	said			unsplit	Current word-level token gloss; no confident internal split applied.	
Kauγé Ńeríb u Hʿyẹ̄́ni.	h03_l02	7	ke:	kê	0	ke	kê	ke	that			unsplit	Current word-level token gloss; no confident internal split applied.	
Kauγé Ńeríb u Hʿyẹ̄́ni.	h03_l02	8	Xalé̱f	Xalef	0	Xalé̱f	Xalef	xalef	Xalef, personal name			unsplit	Current word-level token gloss; no confident internal split applied.	
Kauγé Ńeríb u Hʿyẹ̄́ni.	h03_l03	0	aγáira	ağayra	0	aγái	ağay	agai	Agha			high	Muller 1865, ZGP-0336; function chosen with project ra conventions.	
Kauγé Ńeríb u Hʿyẹ̄́ni.	h03_l03	0	aγáira	ağayra	1	ra	ra	ra	GOAL/RECIP	postposition	relation=goal_or_recipient	high	Muller 1865, ZGP-0336; function chosen with project ra conventions.	
Kauγé Ńeríb u Hʿyẹ̄́ni.	h03_l03	1	védi:	vêdi	0	védi	vêdi	vedi	say			unsplit	Current word-level token gloss; no confident internal split applied.	
Kauγé Ńeríb u Hʿyẹ̄́ni.	h03_l03	2	mā	ma	0	mā	ma	ma	we			unsplit	Current word-level token gloss; no confident internal split applied.	
Kauγé Ńeríb u Hʿyẹ̄́ni.	h03_l03	3	hā	ha	0	hā	ha	ha	here			unsplit	Current word-level token gloss; no confident internal split applied.	
Kauγé Ńeríb u Hʿyẹ̄́ni.	h03_l03	4	hādréi,	hadrêy	0	hādréi	hadrêy	hadrei	ready			unsplit	Current word-level token gloss; no confident internal split applied.	
Kauγé Ńeríb u Hʿyẹ̄́ni.	h03_l03	5	qām	qam	0	qām	qam	qam	who			unsplit	Current word-level token gloss; no confident internal split applied.	
Kauγé Ńeríb u Hʿyẹ̄́ni.	h03_l03	6	rōd̮uke	rocûkê	0	rōd̮uke	rocûkê	roduke	the day when			unsplit	Current word-level token gloss; no confident internal split applied.	
Kauγé Ńeríb u Hʿyẹ̄́ni.	h03_l03	7	habé̱re	haberê	0	habé̱re	haberê	habere	message			unsplit	Current word-level token gloss; no confident internal split applied.	
Kauγé Ńeríb u Hʿyẹ̄́ni.	h03_l03	8	Hʿyẹ̄́nera	'Hyênêra	0	Hʿyẹ̄́ne	'Hyênê	hyene	Hyeni			high	Muller 1865, ZGP-0336; function chosen with project ra conventions.	
Kauγé Ńeríb u Hʿyẹ̄́ni.	h03_l03	8	Hʿyẹ̄́nera	'Hyênêra	1	ra	ra	ra	ABL	postposition	relation=source	high	Muller 1865, ZGP-0336; function chosen with project ra conventions.	
Kauγé Ńeríb u Hʿyẹ̄́ni.	h03_l03	9	āmeíye,	amêyyê	0	āmeíye	amêyyê	ameiye	has come			unsplit	Current word-level token gloss; no confident internal split applied.	
Kauγé Ńeríb u Hʿyẹ̄́ni.	h03_l04	0	kauyé	kawyê	0	kauyé	kawyê	kauye	fight			unsplit	Current word-level token gloss; no confident internal split applied.	
Kauγé Ńeríb u Hʿyẹ̄́ni.	h03_l04	1	mā	ma	0	mā	ma	ma	we			unsplit	Current word-level token gloss; no confident internal split applied.	
Kauγé Ńeríb u Hʿyẹ̄́ni.	h03_l04	2	kauyaú.	kawyaw	0	kauyaú	kawyaw	kauyau	we will fight			unsplit	Current word-level token gloss; no confident internal split applied.	
Kauγé Ńeríb u Hʿyẹ̄́ni.	h03_l05	0	Ke	Kê	0	Ke	Kê	ke	that			unsplit	Current word-level token gloss; no confident internal split applied.	
Kauγé Ńeríb u Hʿyẹ̄́ni.	h03_l05	1	āšmi	aşmi	0	āšmi	aşmi	asmi	month			unsplit	Current word-level token gloss; no confident internal split applied.	
Kauγé Ńeríb u Hʿyẹ̄́ni.	h03_l05	2	mend,	mênd	0	mend	mênd	mend	passed			unsplit	Current word-level token gloss; no confident internal split applied.	
Kauγé Ńeríb u Hʿyẹ̄́ni.	h03_l05	3	Dáqma	Daqma	0	Dáqma	Daqma	daqma	Daqma, personal name			unsplit	Current word-level token gloss; no confident internal split applied.	
Kauγé Ńeríb u Hʿyẹ̄́ni.	h03_l05	4	bé̱gi	begi	0	bé̱gi	begi	begi	Beg, title			unsplit	Current word-level token gloss; no confident internal split applied.	
Kauγé Ńeríb u Hʿyẹ̄́ni.	h03_l05	5	Hʿyẹ̄́ni	'Hyêni	0	Hʿyẹ̄́ni	'Hyêni	hyeni	Hyeni, place name			unsplit	Current word-level token gloss; no confident internal split applied.	
Kauγé Ńeríb u Hʿyẹ̄́ni.	h03_l05	6	habé̱re	haberê	0	habé̱re	haberê	habere	message			unsplit	Current word-level token gloss; no confident internal split applied.	
Kauγé Ńeríb u Hʿyẹ̄́ni.	h03_l05	7	e̱ršau’úte	erşawûtê	0	e̱ršau’úte	erşawûtê	ersauute	sent			unsplit	Current word-level token gloss; no confident internal split applied.	
Kauγé Ńeríb u Hʿyẹ̄́ni.	h03_l05	8	Ńeríbu	Nyêribû	0	Ńeríbu	Nyêribû	neribu	to Nerib			unsplit	Current word-level token gloss; no confident internal split applied.	
Kauγé Ńeríb u Hʿyẹ̄́ni.	h03_l06	0	pil	pil	0	pil	pil	pil	oldest			unsplit	Current word-level token gloss; no confident internal split applied.	
Kauγé Ńeríb u Hʿyẹ̄́ni.	h03_l06	1	Xalé̱f	Xalef	0	Xalé̱f	Xalef	xalef	Xalef, personal name			unsplit	Current word-level token gloss; no confident internal split applied.	
Kauγé Ńeríb u Hʿyẹ̄́ni.	h03_l06	2	aγáiri:	ağayri	0	aγái	ağay	agai	Agha			high	Muller 1865, ZGP-0337-ZGP-0339 ri/ru/-i object or goal material.	
Kauγé Ńeríb u Hʿyẹ̄́ni.	h03_l06	2	aγáiri:	ağayri	1	ri	ri	ri	GOAL/RECIP	case/postposition	relation=goal_or_recipient	high	Muller 1865, ZGP-0337-ZGP-0339 ri/ru/-i object or goal material.	
Kauγé Ńeríb u Hʿyẹ̄́ni.	h03_l06	3	tue	twê	0	tue	twê	tue	your			unsplit	Current word-level token gloss; no confident internal split applied.	
Kauγé Ńeríb u Hʿyẹ̄́ni.	h03_l06	4	tiri	tiri	0	tiri	tiri	tiri	from me			unsplit	Current word-level token gloss; no confident internal split applied.	
Kauγé Ńeríb u Hʿyẹ̄́ni.	h03_l06	5	ē̱n’oe	enoê	0	ē̱n’oe	enoê	enoe	this			unsplit	Current word-level token gloss; no confident internal split applied.	
Kauγé Ńeríb u Hʿyẹ̄́ni.	h03_l06	6	me̱rdṳ́mi	merdûmi	0	me̱rdṳ́m	merdûm	merdum	man/person			high	Muller 1865, ZGP-0335 genitive/izafet vowels; split kept contextual.	
Kauγé Ńeríb u Hʿyẹ̄́ni.	h03_l06	6	me̱rdṳ́mi	merdûmi	1	i	i	-i	OBL/EZ	case/linker	relation=oblique_or_ezafe	medium	Muller 1865, ZGP-0335 genitive/izafet vowels; split kept contextual.	
Kauγé Ńeríb u Hʿyẹ̄́ni.	h03_l06	7	me	mê	0	me	mê	me	1SG			unsplit	Current word-level token gloss; no confident internal split applied.	
Kauγé Ńeríb u Hʿyẹ̄́ni.	h03_l06	8	kištu,	kiştû	0	kištu	kiştû	kistu	killed			unsplit	Current word-level token gloss; no confident internal split applied.	
Kauγé Ńeríb u Hʿyẹ̄́ni.	h03_l06	9	wāχte	waxtê	0	wāχte	waxtê	waxte	time			unsplit	Current word-level token gloss; no confident internal split applied.	
Kauγé Ńeríb u Hʿyẹ̄́ni.	h03_l06	10	χóede	xoêdê	0	χóe	xoê	xoe	own			high	Muller 1865, ZGP-0340 locative -de/-di.	
Kauγé Ńeríb u Hʿyẹ̄́ni.	h03_l06	10	χóede	xoêdê	1	de	dê	de	LOC/TEMP	case	case=locative_or_temporal	high	Muller 1865, ZGP-0340 locative -de/-di.	
Kauγé Ńeríb u Hʿyẹ̄́ni.	h03_l07	0	hādré	hadrê	0	hādré	hadrê	hadre	ready			unsplit	Current word-level token gloss; no confident internal split applied.	
Kauγé Ńeríb u Hʿyẹ̄́ni.	h03_l07	1	be,	bê	0	be	bê	be	be			unsplit	Current word-level token gloss; no confident internal split applied.	
Kauγé Ńeríb u Hʿyẹ̄́ni.	h03_l07	2	rōd̮i	roci	0	rōd̮i	roci	rodi	day			unsplit	Current word-level token gloss; no confident internal split applied.	
Kauγé Ńeríb u Hʿyẹ̄́ni.	h03_l07	3	pand̮ine	pancinê	0	pand̮ine	pancinê	pandine	five			unsplit	Current word-level token gloss; no confident internal split applied.	
Kauγé Ńeríb u Hʿyẹ̄́ni.	h03_l07	4	kauyé	kawyê	0	kauyé	kawyê	kauye	fight			unsplit	Current word-level token gloss; no confident internal split applied.	
Kauγé Ńeríb u Hʿyẹ̄́ni.	h03_l07	5	me	mê	0	me	mê	me	1SG			unsplit	Current word-level token gloss; no confident internal split applied.	
Kauγé Ńeríb u Hʿyẹ̄́ni.	h03_l07	6	kauyaú.	kawyaw	0	kauyaú	kawyaw	kauyau	we will fight			unsplit	Current word-level token gloss; no confident internal split applied.	
Kauγé Ńeríb u Hʿyẹ̄́ni.	h03_l07	7	Xalé̱f	Xalef	0	Xalé̱f	Xalef	xalef	Xalef, personal name			unsplit	Current word-level token gloss; no confident internal split applied.	
Kauγé Ńeríb u Hʿyẹ̄́ni.	h03_l07	8	aγái	ağay	0	aγái	ağay	agai	Agha, title			unsplit	Current word-level token gloss; no confident internal split applied.	
Kauγé Ńeríb u Hʿyẹ̄́ni.	h03_l07	9	habé̱ra	habera	0	habé̱ra	habera	habera	message			unsplit	Current word-level token gloss; no confident internal split applied.	
Kauγé Ńeríb u Hʿyẹ̄́ni.	h03_l07	10	χóe	xoê	0	χóe	xoê	xoe	own			unsplit	Current word-level token gloss; no confident internal split applied.	
Kauγé Ńeríb u Hʿyẹ̄́ni.	h03_l08	0	e̱ršau’úte	erşawûtê	0	e̱ršau’úte	erşawûtê	ersauute	sent			unsplit	Current word-level token gloss; no confident internal split applied.	
Kauγé Ńeríb u Hʿyẹ̄́ni.	h03_l08	1	Hʿyẹ̄́ne	'Hyênê	0	Hʿyẹ̄́ne	'Hyênê	hyene	Hyeni, place name			unsplit	Current word-level token gloss; no confident internal split applied.	
Kauγé Ńeríb u Hʿyẹ̄́ni.	h03_l08	2	Dáqma	Daqma	0	Dáqma	Daqma	daqma	Daqma, personal name			unsplit	Current word-level token gloss; no confident internal split applied.	
Kauγé Ńeríb u Hʿyẹ̄́ni.	h03_l08	3	bé̱giri	begiri	0	bé̱gi	begi	begi	Beg			high	Muller 1865, ZGP-0337-ZGP-0339 ri/ru/-i object or goal material.	
Kauγé Ńeríb u Hʿyẹ̄́ni.	h03_l08	3	bé̱giri	begiri	1	ri	ri	ri	GOAL/RECIP	case/postposition	relation=goal_or_recipient	high	Muller 1865, ZGP-0337-ZGP-0339 ri/ru/-i object or goal material.	
Kauγé Ńeríb u Hʿyẹ̄́ni.	h03_l08	4	vā	va	0	vā	va	va	said			unsplit	Current word-level token gloss; no confident internal split applied.	
Kauγé Ńeríb u Hʿyẹ̄́ni.	h03_l08	5	ke:	kê	0	ke	kê	ke	that			unsplit	Current word-level token gloss; no confident internal split applied.	
Kauγé Ńeríb u Hʿyẹ̄́ni.	h03_l08	6	rōd̮i	roci	0	rōd̮i	roci	rodi	day			unsplit	Current word-level token gloss; no confident internal split applied.	
Kauγé Ńeríb u Hʿyẹ̄́ni.	h03_l08	7	pand̮ine,	pancinê	0	pand̮ine	pancinê	pandine	five			unsplit	Current word-level token gloss; no confident internal split applied.	
Kauγé Ńeríb u Hʿyẹ̄́ni.	h03_l08	8	ne	nê	0	ne	nê	ne	not			unsplit	Current word-level token gloss; no confident internal split applied.	
Kauγé Ńeríb u Hʿyẹ̄́ni.	h03_l08	9	meíšte	mêyştê	0	meíšte	mêyştê	meiste	tomorrow			unsplit	Current word-level token gloss; no confident internal split applied.	
Kauγé Ńeríb u Hʿyẹ̄́ni.	h03_l08	10	bye,	byê	0	bye	byê	bye	come			unsplit	Current word-level token gloss; no confident internal split applied.	
Kauγé Ńeríb u Hʿyẹ̄́ni.	h03_l09	0	mā	ma	0	mā	ma	ma	we			unsplit	Current word-level token gloss; no confident internal split applied.	
Kauγé Ńeríb u Hʿyẹ̄́ni.	h03_l09	1	kauyé	kawyê	0	kauyé	kawyê	kauye	fight			unsplit	Current word-level token gloss; no confident internal split applied.	
Kauγé Ńeríb u Hʿyẹ̄́ni.	h03_l09	2	bi̥kéri.	bıkêri	0	bi̥	bi	bi-	CONJ/FUT	prefix	mood=conjunctive;tense=future	high	Muller 1865, ZGP-0361 conjunctive/future bi- prefix.	
Kauγé Ńeríb u Hʿyẹ̄́ni.	h03_l09	2	bi̥kéri.	bıkêri	1	kéri	kêri	keri	fight/do			high	Muller 1865, ZGP-0361 conjunctive/future bi- prefix.	
Kauγé Ńeríb u Hʿyẹ̄́ni.	h03_l10	0	Dáqma	Daqma	0	Dáqma	Daqma	daqma	Daqma, personal name			unsplit	Current word-level token gloss; no confident internal split applied.	
Kauγé Ńeríb u Hʿyẹ̄́ni.	h03_l10	1	bé̱gi	begi	0	bé̱gi	begi	begi	Beg, title			unsplit	Current word-level token gloss; no confident internal split applied.	
Kauγé Ńeríb u Hʿyẹ̄́ni.	h03_l10	2	zerei	zêrêy	0	zerei	zêrêy	zerei	inside			unsplit	Current word-level token gloss; no confident internal split applied.	
Kauγé Ńeríb u Hʿyẹ̄́ni.	h03_l10	3	Hʿyẹ̄́nide	'Hyênidê	0	Hʿyẹ̄́ni	'Hyêni	hyeni	Hyeni			high	Muller 1865, ZGP-0340 locative -de/-di.	
Kauγé Ńeríb u Hʿyẹ̄́ni.	h03_l10	3	Hʿyẹ̄́nide	'Hyênidê	1	de	dê	de	LOC	case	case=locative	high	Muller 1865, ZGP-0340 locative -de/-di.	
Kauγé Ńeríb u Hʿyẹ̄́ni.	h03_l10	4	delāli	dêlali	0	delāli	dêlali	delali	herald			unsplit	Current word-level token gloss; no confident internal split applied.	
Kauγé Ńeríb u Hʿyẹ̄́ni.	h03_l10	5	veiti	vêyti	0	veiti	vêyti	veiti	had proclaimed			unsplit	Current word-level token gloss; no confident internal split applied.	
Kauγé Ńeríb u Hʿyẹ̄́ni.	h03_l10	6	dā:	da	0	dā	da	da	gave			unsplit	Current word-level token gloss; no confident internal split applied.	
Kauγé Ńeríb u Hʿyẹ̄́ni.	h03_l10	7	ne	nê	0	ne	nê	ne	not			unsplit	Current word-level token gloss; no confident internal split applied.	
Kauγé Ńeríb u Hʿyẹ̄́ni.	h03_l10	8	yau	yaw	0	yau	yaw	yau	one			unsplit	Current word-level token gloss; no confident internal split applied.	
Kauγé Ńeríb u Hʿyẹ̄́ni.	h03_l10	9	yarib	yarib	0	yarib	yarib	yarib	stranger			unsplit	Current word-level token gloss; no confident internal split applied.	
Kauγé Ńeríb u Hʿyẹ̄́ni.	h03_l10	10	šahrestān	şahrêstan	0	šahrestān	şahrêstan	sahrestan	town			unsplit	Current word-level token gloss; no confident internal split applied.	
Kauγé Ńeríb u Hʿyẹ̄́ni.	h03_l11	0	bi̥nge’i,	bıngêi	0	bi̥	bi	bi-	CONJ/FUT	prefix	mood=conjunctive;tense=future	high	Muller 1865, ZGP-0361 conjunctive/future bi- prefix.	
Kauγé Ńeríb u Hʿyẹ̄́ni.	h03_l11	0	bi̥nge’i,	bıngêi	1	nge’i	ngêi	ngei	enter			high	Muller 1865, ZGP-0361 conjunctive/future bi- prefix.	
Kauγé Ńeríb u Hʿyẹ̄́ni.	h03_l11	1	pyéru	pyêrû	0	pyéru	pyêrû	pyeru	all			unsplit	Current word-level token gloss; no confident internal split applied.	
Kauγé Ńeríb u Hʿyẹ̄́ni.	h03_l11	2	t̮au	çaw	0	t̮au	çaw	tau	no one			unsplit	Current word-level token gloss; no confident internal split applied.	
Kauγé Ńeríb u Hʿyẹ̄́ni.	h03_l11	3	bye	byê	0	bye	byê	bye	come			unsplit	Current word-level token gloss; no confident internal split applied.	
Kauγé Ńeríb u Hʿyẹ̄́ni.	h03_l11	4	silā	sila	0	silā	sila	sila	permission			unsplit	Current word-level token gloss; no confident internal split applied.	
Kauγé Ńeríb u Hʿyẹ̄́ni.	h03_l11	5	megiri,	mêgiri	0	me	me	me-	NEG.IMP	prefix	polarity=negative;mood=imperative	high	Muller 1865, ZGP-0362 negative imperative me- prefix.	
Kauγé Ńeríb u Hʿyẹ̄́ni.	h03_l11	5	megiri,	mêgiri	1	giri	giri	giri	take			high	Muller 1865, ZGP-0362 negative imperative me- prefix.	
Kauγé Ńeríb u Hʿyẹ̄́ni.	h03_l11	6	e̱z	ez	0	e̱z	ez	ez	I			unsplit	Current word-level token gloss; no confident internal split applied.	
Kauγé Ńeríb u Hʿyẹ̄́ni.	h03_l11	7	Dáqma	Daqma	0	Dáqma	Daqma	daqma	Daqma, personal name			unsplit	Current word-level token gloss; no confident internal split applied.	
Kauγé Ńeríb u Hʿyẹ̄́ni.	h03_l11	8	bé̱gi	begi	0	bé̱gi	begi	begi	Beg, title			unsplit	Current word-level token gloss; no confident internal split applied.	
Kauγé Ńeríb u Hʿyẹ̄́ni.	h03_l11	9	vā	va	0	vā	va	va	said			unsplit	Current word-level token gloss; no confident internal split applied.	
Kauγé Ńeríb u Hʿyẹ̄́ni.	h03_l11	10	ke:	kê	0	ke	kê	ke	that			unsplit	Current word-level token gloss; no confident internal split applied.	
Kauγé Ńeríb u Hʿyẹ̄́ni.	h03_l12	0	qāmek	qamêk	0	qāmek	qamêk	qamek	whoever			unsplit	Current word-level token gloss; no confident internal split applied.	
Kauγé Ńeríb u Hʿyẹ̄́ni.	h03_l12	1	vyén’a	vyêna	0	vyén’a	vyêna	vyena	I see			unsplit	Current word-level token gloss; no confident internal split applied.	
Kauγé Ńeríb u Hʿyẹ̄́ni.	h03_l12	2	bye	byê	0	bye	byê	bye	come			unsplit	Current word-level token gloss; no confident internal split applied.	
Kauγé Ńeríb u Hʿyẹ̄́ni.	h03_l12	3	silā	sila	0	silā	sila	sila	permission			unsplit	Current word-level token gloss; no confident internal split applied.	
Kauγé Ńeríb u Hʿyẹ̄́ni.	h03_l12	4	sē̱rei	serêy	0	sē̱rei	serêy	serei	head			unsplit	Current word-level token gloss; no confident internal split applied.	
Kauγé Ńeríb u Hʿyẹ̄́ni.	h03_l12	5	dei	dêy	0	dei	dêy	dei	him			unsplit	Current word-level token gloss; no confident internal split applied.	
Kauγé Ńeríb u Hʿyẹ̄́ni.	h03_l12	6	dāna	dana	0	dāna	dana	dana	I give			unsplit	Current word-level token gloss; no confident internal split applied.	
Kauγé Ńeríb u Hʿyẹ̄́ni.	h03_l12	7	püroe.	pûroê	0	püroe	pûroê	puroe	upon			unsplit	Current word-level token gloss; no confident internal split applied.	
Kauγé Ńeríb u Hʿyẹ̄́ni.	h03_l12	8	Dáqma	Daqma	0	Dáqma	Daqma	daqma	Daqma, personal name			unsplit	Current word-level token gloss; no confident internal split applied.	
Kauγé Ńeríb u Hʿyẹ̄́ni.	h03_l12	9	bé̱gi	begi	0	bé̱gi	begi	begi	Beg, title			unsplit	Current word-level token gloss; no confident internal split applied.	
Kauγé Ńeríb u Hʿyẹ̄́ni.	h03_l12	10	vā	va	0	vā	va	va	said			unsplit	Current word-level token gloss; no confident internal split applied.	
Kauγé Ńeríb u Hʿyẹ̄́ni.	h03_l12	11	ke:	kê	0	ke	kê	ke	that			unsplit	Current word-level token gloss; no confident internal split applied.	
Kauγé Ńeríb u Hʿyẹ̄́ni.	h03_l13	0	Ńeríbra	Nyêribra	0	Ńeríb	Nyêrib	nerib	Nerib			high	Muller 1865, ZGP-0336; function chosen with project ra conventions.	
Kauγé Ńeríb u Hʿyẹ̄́ni.	h03_l13	0	Ńeríbra	Nyêribra	1	ra	ra	ra	ABL	postposition	relation=source	high	Muller 1865, ZGP-0336; function chosen with project ra conventions.	
Kauγé Ńeríb u Hʿyẹ̄́ni.	h03_l13	1	Xalé̱f	Xalef	0	Xalé̱f	Xalef	xalef	Xalef, personal name			unsplit	Current word-level token gloss; no confident internal split applied.	
Kauγé Ńeríb u Hʿyẹ̄́ni.	h03_l13	2	aγáira	ağayra	0	aγái	ağay	agai	Agha			high	Muller 1865, ZGP-0336; function chosen with project ra conventions.	
Kauγé Ńeríb u Hʿyẹ̄́ni.	h03_l13	2	aγáira	ağayra	1	ra	ra	ra	GOAL/RECIP	postposition	relation=goal_or_recipient	high	Muller 1865, ZGP-0336; function chosen with project ra conventions.	
Kauγé Ńeríb u Hʿyẹ̄́ni.	h03_l13	3	habé̱re	haberê	0	habé̱re	haberê	habere	message			unsplit	Current word-level token gloss; no confident internal split applied.	
Kauγé Ńeríb u Hʿyẹ̄́ni.	h03_l13	4	āmeía:	amêya	0	āmeía	amêya	ameia	I came			unsplit	Current word-level token gloss; no confident internal split applied.	
Kauγé Ńeríb u Hʿyẹ̄́ni.	h03_l13	5	meíšte	mêyştê	0	meíšte	mêyştê	meiste	tomorrow			unsplit	Current word-level token gloss; no confident internal split applied.	
Kauγé Ńeríb u Hʿyẹ̄́ni.	h03_l13	6	kauyaú,	kawyaw	0	kauyaú	kawyaw	kauyau	we will fight			unsplit	Current word-level token gloss; no confident internal split applied.	
Kauγé Ńeríb u Hʿyẹ̄́ni.	h03_l13	7	t̮au	çaw	0	t̮au	çaw	tau	no one			unsplit	Current word-level token gloss; no confident internal split applied.	
Kauγé Ńeríb u Hʿyẹ̄́ni.	h03_l13	8	keiyede	kêyyêdê	0	keiye	kêyyê	keiye	house			high	Muller 1865, ZGP-0340 locative -de/-di.	
Kauγé Ńeríb u Hʿyẹ̄́ni.	h03_l13	8	keiyede	kêyyêdê	1	de	dê	de	LOC	case	case=locative	high	Muller 1865, ZGP-0340 locative -de/-di.	
Kauγé Ńeríb u Hʿyẹ̄́ni.	h03_l14	0	desti	dêsti	0	desti	dêsti	desti	hand			unsplit	Current word-level token gloss; no confident internal split applied.	
Kauγé Ńeríb u Hʿyẹ̄́ni.	h03_l14	1	tua	twa	0	tua	twa	tua	your			unsplit	Current word-level token gloss; no confident internal split applied.	
Kauγé Ńeríb u Hʿyẹ̄́ni.	h03_l14	2	gén’a	gêna	0	gén’a	gêna	gena	I take			unsplit	Current word-level token gloss; no confident internal split applied.	
Kauγé Ńeríb u Hʿyẹ̄́ni.	h03_l14	3	t̮au	çaw	0	t̮au	çaw	tau	no one			unsplit	Current word-level token gloss; no confident internal split applied.	
Kauγé Ńeríb u Hʿyẹ̄́ni.	h03_l14	4	mévindi,	mêvindi	0	mé	me	me-	NEG.IMP	prefix	polarity=negative;mood=imperative	high	Muller 1865, ZGP-0362 negative imperative me- prefix.	
Kauγé Ńeríb u Hʿyẹ̄́ni.	h03_l14	4	mévindi,	mêvindi	1	vindi	vindi	vindi	delay			high	Muller 1865, ZGP-0362 negative imperative me- prefix.	
Kauγé Ńeríb u Hʿyẹ̄́ni.	h03_l14	5	meíšte	mêyştê	0	meíšte	mêyştê	meiste	tomorrow			unsplit	Current word-level token gloss; no confident internal split applied.	
Kauγé Ńeríb u Hʿyẹ̄́ni.	h03_l14	6	kauyaú.	kawyaw	0	kauyaú	kawyaw	kauyau	we will fight			unsplit	Current word-level token gloss; no confident internal split applied.	
Kauγé Ńeríb u Hʿyẹ̄́ni.	h04_l01	0	Dáqma	Daqma	0	Dáqma	Daqma	daqma	Daqma, personal name			unsplit	Current word-level token gloss; no confident internal split applied.	
Kauγé Ńeríb u Hʿyẹ̄́ni.	h04_l01	1	be̱g	beg	0	be̱g	beg	beg	Beg, title			unsplit	Current word-level token gloss; no confident internal split applied.	
Kauγé Ńeríb u Hʿyẹ̄́ni.	h04_l01	2	habé̱re	haberê	0	habé̱re	haberê	habere	message			unsplit	Current word-level token gloss; no confident internal split applied.	
Kauγé Ńeríb u Hʿyẹ̄́ni.	h04_l01	3	e̱ršau’úte	erşawûtê	0	e̱ršau’úte	erşawûtê	ersauute	sent			unsplit	Current word-level token gloss; no confident internal split applied.	
Kauγé Ńeríb u Hʿyẹ̄́ni.	h04_l01	4	Ńeríb	Nyêrib	0	Ńeríb	Nyêrib	nerib	Nerib, place name			unsplit	Current word-level token gloss; no confident internal split applied.	
Kauγé Ńeríb u Hʿyẹ̄́ni.	h04_l01	5	Xalé̱f	Xalef	0	Xalé̱f	Xalef	xalef	Xalef, personal name			unsplit	Current word-level token gloss; no confident internal split applied.	
Kauγé Ńeríb u Hʿyẹ̄́ni.	h04_l01	6	aγáiri	ağayri	0	aγái	ağay	agai	Agha			high	Muller 1865, ZGP-0337-ZGP-0339 ri/ru/-i object or goal material.	
Kauγé Ńeríb u Hʿyẹ̄́ni.	h04_l01	6	aγáiri	ağayri	1	ri	ri	ri	GOAL/RECIP	case/postposition	relation=goal_or_recipient	high	Muller 1865, ZGP-0337-ZGP-0339 ri/ru/-i object or goal material.	
Kauγé Ńeríb u Hʿyẹ̄́ni.	h04_l01	7	vā	va	0	vā	va	va	said			unsplit	Current word-level token gloss; no confident internal split applied.	
Kauγé Ńeríb u Hʿyẹ̄́ni.	h04_l01	8	ke:	kê	0	ke	kê	ke	that			unsplit	Current word-level token gloss; no confident internal split applied.	
Kauγé Ńeríb u Hʿyẹ̄́ni.	h04_l01	9	e̱skéri	eskêri	0	e̱skéri	eskêri	eskeri	army			unsplit	Current word-level token gloss; no confident internal split applied.	
Kauγé Ńeríb u Hʿyẹ̄́ni.	h04_l02	0	me	mê	0	me	mê	me	1SG			unsplit	Current word-level token gloss; no confident internal split applied.	
Kauγé Ńeríb u Hʿyẹ̄́ni.	h04_l02	1	hādrāu,	hadraw	0	hādrāu	hadraw	hadrau	is ready			unsplit	Current word-level token gloss; no confident internal split applied.	
Kauγé Ńeríb u Hʿyẹ̄́ni.	h04_l02	2	meíšte	mêyştê	0	meíšte	mêyştê	meiste	tomorrow			unsplit	Current word-level token gloss; no confident internal split applied.	
Kauγé Ńeríb u Hʿyẹ̄́ni.	h04_l02	3	mā	ma	0	mā	ma	ma	we			unsplit	Current word-level token gloss; no confident internal split applied.	
Kauγé Ńeríb u Hʿyẹ̄́ni.	h04_l02	4	yān’i	yani	0	yān’i	yani	yani	we go			unsplit	Current word-level token gloss; no confident internal split applied.	
Kauγé Ńeríb u Hʿyẹ̄́ni.	h04_l02	5	pei	pêy	0	pei	pêy	pei	after			unsplit	Current word-level token gloss; no confident internal split applied.	
Kauγé Ńeríb u Hʿyẹ̄́ni.	h04_l02	6	rezān.	rêzan	0	rez	rêz	rez	vineyard			high	Muller 1865, ZGP-0334 plural -an.	
Kauγé Ńeríb u Hʿyẹ̄́ni.	h04_l02	6	rezān.	rêzan	1	ān	an	an	PL	suffix	number=plural	high	Muller 1865, ZGP-0334 plural -an.	
Kauγé Ńeríb u Hʿyẹ̄́ni.	h04_l02	7	Xalé̱f	Xalef	0	Xalé̱f	Xalef	xalef	Xalef, personal name			unsplit	Current word-level token gloss; no confident internal split applied.	
Kauγé Ńeríb u Hʿyẹ̄́ni.	h04_l02	8	aγá	ağa	0	aγá	ağa	aga	Agha, title			unsplit	Current word-level token gloss; no confident internal split applied.	
Kauγé Ńeríb u Hʿyẹ̄́ni.	h04_l02	9	habé̱r	haber	0	habé̱r	haber	haber	message			unsplit	Current word-level token gloss; no confident internal split applied.	
Kauγé Ńeríb u Hʿyẹ̄́ni.	h04_l02	10	e̱ršau’úte	erşawûtê	0	e̱ršau’úte	erşawûtê	ersauute	sent			unsplit	Current word-level token gloss; no confident internal split applied.	
Kauγé Ńeríb u Hʿyẹ̄́ni.	h04_l03	0	Dáqma	Daqma	0	Dáqma	Daqma	daqma	Daqma, personal name			unsplit	Current word-level token gloss; no confident internal split applied.	
Kauγé Ńeríb u Hʿyẹ̄́ni.	h04_l03	1	bé̱giri	begiri	0	bé̱gi	begi	begi	Beg			high	Muller 1865, ZGP-0337-ZGP-0339 ri/ru/-i object or goal material.	
Kauγé Ńeríb u Hʿyẹ̄́ni.	h04_l03	1	bé̱giri	begiri	1	ri	ri	ri	GOAL/RECIP	case/postposition	relation=goal_or_recipient	high	Muller 1865, ZGP-0337-ZGP-0339 ri/ru/-i object or goal material.	
Kauγé Ńeríb u Hʿyẹ̄́ni.	h04_l03	2	Hʿyẹ̄́ne	'Hyênê	0	Hʿyẹ̄́ne	'Hyênê	hyene	Hyeni, place name			unsplit	Current word-level token gloss; no confident internal split applied.	
Kauγé Ńeríb u Hʿyẹ̄́ni.	h04_l03	3	vā	va	0	vā	va	va	said			unsplit	Current word-level token gloss; no confident internal split applied.	
Kauγé Ńeríb u Hʿyẹ̄́ni.	h04_l03	4	ke:	kê	0	ke	kê	ke	that			unsplit	Current word-level token gloss; no confident internal split applied.	
Kauγé Ńeríb u Hʿyẹ̄́ni.	h04_l03	5	émšoe	êmşoê	0	émšoe	êmşoê	emsoe	tonight			unsplit	Current word-level token gloss; no confident internal split applied.	
Kauγé Ńeríb u Hʿyẹ̄́ni.	h04_l03	6	muqaite	mûqaytê	0	muqaite	mûqaytê	muqaite	on guard			unsplit	Current word-level token gloss; no confident internal split applied.	
Kauγé Ńeríb u Hʿyẹ̄́ni.	h04_l03	7	χóe	xoê	0	χóe	xoê	xoe	own			unsplit	Current word-level token gloss; no confident internal split applied.	
Kauγé Ńeríb u Hʿyẹ̄́ni.	h04_l03	8	be,	bê	0	be	bê	be	be			unsplit	Current word-level token gloss; no confident internal split applied.	
Kauγé Ńeríb u Hʿyẹ̄́ni.	h04_l03	9	e̱z	ez	0	e̱z	ez	ez	I			unsplit	Current word-level token gloss; no confident internal split applied.	
Kauγé Ńeríb u Hʿyẹ̄́ni.	h04_l04	0	émšoe	êmşoê	0	émšoe	êmşoê	emsoe	tonight			unsplit	Current word-level token gloss; no confident internal split applied.	
Kauγé Ńeríb u Hʿyẹ̄́ni.	h04_l04	1	šahrestān	şahrêstan	0	šahrestān	şahrêstan	sahrestan	town			unsplit	Current word-level token gloss; no confident internal split applied.	
Kauγé Ńeríb u Hʿyẹ̄́ni.	h04_l04	2	vešnén’a.	vêşnêna	0	vešnén’a	vêşnêna	vesnena	I will burn			unsplit	Current word-level token gloss; no confident internal split applied.	
Kauγé Ńeríb u Hʿyẹ̄́ni.	h04_l05	0	Dáqma	Daqma	0	Dáqma	Daqma	daqma	Daqma, personal name			unsplit	Current word-level token gloss; no confident internal split applied.	
Kauγé Ńeríb u Hʿyẹ̄́ni.	h04_l05	1	bé̱gi	begi	0	bé̱gi	begi	begi	Beg, title			unsplit	Current word-level token gloss; no confident internal split applied.	
Kauγé Ńeríb u Hʿyẹ̄́ni.	h04_l05	2	e̱skéri	eskêri	0	e̱skéri	eskêri	eskeri	army			unsplit	Current word-level token gloss; no confident internal split applied.	
Kauγé Ńeríb u Hʿyẹ̄́ni.	h04_l05	3	χóe	xoê	0	χóe	xoê	xoe	own			unsplit	Current word-level token gloss; no confident internal split applied.	
Kauγé Ńeríb u Hʿyẹ̄́ni.	h04_l05	4	hēme	hêmê	0	hēme	hêmê	heme	match			unsplit	Current word-level token gloss; no confident internal split applied.	
Kauγé Ńeríb u Hʿyẹ̄́ni.	h04_l05	5	top	top	0	top	top	top	gathered			unsplit	Current word-level token gloss; no confident internal split applied.	
Kauγé Ńeríb u Hʿyẹ̄́ni.	h04_l05	6	kerd,	kêrd	0	kerd	kêrd	kerd	did			unsplit	Current word-level token gloss; no confident internal split applied.	
Kauγé Ńeríb u Hʿyẹ̄́ni.	h04_l05	7	e̱skér	eskêr	0	e̱skér	eskêr	esker	army			unsplit	Current word-level token gloss; no confident internal split applied.	
Kauγé Ńeríb u Hʿyẹ̄́ni.	h04_l05	8	pyéru	pyêrû	0	pyéru	pyêrû	pyeru	all			unsplit	Current word-level token gloss; no confident internal split applied.	
Kauγé Ńeríb u Hʿyẹ̄́ni.	h04_l05	9	keraud	kêrawd	0	keraud	kêrawd	keraud	assembled			unsplit	Current word-level token gloss; no confident internal split applied.	
Kauγé Ńeríb u Hʿyẹ̄́ni.	h04_l06	0	pei	pêy	0	pei	pêy	pei	after			unsplit	Current word-level token gloss; no confident internal split applied.	
Kauγé Ńeríb u Hʿyẹ̄́ni.	h04_l06	1	kunāyi	kûnayi	0	kunāyi	kûnayi	kunayi	house			unsplit	Current word-level token gloss; no confident internal split applied.	
Kauγé Ńeríb u Hʿyẹ̄́ni.	h04_l06	2	Temir	Têmir	0	Temir	Têmir	temir	Temir, personal name			unsplit	Current word-level token gloss; no confident internal split applied.	
Kauγé Ńeríb u Hʿyẹ̄́ni.	h04_l06	3	bé̱gi,	begi	0	bé̱gi	begi	begi	Beg, title			unsplit	Current word-level token gloss; no confident internal split applied.	
Kauγé Ńeríb u Hʿyẹ̄́ni.	h04_l06	4	bārut,	barût	0	bārut	barût	barut	gunpowder			unsplit	Current word-level token gloss; no confident internal split applied.	
Kauγé Ńeríb u Hʿyẹ̄́ni.	h04_l06	5	qirqistin	qirqistin	0	qirqistin	qirqistin	qirqistin	bullets			unsplit	Current word-level token gloss; no confident internal split applied.	
Kauγé Ńeríb u Hʿyẹ̄́ni.	h04_l06	6	dā	da	0	dā	da	da	gave			unsplit	Current word-level token gloss; no confident internal split applied.	
Kauγé Ńeríb u Hʿyẹ̄́ni.	h04_l06	7	e̱skéri	eskêri	0	e̱skéri	eskêri	eskeri	army			unsplit	Current word-level token gloss; no confident internal split applied.	
Kauγé Ńeríb u Hʿyẹ̄́ni.	h04_l06	8	χóe,	xoê	0	χóe	xoê	xoe	own			unsplit	Current word-level token gloss; no confident internal split applied.	
Kauγé Ńeríb u Hʿyẹ̄́ni.	h04_l06	9	espār	êspar	0	espār	êspar	espar	horse			unsplit	Current word-level token gloss; no confident internal split applied.	
Kauγé Ńeríb u Hʿyẹ̄́ni.	h04_l06	10	vidi,	vidi	0	vidi	vidi	vidi	mounted			unsplit	Current word-level token gloss; no confident internal split applied.	
Kauγé Ńeríb u Hʿyẹ̄́ni.	h04_l07	0	peiye	pêyyê	0	peiye	pêyyê	peiye	infantry			unsplit	Current word-level token gloss; no confident internal split applied.	
Kauγé Ńeríb u Hʿyẹ̄́ni.	h04_l07	1	pyéru	pyêrû	0	pyéru	pyêrû	pyeru	all			unsplit	Current word-level token gloss; no confident internal split applied.	
Kauγé Ńeríb u Hʿyẹ̄́ni.	h04_l07	2	e̱ršau’út	erşawût	0	e̱ršau’út	erşawût	ersauut	sent			unsplit	Current word-level token gloss; no confident internal split applied.	
Kauγé Ńeríb u Hʿyẹ̄́ni.	h04_l07	3	pei	pêy	0	pei	pêy	pei	after			unsplit	Current word-level token gloss; no confident internal split applied.	
Kauγé Ńeríb u Hʿyẹ̄́ni.	h04_l07	4	kütān,	kûtan	0	küt	kût	kut	meadow			high	Muller 1865, ZGP-0334 plural -an.	
Kauγé Ńeríb u Hʿyẹ̄́ni.	h04_l07	4	kütān,	kûtan	1	ān	an	an	PL	suffix	number=plural	high	Muller 1865, ZGP-0334 plural -an.	
Kauγé Ńeríb u Hʿyẹ̄́ni.	h04_l07	5	espār	êspar	0	espār	êspar	espar	horse			unsplit	Current word-level token gloss; no confident internal split applied.	
Kauγé Ńeríb u Hʿyẹ̄́ni.	h04_l07	6	pyéru	pyêrû	0	pyéru	pyêrû	pyeru	all			unsplit	Current word-level token gloss; no confident internal split applied.	
Kauγé Ńeríb u Hʿyẹ̄́ni.	h04_l07	7	e̱ršau’út	erşawût	0	e̱ršau’út	erşawût	ersauut	sent			unsplit	Current word-level token gloss; no confident internal split applied.	
Kauγé Ńeríb u Hʿyẹ̄́ni.	h04_l07	8	pei	pêy	0	pei	pêy	pei	after			unsplit	Current word-level token gloss; no confident internal split applied.	
Kauγé Ńeríb u Hʿyẹ̄́ni.	h04_l07	9	rezān.	rêzan	0	rez	rêz	rez	vineyard			high	Muller 1865, ZGP-0334 plural -an.	
Kauγé Ńeríb u Hʿyẹ̄́ni.	h04_l07	9	rezān.	rêzan	1	ān	an	an	PL	suffix	number=plural	high	Muller 1865, ZGP-0334 plural -an.	
Kauγé Ńeríb u Hʿyẹ̄́ni.	h04_l08	0	Šefāk	Şêfak	0	Šefāk	Şêfak	sefak	daybreak			unsplit	Current word-level token gloss; no confident internal split applied.	
Kauγé Ńeríb u Hʿyẹ̄́ni.	h04_l08	1	bestia	bêstya	0	bestia	bêstya	bestia	was breaking			unsplit	Current word-level token gloss; no confident internal split applied.	
Kauγé Ńeríb u Hʿyẹ̄́ni.	h04_l08	2	birōst	birost	0	birōst	birost	birost	became light			unsplit	Current word-level token gloss; no confident internal split applied.	
Kauγé Ńeríb u Hʿyẹ̄́ni.	h04_l08	3	habé̱r	haber	0	habé̱r	haber	haber	message			unsplit	Current word-level token gloss; no confident internal split applied.	
Kauγé Ńeríb u Hʿyẹ̄́ni.	h04_l08	4	e̱ršau’úte	erşawûtê	0	e̱ršau’úte	erşawûtê	ersauute	sent			unsplit	Current word-level token gloss; no confident internal split applied.	
Kauγé Ńeríb u Hʿyẹ̄́ni.	h04_l08	5	Ńeríb	Nyêrib	0	Ńeríb	Nyêrib	nerib	Nerib, place name			unsplit	Current word-level token gloss; no confident internal split applied.	
Kauγé Ńeríb u Hʿyẹ̄́ni.	h04_l08	6	Xalé̱f	Xalef	0	Xalé̱f	Xalef	xalef	Xalef, personal name			unsplit	Current word-level token gloss; no confident internal split applied.	
Kauγé Ńeríb u Hʿyẹ̄́ni.	h04_l08	7	aγáiri	ağayri	0	aγái	ağay	agai	Agha			high	Muller 1865, ZGP-0337-ZGP-0339 ri/ru/-i object or goal material.	
Kauγé Ńeríb u Hʿyẹ̄́ni.	h04_l08	7	aγáiri	ağayri	1	ri	ri	ri	GOAL/RECIP	case/postposition	relation=goal_or_recipient	high	Muller 1865, ZGP-0337-ZGP-0339 ri/ru/-i object or goal material.	
Kauγé Ńeríb u Hʿyẹ̄́ni.	h04_l08	8	vā	va	0	vā	va	va	said			unsplit	Current word-level token gloss; no confident internal split applied.	
Kauγé Ńeríb u Hʿyẹ̄́ni.	h04_l08	9	ke:	kê	0	ke	kê	ke	that			unsplit	Current word-level token gloss; no confident internal split applied.	
Kauγé Ńeríb u Hʿyẹ̄́ni.	h04_l08	10	terās,	têras	0	terās	têras	teras	accursed one			unsplit	Current word-level token gloss; no confident internal split applied.	
Kauγé Ńeríb u Hʿyẹ̄́ni.	h04_l09	0	émšoe	êmşoê	0	émšoe	êmşoê	emsoe	tonight			unsplit	Current word-level token gloss; no confident internal split applied.	
Kauγé Ńeríb u Hʿyẹ̄́ni.	h04_l09	1	heta	hêta	0	heta	hêta	heta	until			unsplit	Current word-level token gloss; no confident internal split applied.	
Kauγé Ńeríb u Hʿyẹ̄́ni.	h04_l09	2	sobā	soba	0	sobā	soba	soba	morning			unsplit	Current word-level token gloss; no confident internal split applied.	
Kauγé Ńeríb u Hʿyẹ̄́ni.	h04_l09	3	e̱z	ez	0	e̱z	ez	ez	I			unsplit	Current word-level token gloss; no confident internal split applied.	
Kauγé Ńeríb u Hʿyẹ̄́ni.	h04_l09	4	ne	nê	0	ne	nê	ne	not			unsplit	Current word-level token gloss; no confident internal split applied.	
Kauγé Ńeríb u Hʿyẹ̄́ni.	h04_l09	5	ra	ra	0	ra	ra	ra	from			unsplit	Current word-level token gloss; no confident internal split applied.	
Kauγé Ńeríb u Hʿyẹ̄́ni.	h04_l09	6	kaúta,	kawta	0	kaúta	kawta	kauta	went			unsplit	Current word-level token gloss; no confident internal split applied.	
Kauγé Ńeríb u Hʿyẹ̄́ni.	h04_l09	7	sōzi	sozi	0	sōzi	sozi	sozi	promise			unsplit	Current word-level token gloss; no confident internal split applied.	
Kauγé Ńeríb u Hʿyẹ̄́ni.	h04_l09	8	tue	twê	0	tue	twê	tue	your			unsplit	Current word-level token gloss; no confident internal split applied.	
Kauγé Ńeríb u Hʿyẹ̄́ni.	h04_l09	9	senén’u,	sênênû	0	senén’u	sênênû	senenu	what happened to			unsplit	Current word-level token gloss; no confident internal split applied.	
Kauγé Ńeríb u Hʿyẹ̄́ni.	h04_l09	10	sōzu	sozû	0	sōzu	sozû	sozu	promise			unsplit	Current word-level token gloss; no confident internal split applied.	
Kauγé Ńeríb u Hʿyẹ̄́ni.	h04_l09	11	te	tê	0	te	tê	te	you			unsplit	Current word-level token gloss; no confident internal split applied.	
Kauγé Ńeríb u Hʿyẹ̄́ni.	h04_l10	0	bye	byê	0	bye	byê	bye	come			unsplit	Current word-level token gloss; no confident internal split applied.	
Kauγé Ńeríb u Hʿyẹ̄́ni.	h04_l10	1	kauyé	kawyê	0	kauyé	kawyê	kauye	fight			unsplit	Current word-level token gloss; no confident internal split applied.	
Kauγé Ńeríb u Hʿyẹ̄́ni.	h04_l10	2	χóeri	xoêri	0	χóe	xoê	xoe	self/own			high	Muller 1865, ZGP-0337-ZGP-0339 ri/ru/-i object or goal material.	
Kauγé Ńeríb u Hʿyẹ̄́ni.	h04_l10	2	χóeri	xoêri	1	ri	ri	ri	REFL/OBL	case/postposition	relation=reflexive_or_oblique	high	Muller 1865, ZGP-0337-ZGP-0339 ri/ru/-i object or goal material.	
Kauγé Ńeríb u Hʿyẹ̄́ni.	h04_l10	3	vyén’e,	vyênê	0	vyén’e	vyênê	vyene	see			unsplit	Current word-level token gloss; no confident internal split applied.	
Kauγé Ńeríb u Hʿyẹ̄́ni.	h04_l10	4	e̱skéri	eskêri	0	e̱skéri	eskêri	eskeri	army			unsplit	Current word-level token gloss; no confident internal split applied.	
Kauγé Ńeríb u Hʿyẹ̄́ni.	h04_l10	5	me	mê	0	me	mê	me	1SG			unsplit	Current word-level token gloss; no confident internal split applied.	
Kauγé Ńeríb u Hʿyẹ̄́ni.	h04_l10	6	hādrāu.	hadraw	0	hādrāu	hadraw	hadrau	is ready			unsplit	Current word-level token gloss; no confident internal split applied.	
Kauγé Ńeríb u Hʿyẹ̄́ni.	h04_l11	0	Xalé̱f	Xalef	0	Xalé̱f	Xalef	xalef	Xalef, personal name			unsplit	Current word-level token gloss; no confident internal split applied.	
Kauγé Ńeríb u Hʿyẹ̄́ni.	h04_l11	1	aγá	ağa	0	aγá	ağa	aga	Agha, title			unsplit	Current word-level token gloss; no confident internal split applied.	
Kauγé Ńeríb u Hʿyẹ̄́ni.	h04_l11	2	we̱ríšt	werişt	0	we̱ríšt	werişt	werist	set out			unsplit	Current word-level token gloss; no confident internal split applied.	
Kauγé Ńeríb u Hʿyẹ̄́ni.	h04_l11	3	be	bê	0	be	bê	be	be			unsplit	Current word-level token gloss; no confident internal split applied.	
Kauγé Ńeríb u Hʿyẹ̄́ni.	h04_l11	4	espār,	êspar	0	espār	êspar	espar	horse			unsplit	Current word-level token gloss; no confident internal split applied.	
Kauγé Ńeríb u Hʿyẹ̄́ni.	h04_l11	5	dümilbāzi	dûmilbazi	0	dümilbāzi	dûmilbazi	dumilbazi	drum			unsplit	Current word-level token gloss; no confident internal split applied.	
Kauγé Ńeríb u Hʿyẹ̄́ni.	h04_l11	6	dā	da	0	dā	da	da	gave			unsplit	Current word-level token gloss; no confident internal split applied.	
Kauγé Ńeríb u Hʿyẹ̄́ni.	h04_l11	7	püroe,	pûroê	0	püroe	pûroê	puroe	upon			unsplit	Current word-level token gloss; no confident internal split applied.	
Kauγé Ńeríb u Hʿyẹ̄́ni.	h04_l11	8	kaut	kawt	0	kaut	kawt	kaut	went			unsplit	Current word-level token gloss; no confident internal split applied.	
Kauγé Ńeríb u Hʿyẹ̄́ni.	h04_l11	9	e̱skéri	eskêri	0	e̱skéri	eskêri	eskeri	army			unsplit	Current word-level token gloss; no confident internal split applied.	
Kauγé Ńeríb u Hʿyẹ̄́ni.	h04_l12	0	χóe	xoê	0	χóe	xoê	xoe	own			unsplit	Current word-level token gloss; no confident internal split applied.	
Kauγé Ńeríb u Hʿyẹ̄́ni.	h04_l12	1	ver	vêr	0	ver	vêr	ver	front			unsplit	Current word-level token gloss; no confident internal split applied.	
Kauγé Ńeríb u Hʿyẹ̄́ni.	h04_l12	2	vā	va	0	vā	va	va	said			unsplit	Current word-level token gloss; no confident internal split applied.	
Kauγé Ńeríb u Hʿyẹ̄́ni.	h04_l12	3	ke	kê	0	ke	kê	ke	that			unsplit	Current word-level token gloss; no confident internal split applied.	
Kauγé Ńeríb u Hʿyẹ̄́ni.	h04_l12	4	e̱skéri	eskêri	0	e̱skéri	eskêri	eskeri	army			unsplit	Current word-level token gloss; no confident internal split applied.	
Kauγé Ńeríb u Hʿyẹ̄́ni.	h04_l12	5	χóera:	xoêra	0	χóe	xoê	xoe	self/own			high	Muller 1865, ZGP-0336; function chosen with project ra conventions.	
Kauγé Ńeríb u Hʿyẹ̄́ni.	h04_l12	5	χóera:	xoêra	1	ra	ra	ra	REFL/RECIP	postposition	relation=reflexive_or_recipient	high	Muller 1865, ZGP-0336; function chosen with project ra conventions.	
Kauγé Ńeríb u Hʿyẹ̄́ni.	h04_l12	6	métersi,	mêtêrsi	0	mé	me	me-	NEG.IMP	prefix	polarity=negative;mood=imperative	high	Muller 1865, ZGP-0362 negative imperative me- prefix.	
Kauγé Ńeríb u Hʿyẹ̄́ni.	h04_l12	6	métersi,	mêtêrsi	1	tersi	têrsi	tersi	fear			high	Muller 1865, ZGP-0362 negative imperative me- prefix.	
Kauγé Ńeríb u Hʿyẹ̄́ni.	h04_l12	7	ye	yê	0	ye	yê	ye	she			unsplit	Current word-level token gloss; no confident internal split applied.	
Kauγé Ńeríb u Hʿyẹ̄́ni.	h04_l12	8	Ti̥rki,	Tırki	0	Ti̥rki	Tırki	tirki	Turks			unsplit	Current word-level token gloss; no confident internal split applied.	
Kauγé Ńeríb u Hʿyẹ̄́ni.	h04_l12	9	ye	yê	0	ye	yê	ye	she			unsplit	Current word-level token gloss; no confident internal split applied.	
Kauγé Ńeríb u Hʿyẹ̄́ni.	h04_l12	10	nešyén’i	nêşyêni	0	ne	ne	ne-	NEG	prefix	polarity=negative	high	Lerch corpus pattern plus modern Zazaki comparison: ne-/ńe- negative prefix.	
Kauγé Ńeríb u Hʿyẹ̄́ni.	h04_l12	10	nešyén’i	nêşyêni	1	šyén’i	şyêni	syeni	know/be able			high	Lerch corpus pattern plus modern Zazaki comparison: ne-/ńe- negative prefix.	
Kauγé Ńeríb u Hʿyẹ̄́ni.	h04_l12	11	kauyé	kawyê	0	kauyé	kawyê	kauye	fight			unsplit	Current word-level token gloss; no confident internal split applied.	
Kauγé Ńeríb u Hʿyẹ̄́ni.	h04_l13	0	bi̥kí,	bıki	0	bi̥	bi	bi-	CONJ/FUT	prefix	mood=conjunctive;tense=future	high	Muller 1865, ZGP-0361 conjunctive/future bi- prefix.	
Kauγé Ńeríb u Hʿyẹ̄́ni.	h04_l13	0	bi̥kí,	bıki	1	kí	ki	ki	do/fight			high	Muller 1865, ZGP-0361 conjunctive/future bi- prefix.	
Kauγé Ńeríb u Hʿyẹ̄́ni.	h04_l13	1	mā	ma	0	mā	ma	ma	we			unsplit	Current word-level token gloss; no confident internal split applied.	
Kauγé Ńeríb u Hʿyẹ̄́ni.	h04_l13	2	dān	dan	0	dān	dan	dan	people			unsplit	Current word-level token gloss; no confident internal split applied.	
Kauγé Ńeríb u Hʿyẹ̄́ni.	h04_l13	3	mi̥rdi	mırdi	0	mi̥rdi	mırdi	mirdi	brave			unsplit	Current word-level token gloss; no confident internal split applied.	
Kauγé Ńeríb u Hʿyẹ̄́ni.	h04_l13	4	aširāni,	aşirani	0	aširāni	aşirani	asirani	tribal men			unsplit	Current word-level token gloss; no confident internal split applied.	
Kauγé Ńeríb u Hʿyẹ̄́ni.	h04_l13	5	métersi,	mêtêrsi	0	mé	me	me-	NEG.IMP	prefix	polarity=negative;mood=imperative	high	Muller 1865, ZGP-0362 negative imperative me- prefix.	
Kauγé Ńeríb u Hʿyẹ̄́ni.	h04_l13	5	métersi,	mêtêrsi	1	tersi	têrsi	tersi	fear			high	Muller 1865, ZGP-0362 negative imperative me- prefix.	
Kauγé Ńeríb u Hʿyẹ̄́ni.	h04_l13	6	e̱z	ez	0	e̱z	ez	ez	I			unsplit	Current word-level token gloss; no confident internal split applied.	
Kauγé Ńeríb u Hʿyẹ̄́ni.	h04_l13	7	hā	ha	0	hā	ha	ha	here			unsplit	Current word-level token gloss; no confident internal split applied.	
Kauγé Ńeríb u Hʿyẹ̄́ni.	h04_l13	8	ši̥mā	şıma	0	ši̥mā	şıma	sima	you			unsplit	Current word-level token gloss; no confident internal split applied.	
Kauγé Ńeríb u Hʿyẹ̄́ni.	h04_l13	9	ver,	vêr	0	ver	vêr	ver	front			unsplit	Current word-level token gloss; no confident internal split applied.	
Kauγé Ńeríb u Hʿyẹ̄́ni.	h04_l13	10	keike	kêykê	0	keike	kêykê	keike	even if			unsplit	Current word-level token gloss; no confident internal split applied.	
Kauγé Ńeríb u Hʿyẹ̄́ni.	h04_l13	11	e̱z	ez	0	e̱z	ez	ez	I			unsplit	Current word-level token gloss; no confident internal split applied.	
Kauγé Ńeríb u Hʿyẹ̄́ni.	h04_l14	0	mérdā	mêrda	0	mérdā	mêrda	merda	die			unsplit	Current word-level token gloss; no confident internal split applied.	
Kauγé Ńeríb u Hʿyẹ̄́ni.	h04_l14	1	ši̥mā	şıma	0	ši̥mā	şıma	sima	you			unsplit	Current word-level token gloss; no confident internal split applied.	
Kauγé Ńeríb u Hʿyẹ̄́ni.	h04_l14	2	hem’a	hêma	0	hem’a	hêma	hema	however			unsplit	Current word-level token gloss; no confident internal split applied.	
Kauγé Ńeríb u Hʿyẹ̄́ni.	h04_l14	3	šyéri	şyêri	0	šyéri	şyêri	syeri	go			unsplit	Current word-level token gloss; no confident internal split applied.	
Kauγé Ńeríb u Hʿyẹ̄́ni.	h04_l14	4	kauyé.	kawyê	0	kauyé	kawyê	kauye	fight			unsplit	Current word-level token gloss; no confident internal split applied.	
Kauγé Ńeríb u Hʿyẹ̄́ni.	h04_l14	5	E̱skéri	Eskêri	0	E̱skéri	Eskêri	eskeri	army			unsplit	Current word-level token gloss; no confident internal split applied.	
Kauγé Ńeríb u Hʿyẹ̄́ni.	h04_l14	6	Xalé̱f	Xalef	0	Xalé̱f	Xalef	xalef	Xalef, personal name			unsplit	Current word-level token gloss; no confident internal split applied.	
Kauγé Ńeríb u Hʿyẹ̄́ni.	h04_l14	7	aγái	ağay	0	aγái	ağay	agai	Agha, title			unsplit	Current word-level token gloss; no confident internal split applied.	
Kauγé Ńeríb u Hʿyẹ̄́ni.	h04_l14	8	vā	va	0	vā	va	va	said			unsplit	Current word-level token gloss; no confident internal split applied.	
Kauγé Ńeríb u Hʿyẹ̄́ni.	h04_l14	9	ke,	kê	0	ke	kê	ke	that			unsplit	Current word-level token gloss; no confident internal split applied.	
Kauγé Ńeríb u Hʿyẹ̄́ni.	h04_l14	10	péki,	pêki	0	péki	pêki	peki	very well			unsplit	Current word-level token gloss; no confident internal split applied.	
Kauγé Ńeríb u Hʿyẹ̄́ni.	h04_l15	0	aγá,	ağa	0	aγá	ağa	aga	Agha, title			unsplit	Current word-level token gloss; no confident internal split applied.	
Kauγé Ńeríb u Hʿyẹ̄́ni.	h04_l15	1	hetāke	hêtakê	0	hetāke	hêtakê	hetake	as long as			unsplit	Current word-level token gloss; no confident internal split applied.	
Kauγé Ńeríb u Hʿyẹ̄́ni.	h04_l15	2	mā	ma	0	mā	ma	ma	we			unsplit	Current word-level token gloss; no confident internal split applied.	
Kauγé Ńeríb u Hʿyẹ̄́ni.	h04_l15	3	nēmiri	nêmiri	0	nē	ne	ne-	NEG	prefix	polarity=negative	high	Lerch corpus pattern plus modern Zazaki comparison: ne-/ńe- negative prefix.	
Kauγé Ńeríb u Hʿyẹ̄́ni.	h04_l15	3	nēmiri	nêmiri	1	miri	miri	miri	die			high	Lerch corpus pattern plus modern Zazaki comparison: ne-/ńe- negative prefix.	
Kauγé Ńeríb u Hʿyẹ̄́ni.	h04_l15	4	mā	ma	0	mā	ma	ma	we			unsplit	Current word-level token gloss; no confident internal split applied.	
Kauγé Ńeríb u Hʿyẹ̄́ni.	h04_l15	5	ńeverdāni	nyêvêrdani	0	ńe	ne	ne-	NEG	prefix	polarity=negative	high	Lerch corpus pattern plus modern Zazaki comparison: ne-/ńe- negative prefix.	
Kauγé Ńeríb u Hʿyẹ̄́ni.	h04_l15	5	ńeverdāni	nyêvêrdani	1	verdāni	vêrdani	verdani	spare/leave			high	Lerch corpus pattern plus modern Zazaki comparison: ne-/ńe- negative prefix.	
Kauγé Ńeríb u Hʿyẹ̄́ni.	h04_l15	6	te,	tê	0	te	tê	te	you			unsplit	Current word-level token gloss; no confident internal split applied.	
Kauγé Ńeríb u Hʿyẹ̄́ni.	h04_l15	7	šyéri	şyêri	0	šyéri	şyêri	syeri	go			unsplit	Current word-level token gloss; no confident internal split applied.	
Kauγé Ńeríb u Hʿyẹ̄́ni.	h04_l15	8	kauyé.	kawyê	0	kauyé	kawyê	kauye	fight			unsplit	Current word-level token gloss; no confident internal split applied.	
Kauγé Ńeríb u Hʿyẹ̄́ni.	h04_l15	9	Xalé̱f	Xalef	0	Xalé̱f	Xalef	xalef	Xalef, personal name			unsplit	Current word-level token gloss; no confident internal split applied.	
Kauγé Ńeríb u Hʿyẹ̄́ni.	h04_l15	10	aγá	ağa	0	aγá	ağa	aga	Agha, title			unsplit	Current word-level token gloss; no confident internal split applied.	
Kauγé Ńeríb u Hʿyẹ̄́ni.	h05_l01	0	vā	va	0	vā	va	va	said			unsplit	Current word-level token gloss; no confident internal split applied.	
Kauγé Ńeríb u Hʿyẹ̄́ni.	h05_l01	1	ke:	kê	0	ke	kê	ke	that			unsplit	Current word-level token gloss; no confident internal split applied.	
Kauγé Ńeríb u Hʿyẹ̄́ni.	h05_l01	2	āferem,	afêrêm	0	āferem	afêrêm	aferem	thanks			unsplit	Current word-level token gloss; no confident internal split applied.	
Kauγé Ńeríb u Hʿyẹ̄́ni.	h05_l01	3	aγālerem.	ağalêrêm	0	aγālerem	ağalêrêm	agalerem	my aghas			unsplit	Current word-level token gloss; no confident internal split applied.	
Kauγé Ńeríb u Hʿyẹ̄́ni.	h05_l01	4	Xalé̱f	Xalef	0	Xalé̱f	Xalef	xalef	Xalef, personal name			unsplit	Current word-level token gloss; no confident internal split applied.	
Kauγé Ńeríb u Hʿyẹ̄́ni.	h05_l01	5	aγá	ağa	0	aγá	ağa	aga	Agha, title			unsplit	Current word-level token gloss; no confident internal split applied.	
Kauγé Ńeríb u Hʿyẹ̄́ni.	h05_l01	6	kaut	kawt	0	kaut	kawt	kaut	went			unsplit	Current word-level token gloss; no confident internal split applied.	
Kauγé Ńeríb u Hʿyẹ̄́ni.	h05_l01	7	e̱skéri	eskêri	0	e̱skéri	eskêri	eskeri	army			unsplit	Current word-level token gloss; no confident internal split applied.	
Kauγé Ńeríb u Hʿyẹ̄́ni.	h05_l01	8	χóe	xoê	0	χóe	xoê	xoe	own			unsplit	Current word-level token gloss; no confident internal split applied.	
Kauγé Ńeríb u Hʿyẹ̄́ni.	h05_l01	9	ver,	vêr	0	ver	vêr	ver	front			unsplit	Current word-level token gloss; no confident internal split applied.	
Kauγé Ńeríb u Hʿyẹ̄́ni.	h05_l01	10	ši	şi	0	ši	şi	si	went			unsplit	Current word-level token gloss; no confident internal split applied.	
Kauγé Ńeríb u Hʿyẹ̄́ni.	h05_l01	11	vediai	vêdyay	0	vediai	vêdyay	vediai	went into			unsplit	Current word-level token gloss; no confident internal split applied.	
Kauγé Ńeríb u Hʿyẹ̄́ni.	h05_l02	0	diāri	dyari	0	diāri	dyari	diari	territory			unsplit	Current word-level token gloss; no confident internal split applied.	
Kauγé Ńeríb u Hʿyẹ̄́ni.	h05_l02	1	Hʿyẹ̄́ni,	'Hyêni	0	Hʿyẹ̄́ni	'Hyêni	hyeni	Hyeni, place name			unsplit	Current word-level token gloss; no confident internal split applied.	
Kauγé Ńeríb u Hʿyẹ̄́ni.	h05_l02	2	aunai	awnay	0	aunai	awnay	aunai	saw			unsplit	Current word-level token gloss; no confident internal split applied.	
Kauγé Ńeríb u Hʿyẹ̄́ni.	h05_l02	3	ke:	kê	0	ke	kê	ke	that			unsplit	Current word-level token gloss; no confident internal split applied.	
Kauγé Ńeríb u Hʿyẹ̄́ni.	h05_l02	4	e̱skéri	eskêri	0	e̱skéri	eskêri	eskeri	army			unsplit	Current word-level token gloss; no confident internal split applied.	
Kauγé Ńeríb u Hʿyẹ̄́ni.	h05_l02	5	Dáqma	Daqma	0	Dáqma	Daqma	daqma	Daqma, personal name			unsplit	Current word-level token gloss; no confident internal split applied.	
Kauγé Ńeríb u Hʿyẹ̄́ni.	h05_l02	6	bé̱gi	begi	0	bé̱gi	begi	begi	Beg, title			unsplit	Current word-level token gloss; no confident internal split applied.	
Kauγé Ńeríb u Hʿyẹ̄́ni.	h05_l02	7	pyéru	pyêrû	0	pyéru	pyêrû	pyeru	all			unsplit	Current word-level token gloss; no confident internal split applied.	
Kauγé Ńeríb u Hʿyẹ̄́ni.	h05_l02	8	hā	ha	0	hā	ha	ha	here			unsplit	Current word-level token gloss; no confident internal split applied.	
Kauγé Ńeríb u Hʿyẹ̄́ni.	h05_l02	9	rüniste,	rûnistê	0	rüniste	rûnistê	runiste	sitting			unsplit	Current word-level token gloss; no confident internal split applied.	
Kauγé Ńeríb u Hʿyẹ̄́ni.	h05_l03	0	espār	êspar	0	espār	êspar	espar	horse			unsplit	Current word-level token gloss; no confident internal split applied.	
Kauγé Ńeríb u Hʿyẹ̄́ni.	h05_l03	1	kai	kay	0	kai	kay	kai	riding about			unsplit	Current word-level token gloss; no confident internal split applied.	
Kauγé Ńeríb u Hʿyẹ̄́ni.	h05_l03	2	kén’u,	kênû	0	kén’u	kênû	kenu	does			unsplit	Current word-level token gloss; no confident internal split applied.	
Kauγé Ńeríb u Hʿyẹ̄́ni.	h05_l03	3	qāmuk	qamûk	0	qāmuk	qamûk	qamuk	some			unsplit	Current word-level token gloss; no confident internal split applied.	
Kauγé Ńeríb u Hʿyẹ̄́ni.	h05_l03	4	byu	byû	0	byu	byû	byu	were			unsplit	Current word-level token gloss; no confident internal split applied.	
Kauγé Ńeríb u Hʿyẹ̄́ni.	h05_l03	5	peiye,	pêyyê	0	peiye	pêyyê	peiye	infantry			unsplit	Current word-level token gloss; no confident internal split applied.	
Kauγé Ńeríb u Hʿyẹ̄́ni.	h05_l03	6	qāmuk	qamûk	0	qāmuk	qamûk	qamuk	some			unsplit	Current word-level token gloss; no confident internal split applied.	
Kauγé Ńeríb u Hʿyẹ̄́ni.	h05_l03	7	na	na	0	na	na	na	not			unsplit	Current word-level token gloss; no confident internal split applied.	
Kauγé Ńeríb u Hʿyẹ̄́ni.	h05_l03	8	wén’u,	wênû	0	wén’u	wênû	wenu	eats			unsplit	Current word-level token gloss; no confident internal split applied.	
Kauγé Ńeríb u Hʿyẹ̄́ni.	h05_l03	9	qāmuk	qamûk	0	qāmuk	qamûk	qamuk	some			unsplit	Current word-level token gloss; no confident internal split applied.	
Kauγé Ńeríb u Hʿyẹ̄́ni.	h05_l03	10	gövendi	govêndi	0	gövendi	govêndi	govendi	dance			unsplit	Current word-level token gloss; no confident internal split applied.	
Kauγé Ńeríb u Hʿyẹ̄́ni.	h05_l04	0	kén’u.	kênû	0	kén’u	kênû	kenu	does			unsplit	Current word-level token gloss; no confident internal split applied.	
Kauγé Ńeríb u Hʿyẹ̄́ni.	h05_l04	1	Xalé̱f	Xalef	0	Xalé̱f	Xalef	xalef	Xalef, personal name			unsplit	Current word-level token gloss; no confident internal split applied.	
Kauγé Ńeríb u Hʿyẹ̄́ni.	h05_l04	2	aγá	ağa	0	aγá	ağa	aga	Agha, title			unsplit	Current word-level token gloss; no confident internal split applied.	
Kauγé Ńeríb u Hʿyẹ̄́ni.	h05_l04	3	veih	vêyh	0	veih	vêyh	veih	called out			unsplit	Current word-level token gloss; no confident internal split applied.	
Kauγé Ńeríb u Hʿyẹ̄́ni.	h05_l04	4	dā.	da	0	dā	da	da	gave			unsplit	Current word-level token gloss; no confident internal split applied.	
Kauγé Ńeríb u Hʿyẹ̄́ni.	h05_l04	5	Dáqma	Daqma	0	Dáqma	Daqma	daqma	Daqma, personal name			unsplit	Current word-level token gloss; no confident internal split applied.	
Kauγé Ńeríb u Hʿyẹ̄́ni.	h05_l04	6	bé̱gi,	begi	0	bé̱gi	begi	begi	Beg, title			unsplit	Current word-level token gloss; no confident internal split applied.	
Kauγé Ńeríb u Hʿyẹ̄́ni.	h05_l04	7	vā	va	0	vā	va	va	said			unsplit	Current word-level token gloss; no confident internal split applied.	
Kauγé Ńeríb u Hʿyẹ̄́ni.	h05_l04	8	ke:	kê	0	ke	kê	ke	that			unsplit	Current word-level token gloss; no confident internal split applied.	
Kauγé Ńeríb u Hʿyẹ̄́ni.	h05_l04	9	miga’ie	migayê	0	miga’ie	migayê	migaie	behold			unsplit	Current word-level token gloss; no confident internal split applied.	
Kauγé Ńeríb u Hʿyẹ̄́ni.	h05_l05	0	wāχte	waxtê	0	wāχte	waxtê	waxte	time			unsplit	Current word-level token gloss; no confident internal split applied.	
Kauγé Ńeríb u Hʿyẹ̄́ni.	h05_l05	1	χóede	xoêdê	0	χóe	xoê	xoe	own			high	Muller 1865, ZGP-0340 locative -de/-di.	
Kauγé Ńeríb u Hʿyẹ̄́ni.	h05_l05	1	χóede	xoêdê	1	de	dê	de	LOC/TEMP	case	case=locative_or_temporal	high	Muller 1865, ZGP-0340 locative -de/-di.	
Kauγé Ńeríb u Hʿyẹ̄́ni.	h05_l05	2	hādré	hadrê	0	hādré	hadrê	hadre	ready			unsplit	Current word-level token gloss; no confident internal split applied.	
Kauγé Ńeríb u Hʿyẹ̄́ni.	h05_l05	3	be,	bê	0	be	bê	be	be			unsplit	Current word-level token gloss; no confident internal split applied.	
Kauγé Ńeríb u Hʿyẹ̄́ni.	h05_l05	4	e̱z	ez	0	e̱z	ez	ez	I			unsplit	Current word-level token gloss; no confident internal split applied.	
Kauγé Ńeríb u Hʿyẹ̄́ni.	h05_l05	5	āmeía.	amêya	0	āmeía	amêya	ameia	I came			unsplit	Current word-level token gloss; no confident internal split applied.	
Kauγé Ńeríb u Hʿyẹ̄́ni.	h05_l05	6	Dáqma	Daqma	0	Dáqma	Daqma	daqma	Daqma, personal name			unsplit	Current word-level token gloss; no confident internal split applied.	
Kauγé Ńeríb u Hʿyẹ̄́ni.	h05_l05	7	be̱g	beg	0	be̱g	beg	beg	Beg, title			unsplit	Current word-level token gloss; no confident internal split applied.	
Kauγé Ńeríb u Hʿyẹ̄́ni.	h05_l05	8	we̱ríšt	werişt	0	we̱ríšt	werişt	werist	set out			unsplit	Current word-level token gloss; no confident internal split applied.	
Kauγé Ńeríb u Hʿyẹ̄́ni.	h05_l05	9	be	bê	0	be	bê	be	be			unsplit	Current word-level token gloss; no confident internal split applied.	
Kauγé Ńeríb u Hʿyẹ̄́ni.	h05_l05	10	espār,	êspar	0	espār	êspar	espar	horse			unsplit	Current word-level token gloss; no confident internal split applied.	
Kauγé Ńeríb u Hʿyẹ̄́ni.	h05_l06	0	vénga	vênga	0	vénga	vênga	venga	Sound, Audio, Voice			unsplit	Current word-level token gloss; no confident internal split applied.	
Kauγé Ńeríb u Hʿyẹ̄́ni.	h05_l06	1	e̱skéri	eskêri	0	e̱skéri	eskêri	eskeri	army			unsplit	Current word-level token gloss; no confident internal split applied.	
Kauγé Ńeríb u Hʿyẹ̄́ni.	h05_l06	2	χóe	xoê	0	χóe	xoê	xoe	own			unsplit	Current word-level token gloss; no confident internal split applied.	
Kauγé Ńeríb u Hʿyẹ̄́ni.	h05_l06	3	dā	da	0	dā	da	da	gave			unsplit	Current word-level token gloss; no confident internal split applied.	
Kauγé Ńeríb u Hʿyẹ̄́ni.	h05_l06	4	vā	va	0	vā	va	va	said			unsplit	Current word-level token gloss; no confident internal split applied.	
Kauγé Ńeríb u Hʿyẹ̄́ni.	h05_l06	5	ke:	kê	0	ke	kê	ke	that			unsplit	Current word-level token gloss; no confident internal split applied.	
Kauγé Ńeríb u Hʿyẹ̄́ni.	h05_l06	6	keiye	kêyyê	0	keiye	kêyyê	keiye	house			unsplit	Current word-level token gloss; no confident internal split applied.	
Kauγé Ńeríb u Hʿyẹ̄́ni.	h05_l06	7	harōbya	harobya	0	harōbya	harobya	harobya	places			unsplit	Current word-level token gloss; no confident internal split applied.	
Kauγé Ńeríb u Hʿyẹ̄́ni.	h05_l06	8	yén’i,	yêni	0	yén’i	yêni	yeni	come			unsplit	Current word-level token gloss; no confident internal split applied.	
Kauγé Ńeríb u Hʿyẹ̄́ni.	h05_l06	9	e̱skéri	eskêri	0	e̱skéri	eskêri	eskeri	army			unsplit	Current word-level token gloss; no confident internal split applied.	
Kauγé Ńeríb u Hʿyẹ̄́ni.	h05_l06	10	Xalé̱f	Xalef	0	Xalé̱f	Xalef	xalef	Xalef, personal name			unsplit	Current word-level token gloss; no confident internal split applied.	
Kauγé Ńeríb u Hʿyẹ̄́ni.	h05_l07	0	aγái	ağay	0	aγái	ağay	agai	Agha, title			unsplit	Current word-level token gloss; no confident internal split applied.	
Kauγé Ńeríb u Hʿyẹ̄́ni.	h05_l07	1	āmé,	amê	0	āmé	amê	ame	came			unsplit	Current word-level token gloss; no confident internal split applied.	
Kauγé Ńeríb u Hʿyẹ̄́ni.	h05_l07	2	wārzi,	warzi	0	wārzi	warzi	warzi	rise			unsplit	Current word-level token gloss; no confident internal split applied.	
Kauγé Ńeríb u Hʿyẹ̄́ni.	h05_l07	3	šyéri	şyêri	0	šyéri	şyêri	syeri	go			unsplit	Current word-level token gloss; no confident internal split applied.	
Kauγé Ńeríb u Hʿyẹ̄́ni.	h05_l07	4	metirisi.	mêtirisi	0	metirisi	mêtirisi	metirisi	fortress			unsplit	Current word-level token gloss; no confident internal split applied.	
Kauγé Ńeríb u Hʿyẹ̄́ni.	h05_l07	5	Xalé̱f	Xalef	0	Xalé̱f	Xalef	xalef	Xalef, personal name			unsplit	Current word-level token gloss; no confident internal split applied.	
Kauγé Ńeríb u Hʿyẹ̄́ni.	h05_l07	6	aγái	ağay	0	aγái	ağay	agai	Agha, title			unsplit	Current word-level token gloss; no confident internal split applied.	
Kauγé Ńeríb u Hʿyẹ̄́ni.	h05_l07	7	e̱skéri	eskêri	0	e̱skéri	eskêri	eskeri	army			unsplit	Current word-level token gloss; no confident internal split applied.	
Kauγé Ńeríb u Hʿyẹ̄́ni.	h05_l07	8	χóera	xoêra	0	χóe	xoê	xoe	self/own			high	Muller 1865, ZGP-0336; function chosen with project ra conventions.	
Kauγé Ńeríb u Hʿyẹ̄́ni.	h05_l07	8	χóera	xoêra	1	ra	ra	ra	REFL/RECIP	postposition	relation=reflexive_or_recipient	high	Muller 1865, ZGP-0336; function chosen with project ra conventions.	
Kauγé Ńeríb u Hʿyẹ̄́ni.	h05_l07	9	vā	va	0	vā	va	va	said			unsplit	Current word-level token gloss; no confident internal split applied.	
Kauγé Ńeríb u Hʿyẹ̄́ni.	h05_l07	10	ke:	kê	0	ke	kê	ke	that			unsplit	Current word-level token gloss; no confident internal split applied.	
Kauγé Ńeríb u Hʿyẹ̄́ni.	h05_l08	0	téwi	têwi	0	téwi	têwi	tewi	no one			unsplit	Current word-level token gloss; no confident internal split applied.	
Kauγé Ńeríb u Hʿyẹ̄́ni.	h05_l08	1	e̱skéri	eskêri	0	e̱skéri	eskêri	eskeri	army			unsplit	Current word-level token gloss; no confident internal split applied.	
Kauγé Ńeríb u Hʿyẹ̄́ni.	h05_l08	2	Dáqma	Daqma	0	Dáqma	Daqma	daqma	Daqma, personal name			unsplit	Current word-level token gloss; no confident internal split applied.	
Kauγé Ńeríb u Hʿyẹ̄́ni.	h05_l08	3	bé̱gi	begi	0	bé̱gi	begi	begi	Beg, title			unsplit	Current word-level token gloss; no confident internal split applied.	
Kauγé Ńeríb u Hʿyẹ̄́ni.	h05_l08	4	véra	vêra	0	véra	vêra	vera	for			unsplit	Current word-level token gloss; no confident internal split applied.	
Kauγé Ńeríb u Hʿyẹ̄́ni.	h05_l08	5	médi,	mêdi	0	médi	mêdi	medi	do not let			unsplit	Current word-level token gloss; no confident internal split applied.	
Kauγé Ńeríb u Hʿyẹ̄́ni.	h05_l08	6	hémine	hêminê	0	hémine	hêminê	hemine	all			unsplit	Current word-level token gloss; no confident internal split applied.	
Kauγé Ńeríb u Hʿyẹ̄́ni.	h05_l08	7	bi̥kí.	bıki	0	bi̥	bi	bi-	CONJ/FUT	prefix	mood=conjunctive;tense=future	high	Muller 1865, ZGP-0361 conjunctive/future bi- prefix.	
Kauγé Ńeríb u Hʿyẹ̄́ni.	h05_l08	7	bi̥kí.	bıki	1	kí	ki	ki	do/fight			high	Muller 1865, ZGP-0361 conjunctive/future bi- prefix.	
Kauγé Ńeríb u Hʿyẹ̄́ni.	h05_l08	8	E̱skéri	Eskêri	0	E̱skéri	Eskêri	eskeri	army			unsplit	Current word-level token gloss; no confident internal split applied.	
Kauγé Ńeríb u Hʿyẹ̄́ni.	h05_l08	9	Xalé̱f	Xalef	0	Xalé̱f	Xalef	xalef	Xalef, personal name			unsplit	Current word-level token gloss; no confident internal split applied.	
Kauγé Ńeríb u Hʿyẹ̄́ni.	h05_l09	0	aγái	ağay	0	aγái	ağay	agai	Agha, title			unsplit	Current word-level token gloss; no confident internal split applied.	
Kauγé Ńeríb u Hʿyẹ̄́ni.	h05_l09	1	vā	va	0	vā	va	va	said			unsplit	Current word-level token gloss; no confident internal split applied.	
Kauγé Ńeríb u Hʿyẹ̄́ni.	h05_l09	2	ke	kê	0	ke	kê	ke	that			unsplit	Current word-level token gloss; no confident internal split applied.	
Kauγé Ńeríb u Hʿyẹ̄́ni.	h05_l09	3	Xalé̱f	Xalef	0	Xalé̱f	Xalef	xalef	Xalef, personal name			unsplit	Current word-level token gloss; no confident internal split applied.	
Kauγé Ńeríb u Hʿyẹ̄́ni.	h05_l09	4	aγáira:	ağayra	0	aγái	ağay	agai	Agha			high	Muller 1865, ZGP-0336; function chosen with project ra conventions.	
Kauγé Ńeríb u Hʿyẹ̄́ni.	h05_l09	4	aγáira:	ağayra	1	ra	ra	ra	GOAL/RECIP	postposition	relation=goal_or_recipient	high	Muller 1865, ZGP-0336; function chosen with project ra conventions.	
Kauγé Ńeríb u Hʿyẹ̄́ni.	h05_l09	5	izmi	izmi	0	izmi	izmi	izmi	permission			unsplit	Current word-level token gloss; no confident internal split applied.	
Kauγé Ńeríb u Hʿyẹ̄́ni.	h05_l09	6	mā	ma	0	mā	ma	ma	we			unsplit	Current word-level token gloss; no confident internal split applied.	
Kauγé Ńeríb u Hʿyẹ̄́ni.	h05_l09	7	bi̥dé,	bıdê	0	bi̥	bi	bi-	CONJ/FUT	prefix	mood=conjunctive;tense=future	high	Muller 1865, ZGP-0361 conjunctive/future bi- prefix.	
Kauγé Ńeríb u Hʿyẹ̄́ni.	h05_l09	7	bi̥dé,	bıdê	1	dé	dê	de	give			high	Muller 1865, ZGP-0361 conjunctive/future bi- prefix.	
Kauγé Ńeríb u Hʿyẹ̄́ni.	h05_l09	8	te	tê	0	te	tê	te	you			unsplit	Current word-level token gloss; no confident internal split applied.	
Kauγé Ńeríb u Hʿyẹ̄́ni.	h05_l09	9	sitir	sitir	0	sitir	sitir	sitir	watch			unsplit	Current word-level token gloss; no confident internal split applied.	
Kauγé Ńeríb u Hʿyẹ̄́ni.	h05_l09	10	bi̥ké.	bıkê	0	bi̥	bi	bi-	CONJ/FUT	prefix	mood=conjunctive;tense=future	high	Muller 1865, ZGP-0361 conjunctive/future bi- prefix.	
Kauγé Ńeríb u Hʿyẹ̄́ni.	h05_l09	10	bi̥ké.	bıkê	1	ké	kê	ke	do			high	Muller 1865, ZGP-0361 conjunctive/future bi- prefix.	
Kauγé Ńeríb u Hʿyẹ̄́ni.	h05_l09	11	Xalé̱f	Xalef	0	Xalé̱f	Xalef	xalef	Xalef, personal name			unsplit	Current word-level token gloss; no confident internal split applied.	
Kauγé Ńeríb u Hʿyẹ̄́ni.	h05_l09	12	aγái	ağay	0	aγái	ağay	agai	Agha, title			unsplit	Current word-level token gloss; no confident internal split applied.	
Kauγé Ńeríb u Hʿyẹ̄́ni.	h05_l10	0	vā	va	0	vā	va	va	said			unsplit	Current word-level token gloss; no confident internal split applied.	
Kauγé Ńeríb u Hʿyẹ̄́ni.	h05_l10	1	ke:	kê	0	ke	kê	ke	that			unsplit	Current word-level token gloss; no confident internal split applied.	
Kauγé Ńeríb u Hʿyẹ̄́ni.	h05_l10	2	erš!	êrş	0	erš	êrş	ers	sent			unsplit	Current word-level token gloss; no confident internal split applied.	
Kauγé Ńeríb u Hʿyẹ̄́ni.	h05_l10	3	E̱skéri	Eskêri	0	E̱skéri	Eskêri	eskeri	army			unsplit	Current word-level token gloss; no confident internal split applied.	
Kauγé Ńeríb u Hʿyẹ̄́ni.	h05_l10	4	Xalé̱f	Xalef	0	Xalé̱f	Xalef	xalef	Xalef, personal name			unsplit	Current word-level token gloss; no confident internal split applied.	
Kauγé Ńeríb u Hʿyẹ̄́ni.	h05_l10	5	aγái	ağay	0	aγái	ağay	agai	Agha, title			unsplit	Current word-level token gloss; no confident internal split applied.	
Kauγé Ńeríb u Hʿyẹ̄́ni.	h05_l10	6	kerd:	kêrd	0	kerd	kêrd	kerd	did			unsplit	Current word-level token gloss; no confident internal split applied.	
Kauγé Ńeríb u Hʿyẹ̄́ni.	h05_l10	7	wāke	wakê	0	wāke	wakê	wake	battle cry			unsplit	Current word-level token gloss; no confident internal split applied.	
Kauγé Ńeríb u Hʿyẹ̄́ni.	h05_l10	8	wāke.	wakê	0	wāke	wakê	wake	battle cry			unsplit	Current word-level token gloss; no confident internal split applied.	
Kauγé Ńeríb u Hʿyẹ̄́ni.	h05_l10	9	Hyéris	Hyêris	0	Hyéris	Hyêris	hyeris	thirty			unsplit	Current word-level token gloss; no confident internal split applied.	
Kauγé Ńeríb u Hʿyẹ̄́ni.	h05_l10	10	u	û	0	u	û	u	and			unsplit	Current word-level token gloss; no confident internal split applied.	
Kauγé Ńeríb u Hʿyẹ̄́ni.	h05_l10	11	tehér	têhêr	0	tehér	têhêr	teher	four			unsplit	Current word-level token gloss; no confident internal split applied.	
Kauγé Ńeríb u Hʿyẹ̄́ni.	h05_l11	0	tén’i	têni	0	tén’i	têni	teni	persons			unsplit	Current word-level token gloss; no confident internal split applied.	
Kauγé Ńeríb u Hʿyẹ̄́ni.	h05_l11	1	e̱skéri	eskêri	0	e̱skéri	eskêri	eskeri	army			unsplit	Current word-level token gloss; no confident internal split applied.	
Kauγé Ńeríb u Hʿyẹ̄́ni.	h05_l11	2	Dáqma	Daqma	0	Dáqma	Daqma	daqma	Daqma, personal name			unsplit	Current word-level token gloss; no confident internal split applied.	
Kauγé Ńeríb u Hʿyẹ̄́ni.	h05_l11	3	bé̱gira	begira	0	bé̱gi	begi	begi	Beg			high	Muller 1865, ZGP-0336; function chosen with project ra conventions.	
Kauγé Ńeríb u Hʿyẹ̄́ni.	h05_l11	3	bé̱gira	begira	1	ra	ra	ra	ABL/SOURCE	postposition	relation=source	high	Muller 1865, ZGP-0336; function chosen with project ra conventions.	
Kauγé Ńeríb u Hʿyẹ̄́ni.	h05_l11	4	kišti,	kişti	0	kišti	kişti	kisti	killed			unsplit	Current word-level token gloss; no confident internal split applied.	
Kauγé Ńeríb u Hʿyẹ̄́ni.	h05_l11	5	e̱skéri	eskêri	0	e̱skéri	eskêri	eskeri	army			unsplit	Current word-level token gloss; no confident internal split applied.	
Kauγé Ńeríb u Hʿyẹ̄́ni.	h05_l11	6	Dáqma	Daqma	0	Dáqma	Daqma	daqma	Daqma, personal name			unsplit	Current word-level token gloss; no confident internal split applied.	
Kauγé Ńeríb u Hʿyẹ̄́ni.	h05_l11	7	bé̱gi	begi	0	bé̱gi	begi	begi	Beg, title			unsplit	Current word-level token gloss; no confident internal split applied.	
Kauγé Ńeríb u Hʿyẹ̄́ni.	h05_l11	8	remā.	rêma	0	remā	rêma	rema	fled			unsplit	Current word-level token gloss; no confident internal split applied.	
Kauγé Ńeríb u Hʿyẹ̄́ni.	h05_l11	9	E̱skéri	Eskêri	0	E̱skéri	Eskêri	eskeri	army			unsplit	Current word-level token gloss; no confident internal split applied.	
Kauγé Ńeríb u Hʿyẹ̄́ni.	h05_l12	0	Xalé̱f	Xalef	0	Xalé̱f	Xalef	xalef	Xalef, personal name			unsplit	Current word-level token gloss; no confident internal split applied.	
Kauγé Ńeríb u Hʿyẹ̄́ni.	h05_l12	1	aγái	ağay	0	aγái	ağay	agai	Agha, title			unsplit	Current word-level token gloss; no confident internal split applied.	
Kauγé Ńeríb u Hʿyẹ̄́ni.	h05_l12	2	kaúta	kawta	0	kaúta	kawta	kauta	went			unsplit	Current word-level token gloss; no confident internal split applied.	
Kauγé Ńeríb u Hʿyẹ̄́ni.	h05_l12	3	dime	dimê	0	dime	dimê	dime	after			unsplit	Current word-level token gloss; no confident internal split applied.	
Kauγé Ńeríb u Hʿyẹ̄́ni.	h05_l12	4	berdi,	bêrdi	0	berdi	bêrdi	berdi	carried			unsplit	Current word-level token gloss; no confident internal split applied.	
Kauγé Ńeríb u Hʿyẹ̄́ni.	h05_l12	5	kerdí	kêrdi	0	kerdí	kêrdi	kerdi	did			unsplit	Current word-level token gloss; no confident internal split applied.	
Kauγé Ńeríb u Hʿyẹ̄́ni.	h05_l12	6	zerei	zêrêy	0	zerei	zêrêy	zerei	inside			unsplit	Current word-level token gloss; no confident internal split applied.	
Kauγé Ńeríb u Hʿyẹ̄́ni.	h05_l12	7	šahrestān,	şahrêstan	0	šahrestān	şahrêstan	sahrestan	town			unsplit	Current word-level token gloss; no confident internal split applied.	
Kauγé Ńeríb u Hʿyẹ̄́ni.	h05_l12	8	yau	yaw	0	yau	yaw	yau	one			unsplit	Current word-level token gloss; no confident internal split applied.	
Kauγé Ńeríb u Hʿyẹ̄́ni.	h05_l12	9	mahalai	mahalay	0	mahalai	mahalay	mahalai	mahalle			unsplit	Current word-level token gloss; no confident internal split applied.	
Kauγé Ńeríb u Hʿyẹ̄́ni.	h05_l13	0	Hʿyẹ̄́ni	'Hyêni	0	Hʿyẹ̄́ni	'Hyêni	hyeni	Hyeni, place name			unsplit	Current word-level token gloss; no confident internal split applied.	
Kauγé Ńeríb u Hʿyẹ̄́ni.	h05_l13	1	vešnai,	vêşnay	0	vešnai	vêşnay	vesnai	burned			unsplit	Current word-level token gloss; no confident internal split applied.	
Kauγé Ńeríb u Hʿyẹ̄́ni.	h05_l13	2	sē̱rei	serêy	0	sē̱rei	serêy	serei	head			unsplit	Current word-level token gloss; no confident internal split applied.	
Kauγé Ńeríb u Hʿyẹ̄́ni.	h05_l13	3	Xalil	Xalil	0	Xalil	Xalil	xalil	Xalil, personal name			unsplit	Current word-level token gloss; no confident internal split applied.	
Kauγé Ńeríb u Hʿyẹ̄́ni.	h05_l13	4	eféndi	êfêndi	0	eféndi	êfêndi	efendi	Efendi, title			unsplit	Current word-level token gloss; no confident internal split applied.	
Kauγé Ńeríb u Hʿyẹ̄́ni.	h05_l13	5	terá	têra	0	terá	têra	tera	from			unsplit	Current word-level token gloss; no confident internal split applied.	
Kauγé Ńeríb u Hʿyẹ̄́ni.	h05_l13	6	kerd,	kêrd	0	kerd	kêrd	kerd	did			unsplit	Current word-level token gloss; no confident internal split applied.	
Kauγé Ńeríb u Hʿyẹ̄́ni.	h05_l13	7	ārd,	ard	0	ārd	ard	ard	brought			unsplit	Current word-level token gloss; no confident internal split applied.	
Kauγé Ńeríb u Hʿyẹ̄́ni.	h05_l13	8	dā	da	0	dā	da	da	gave			unsplit	Current word-level token gloss; no confident internal split applied.	
Kauγé Ńeríb u Hʿyẹ̄́ni.	h05_l13	9	Xalé̱f	Xalef	0	Xalé̱f	Xalef	xalef	Xalef, personal name			unsplit	Current word-level token gloss; no confident internal split applied.	
Kauγé Ńeríb u Hʿyẹ̄́ni.	h05_l14	0	aγáira.	ağayra	0	aγái	ağay	agai	Agha			high	Muller 1865, ZGP-0336; function chosen with project ra conventions.	
Kauγé Ńeríb u Hʿyẹ̄́ni.	h05_l14	0	aγáira.	ağayra	1	ra	ra	ra	GOAL/RECIP	postposition	relation=goal_or_recipient	high	Muller 1865, ZGP-0336; function chosen with project ra conventions.	
Kauγé Ńeríb u Hʿyẹ̄́ni.	h05_l14	1	Dáqma	Daqma	0	Dáqma	Daqma	daqma	Daqma, personal name			unsplit	Current word-level token gloss; no confident internal split applied.	
Kauγé Ńeríb u Hʿyẹ̄́ni.	h05_l14	2	bé̱gi	begi	0	bé̱gi	begi	begi	Beg, title			unsplit	Current word-level token gloss; no confident internal split applied.	
Kauγé Ńeríb u Hʿyẹ̄́ni.	h05_l14	3	vā	va	0	vā	va	va	said			unsplit	Current word-level token gloss; no confident internal split applied.	
Kauγé Ńeríb u Hʿyẹ̄́ni.	h05_l14	4	ke:	kê	0	ke	kê	ke	that			unsplit	Current word-level token gloss; no confident internal split applied.	
Kauγé Ńeríb u Hʿyẹ̄́ni.	h05_l14	5	e̱mān	eman	0	e̱mān	eman	eman	mercy			unsplit	Current word-level token gloss; no confident internal split applied.	
Kauγé Ńeríb u Hʿyẹ̄́ni.	h05_l14	6	eféndim,	êfêndim	0	eféndim	êfêndim	efendim	my lord			unsplit	Current word-level token gloss; no confident internal split applied.	
Kauγé Ńeríb u Hʿyẹ̄́ni.	h05_l14	7	e̱z	ez	0	e̱z	ez	ez	I			unsplit	Current word-level token gloss; no confident internal split applied.	
Kauγé Ńeríb u Hʿyẹ̄́ni.	h05_l14	8	kauyé	kawyê	0	kauyé	kawyê	kauye	fight			unsplit	Current word-level token gloss; no confident internal split applied.	
Kauγé Ńeríb u Hʿyẹ̄́ni.	h05_l14	9	nekén’a,	nêkêna	0	ne	ne	ne-	NEG	prefix	polarity=negative	high	Lerch corpus pattern plus modern Zazaki comparison: ne-/ńe- negative prefix.	
Kauγé Ńeríb u Hʿyẹ̄́ni.	h05_l14	9	nekén’a,	nêkêna	1	kén’a	kêna	kena	do/fight			high	Lerch corpus pattern plus modern Zazaki comparison: ne-/ńe- negative prefix.	
Kauγé Ńeríb u Hʿyẹ̄́ni.	h05_l15	0	e̱skéri	eskêri	0	e̱skéri	eskêri	eskeri	army			unsplit	Current word-level token gloss; no confident internal split applied.	
Kauγé Ńeríb u Hʿyẹ̄́ni.	h05_l15	1	me	mê	0	me	mê	me	1SG			unsplit	Current word-level token gloss; no confident internal split applied.	
Kauγé Ńeríb u Hʿyẹ̄́ni.	h05_l15	2	t̮ínu.	çinû	0	t̮ínu	çinû	tinu	there is none			unsplit	Current word-level token gloss; no confident internal split applied.	
Kauγé Ńeríb u Hʿyẹ̄́ni.	h05_l15	3	Xalé̱f	Xalef	0	Xalé̱f	Xalef	xalef	Xalef, personal name			unsplit	Current word-level token gloss; no confident internal split applied.	
Kauγé Ńeríb u Hʿyẹ̄́ni.	h05_l15	4	aγái	ağay	0	aγái	ağay	agai	Agha, title			unsplit	Current word-level token gloss; no confident internal split applied.	
Kauγé Ńeríb u Hʿyẹ̄́ni.	h05_l15	5	habé̱r	haber	0	habé̱r	haber	haber	message			unsplit	Current word-level token gloss; no confident internal split applied.	
Kauγé Ńeríb u Hʿyẹ̄́ni.	h05_l15	6	e̱ršau’úte	erşawûtê	0	e̱ršau’úte	erşawûtê	ersauute	sent			unsplit	Current word-level token gloss; no confident internal split applied.	
Kauγé Ńeríb u Hʿyẹ̄́ni.	h05_l15	7	Dáqma	Daqma	0	Dáqma	Daqma	daqma	Daqma, personal name			unsplit	Current word-level token gloss; no confident internal split applied.	
Kauγé Ńeríb u Hʿyẹ̄́ni.	h05_l15	8	bé̱giri	begiri	0	bé̱gi	begi	begi	Beg			high	Muller 1865, ZGP-0337-ZGP-0339 ri/ru/-i object or goal material.	
Kauγé Ńeríb u Hʿyẹ̄́ni.	h05_l15	8	bé̱giri	begiri	1	ri	ri	ri	GOAL/RECIP	case/postposition	relation=goal_or_recipient	high	Muller 1865, ZGP-0337-ZGP-0339 ri/ru/-i object or goal material.	
Kauγé Ńeríb u Hʿyẹ̄́ni.	h05_l15	9	vā	va	0	vā	va	va	said			unsplit	Current word-level token gloss; no confident internal split applied.	
Kauγé Ńeríb u Hʿyẹ̄́ni.	h05_l15	10	ke:	kê	0	ke	kê	ke	that			unsplit	Current word-level token gloss; no confident internal split applied.	
Kauγé Ńeríb u Hʿyẹ̄́ni.	h06_l01	0	šahrestānda	şahrêstanda	0	šahrestānda	şahrêstanda	sahrestanda	from			unsplit	Current word-level token gloss; no confident internal split applied.	
Kauγé Ńeríb u Hʿyẹ̄́ni.	h06_l01	1	bye	byê	0	bye	byê	bye	come			unsplit	Current word-level token gloss; no confident internal split applied.	
Kauγé Ńeríb u Hʿyẹ̄́ni.	h06_l01	2	tebér,	têbêr	0	tebér	têbêr	teber	outside			unsplit	Current word-level token gloss; no confident internal split applied.	
Kauγé Ńeríb u Hʿyẹ̄́ni.	h06_l01	3	e̱z	ez	0	e̱z	ez	ez	I			unsplit	Current word-level token gloss; no confident internal split applied.	
Kauγé Ńeríb u Hʿyẹ̄́ni.	h06_l01	4	yén’a	yêna	0	yén’a	yêna	yena	I come			unsplit	Current word-level token gloss; no confident internal split applied.	
Kauγé Ńeríb u Hʿyẹ̄́ni.	h06_l01	5	šahrestān	şahrêstan	0	šahrestān	şahrêstan	sahrestan	town			unsplit	Current word-level token gloss; no confident internal split applied.	
Kauγé Ńeríb u Hʿyẹ̄́ni.	h06_l01	6	vešnén’a.	vêşnêna	0	vešnén’a	vêşnêna	vesnena	I will burn			unsplit	Current word-level token gloss; no confident internal split applied.	
Kauγé Ńeríb u Hʿyẹ̄́ni.	h06_l01	7	Dáqma	Daqma	0	Dáqma	Daqma	daqma	Daqma, personal name			unsplit	Current word-level token gloss; no confident internal split applied.	
Kauγé Ńeríb u Hʿyẹ̄́ni.	h06_l01	8	bé̱gi	begi	0	bé̱gi	begi	begi	Beg, title			unsplit	Current word-level token gloss; no confident internal split applied.	
Kauγé Ńeríb u Hʿyẹ̄́ni.	h06_l02	0	widā	wida	0	widā	wida	wida	at once			unsplit	Current word-level token gloss; no confident internal split applied.	
Kauγé Ńeríb u Hʿyẹ̄́ni.	h06_l02	1	yau	yaw	0	yau	yaw	yau	one			unsplit	Current word-level token gloss; no confident internal split applied.	
Kauγé Ńeríb u Hʿyẹ̄́ni.	h06_l02	2	koéle	koêlê	0	koéle	koêlê	koele	fur coat			unsplit	Current word-level token gloss; no confident internal split applied.	
Kauγé Ńeríb u Hʿyẹ̄́ni.	h06_l02	3	e̱ršau’út	erşawût	0	e̱ršau’út	erşawût	ersauut	sent			unsplit	Current word-level token gloss; no confident internal split applied.	
Kauγé Ńeríb u Hʿyẹ̄́ni.	h06_l02	4	Xalé̱f	Xalef	0	Xalé̱f	Xalef	xalef	Xalef, personal name			unsplit	Current word-level token gloss; no confident internal split applied.	
Kauγé Ńeríb u Hʿyẹ̄́ni.	h06_l02	5	aγáiri	ağayri	0	aγái	ağay	agai	Agha			high	Muller 1865, ZGP-0337-ZGP-0339 ri/ru/-i object or goal material.	
Kauγé Ńeríb u Hʿyẹ̄́ni.	h06_l02	5	aγáiri	ağayri	1	ri	ri	ri	GOAL/RECIP	case/postposition	relation=goal_or_recipient	high	Muller 1865, ZGP-0337-ZGP-0339 ri/ru/-i object or goal material.	
Kauγé Ńeríb u Hʿyẹ̄́ni.	h06_l02	6	vā	va	0	vā	va	va	said			unsplit	Current word-level token gloss; no confident internal split applied.	
Kauγé Ńeríb u Hʿyẹ̄́ni.	h06_l02	7	ke:	kê	0	ke	kê	ke	that			unsplit	Current word-level token gloss; no confident internal split applied.	
Kauγé Ńeríb u Hʿyẹ̄́ni.	h06_l02	8	e̱mán	eman	0	e̱mán	eman	eman	mercy			unsplit	Current word-level token gloss; no confident internal split applied.	
Kauγé Ńeríb u Hʿyẹ̄́ni.	h06_l02	9	eféndim,	êfêndim	0	eféndim	êfêndim	efendim	my lord			unsplit	Current word-level token gloss; no confident internal split applied.	
Kauγé Ńeríb u Hʿyẹ̄́ni.	h06_l02	10	taúdi	tawdi	0	taúdi	tawdi	taudi	at once			unsplit	Current word-level token gloss; no confident internal split applied.	
Kauγé Ńeríb u Hʿyẹ̄́ni.	h06_l03	0	mā	ma	0	mā	ma	ma	we			unsplit	Current word-level token gloss; no confident internal split applied.	
Kauγé Ńeríb u Hʿyẹ̄́ni.	h06_l03	1	t̮ínu,	çinû	0	t̮ínu	çinû	tinu	there is none			unsplit	Current word-level token gloss; no confident internal split applied.	
Kauγé Ńeríb u Hʿyẹ̄́ni.	h06_l03	2	néšyén’a	nêşyêna	0	né	ne	ne-	NEG	prefix	polarity=negative	high	Lerch corpus pattern plus modern Zazaki comparison: ne-/ńe- negative prefix.	
Kauγé Ńeríb u Hʿyẹ̄́ni.	h06_l03	2	néšyén’a	nêşyêna	1	šyén’a	şyêna	syena	be able			high	Lerch corpus pattern plus modern Zazaki comparison: ne-/ńe- negative prefix.	
Kauγé Ńeríb u Hʿyẹ̄́ni.	h06_l03	3	kauyé	kawyê	0	kauyé	kawyê	kauye	fight			unsplit	Current word-level token gloss; no confident internal split applied.	
Kauγé Ńeríb u Hʿyẹ̄́ni.	h06_l03	4	bi̥kā,	bıka	0	bi̥	bi	bi-	CONJ/FUT	prefix	mood=conjunctive;tense=future	high	Muller 1865, ZGP-0361 conjunctive/future bi- prefix.	
Kauγé Ńeríb u Hʿyẹ̄́ni.	h06_l03	4	bi̥kā,	bıka	1	kā	ka	ka	fight/do			high	Muller 1865, ZGP-0361 conjunctive/future bi- prefix.	
Kauγé Ńeríb u Hʿyẹ̄́ni.	h06_l03	5	te	tê	0	te	tê	te	you			unsplit	Current word-level token gloss; no confident internal split applied.	
Kauγé Ńeríb u Hʿyẹ̄́ni.	h06_l03	6	mí̥de	mıdê	0	mí̥de	mıdê	mide	with			unsplit	Current word-level token gloss; no confident internal split applied.	
Kauγé Ńeríb u Hʿyẹ̄́ni.	h06_l03	7	titaú	titaw	0	titaú	titaw	titau	with me			unsplit	Current word-level token gloss; no confident internal split applied.	
Kauγé Ńeríb u Hʿyẹ̄́ni.	h06_l03	8	kauyé	kawyê	0	kauyé	kawyê	kauye	fight			unsplit	Current word-level token gloss; no confident internal split applied.	
Kauγé Ńeríb u Hʿyẹ̄́ni.	h06_l03	9	kén’i?	kêni	0	k	k	kerd	do/make			medium	Muller 1865, ZGP-0356 present -ena/-ana material.	
Kauγé Ńeríb u Hʿyẹ̄́ni.	h06_l03	9	kén’i?	kêni	1	én’i	eni	-ena	PRS	suffix	tense_aspect=present	medium	Muller 1865, ZGP-0356 present -ena/-ana material.	
Kauγé Ńeríb u Hʿyẹ̄́ni.	h06_l03	10	e̱z	ez	0	e̱z	ez	ez	I			unsplit	Current word-level token gloss; no confident internal split applied.	
Kauγé Ńeríb u Hʿyẹ̄́ni.	h06_l03	11	te	tê	0	te	tê	te	you			unsplit	Current word-level token gloss; no confident internal split applied.	
Kauγé Ńeríb u Hʿyẹ̄́ni.	h06_l04	0	néya.	nêya	0	néya	nêya	neya	I will not come			unsplit	Current word-level token gloss; no confident internal split applied.	
Kauγé Ńeríb u Hʿyẹ̄́ni.	h06_l04	1	Xalé̱f	Xalef	0	Xalé̱f	Xalef	xalef	Xalef, personal name			unsplit	Current word-level token gloss; no confident internal split applied.	
Kauγé Ńeríb u Hʿyẹ̄́ni.	h06_l04	2	aγái	ağay	0	aγái	ağay	agai	Agha, title			unsplit	Current word-level token gloss; no confident internal split applied.	
Kauγé Ńeríb u Hʿyẹ̄́ni.	h06_l04	3	vā	va	0	vā	va	va	said			unsplit	Current word-level token gloss; no confident internal split applied.	
Kauγé Ńeríb u Hʿyẹ̄́ni.	h06_l04	4	ke:	kê	0	ke	kê	ke	that			unsplit	Current word-level token gloss; no confident internal split applied.	
Kauγé Ńeríb u Hʿyẹ̄́ni.	h06_l04	5	bye	byê	0	bye	byê	bye	come			unsplit	Current word-level token gloss; no confident internal split applied.	
Kauγé Ńeríb u Hʿyẹ̄́ni.	h06_l04	6	e̱skéri	eskêri	0	e̱skéri	eskêri	eskeri	army			unsplit	Current word-level token gloss; no confident internal split applied.	
Kauγé Ńeríb u Hʿyẹ̄́ni.	h06_l04	7	e̱z	ez	0	e̱z	ez	ez	I			unsplit	Current word-level token gloss; no confident internal split applied.	
Kauγé Ńeríb u Hʿyẹ̄́ni.	h06_l04	8	dāna	dana	0	dāna	dana	dana	I give			unsplit	Current word-level token gloss; no confident internal split applied.	
Kauγé Ńeríb u Hʿyẹ̄́ni.	h06_l04	9	túe,	twê	0	túe	twê	tue	your			unsplit	Current word-level token gloss; no confident internal split applied.	
Kauγé Ńeríb u Hʿyẹ̄́ni.	h06_l04	10	šúe	şwê	0	šúe	şwê	sue	come			unsplit	Current word-level token gloss; no confident internal split applied.	
Kauγé Ńeríb u Hʿyẹ̄́ni.	h06_l04	11	bye	byê	0	bye	byê	bye	come			unsplit	Current word-level token gloss; no confident internal split applied.	
Kauγé Ńeríb u Hʿyẹ̄́ni.	h06_l04	12	mí̥de	mıdê	0	mí̥de	mıdê	mide	with			unsplit	Current word-level token gloss; no confident internal split applied.	
Kauγé Ńeríb u Hʿyẹ̄́ni.	h06_l05	0	kauyé	kawyê	0	kauyé	kawyê	kauye	fight			unsplit	Current word-level token gloss; no confident internal split applied.	
Kauγé Ńeríb u Hʿyẹ̄́ni.	h06_l05	1	di̥ke,	dıkê	0	di̥ke	dıkê	dike	fight			unsplit	Current word-level token gloss; no confident internal split applied.	
Kauγé Ńeríb u Hʿyẹ̄́ni.	h06_l05	2	héta	hêta	0	héta	hêta	heta	until			unsplit	Current word-level token gloss; no confident internal split applied.	
Kauγé Ńeríb u Hʿyẹ̄́ni.	h06_l05	3	hirye	hiryê	0	hirye	hiryê	hirye	three			unsplit	Current word-level token gloss; no confident internal split applied.	
Kauγé Ńeríb u Hʿyẹ̄́ni.	h06_l05	4	rṓd̮i	roci	0	rṓd̮i	roci	rodi	day			unsplit	Current word-level token gloss; no confident internal split applied.	
Kauγé Ńeríb u Hʿyẹ̄́ni.	h06_l05	5	kauyé	kawyê	0	kauyé	kawyê	kauye	fight			unsplit	Current word-level token gloss; no confident internal split applied.	
Kauγé Ńeríb u Hʿyẹ̄́ni.	h06_l05	6	me	mê	0	me	mê	me	1SG			unsplit	Current word-level token gloss; no confident internal split applied.	
Kauγé Ńeríb u Hʿyẹ̄́ni.	h06_l05	7	kauyaú,	kawyaw	0	kauyaú	kawyaw	kauyau	we will fight			unsplit	Current word-level token gloss; no confident internal split applied.	
Kauγé Ńeríb u Hʿyẹ̄́ni.	h06_l05	8	e̱z	ez	0	e̱z	ez	ez	I			unsplit	Current word-level token gloss; no confident internal split applied.	
Kauγé Ńeríb u Hʿyẹ̄́ni.	h06_l05	9	e̱skéri	eskêri	0	e̱skéri	eskêri	eskeri	army			unsplit	Current word-level token gloss; no confident internal split applied.	
Kauγé Ńeríb u Hʿyẹ̄́ni.	h06_l05	10	túera	twêra	0	túe	twê	tue	2SG.OBL			high	Muller 1865, ZGP-0336; function chosen with project ra conventions.	
Kauγé Ńeríb u Hʿyẹ̄́ni.	h06_l05	10	túera	twêra	1	ra	ra	ra	ABL/RECIP	postposition	relation=contextual	high	Muller 1865, ZGP-0336; function chosen with project ra conventions.	
Kauγé Ńeríb u Hʿyẹ̄́ni.	h06_l06	0	we̱	we	0	we̱	we	we	and			unsplit	Current word-level token gloss; no confident internal split applied.	
Kauγé Ńeríb u Hʿyẹ̄́ni.	h06_l06	1	šahrestāni	şahrêstani	0	šahrestāni	şahrêstani	sahrestani	of the town			unsplit	Current word-level token gloss; no confident internal split applied.	
Kauγé Ńeríb u Hʿyẹ̄́ni.	h06_l06	2	túera	twêra	0	túe	twê	tue	2SG.OBL			high	Muller 1865, ZGP-0336; function chosen with project ra conventions.	
Kauγé Ńeríb u Hʿyẹ̄́ni.	h06_l06	2	túera	twêra	1	ra	ra	ra	ABL/RECIP	postposition	relation=contextual	high	Muller 1865, ZGP-0336; function chosen with project ra conventions.	
Kauγé Ńeríb u Hʿyẹ̄́ni.	h06_l06	3	téwi	têwi	0	téwi	têwi	tewi	no one			unsplit	Current word-level token gloss; no confident internal split applied.	
Kauγé Ńeríb u Hʿyẹ̄́ni.	h06_l06	4	ńeverdāna,	nyêvêrdana	0	ńe	ne	ne-	NEG	prefix	polarity=negative	high	Lerch corpus pattern plus modern Zazaki comparison: ne-/ńe- negative prefix.	
Kauγé Ńeríb u Hʿyẹ̄́ni.	h06_l06	4	ńeverdāna,	nyêvêrdana	1	verdāna	vêrdana	verdana	spare/leave			high	Lerch corpus pattern plus modern Zazaki comparison: ne-/ńe- negative prefix.	
Kauγé Ńeríb u Hʿyẹ̄́ni.	h06_l06	5	hémine	hêminê	0	hémine	hêminê	hemine	all			unsplit	Current word-level token gloss; no confident internal split applied.	
Kauγé Ńeríb u Hʿyẹ̄́ni.	h06_l06	6	kišén’a,	kişêna	0	kiš	kiş	kist	kill			high	Muller 1865, ZGP-0356 present -ena/-ana material.	
Kauγé Ńeríb u Hʿyẹ̄́ni.	h06_l06	6	kišén’a,	kişêna	1	én’a	ena	-ena	PRS/FUT.1SG	suffix	tense_aspect=present_or_future;person=1;number=singular	medium	Muller 1865, ZGP-0356 present -ena/-ana material.	
Kauγé Ńeríb u Hʿyẹ̄́ni.	h06_l06	7	túe	twê	0	túe	twê	tue	your			unsplit	Current word-level token gloss; no confident internal split applied.	
Kauγé Ńeríb u Hʿyẹ̄́ni.	h06_l06	8	kišén’a.	kişêna	0	kiš	kiş	kist	kill			high	Muller 1865, ZGP-0356 present -ena/-ana material.	
Kauγé Ńeríb u Hʿyẹ̄́ni.	h06_l06	8	kišén’a.	kişêna	1	én’a	ena	-ena	PRS/FUT.1SG	suffix	tense_aspect=present_or_future;person=1;number=singular	medium	Muller 1865, ZGP-0356 present -ena/-ana material.	
Kauγé Ńeríb u Hʿyẹ̄́ni.	h06_l07	0	deniai	dênyay	0	deniai	dênyay	deniai	wife			unsplit	Current word-level token gloss; no confident internal split applied.	
Kauγé Ńeríb u Hʿyẹ̄́ni.	h06_l07	1	túe	twê	0	túe	twê	tue	your			unsplit	Current word-level token gloss; no confident internal split applied.	
Kauγé Ńeríb u Hʿyẹ̄́ni.	h06_l07	2	e̱z	ez	0	e̱z	ez	ez	I			unsplit	Current word-level token gloss; no confident internal split applied.	
Kauγé Ńeríb u Hʿyẹ̄́ni.	h06_l07	3	āna.	ana	0	āna	ana	ana	this			unsplit	Current word-level token gloss; no confident internal split applied.	
Kauγé Ńeríb u Hʿyẹ̄́ni.	h06_l08	0	Dáqma	Daqma	0	Dáqma	Daqma	daqma	Daqma, personal name			unsplit	Current word-level token gloss; no confident internal split applied.	
Kauγé Ńeríb u Hʿyẹ̄́ni.	h06_l08	1	bé̱gi	begi	0	bé̱gi	begi	begi	Beg, title			unsplit	Current word-level token gloss; no confident internal split applied.	
Kauγé Ńeríb u Hʿyẹ̄́ni.	h06_l08	2	habé̱re	haberê	0	habé̱re	haberê	habere	message			unsplit	Current word-level token gloss; no confident internal split applied.	
Kauγé Ńeríb u Hʿyẹ̄́ni.	h06_l08	3	e̱ršau’úte	erşawûtê	0	e̱ršau’úte	erşawûtê	ersauute	sent			unsplit	Current word-level token gloss; no confident internal split applied.	
Kauγé Ńeríb u Hʿyẹ̄́ni.	h06_l08	4	Xalé̱f	Xalef	0	Xalé̱f	Xalef	xalef	Xalef, personal name			unsplit	Current word-level token gloss; no confident internal split applied.	
Kauγé Ńeríb u Hʿyẹ̄́ni.	h06_l08	5	aγáiri	ağayri	0	aγái	ağay	agai	Agha			high	Muller 1865, ZGP-0337-ZGP-0339 ri/ru/-i object or goal material.	
Kauγé Ńeríb u Hʿyẹ̄́ni.	h06_l08	5	aγáiri	ağayri	1	ri	ri	ri	GOAL/RECIP	case/postposition	relation=goal_or_recipient	high	Muller 1865, ZGP-0337-ZGP-0339 ri/ru/-i object or goal material.	
Kauγé Ńeríb u Hʿyẹ̄́ni.	h06_l08	6	vā	va	0	vā	va	va	said			unsplit	Current word-level token gloss; no confident internal split applied.	
Kauγé Ńeríb u Hʿyẹ̄́ni.	h06_l08	7	ke:	kê	0	ke	kê	ke	that			unsplit	Current word-level token gloss; no confident internal split applied.	
Kauγé Ńeríb u Hʿyẹ̄́ni.	h06_l08	8	des	dês	0	des	dês	des	match			unsplit	Current word-level token gloss; no confident internal split applied.	
Kauγé Ńeríb u Hʿyẹ̄́ni.	h06_l08	9	rōd̮i	roci	0	rōd̮i	roci	rodi	day			unsplit	Current word-level token gloss; no confident internal split applied.	
Kauγé Ńeríb u Hʿyẹ̄́ni.	h06_l09	0	maulet	mawlêt	0	maulet	mawlêt	maulet	respite			unsplit	Current word-level token gloss; no confident internal split applied.	
Kauγé Ńeríb u Hʿyẹ̄́ni.	h06_l09	1	bi̥dé	bıdê	0	bi̥	bi	bi-	CONJ/FUT	prefix	mood=conjunctive;tense=future	high	Muller 1865, ZGP-0361 conjunctive/future bi- prefix.	
Kauγé Ńeríb u Hʿyẹ̄́ni.	h06_l09	1	bi̥dé	bıdê	1	dé	dê	de	give			high	Muller 1865, ZGP-0361 conjunctive/future bi- prefix.	
Kauγé Ńeríb u Hʿyẹ̄́ni.	h06_l09	2	me.	mê	0	me	mê	me	1SG			unsplit	Current word-level token gloss; no confident internal split applied.	
Kauγé Ńeríb u Hʿyẹ̄́ni.	h06_l09	3	Xalé̱f	Xalef	0	Xalé̱f	Xalef	xalef	Xalef, personal name			unsplit	Current word-level token gloss; no confident internal split applied.	
Kauγé Ńeríb u Hʿyẹ̄́ni.	h06_l09	4	aγá	ağa	0	aγá	ağa	aga	Agha, title			unsplit	Current word-level token gloss; no confident internal split applied.	
Kauγé Ńeríb u Hʿyẹ̄́ni.	h06_l09	5	vā	va	0	vā	va	va	said			unsplit	Current word-level token gloss; no confident internal split applied.	
Kauγé Ńeríb u Hʿyẹ̄́ni.	h06_l09	6	ke:	kê	0	ke	kê	ke	that			unsplit	Current word-level token gloss; no confident internal split applied.	
Kauγé Ńeríb u Hʿyẹ̄́ni.	h06_l09	7	há’id̮i,	haici	0	há’id̮i	haici	haidi	all right			unsplit	Current word-level token gloss; no confident internal split applied.	
Kauγé Ńeríb u Hʿyẹ̄́ni.	h06_l09	8	wa	wa	0	wa	wa	wa	let			unsplit	Current word-level token gloss; no confident internal split applied.	
Kauγé Ńeríb u Hʿyẹ̄́ni.	h06_l09	9	túeri	twêri	0	túe	twê	tue	2SG.OBL			high	Muller 1865, ZGP-0337-ZGP-0339 ri/ru/-i object or goal material.	
Kauγé Ńeríb u Hʿyẹ̄́ni.	h06_l09	9	túeri	twêri	1	ri	ri	ri	GOAL/RECIP	case/postposition	relation=goal_or_recipient	high	Muller 1865, ZGP-0337-ZGP-0339 ri/ru/-i object or goal material.	
Kauγé Ńeríb u Hʿyẹ̄́ni.	h06_l09	10	vīst	vist	0	vīst	vist	vist	twenty			unsplit	Current word-level token gloss; no confident internal split applied.	
Kauγé Ńeríb u Hʿyẹ̄́ni.	h06_l09	11	rōd̮	roc	0	rōd̮	roc	rod	day(s)			unsplit	Current word-level token gloss; no confident internal split applied.	
Kauγé Ńeríb u Hʿyẹ̄́ni.	h06_l09	12	maulet,	mawlêt	0	maulet	mawlêt	maulet	respite			unsplit	Current word-level token gloss; no confident internal split applied.	
Kauγé Ńeríb u Hʿyẹ̄́ni.	h06_l10	0	widāra	widara	0	widāra	widara	widara	there			unsplit	Current word-level token gloss; no confident internal split applied.	
Kauγé Ńeríb u Hʿyẹ̄́ni.	h06_l10	1	pei	pêy	0	pei	pêy	pei	after			unsplit	Current word-level token gloss; no confident internal split applied.	
Kauγé Ńeríb u Hʿyẹ̄́ni.	h06_l10	2	bye,	byê	0	bye	byê	bye	come			unsplit	Current word-level token gloss; no confident internal split applied.	
Kauγé Ńeríb u Hʿyẹ̄́ni.	h06_l10	3	mā	ma	0	mā	ma	ma	we			unsplit	Current word-level token gloss; no confident internal split applied.	
Kauγé Ńeríb u Hʿyẹ̄́ni.	h06_l10	4	kauyé	kawyê	0	kauyé	kawyê	kauye	fight			unsplit	Current word-level token gloss; no confident internal split applied.	
Kauγé Ńeríb u Hʿyẹ̄́ni.	h06_l10	5	bi̥kí,	bıki	0	bi̥	bi	bi-	CONJ/FUT	prefix	mood=conjunctive;tense=future	high	Muller 1865, ZGP-0361 conjunctive/future bi- prefix.	
Kauγé Ńeríb u Hʿyẹ̄́ni.	h06_l10	5	bi̥kí,	bıki	1	kí	ki	ki	do/fight			high	Muller 1865, ZGP-0361 conjunctive/future bi- prefix.	
Kauγé Ńeríb u Hʿyẹ̄́ni.	h06_l10	6	éke	êkê	0	éke	êkê	eke	if			unsplit	Current word-level token gloss; no confident internal split applied.	
Kauγé Ńeríb u Hʿyẹ̄́ni.	h06_l10	7	te	tê	0	te	tê	te	you			unsplit	Current word-level token gloss; no confident internal split applied.	
Kauγé Ńeríb u Hʿyẹ̄́ni.	h06_l10	8	ńéri	nyêri	0	ńé	ne	ne-	NEG	prefix	polarity=negative	high	Lerch corpus pattern plus modern Zazaki comparison: ne-/ńe- negative prefix.	
Kauγé Ńeríb u Hʿyẹ̄́ni.	h06_l10	8	ńéri	nyêri	1	ri	ri	ri	come			high	Lerch corpus pattern plus modern Zazaki comparison: ne-/ńe- negative prefix.	
Kauγé Ńeríb u Hʿyẹ̄́ni.	h06_l10	9	e̱z	ez	0	e̱z	ez	ez	I			unsplit	Current word-level token gloss; no confident internal split applied.	
Kauγé Ńeríb u Hʿyẹ̄́ni.	h06_l10	10	šahrestān	şahrêstan	0	šahrestān	şahrêstan	sahrestan	town			unsplit	Current word-level token gloss; no confident internal split applied.	
Kauγé Ńeríb u Hʿyẹ̄́ni.	h06_l11	0	pyéru	pyêrû	0	pyéru	pyêrû	pyeru	all			unsplit	Current word-level token gloss; no confident internal split applied.	
Kauγé Ńeríb u Hʿyẹ̄́ni.	h06_l11	1	vešnén’a,	vêşnêna	0	vešnén’a	vêşnêna	vesnena	I will burn			unsplit	Current word-level token gloss; no confident internal split applied.	
Kauγé Ńeríb u Hʿyẹ̄́ni.	h06_l11	2	sē̱rei	serêy	0	sē̱rei	serêy	serei	head			unsplit	Current word-level token gloss; no confident internal split applied.	
Kauγé Ńeríb u Hʿyẹ̄́ni.	h06_l11	3	túe	twê	0	túe	twê	tue	your			unsplit	Current word-level token gloss; no confident internal split applied.	
Kauγé Ńeríb u Hʿyẹ̄́ni.	h06_l11	4	wén’a.	wêna	0	w	w	wena	cut			low	Muller 1865, ZGP-0356 present -ena/-ana material.	Stem is short in this segmentation; keep under review.
Kauγé Ńeríb u Hʿyẹ̄́ni.	h06_l11	4	wén’a.	wêna	1	én’a	ena	-ena	PRS.1SG	suffix	tense_aspect=present;person=1;number=singular	medium	Muller 1865, ZGP-0356 present -ena/-ana material.	
Kauγé Ńeríb u Hʿyẹ̄́ni.	h06_l11	5	Dáqma	Daqma	0	Dáqma	Daqma	daqma	Daqma, personal name			unsplit	Current word-level token gloss; no confident internal split applied.	
Kauγé Ńeríb u Hʿyẹ̄́ni.	h06_l11	6	bé̱gi	begi	0	bé̱gi	begi	begi	Beg, title			unsplit	Current word-level token gloss; no confident internal split applied.	
Kauγé Ńeríb u Hʿyẹ̄́ni.	h06_l11	7	habé̱re	haberê	0	habé̱re	haberê	habere	message			unsplit	Current word-level token gloss; no confident internal split applied.	
Kauγé Ńeríb u Hʿyẹ̄́ni.	h06_l11	8	e̱ršau’úte	erşawûtê	0	e̱ršau’úte	erşawûtê	ersauute	sent			unsplit	Current word-level token gloss; no confident internal split applied.	
Kauγé Ńeríb u Hʿyẹ̄́ni.	h06_l12	0	Xalé̱f	Xalef	0	Xalé̱f	Xalef	xalef	Xalef, personal name			unsplit	Current word-level token gloss; no confident internal split applied.	
Kauγé Ńeríb u Hʿyẹ̄́ni.	h06_l12	1	aγáiri	ağayri	0	aγái	ağay	agai	Agha			high	Muller 1865, ZGP-0337-ZGP-0339 ri/ru/-i object or goal material.	
Kauγé Ńeríb u Hʿyẹ̄́ni.	h06_l12	1	aγáiri	ağayri	1	ri	ri	ri	GOAL/RECIP	case/postposition	relation=goal_or_recipient	high	Muller 1865, ZGP-0337-ZGP-0339 ri/ru/-i object or goal material.	
Kauγé Ńeríb u Hʿyẹ̄́ni.	h06_l12	2	vā	va	0	vā	va	va	said			unsplit	Current word-level token gloss; no confident internal split applied.	
Kauγé Ńeríb u Hʿyẹ̄́ni.	h06_l12	3	ke:	kê	0	ke	kê	ke	that			unsplit	Current word-level token gloss; no confident internal split applied.	
Kauγé Ńeríb u Hʿyẹ̄́ni.	h06_l12	4	héta	hêta	0	héta	hêta	heta	until			unsplit	Current word-level token gloss; no confident internal split applied.	
Kauγé Ńeríb u Hʿyẹ̄́ni.	h06_l12	5	vīst	vist	0	vīst	vist	vist	twenty			unsplit	Current word-level token gloss; no confident internal split applied.	
Kauγé Ńeríb u Hʿyẹ̄́ni.	h06_l12	6	rōd̮	roc	0	rōd̮	roc	rod	day(s)			unsplit	Current word-level token gloss; no confident internal split applied.	
Kauγé Ńeríb u Hʿyẹ̄́ni.	h06_l12	7	kauyé	kawyê	0	kauyé	kawyê	kauye	fight			unsplit	Current word-level token gloss; no confident internal split applied.	
Kauγé Ńeríb u Hʿyẹ̄́ni.	h06_l12	8	me	mê	0	me	mê	me	1SG			unsplit	Current word-level token gloss; no confident internal split applied.	
Kauγé Ńeríb u Hʿyẹ̄́ni.	h06_l12	9	t̮ínu,	çinû	0	t̮ínu	çinû	tinu	there is none			unsplit	Current word-level token gloss; no confident internal split applied.	
Kauγé Ńeríb u Hʿyẹ̄́ni.	h06_l12	10	widāra	widara	0	widāra	widara	widara	there			unsplit	Current word-level token gloss; no confident internal split applied.	
Kauγé Ńeríb u Hʿyẹ̄́ni.	h06_l12	11	pei	pêy	0	pei	pêy	pei	after			unsplit	Current word-level token gloss; no confident internal split applied.	
Kauγé Ńeríb u Hʿyẹ̄́ni.	h06_l12	12	e̱z	ez	0	e̱z	ez	ez	I			unsplit	Current word-level token gloss; no confident internal split applied.	
Kauγé Ńeríb u Hʿyẹ̄́ni.	h06_l13	0	túeri	twêri	0	túe	twê	tue	2SG.OBL			high	Muller 1865, ZGP-0337-ZGP-0339 ri/ru/-i object or goal material.	
Kauγé Ńeríb u Hʿyẹ̄́ni.	h06_l13	0	túeri	twêri	1	ri	ri	ri	GOAL/RECIP	case/postposition	relation=goal_or_recipient	high	Muller 1865, ZGP-0337-ZGP-0339 ri/ru/-i object or goal material.	
Kauγé Ńeríb u Hʿyẹ̄́ni.	h06_l13	1	habé̱re	haberê	0	habé̱re	haberê	habere	message			unsplit	Current word-level token gloss; no confident internal split applied.	
Kauγé Ńeríb u Hʿyẹ̄́ni.	h06_l13	2	e̱ršauwén’a.	erşawwêna	0	e̱ršauwén’a	erşawwêna	ersauwena	I will send			unsplit	Current word-level token gloss; no confident internal split applied.	
Kauγé Ńeríb u Hʿyẹ̄́ni.	h06_l13	3	Xalé̱f	Xalef	0	Xalé̱f	Xalef	xalef	Xalef, personal name			unsplit	Current word-level token gloss; no confident internal split applied.	
Kauγé Ńeríb u Hʿyẹ̄́ni.	h06_l13	4	aγá	ağa	0	aγá	ağa	aga	Agha, title			unsplit	Current word-level token gloss; no confident internal split applied.	
Kauγé Ńeríb u Hʿyẹ̄́ni.	h06_l13	5	vā	va	0	vā	va	va	said			unsplit	Current word-level token gloss; no confident internal split applied.	
Kauγé Ńeríb u Hʿyẹ̄́ni.	h06_l13	6	ke:	kê	0	ke	kê	ke	that			unsplit	Current word-level token gloss; no confident internal split applied.	
Kauγé Ńeríb u Hʿyẹ̄́ni.	h06_l13	7	péki,	pêki	0	péki	pêki	peki	very well			unsplit	Current word-level token gloss; no confident internal split applied.	
Kauγé Ńeríb u Hʿyẹ̄́ni.	h06_l13	8	eféndim,	êfêndim	0	eféndim	êfêndim	efendim	my lord			unsplit	Current word-level token gloss; no confident internal split applied.	
Kauγé Ńeríb u Hʿyẹ̄́ni.	h06_l13	9	hāid̮i	hayci	0	hāid̮i	hayci	haidi	all right			unsplit	Current word-level token gloss; no confident internal split applied.	
Kauγé Ńeríb u Hʿyẹ̄́ni.	h06_l14	0	túeri	twêri	0	túe	twê	tue	2SG.OBL			high	Muller 1865, ZGP-0337-ZGP-0339 ri/ru/-i object or goal material.	
Kauγé Ńeríb u Hʿyẹ̄́ni.	h06_l14	0	túeri	twêri	1	ri	ri	ri	GOAL/RECIP	case/postposition	relation=goal_or_recipient	high	Muller 1865, ZGP-0337-ZGP-0339 ri/ru/-i object or goal material.	
Kauγé Ńeríb u Hʿyẹ̄́ni.	h06_l14	1	izmu;	izmû	0	izmu	izmû	izmu	permission			unsplit	Current word-level token gloss; no confident internal split applied.	
Kauγé Ńeríb u Hʿyẹ̄́ni.	h06_l14	2	vīst	vist	0	vīst	vist	vist	twenty			unsplit	Current word-level token gloss; no confident internal split applied.	
Kauγé Ńeríb u Hʿyẹ̄́ni.	h06_l14	3	rōd̮	roc	0	rōd̮	roc	rod	day(s)			unsplit	Current word-level token gloss; no confident internal split applied.	
Kauγé Ńeríb u Hʿyẹ̄́ni.	h06_l14	4	maulet	mawlêt	0	maulet	mawlêt	maulet	respite			unsplit	Current word-level token gloss; no confident internal split applied.	
Kauγé Ńeríb u Hʿyẹ̄́ni.	h06_l14	5	dā	da	0	dā	da	da	gave			unsplit	Current word-level token gloss; no confident internal split applied.	
Kauγé Ńeríb u Hʿyẹ̄́ni.	h06_l14	6	Dáqma	Daqma	0	Dáqma	Daqma	daqma	Daqma, personal name			unsplit	Current word-level token gloss; no confident internal split applied.	
Kauγé Ńeríb u Hʿyẹ̄́ni.	h06_l14	7	bé̱gira.	begira	0	bé̱gi	begi	begi	Beg			high	Muller 1865, ZGP-0336; function chosen with project ra conventions.	
Kauγé Ńeríb u Hʿyẹ̄́ni.	h06_l14	7	bé̱gira.	begira	1	ra	ra	ra	ABL/SOURCE	postposition	relation=source	high	Muller 1865, ZGP-0336; function chosen with project ra conventions.	
Kauγé Ńeríb u Hʿyẹ̄́ni.	h07_l01	0	Dáqma	Daqma	0	Dáqma	Daqma	daqma	Daqma, personal name			unsplit	Current word-level token gloss; no confident internal split applied.	
Kauγé Ńeríb u Hʿyẹ̄́ni.	h07_l01	1	be̱g	beg	0	be̱g	beg	beg	Beg, title			unsplit	Current word-level token gloss; no confident internal split applied.	
Kauγé Ńeríb u Hʿyẹ̄́ni.	h07_l01	2	šẹ̄,	şê	0	šẹ̄	şê	se	went			unsplit	Current word-level token gloss; no confident internal split applied.	
Kauγé Ńeríb u Hʿyẹ̄́ni.	h07_l01	3	e̱skér	eskêr	0	e̱skér	eskêr	esker	army			unsplit	Current word-level token gloss; no confident internal split applied.	
Kauγé Ńeríb u Hʿyẹ̄́ni.	h07_l01	4	tōple	toplê	0	tōple	toplê	tople	gathered			unsplit	Current word-level token gloss; no confident internal split applied.	
Kauγé Ńeríb u Hʿyẹ̄́ni.	h07_l01	5	kerd,	kêrd	0	kerd	kêrd	kerd	did			unsplit	Current word-level token gloss; no confident internal split applied.	
Kauγé Ńeríb u Hʿyẹ̄́ni.	h07_l01	6	héta	hêta	0	héta	hêta	heta	until			unsplit	Current word-level token gloss; no confident internal split applied.	
Kauγé Ńeríb u Hʿyẹ̄́ni.	h07_l01	7	vīst	vist	0	vīst	vist	vist	twenty			unsplit	Current word-level token gloss; no confident internal split applied.	
Kauγé Ńeríb u Hʿyẹ̄́ni.	h07_l01	8	rōd̮	roc	0	rōd̮	roc	rod	day(s)			unsplit	Current word-level token gloss; no confident internal split applied.	
Kauγé Ńeríb u Hʿyẹ̄́ni.	h07_l01	9	tehér	têhêr	0	tehér	têhêr	teher	four			unsplit	Current word-level token gloss; no confident internal split applied.	
Kauγé Ńeríb u Hʿyẹ̄́ni.	h07_l01	10	henzāri	hênzari	0	henzāri	hênzari	henzari	thousand			unsplit	Current word-level token gloss; no confident internal split applied.	
Kauγé Ńeríb u Hʿyẹ̄́ni.	h07_l02	0	e̱skér	eskêr	0	e̱skér	eskêr	esker	army			unsplit	Current word-level token gloss; no confident internal split applied.	
Kauγé Ńeríb u Hʿyẹ̄́ni.	h07_l02	1	tōple	toplê	0	tōple	toplê	tople	gathered			unsplit	Current word-level token gloss; no confident internal split applied.	
Kauγé Ńeríb u Hʿyẹ̄́ni.	h07_l02	2	kerd.	kêrd	0	kerd	kêrd	kerd	did			unsplit	Current word-level token gloss; no confident internal split applied.	
Kauγé Ńeríb u Hʿyẹ̄́ni.	h07_l02	3	Vīst	Vist	0	Vīst	Vist	vist	twenty			unsplit	Current word-level token gloss; no confident internal split applied.	
Kauγé Ńeríb u Hʿyẹ̄́ni.	h07_l02	4	u	û	0	u	û	u	and			unsplit	Current word-level token gloss; no confident internal split applied.	
Kauγé Ńeríb u Hʿyẹ̄́ni.	h07_l02	5	yau	yaw	0	yau	yaw	yau	one			unsplit	Current word-level token gloss; no confident internal split applied.	
Kauγé Ńeríb u Hʿyẹ̄́ni.	h07_l02	6	rōd̮	roc	0	rōd̮	roc	rod	day(s)			unsplit	Current word-level token gloss; no confident internal split applied.	
Kauγé Ńeríb u Hʿyẹ̄́ni.	h07_l02	7	bi	bi	0	bi	bi	bi	to			unsplit	Current word-level token gloss; no confident internal split applied.	
Kauγé Ńeríb u Hʿyẹ̄́ni.	h07_l02	8	temāmí,	têmami	0	temāmí	têmami	temami	complete			unsplit	Current word-level token gloss; no confident internal split applied.	
Kauγé Ńeríb u Hʿyẹ̄́ni.	h07_l02	9	Dáqma	Daqma	0	Dáqma	Daqma	daqma	Daqma, personal name			unsplit	Current word-level token gloss; no confident internal split applied.	
Kauγé Ńeríb u Hʿyẹ̄́ni.	h07_l02	10	bé̱gi	begi	0	bé̱gi	begi	begi	Beg, title			unsplit	Current word-level token gloss; no confident internal split applied.	
Kauγé Ńeríb u Hʿyẹ̄́ni.	h07_l02	11	habé̱r	haber	0	habé̱r	haber	haber	message			unsplit	Current word-level token gloss; no confident internal split applied.	
Kauγé Ńeríb u Hʿyẹ̄́ni.	h07_l03	0	e̱ršau’úte	erşawûtê	0	e̱ršau’úte	erşawûtê	ersauute	sent			unsplit	Current word-level token gloss; no confident internal split applied.	
Kauγé Ńeríb u Hʿyẹ̄́ni.	h07_l03	1	Ńeríb	Nyêrib	0	Ńeríb	Nyêrib	nerib	Nerib, place name			unsplit	Current word-level token gloss; no confident internal split applied.	
Kauγé Ńeríb u Hʿyẹ̄́ni.	h07_l03	2	Xalé̱f	Xalef	0	Xalé̱f	Xalef	xalef	Xalef, personal name			unsplit	Current word-level token gloss; no confident internal split applied.	
Kauγé Ńeríb u Hʿyẹ̄́ni.	h07_l03	3	aγáiri	ağayri	0	aγái	ağay	agai	Agha			high	Muller 1865, ZGP-0337-ZGP-0339 ri/ru/-i object or goal material.	
Kauγé Ńeríb u Hʿyẹ̄́ni.	h07_l03	3	aγáiri	ağayri	1	ri	ri	ri	GOAL/RECIP	case/postposition	relation=goal_or_recipient	high	Muller 1865, ZGP-0337-ZGP-0339 ri/ru/-i object or goal material.	
Kauγé Ńeríb u Hʿyẹ̄́ni.	h07_l03	4	vā	va	0	vā	va	va	said			unsplit	Current word-level token gloss; no confident internal split applied.	
Kauγé Ńeríb u Hʿyẹ̄́ni.	h07_l03	5	ke:	kê	0	ke	kê	ke	that			unsplit	Current word-level token gloss; no confident internal split applied.	
Kauγé Ńeríb u Hʿyẹ̄́ni.	h07_l03	6	e̱skéri	eskêri	0	e̱skéri	eskêri	eskeri	army			unsplit	Current word-level token gloss; no confident internal split applied.	
Kauγé Ńeríb u Hʿyẹ̄́ni.	h07_l03	7	me	mê	0	me	mê	me	1SG			unsplit	Current word-level token gloss; no confident internal split applied.	
Kauγé Ńeríb u Hʿyẹ̄́ni.	h07_l03	8	temā́mu,	têmamû	0	temā́mu	têmamû	temamu	ready			unsplit	Current word-level token gloss; no confident internal split applied.	
Kauγé Ńeríb u Hʿyẹ̄́ni.	h07_l03	9	meíšte	mêyştê	0	meíšte	mêyştê	meiste	tomorrow			unsplit	Current word-level token gloss; no confident internal split applied.	
Kauγé Ńeríb u Hʿyẹ̄́ni.	h07_l03	10	e̱z	ez	0	e̱z	ez	ez	I			unsplit	Current word-level token gloss; no confident internal split applied.	
Kauγé Ńeríb u Hʿyẹ̄́ni.	h07_l04	0	yén’a	yêna	0	yén’a	yêna	yena	I come			unsplit	Current word-level token gloss; no confident internal split applied.	
Kauγé Ńeríb u Hʿyẹ̄́ni.	h07_l04	1	kauyé,	kawyê	0	kauyé	kawyê	kauye	fight			unsplit	Current word-level token gloss; no confident internal split applied.	
Kauγé Ńeríb u Hʿyẹ̄́ni.	h07_l04	2	kauyé	kawyê	0	kauyé	kawyê	kauye	fight			unsplit	Current word-level token gloss; no confident internal split applied.	
Kauγé Ńeríb u Hʿyẹ̄́ni.	h07_l04	3	me	mê	0	me	mê	me	1SG			unsplit	Current word-level token gloss; no confident internal split applied.	
Kauγé Ńeríb u Hʿyẹ̄́ni.	h07_l04	4	kauyaú.	kawyaw	0	kauyaú	kawyaw	kauyau	we will fight			unsplit	Current word-level token gloss; no confident internal split applied.	
Kauγé Ńeríb u Hʿyẹ̄́ni.	h07_l04	5	Xalé̱f	Xalef	0	Xalé̱f	Xalef	xalef	Xalef, personal name			unsplit	Current word-level token gloss; no confident internal split applied.	
Kauγé Ńeríb u Hʿyẹ̄́ni.	h07_l04	6	aγái	ağay	0	aγái	ağay	agai	Agha, title			unsplit	Current word-level token gloss; no confident internal split applied.	
Kauγé Ńeríb u Hʿyẹ̄́ni.	h07_l04	7	habé̱re	haberê	0	habé̱re	haberê	habere	message			unsplit	Current word-level token gloss; no confident internal split applied.	
Kauγé Ńeríb u Hʿyẹ̄́ni.	h07_l04	8	e̱ršau’úte	erşawûtê	0	e̱ršau’úte	erşawûtê	ersauute	sent			unsplit	Current word-level token gloss; no confident internal split applied.	
Kauγé Ńeríb u Hʿyẹ̄́ni.	h07_l05	0	Dáqma	Daqma	0	Dáqma	Daqma	daqma	Daqma, personal name			unsplit	Current word-level token gloss; no confident internal split applied.	
Kauγé Ńeríb u Hʿyẹ̄́ni.	h07_l05	1	bé̱giri	begiri	0	bé̱gi	begi	begi	Beg			high	Muller 1865, ZGP-0337-ZGP-0339 ri/ru/-i object or goal material.	
Kauγé Ńeríb u Hʿyẹ̄́ni.	h07_l05	1	bé̱giri	begiri	1	ri	ri	ri	GOAL/RECIP	case/postposition	relation=goal_or_recipient	high	Muller 1865, ZGP-0337-ZGP-0339 ri/ru/-i object or goal material.	
Kauγé Ńeríb u Hʿyẹ̄́ni.	h07_l05	2	vā	va	0	vā	va	va	said			unsplit	Current word-level token gloss; no confident internal split applied.	
Kauγé Ńeríb u Hʿyẹ̄́ni.	h07_l05	3	ke:	kê	0	ke	kê	ke	that			unsplit	Current word-level token gloss; no confident internal split applied.	
Kauγé Ńeríb u Hʿyẹ̄́ni.	h07_l05	4	wāχte	waxtê	0	wāχte	waxtê	waxte	time			unsplit	Current word-level token gloss; no confident internal split applied.	
Kauγé Ńeríb u Hʿyẹ̄́ni.	h07_l05	5	χóede	xoêdê	0	χóe	xoê	xoe	own			high	Muller 1865, ZGP-0340 locative -de/-di.	
Kauγé Ńeríb u Hʿyẹ̄́ni.	h07_l05	5	χóede	xoêdê	1	de	dê	de	LOC/TEMP	case	case=locative_or_temporal	high	Muller 1865, ZGP-0340 locative -de/-di.	
Kauγé Ńeríb u Hʿyẹ̄́ni.	h07_l05	6	hādré	hadrê	0	hādré	hadrê	hadre	ready			unsplit	Current word-level token gloss; no confident internal split applied.	
Kauγé Ńeríb u Hʿyẹ̄́ni.	h07_l05	7	be,	bê	0	be	bê	be	be			unsplit	Current word-level token gloss; no confident internal split applied.	
Kauγé Ńeríb u Hʿyẹ̄́ni.	h07_l05	8	e̱z	ez	0	e̱z	ez	ez	I			unsplit	Current word-level token gloss; no confident internal split applied.	
Kauγé Ńeríb u Hʿyẹ̄́ni.	h07_l05	9	meíšte	mêyştê	0	meíšte	mêyştê	meiste	tomorrow			unsplit	Current word-level token gloss; no confident internal split applied.	
Kauγé Ńeríb u Hʿyẹ̄́ni.	h07_l05	10	šefáqde	şêfaqdê	0	šefáq	şêfaq	sefaq	daybreak			high	Muller 1865, ZGP-0340 locative -de/-di.	
Kauγé Ńeríb u Hʿyẹ̄́ni.	h07_l05	10	šefáqde	şêfaqdê	1	de	dê	de	TEMP	case	case=temporal	high	Muller 1865, ZGP-0340 locative -de/-di.	
Kauγé Ńeríb u Hʿyẹ̄́ni.	h07_l06	0	yén’a	yêna	0	yén’a	yêna	yena	I come			unsplit	Current word-level token gloss; no confident internal split applied.	
Kauγé Ńeríb u Hʿyẹ̄́ni.	h07_l06	1	dúzi	dûzi	0	dúzi	dûzi	duzi	field			unsplit	Current word-level token gloss; no confident internal split applied.	
Kauγé Ńeríb u Hʿyẹ̄́ni.	h07_l06	2	Hʿé̱myera,	'Hemyêra	0	Hʿé̱myera	'Hemyêra	hemyera	Hemyer, place name			unsplit	Current word-level token gloss; no confident internal split applied.	
Kauγé Ńeríb u Hʿyẹ̄́ni.	h07_l06	3	te	tê	0	te	tê	te	you			unsplit	Current word-level token gloss; no confident internal split applied.	
Kauγé Ńeríb u Hʿyẹ̄́ni.	h07_l06	4	e̱skéri	eskêri	0	e̱skéri	eskêri	eskeri	army			unsplit	Current word-level token gloss; no confident internal split applied.	
Kauγé Ńeríb u Hʿyẹ̄́ni.	h07_l06	5	χóe	xoê	0	χóe	xoê	xoe	own			unsplit	Current word-level token gloss; no confident internal split applied.	
Kauγé Ńeríb u Hʿyẹ̄́ni.	h07_l06	6	bi̥gé,	bıgê	0	bi̥	bi	bi-	CONJ/FUT	prefix	mood=conjunctive;tense=future	high	Muller 1865, ZGP-0361 conjunctive/future bi- prefix.	
Kauγé Ńeríb u Hʿyẹ̄́ni.	h07_l06	6	bi̥gé,	bıgê	1	gé	gê	ge	bring			high	Muller 1865, ZGP-0361 conjunctive/future bi- prefix.	
Kauγé Ńeríb u Hʿyẹ̄́ni.	h07_l06	7	bye	byê	0	bye	byê	bye	come			unsplit	Current word-level token gloss; no confident internal split applied.	
Kauγé Ńeríb u Hʿyẹ̄́ni.	h07_l06	8	pei	pêy	0	pei	pêy	pei	after			unsplit	Current word-level token gloss; no confident internal split applied.	
Kauγé Ńeríb u Hʿyẹ̄́ni.	h07_l06	9	rezān	rêzan	0	rez	rêz	rez	vineyard			high	Muller 1865, ZGP-0334 plural -an.	
Kauγé Ńeríb u Hʿyẹ̄́ni.	h07_l06	9	rezān	rêzan	1	ān	an	an	PL	suffix	number=plural	high	Muller 1865, ZGP-0334 plural -an.	
Kauγé Ńeríb u Hʿyẹ̄́ni.	h07_l06	10	metirisi,	mêtirisi	0	metirisi	mêtirisi	metirisi	fortress			unsplit	Current word-level token gloss; no confident internal split applied.	
Kauγé Ńeríb u Hʿyẹ̄́ni.	h07_l07	0	mā	ma	0	mā	ma	ma	we			unsplit	Current word-level token gloss; no confident internal split applied.	
Kauγé Ńeríb u Hʿyẹ̄́ni.	h07_l07	1	kauyé	kawyê	0	kauyé	kawyê	kauye	fight			unsplit	Current word-level token gloss; no confident internal split applied.	
Kauγé Ńeríb u Hʿyẹ̄́ni.	h07_l07	2	bi̥kí,	bıki	0	bi̥	bi	bi-	CONJ/FUT	prefix	mood=conjunctive;tense=future	high	Muller 1865, ZGP-0361 conjunctive/future bi- prefix.	
Kauγé Ńeríb u Hʿyẹ̄́ni.	h07_l07	2	bi̥kí,	bıki	1	kí	ki	ki	do/fight			high	Muller 1865, ZGP-0361 conjunctive/future bi- prefix.	
Kauγé Ńeríb u Hʿyẹ̄́ni.	h07_l07	3	ńa	nya	0	ńa	nya	na	not			unsplit	Current word-level token gloss; no confident internal split applied.	
Kauγé Ńeríb u Hʿyẹ̄́ni.	h07_l07	4	te	tê	0	te	tê	te	you			unsplit	Current word-level token gloss; no confident internal split applied.	
Kauγé Ńeríb u Hʿyẹ̄́ni.	h07_l07	5	sē̱rei	serêy	0	sē̱rei	serêy	serei	head			unsplit	Current word-level token gloss; no confident internal split applied.	
Kauγé Ńeríb u Hʿyẹ̄́ni.	h07_l07	6	me	mê	0	me	mê	me	1SG			unsplit	Current word-level token gloss; no confident internal split applied.	
Kauγé Ńeríb u Hʿyẹ̄́ni.	h07_l07	7	wén’i,	wêni	0	wén’i	wêni	weni	cut			unsplit	Current word-level token gloss; no confident internal split applied.	
Kauγé Ńeríb u Hʿyẹ̄́ni.	h07_l07	8	ńa	nya	0	ńa	nya	na	not			unsplit	Current word-level token gloss; no confident internal split applied.	
Kauγé Ńeríb u Hʿyẹ̄́ni.	h07_l07	9	e̱z	ez	0	e̱z	ez	ez	I			unsplit	Current word-level token gloss; no confident internal split applied.	
Kauγé Ńeríb u Hʿyẹ̄́ni.	h07_l07	10	sē̱rei	serêy	0	sē̱rei	serêy	serei	head			unsplit	Current word-level token gloss; no confident internal split applied.	
Kauγé Ńeríb u Hʿyẹ̄́ni.	h07_l07	11	túe	twê	0	túe	twê	tue	your			unsplit	Current word-level token gloss; no confident internal split applied.	
Kauγé Ńeríb u Hʿyẹ̄́ni.	h07_l07	12	wén’a.	wêna	0	w	w	wena	cut			low	Muller 1865, ZGP-0356 present -ena/-ana material.	Stem is short in this segmentation; keep under review.
Kauγé Ńeríb u Hʿyẹ̄́ni.	h07_l07	12	wén’a.	wêna	1	én’a	ena	-ena	PRS.1SG	suffix	tense_aspect=present;person=1;number=singular	medium	Muller 1865, ZGP-0356 present -ena/-ana material.	
Kauγé Ńeríb u Hʿyẹ̄́ni.	h07_l08	0	Dáqma	Daqma	0	Dáqma	Daqma	daqma	Daqma, personal name			unsplit	Current word-level token gloss; no confident internal split applied.	
Kauγé Ńeríb u Hʿyẹ̄́ni.	h07_l08	1	bé̱gi	begi	0	bé̱gi	begi	begi	Beg, title			unsplit	Current word-level token gloss; no confident internal split applied.	
Kauγé Ńeríb u Hʿyẹ̄́ni.	h07_l08	2	habé̱r	haber	0	habé̱r	haber	haber	message			unsplit	Current word-level token gloss; no confident internal split applied.	
Kauγé Ńeríb u Hʿyẹ̄́ni.	h07_l08	3	e̱ršau’úte	erşawûtê	0	e̱ršau’úte	erşawûtê	ersauute	sent			unsplit	Current word-level token gloss; no confident internal split applied.	
Kauγé Ńeríb u Hʿyẹ̄́ni.	h07_l08	4	Xalé̱f	Xalef	0	Xalé̱f	Xalef	xalef	Xalef, personal name			unsplit	Current word-level token gloss; no confident internal split applied.	
Kauγé Ńeríb u Hʿyẹ̄́ni.	h07_l08	5	aγáiri	ağayri	0	aγái	ağay	agai	Agha			high	Muller 1865, ZGP-0337-ZGP-0339 ri/ru/-i object or goal material.	
Kauγé Ńeríb u Hʿyẹ̄́ni.	h07_l08	5	aγáiri	ağayri	1	ri	ri	ri	GOAL/RECIP	case/postposition	relation=goal_or_recipient	high	Muller 1865, ZGP-0337-ZGP-0339 ri/ru/-i object or goal material.	
Kauγé Ńeríb u Hʿyẹ̄́ni.	h07_l08	6	vā	va	0	vā	va	va	said			unsplit	Current word-level token gloss; no confident internal split applied.	
Kauγé Ńeríb u Hʿyẹ̄́ni.	h07_l08	7	ke:	kê	0	ke	kê	ke	that			unsplit	Current word-level token gloss; no confident internal split applied.	
Kauγé Ńeríb u Hʿyẹ̄́ni.	h07_l08	8	mévinde,	mêvindê	0	mé	me	me-	NEG.IMP	prefix	polarity=negative;mood=imperative	high	Muller 1865, ZGP-0362 negative imperative me- prefix.	
Kauγé Ńeríb u Hʿyẹ̄́ni.	h07_l08	8	mévinde,	mêvindê	1	vinde	vindê	vinde	delay			high	Muller 1865, ZGP-0362 negative imperative me- prefix.	
Kauγé Ńeríb u Hʿyẹ̄́ni.	h07_l08	9	šānde	şandê	0	šānde	şandê	sande	morning			unsplit	Current word-level token gloss; no confident internal split applied.	
Kauγé Ńeríb u Hʿyẹ̄́ni.	h07_l09	0	yén’i,	yêni	0	yén’i	yêni	yeni	come			unsplit	Current word-level token gloss; no confident internal split applied.	
Kauγé Ńeríb u Hʿyẹ̄́ni.	h07_l09	1	sebāh	sêbah	0	sebāh	sêbah	sebah	morning			unsplit	Current word-level token gloss; no confident internal split applied.	
Kauγé Ńeríb u Hʿyẹ̄́ni.	h07_l09	2	bye.	byê	0	bye	byê	bye	come			unsplit	Current word-level token gloss; no confident internal split applied.	
Kauγé Ńeríb u Hʿyẹ̄́ni.	h07_l09	3	Xalé̱f	Xalef	0	Xalé̱f	Xalef	xalef	Xalef, personal name			unsplit	Current word-level token gloss; no confident internal split applied.	
Kauγé Ńeríb u Hʿyẹ̄́ni.	h07_l09	4	aγá	ağa	0	aγá	ağa	aga	Agha, title			unsplit	Current word-level token gloss; no confident internal split applied.	
Kauγé Ńeríb u Hʿyẹ̄́ni.	h07_l09	5	habé̱r	haber	0	habé̱r	haber	haber	message			unsplit	Current word-level token gloss; no confident internal split applied.	
Kauγé Ńeríb u Hʿyẹ̄́ni.	h07_l09	6	e̱ršau’úte	erşawûtê	0	e̱ršau’úte	erşawûtê	ersauute	sent			unsplit	Current word-level token gloss; no confident internal split applied.	
Kauγé Ńeríb u Hʿyẹ̄́ni.	h07_l09	7	Dáqma	Daqma	0	Dáqma	Daqma	daqma	Daqma, personal name			unsplit	Current word-level token gloss; no confident internal split applied.	
Kauγé Ńeríb u Hʿyẹ̄́ni.	h07_l09	8	bé̱giri	begiri	0	bé̱gi	begi	begi	Beg			high	Muller 1865, ZGP-0337-ZGP-0339 ri/ru/-i object or goal material.	
Kauγé Ńeríb u Hʿyẹ̄́ni.	h07_l09	8	bé̱giri	begiri	1	ri	ri	ri	GOAL/RECIP	case/postposition	relation=goal_or_recipient	high	Muller 1865, ZGP-0337-ZGP-0339 ri/ru/-i object or goal material.	
Kauγé Ńeríb u Hʿyẹ̄́ni.	h07_l09	9	vā	va	0	vā	va	va	said			unsplit	Current word-level token gloss; no confident internal split applied.	
Kauγé Ńeríb u Hʿyẹ̄́ni.	h07_l09	10	ke:	kê	0	ke	kê	ke	that			unsplit	Current word-level token gloss; no confident internal split applied.	
Kauγé Ńeríb u Hʿyẹ̄́ni.	h07_l10	0	én’a	êna	0	én’a	êna	ena	this			unsplit	Current word-level token gloss; no confident internal split applied.	
Kauγé Ńeríb u Hʿyẹ̄́ni.	h07_l10	1	hāle	halê	0	hāle	halê	hale	match			unsplit	Current word-level token gloss; no confident internal split applied.	
Kauγé Ńeríb u Hʿyẹ̄́ni.	h07_l10	2	e̱z	ez	0	e̱z	ez	ez	I			unsplit	Current word-level token gloss; no confident internal split applied.	
Kauγé Ńeríb u Hʿyẹ̄́ni.	h07_l10	3	āmā.	ama	0	āmā	ama	ama	to come			unsplit	Current word-level token gloss; no confident internal split applied.	
Kauγé Ńeríb u Hʿyẹ̄́ni.	h07_l10	4	Dáqma	Daqma	0	Dáqma	Daqma	daqma	Daqma, personal name			unsplit	Current word-level token gloss; no confident internal split applied.	
Kauγé Ńeríb u Hʿyẹ̄́ni.	h07_l10	5	bé̱gi	begi	0	bé̱gi	begi	begi	Beg, title			unsplit	Current word-level token gloss; no confident internal split applied.	
Kauγé Ńeríb u Hʿyẹ̄́ni.	h07_l10	6	habé̱r	haber	0	habé̱r	haber	haber	message			unsplit	Current word-level token gloss; no confident internal split applied.	
Kauγé Ńeríb u Hʿyẹ̄́ni.	h07_l10	7	e̱ršau’úte	erşawûtê	0	e̱ršau’úte	erşawûtê	ersauute	sent			unsplit	Current word-level token gloss; no confident internal split applied.	
Kauγé Ńeríb u Hʿyẹ̄́ni.	h07_l10	8	Xalé̱f	Xalef	0	Xalé̱f	Xalef	xalef	Xalef, personal name			unsplit	Current word-level token gloss; no confident internal split applied.	
Kauγé Ńeríb u Hʿyẹ̄́ni.	h07_l10	9	aγáiri	ağayri	0	aγái	ağay	agai	Agha			high	Muller 1865, ZGP-0337-ZGP-0339 ri/ru/-i object or goal material.	
Kauγé Ńeríb u Hʿyẹ̄́ni.	h07_l10	9	aγáiri	ağayri	1	ri	ri	ri	GOAL/RECIP	case/postposition	relation=goal_or_recipient	high	Muller 1865, ZGP-0337-ZGP-0339 ri/ru/-i object or goal material.	
Kauγé Ńeríb u Hʿyẹ̄́ni.	h07_l10	10	vā	va	0	vā	va	va	said			unsplit	Current word-level token gloss; no confident internal split applied.	
Kauγé Ńeríb u Hʿyẹ̄́ni.	h07_l11	0	ke:	kê	0	ke	kê	ke	that			unsplit	Current word-level token gloss; no confident internal split applied.	
Kauγé Ńeríb u Hʿyẹ̄́ni.	h07_l11	1	wārze,	warzê	0	wārze	warzê	warze	rise			unsplit	Current word-level token gloss; no confident internal split applied.	
Kauγé Ńeríb u Hʿyẹ̄́ni.	h07_l11	2	bye,	byê	0	bye	byê	bye	come			unsplit	Current word-level token gloss; no confident internal split applied.	
Kauγé Ńeríb u Hʿyẹ̄́ni.	h07_l11	3	e̱z	ez	0	e̱z	ez	ez	I			unsplit	Current word-level token gloss; no confident internal split applied.	
Kauγé Ńeríb u Hʿyẹ̄́ni.	h07_l11	4	timāni	timani	0	timāni	timani	timani	eyes			unsplit	Current word-level token gloss; no confident internal split applied.	
Kauγé Ńeríb u Hʿyẹ̄́ni.	h07_l11	5	túe	twê	0	túe	twê	tue	your			unsplit	Current word-level token gloss; no confident internal split applied.	
Kauγé Ńeríb u Hʿyẹ̄́ni.	h07_l11	6	vedén’a.	vêdêna	0	vedén’a	vêdêna	vedena	I will gouge			unsplit	Current word-level token gloss; no confident internal split applied.	
Kauγé Ńeríb u Hʿyẹ̄́ni.	h07_l12	0	Xalé̱f	Xalef	0	Xalé̱f	Xalef	xalef	Xalef, personal name			unsplit	Current word-level token gloss; no confident internal split applied.	
Kauγé Ńeríb u Hʿyẹ̄́ni.	h07_l12	1	aγá	ağa	0	aγá	ağa	aga	Agha, title			unsplit	Current word-level token gloss; no confident internal split applied.	
Kauγé Ńeríb u Hʿyẹ̄́ni.	h07_l12	2	we̱ríšt,	werişt	0	we̱ríšt	werişt	werist	set out			unsplit	Current word-level token gloss; no confident internal split applied.	
Kauγé Ńeríb u Hʿyẹ̄́ni.	h07_l12	3	dumilbāze	dûmilbazê	0	dumilbāze	dûmilbazê	dumilbaze	drums			unsplit	Current word-level token gloss; no confident internal split applied.	
Kauγé Ńeríb u Hʿyẹ̄́ni.	h07_l12	4	dai	day	0	dai	day	dai	gave			unsplit	Current word-level token gloss; no confident internal split applied.	
Kauγé Ńeríb u Hʿyẹ̄́ni.	h07_l12	5	püroe.	pûroê	0	püroe	pûroê	puroe	upon			unsplit	Current word-level token gloss; no confident internal split applied.	
Kauγé Ńeríb u Hʿyẹ̄́ni.	h07_l12	6	E̱skéri	Eskêri	0	E̱skéri	Eskêri	eskeri	army			unsplit	Current word-level token gloss; no confident internal split applied.	
Kauγé Ńeríb u Hʿyẹ̄́ni.	h07_l12	7	Xalé̱f	Xalef	0	Xalé̱f	Xalef	xalef	Xalef, personal name			unsplit	Current word-level token gloss; no confident internal split applied.	
Kauγé Ńeríb u Hʿyẹ̄́ni.	h07_l12	8	aγá	ağa	0	aγá	ağa	aga	Agha, title			unsplit	Current word-level token gloss; no confident internal split applied.	
Kauγé Ńeríb u Hʿyẹ̄́ni.	h07_l13	0	pyéru	pyêrû	0	pyéru	pyêrû	pyeru	all			unsplit	Current word-level token gloss; no confident internal split applied.	
Kauγé Ńeríb u Hʿyẹ̄́ni.	h07_l13	1	āmé	amê	0	āmé	amê	ame	came			unsplit	Current word-level token gloss; no confident internal split applied.	
Kauγé Ńeríb u Hʿyẹ̄́ni.	h07_l13	2	pyesér,	pyêsêr	0	pyesér	pyêsêr	pyeser	together			unsplit	Current word-level token gloss; no confident internal split applied.	
Kauγé Ńeríb u Hʿyẹ̄́ni.	h07_l13	3	Xalé̱f	Xalef	0	Xalé̱f	Xalef	xalef	Xalef, personal name			unsplit	Current word-level token gloss; no confident internal split applied.	
Kauγé Ńeríb u Hʿyẹ̄́ni.	h07_l13	4	aγá	ağa	0	aγá	ağa	aga	Agha, title			unsplit	Current word-level token gloss; no confident internal split applied.	
Kauγé Ńeríb u Hʿyẹ̄́ni.	h07_l13	5	vā	va	0	vā	va	va	said			unsplit	Current word-level token gloss; no confident internal split applied.	
Kauγé Ńeríb u Hʿyẹ̄́ni.	h07_l13	6	ke	kê	0	ke	kê	ke	that			unsplit	Current word-level token gloss; no confident internal split applied.	
Kauγé Ńeríb u Hʿyẹ̄́ni.	h07_l13	7	e̱skéri	eskêri	0	e̱skéri	eskêri	eskeri	army			unsplit	Current word-level token gloss; no confident internal split applied.	
Kauγé Ńeríb u Hʿyẹ̄́ni.	h07_l13	8	χóera:	xoêra	0	χóe	xoê	xoe	self/own			high	Muller 1865, ZGP-0336; function chosen with project ra conventions.	
Kauγé Ńeríb u Hʿyẹ̄́ni.	h07_l13	8	χóera:	xoêra	1	ra	ra	ra	REFL/RECIP	postposition	relation=reflexive_or_recipient	high	Muller 1865, ZGP-0336; function chosen with project ra conventions.	
Kauγé Ńeríb u Hʿyẹ̄́ni.	h07_l13	9	batīni,	batini	0	batīni	batini	batini	listen			unsplit	Current word-level token gloss; no confident internal split applied.	
Kauγé Ńeríb u Hʿyẹ̄́ni.	h07_l13	10	aγalér,	ağalêr	0	aγalér	ağalêr	agaler	aghas			unsplit	Current word-level token gloss; no confident internal split applied.	
Kauγé Ńeríb u Hʿyẹ̄́ni.	h07_l14	0	mā	ma	0	mā	ma	ma	we			unsplit	Current word-level token gloss; no confident internal split applied.	
Kauγé Ńeríb u Hʿyẹ̄́ni.	h07_l14	1	šuén’i	şwêni	0	šuén’i	şwêni	sueni	we go			unsplit	Current word-level token gloss; no confident internal split applied.	
Kauγé Ńeríb u Hʿyẹ̄́ni.	h07_l14	2	kauyé,	kawyê	0	kauyé	kawyê	kauye	fight			unsplit	Current word-level token gloss; no confident internal split applied.	
Kauγé Ńeríb u Hʿyẹ̄́ni.	h07_l14	3	métersi,	mêtêrsi	0	mé	me	me-	NEG.IMP	prefix	polarity=negative;mood=imperative	high	Muller 1865, ZGP-0362 negative imperative me- prefix.	
Kauγé Ńeríb u Hʿyẹ̄́ni.	h07_l14	3	métersi,	mêtêrsi	1	tersi	têrsi	tersi	fear			high	Muller 1865, ZGP-0362 negative imperative me- prefix.	
Kauγé Ńeríb u Hʿyẹ̄́ni.	h07_l14	4	e̱skéri	eskêri	0	e̱skéri	eskêri	eskeri	army			unsplit	Current word-level token gloss; no confident internal split applied.	
Kauγé Ńeríb u Hʿyẹ̄́ni.	h07_l14	5	Dáqma	Daqma	0	Dáqma	Daqma	daqma	Daqma, personal name			unsplit	Current word-level token gloss; no confident internal split applied.	
Kauγé Ńeríb u Hʿyẹ̄́ni.	h07_l14	6	bé̱gi	begi	0	bé̱gi	begi	begi	Beg, title			unsplit	Current word-level token gloss; no confident internal split applied.	
Kauγé Ńeríb u Hʿyẹ̄́ni.	h07_l14	7	zāvu,	zavû	0	zāvu	zavû	zavu	many			unsplit	Current word-level token gloss; no confident internal split applied.	
Kauγé Ńeríb u Hʿyẹ̄́ni.	h07_l14	8	hém’a	hêma	0	hém’a	hêma	hema	however			unsplit	Current word-level token gloss; no confident internal split applied.	
Kauγé Ńeríb u Hʿyẹ̄́ni.	h07_l14	9	pyéru	pyêrû	0	pyéru	pyêrû	pyeru	all			unsplit	Current word-level token gloss; no confident internal split applied.	
Kauγé Ńeríb u Hʿyẹ̄́ni.	h07_l15	0	Ti̥rki,	Tırki	0	Ti̥rki	Tırki	tirki	Turks			unsplit	Current word-level token gloss; no confident internal split applied.	
Kauγé Ńeríb u Hʿyẹ̄́ni.	h07_l15	1	ńešén’i	nyêşêni	0	ńe	ne	ne-	NEG	prefix	polarity=negative	high	Lerch corpus pattern plus modern Zazaki comparison: ne-/ńe- negative prefix.	
Kauγé Ńeríb u Hʿyẹ̄́ni.	h07_l15	1	ńešén’i	nyêşêni	1	šén’i	şêni	seni	know/can			high	Lerch corpus pattern plus modern Zazaki comparison: ne-/ńe- negative prefix.	
Kauγé Ńeríb u Hʿyẹ̄́ni.	h07_l15	2	mā́de	madê	0	mā́de	madê	made	with us			unsplit	Current word-level token gloss; no confident internal split applied.	
Kauγé Ńeríb u Hʿyẹ̄́ni.	h07_l15	3	kauyé	kawyê	0	kauyé	kawyê	kauye	fight			unsplit	Current word-level token gloss; no confident internal split applied.	
Kauγé Ńeríb u Hʿyẹ̄́ni.	h07_l15	4	bi̥kí,	bıki	0	bi̥	bi	bi-	CONJ/FUT	prefix	mood=conjunctive;tense=future	high	Muller 1865, ZGP-0361 conjunctive/future bi- prefix.	
Kauγé Ńeríb u Hʿyẹ̄́ni.	h07_l15	4	bi̥kí,	bıki	1	kí	ki	ki	do/fight			high	Muller 1865, ZGP-0361 conjunctive/future bi- prefix.	
Kauγé Ńeríb u Hʿyẹ̄́ni.	h07_l15	5	mā	ma	0	mā	ma	ma	we			unsplit	Current word-level token gloss; no confident internal split applied.	
Kauγé Ńeríb u Hʿyẹ̄́ni.	h07_l15	6	pyéru	pyêrû	0	pyéru	pyêrû	pyeru	all			unsplit	Current word-level token gloss; no confident internal split applied.	
Kauγé Ńeríb u Hʿyẹ̄́ni.	h07_l15	7	dān	dan	0	dān	dan	dan	people			unsplit	Current word-level token gloss; no confident internal split applied.	
Kauγé Ńeríb u Hʿyẹ̄́ni.	h07_l15	8	mi̥rdi	mırdi	0	mi̥rdi	mırdi	mirdi	brave			unsplit	Current word-level token gloss; no confident internal split applied.	
Kauγé Ńeríb u Hʿyẹ̄́ni.	h07_l15	9	kírdāni,	kirdani	0	kírdāni	kirdani	kirdani	Kurds			unsplit	Current word-level token gloss; no confident internal split applied.	
Kauγé Ńeríb u Hʿyẹ̄́ni.	h08_l01	0	myérdei	myêrdêy	0	myérdei	myêrdêy	myerdei	men			unsplit	Current word-level token gloss; no confident internal split applied.	
Kauγé Ńeríb u Hʿyẹ̄́ni.	h08_l01	1	aširāni,	aşirani	0	aširāni	aşirani	asirani	tribal men			unsplit	Current word-level token gloss; no confident internal split applied.	
Kauγé Ńeríb u Hʿyẹ̄́ni.	h08_l01	2	métersi,	mêtêrsi	0	mé	me	me-	NEG.IMP	prefix	polarity=negative;mood=imperative	high	Muller 1865, ZGP-0362 negative imperative me- prefix.	
Kauγé Ńeríb u Hʿyẹ̄́ni.	h08_l01	2	métersi,	mêtêrsi	1	tersi	têrsi	tersi	fear			high	Muller 1865, ZGP-0362 negative imperative me- prefix.	
Kauγé Ńeríb u Hʿyẹ̄́ni.	h08_l01	3	mā	ma	0	mā	ma	ma	we			unsplit	Current word-level token gloss; no confident internal split applied.	
Kauγé Ńeríb u Hʿyẹ̄́ni.	h08_l01	4	hā	ha	0	hā	ha	ha	here			unsplit	Current word-level token gloss; no confident internal split applied.	
Kauγé Ńeríb u Hʿyẹ̄́ni.	h08_l01	5	šuén’i,	şwêni	0	šuén’i	şwêni	sueni	we go			unsplit	Current word-level token gloss; no confident internal split applied.	
Kauγé Ńeríb u Hʿyẹ̄́ni.	h08_l01	6	hétake	hêtakê	0	hétake	hêtakê	hetake	as long as			unsplit	Current word-level token gloss; no confident internal split applied.	
Kauγé Ńeríb u Hʿyẹ̄́ni.	h08_l01	7	sē̱rei	serêy	0	sē̱rei	serêy	serei	head			unsplit	Current word-level token gloss; no confident internal split applied.	
Kauγé Ńeríb u Hʿyẹ̄́ni.	h08_l01	8	me	mê	0	me	mê	me	1SG			unsplit	Current word-level token gloss; no confident internal split applied.	
Kauγé Ńeríb u Hʿyẹ̄́ni.	h08_l01	9	ńewén’u,	nyêwênû	0	ńe	ne	ne-	NEG	prefix	polarity=negative	high	Lerch corpus pattern plus modern Zazaki comparison: ne-/ńe- negative prefix.	
Kauγé Ńeríb u Hʿyẹ̄́ni.	h08_l01	9	ńewén’u,	nyêwênû	1	wén’u	wênû	wenu	cut off			high	Lerch corpus pattern plus modern Zazaki comparison: ne-/ńe- negative prefix.	
Kauγé Ńeríb u Hʿyẹ̄́ni.	h08_l02	0	ši̥mā	şıma	0	ši̥mā	şıma	sima	you			unsplit	Current word-level token gloss; no confident internal split applied.	
Kauγé Ńeríb u Hʿyẹ̄́ni.	h08_l02	1	t̮eiwiri	çêywiri	0	t̮eiwiri	çêywiri	teiwiri	anything			unsplit	Current word-level token gloss; no confident internal split applied.	
Kauγé Ńeríb u Hʿyẹ̄́ni.	h08_l02	2	ti̥	tı	0	ti̥	tı	ti	you			unsplit	Current word-level token gloss; no confident internal split applied.	
Kauγé Ńeríb u Hʿyẹ̄́ni.	h08_l02	3	t̮ínu.	çinû	0	t̮ínu	çinû	tinu	there is none			unsplit	Current word-level token gloss; no confident internal split applied.	
Kauγé Ńeríb u Hʿyẹ̄́ni.	h08_l02	4	E̱skéri	Eskêri	0	E̱skéri	Eskêri	eskeri	army			unsplit	Current word-level token gloss; no confident internal split applied.	
Kauγé Ńeríb u Hʿyẹ̄́ni.	h08_l02	5	Xalé̱f	Xalef	0	Xalé̱f	Xalef	xalef	Xalef, personal name			unsplit	Current word-level token gloss; no confident internal split applied.	
Kauγé Ńeríb u Hʿyẹ̄́ni.	h08_l02	6	aγái	ağay	0	aγái	ağay	agai	Agha, title			unsplit	Current word-level token gloss; no confident internal split applied.	
Kauγé Ńeríb u Hʿyẹ̄́ni.	h08_l02	7	vā	va	0	vā	va	va	said			unsplit	Current word-level token gloss; no confident internal split applied.	
Kauγé Ńeríb u Hʿyẹ̄́ni.	h08_l02	8	ke:	kê	0	ke	kê	ke	that			unsplit	Current word-level token gloss; no confident internal split applied.	
Kauγé Ńeríb u Hʿyẹ̄́ni.	h08_l02	9	mā	ma	0	mā	ma	ma	we			unsplit	Current word-level token gloss; no confident internal split applied.	
Kauγé Ńeríb u Hʿyẹ̄́ni.	h08_l02	10	hā	ha	0	hā	ha	ha	here			unsplit	Current word-level token gloss; no confident internal split applied.	
Kauγé Ńeríb u Hʿyẹ̄́ni.	h08_l02	11	šuén’i,	şwêni	0	šuén’i	şwêni	sueni	we go			unsplit	Current word-level token gloss; no confident internal split applied.	
Kauγé Ńeríb u Hʿyẹ̄́ni.	h08_l03	0	héta	hêta	0	héta	hêta	heta	until			unsplit	Current word-level token gloss; no confident internal split applied.	
Kauγé Ńeríb u Hʿyẹ̄́ni.	h08_l03	1	némiri	nêmiri	0	né	ne	ne-	NEG	prefix	polarity=negative	high	Lerch corpus pattern plus modern Zazaki comparison: ne-/ńe- negative prefix.	
Kauγé Ńeríb u Hʿyẹ̄́ni.	h08_l03	1	némiri	nêmiri	1	miri	miri	miri	die			high	Lerch corpus pattern plus modern Zazaki comparison: ne-/ńe- negative prefix.	
Kauγé Ńeríb u Hʿyẹ̄́ni.	h08_l03	2	túeri	twêri	0	túe	twê	tue	2SG.OBL			high	Muller 1865, ZGP-0337-ZGP-0339 ri/ru/-i object or goal material.	
Kauγé Ńeríb u Hʿyẹ̄́ni.	h08_l03	2	túeri	twêri	1	ri	ri	ri	GOAL/RECIP	case/postposition	relation=goal_or_recipient	high	Muller 1865, ZGP-0337-ZGP-0339 ri/ru/-i object or goal material.	
Kauγé Ńeríb u Hʿyẹ̄́ni.	h08_l03	3	ti̥	tı	0	ti̥	tı	ti	you			unsplit	Current word-level token gloss; no confident internal split applied.	
Kauγé Ńeríb u Hʿyẹ̄́ni.	h08_l03	4	t̮ínu.	çinû	0	t̮ínu	çinû	tinu	there is none			unsplit	Current word-level token gloss; no confident internal split applied.	
Kauγé Ńeríb u Hʿyẹ̄́ni.	h08_l03	5	Xalé̱f	Xalef	0	Xalé̱f	Xalef	xalef	Xalef, personal name			unsplit	Current word-level token gloss; no confident internal split applied.	
Kauγé Ńeríb u Hʿyẹ̄́ni.	h08_l03	6	aγá	ağa	0	aγá	ağa	aga	Agha, title			unsplit	Current word-level token gloss; no confident internal split applied.	
Kauγé Ńeríb u Hʿyẹ̄́ni.	h08_l03	7	vā	va	0	vā	va	va	said			unsplit	Current word-level token gloss; no confident internal split applied.	
Kauγé Ńeríb u Hʿyẹ̄́ni.	h08_l03	8	ke:	kê	0	ke	kê	ke	that			unsplit	Current word-level token gloss; no confident internal split applied.	
Kauγé Ńeríb u Hʿyẹ̄́ni.	h08_l03	9	āferém	afêrêm	0	āferém	afêrêm	aferem	thanks			unsplit	Current word-level token gloss; no confident internal split applied.	
Kauγé Ńeríb u Hʿyẹ̄́ni.	h08_l03	10	aγálerim.	ağalêrim	0	aγálerim	ağalêrim	agalerim	my aghas			unsplit	Current word-level token gloss; no confident internal split applied.	
Kauγé Ńeríb u Hʿyẹ̄́ni.	h08_l04	0	Xalé̱f	Xalef	0	Xalé̱f	Xalef	xalef	Xalef, personal name			unsplit	Current word-level token gloss; no confident internal split applied.	
Kauγé Ńeríb u Hʿyẹ̄́ni.	h08_l04	1	aγá	ağa	0	aγá	ağa	aga	Agha, title			unsplit	Current word-level token gloss; no confident internal split applied.	
Kauγé Ńeríb u Hʿyẹ̄́ni.	h08_l04	2	we̱ríšt,	werişt	0	we̱ríšt	werişt	werist	set out			unsplit	Current word-level token gloss; no confident internal split applied.	
Kauγé Ńeríb u Hʿyẹ̄́ni.	h08_l04	3	kaut	kawt	0	kaut	kawt	kaut	went			unsplit	Current word-level token gloss; no confident internal split applied.	
Kauγé Ńeríb u Hʿyẹ̄́ni.	h08_l04	4	e̱skéri	eskêri	0	e̱skéri	eskêri	eskeri	army			unsplit	Current word-level token gloss; no confident internal split applied.	
Kauγé Ńeríb u Hʿyẹ̄́ni.	h08_l04	5	χóe	xoê	0	χóe	xoê	xoe	own			unsplit	Current word-level token gloss; no confident internal split applied.	
Kauγé Ńeríb u Hʿyẹ̄́ni.	h08_l04	6	ver,	vêr	0	ver	vêr	ver	front			unsplit	Current word-level token gloss; no confident internal split applied.	
Kauγé Ńeríb u Hʿyẹ̄́ni.	h08_l04	7	ši	şi	0	ši	şi	si	went			unsplit	Current word-level token gloss; no confident internal split applied.	
Kauγé Ńeríb u Hʿyẹ̄́ni.	h08_l04	8	vedíai	vêdyay	0	vedíai	vêdyay	vediai	went into			unsplit	Current word-level token gloss; no confident internal split applied.	
Kauγé Ńeríb u Hʿyẹ̄́ni.	h08_l04	9	diāri	dyari	0	diāri	dyari	diari	territory			unsplit	Current word-level token gloss; no confident internal split applied.	
Kauγé Ńeríb u Hʿyẹ̄́ni.	h08_l04	10	Hʿyẹ̄́ni,	'Hyêni	0	Hʿyẹ̄́ni	'Hyêni	hyeni	Hyeni, place name			unsplit	Current word-level token gloss; no confident internal split applied.	
Kauγé Ńeríb u Hʿyẹ̄́ni.	h08_l05	0	aunái	awnay	0	aunái	awnay	aunai	saw			unsplit	Current word-level token gloss; no confident internal split applied.	
Kauγé Ńeríb u Hʿyẹ̄́ni.	h08_l05	1	ke	kê	0	ke	kê	ke	that			unsplit	Current word-level token gloss; no confident internal split applied.	
Kauγé Ńeríb u Hʿyẹ̄́ni.	h08_l05	2	e̱skéri	eskêri	0	e̱skéri	eskêri	eskeri	army			unsplit	Current word-level token gloss; no confident internal split applied.	
Kauγé Ńeríb u Hʿyẹ̄́ni.	h08_l05	3	Dáqma	Daqma	0	Dáqma	Daqma	daqma	Daqma, personal name			unsplit	Current word-level token gloss; no confident internal split applied.	
Kauγé Ńeríb u Hʿyẹ̄́ni.	h08_l05	4	bé̱gi	begi	0	bé̱gi	begi	begi	Beg, title			unsplit	Current word-level token gloss; no confident internal split applied.	
Kauγé Ńeríb u Hʿyẹ̄́ni.	h08_l05	5	pyéru	pyêrû	0	pyéru	pyêrû	pyeru	all			unsplit	Current word-level token gloss; no confident internal split applied.	
Kauγé Ńeríb u Hʿyẹ̄́ni.	h08_l05	6	tābure	tabûrê	0	tābure	tabûrê	tabure	cartridges			unsplit	Current word-level token gloss; no confident internal split applied.	
Kauγé Ńeríb u Hʿyẹ̄́ni.	h08_l05	7	bésta	bêsta	0	bésta	bêsta	besta	prepared			unsplit	Current word-level token gloss; no confident internal split applied.	
Kauγé Ńeríb u Hʿyẹ̄́ni.	h08_l05	8	pei	pêy	0	pei	pêy	pei	after			unsplit	Current word-level token gloss; no confident internal split applied.	
Kauγé Ńeríb u Hʿyẹ̄́ni.	h08_l05	9	rezānde.	rêzandê	0	rezān	rêzan	rezan	vineyards			high	Muller 1865, ZGP-0340 locative -de/-di.	
Kauγé Ńeríb u Hʿyẹ̄́ni.	h08_l05	9	rezānde.	rêzandê	1	de	dê	de	LOC	case	case=locative	high	Muller 1865, ZGP-0340 locative -de/-di.	
Kauγé Ńeríb u Hʿyẹ̄́ni.	h08_l06	0	E̱skéri	Eskêri	0	E̱skéri	Eskêri	eskeri	army			unsplit	Current word-level token gloss; no confident internal split applied.	
Kauγé Ńeríb u Hʿyẹ̄́ni.	h08_l06	1	Dáqma	Daqma	0	Dáqma	Daqma	daqma	Daqma, personal name			unsplit	Current word-level token gloss; no confident internal split applied.	
Kauγé Ńeríb u Hʿyẹ̄́ni.	h08_l06	2	bé̱gi	begi	0	bé̱gi	begi	begi	Beg, title			unsplit	Current word-level token gloss; no confident internal split applied.	
Kauγé Ńeríb u Hʿyẹ̄́ni.	h08_l06	3	tehér	têhêr	0	tehér	têhêr	teher	four			unsplit	Current word-level token gloss; no confident internal split applied.	
Kauγé Ńeríb u Hʿyẹ̄́ni.	h08_l06	4	henzāri,	hênzari	0	henzāri	hênzari	henzari	thousand			unsplit	Current word-level token gloss; no confident internal split applied.	
Kauγé Ńeríb u Hʿyẹ̄́ni.	h08_l06	5	e̱skéri	eskêri	0	e̱skéri	eskêri	eskeri	army			unsplit	Current word-level token gloss; no confident internal split applied.	
Kauγé Ńeríb u Hʿyẹ̄́ni.	h08_l06	6	Xalé̱f	Xalef	0	Xalé̱f	Xalef	xalef	Xalef, personal name			unsplit	Current word-level token gloss; no confident internal split applied.	
Kauγé Ńeríb u Hʿyẹ̄́ni.	h08_l06	7	aγái	ağay	0	aγái	ağay	agai	Agha, title			unsplit	Current word-level token gloss; no confident internal split applied.	
Kauγé Ńeríb u Hʿyẹ̄́ni.	h08_l06	8	di	di	0	di	di	di	two			unsplit	Current word-level token gloss; no confident internal split applied.	
Kauγé Ńeríb u Hʿyẹ̄́ni.	h08_l06	9	henzāri.	hênzari	0	henzāri	hênzari	henzari	thousand			unsplit	Current word-level token gloss; no confident internal split applied.	
Kauγé Ńeríb u Hʿyẹ̄́ni.	h08_l07	0	E̱skéri	Eskêri	0	E̱skéri	Eskêri	eskeri	army			unsplit	Current word-level token gloss; no confident internal split applied.	
Kauγé Ńeríb u Hʿyẹ̄́ni.	h08_l07	1	Xalé̱f	Xalef	0	Xalé̱f	Xalef	xalef	Xalef, personal name			unsplit	Current word-level token gloss; no confident internal split applied.	
Kauγé Ńeríb u Hʿyẹ̄́ni.	h08_l07	2	aγá	ağa	0	aγá	ağa	aga	Agha, title			unsplit	Current word-level token gloss; no confident internal split applied.	
Kauγé Ńeríb u Hʿyẹ̄́ni.	h08_l07	3	vā	va	0	vā	va	va	said			unsplit	Current word-level token gloss; no confident internal split applied.	
Kauγé Ńeríb u Hʿyẹ̄́ni.	h08_l07	4	ke	kê	0	ke	kê	ke	that			unsplit	Current word-level token gloss; no confident internal split applied.	
Kauγé Ńeríb u Hʿyẹ̄́ni.	h08_l07	5	Xalé̱f	Xalef	0	Xalé̱f	Xalef	xalef	Xalef, personal name			unsplit	Current word-level token gloss; no confident internal split applied.	
Kauγé Ńeríb u Hʿyẹ̄́ni.	h08_l07	6	aγáira:	ağayra	0	aγái	ağay	agai	Agha			high	Muller 1865, ZGP-0336; function chosen with project ra conventions.	
Kauγé Ńeríb u Hʿyẹ̄́ni.	h08_l07	6	aγáira:	ağayra	1	ra	ra	ra	GOAL/RECIP	postposition	relation=goal_or_recipient	high	Muller 1865, ZGP-0336; function chosen with project ra conventions.	
Kauγé Ńeríb u Hʿyẹ̄́ni.	h08_l07	7	e̱mán,	eman	0	e̱mán	eman	eman	mercy			unsplit	Current word-level token gloss; no confident internal split applied.	
Kauγé Ńeríb u Hʿyẹ̄́ni.	h08_l07	8	eféndim,	êfêndim	0	eféndim	êfêndim	efendim	my lord			unsplit	Current word-level token gloss; no confident internal split applied.	
Kauγé Ńeríb u Hʿyẹ̄́ni.	h08_l07	9	ízmi	izmi	0	ízmi	izmi	izmi	permission			unsplit	Current word-level token gloss; no confident internal split applied.	
Kauγé Ńeríb u Hʿyẹ̄́ni.	h08_l07	10	mā	ma	0	mā	ma	ma	we			unsplit	Current word-level token gloss; no confident internal split applied.	
Kauγé Ńeríb u Hʿyẹ̄́ni.	h08_l08	0	bi̥dé,	bıdê	0	bi̥	bi	bi-	CONJ/FUT	prefix	mood=conjunctive;tense=future	high	Muller 1865, ZGP-0361 conjunctive/future bi- prefix.	
Kauγé Ńeríb u Hʿyẹ̄́ni.	h08_l08	0	bi̥dé,	bıdê	1	dé	dê	de	give			high	Muller 1865, ZGP-0361 conjunctive/future bi- prefix.	
Kauγé Ńeríb u Hʿyẹ̄́ni.	h08_l08	1	mā	ma	0	mā	ma	ma	we			unsplit	Current word-level token gloss; no confident internal split applied.	
Kauγé Ńeríb u Hʿyẹ̄́ni.	h08_l08	2	šyéri	şyêri	0	šyéri	şyêri	syeri	go			unsplit	Current word-level token gloss; no confident internal split applied.	
Kauγé Ńeríb u Hʿyẹ̄́ni.	h08_l08	3	kauyé.	kawyê	0	kauyé	kawyê	kauye	fight			unsplit	Current word-level token gloss; no confident internal split applied.	
Kauγé Ńeríb u Hʿyẹ̄́ni.	h08_l08	4	Xalé̱f	Xalef	0	Xalé̱f	Xalef	xalef	Xalef, personal name			unsplit	Current word-level token gloss; no confident internal split applied.	
Kauγé Ńeríb u Hʿyẹ̄́ni.	h08_l08	5	aγá	ağa	0	aγá	ağa	aga	Agha, title			unsplit	Current word-level token gloss; no confident internal split applied.	
Kauγé Ńeríb u Hʿyẹ̄́ni.	h08_l08	6	vā	va	0	vā	va	va	said			unsplit	Current word-level token gloss; no confident internal split applied.	
Kauγé Ńeríb u Hʿyẹ̄́ni.	h08_l08	7	ke:	kê	0	ke	kê	ke	that			unsplit	Current word-level token gloss; no confident internal split applied.	
Kauγé Ńeríb u Hʿyẹ̄́ni.	h08_l08	8	erš!	êrş	0	erš	êrş	ers	sent			unsplit	Current word-level token gloss; no confident internal split applied.	
Kauγé Ńeríb u Hʿyẹ̄́ni.	h08_l08	9	beirakdār	bêyrakdar	0	beirakdār	bêyrakdar	beirakdar	standard-bearer			unsplit	Current word-level token gloss; no confident internal split applied.	
Kauγé Ńeríb u Hʿyẹ̄́ni.	h08_l08	10	kaut	kawt	0	kaut	kawt	kaut	went			unsplit	Current word-level token gloss; no confident internal split applied.	
Kauγé Ńeríb u Hʿyẹ̄́ni.	h08_l08	11	e̱skéri	eskêri	0	e̱skéri	eskêri	eskeri	army			unsplit	Current word-level token gloss; no confident internal split applied.	
Kauγé Ńeríb u Hʿyẹ̄́ni.	h08_l09	0	Dáqma	Daqma	0	Dáqma	Daqma	daqma	Daqma, personal name			unsplit	Current word-level token gloss; no confident internal split applied.	
Kauγé Ńeríb u Hʿyẹ̄́ni.	h08_l09	1	bé̱gi,	begi	0	bé̱gi	begi	begi	Beg, title			unsplit	Current word-level token gloss; no confident internal split applied.	
Kauγé Ńeríb u Hʿyẹ̄́ni.	h08_l09	2	kaúti	kawti	0	kaúti	kawti	kauti	went			unsplit	Current word-level token gloss; no confident internal split applied.	
Kauγé Ńeríb u Hʿyẹ̄́ni.	h08_l09	3	temyá,	têmya	0	temyá	têmya	temya	clash			unsplit	Current word-level token gloss; no confident internal split applied.	
Kauγé Ńeríb u Hʿyẹ̄́ni.	h08_l09	4	di	di	0	di	di	di	two			unsplit	Current word-level token gloss; no confident internal split applied.	
Kauγé Ńeríb u Hʿyẹ̄́ni.	h08_l09	5	sā’ati	saati	0	sā’ati	saati	saati	hours			unsplit	Current word-level token gloss; no confident internal split applied.	
Kauγé Ńeríb u Hʿyẹ̄́ni.	h08_l09	6	kauyé	kawyê	0	kauyé	kawyê	kauye	fight			unsplit	Current word-level token gloss; no confident internal split applied.	
Kauγé Ńeríb u Hʿyẹ̄́ni.	h08_l09	7	kerd,	kêrd	0	kerd	kêrd	kerd	did			unsplit	Current word-level token gloss; no confident internal split applied.	
Kauγé Ńeríb u Hʿyẹ̄́ni.	h08_l09	8	peinide	pêynidê	0	peini	pêyni	peini	end			high	Muller 1865, ZGP-0340 locative -de/-di.	
Kauγé Ńeríb u Hʿyẹ̄́ni.	h08_l09	8	peinide	pêynidê	1	de	dê	de	LOC/TEMP	case	case=locative_or_temporal	high	Muller 1865, ZGP-0340 locative -de/-di.	
Kauγé Ńeríb u Hʿyẹ̄́ni.	h08_l10	0	Dáqma	Daqma	0	Dáqma	Daqma	daqma	Daqma, personal name			unsplit	Current word-level token gloss; no confident internal split applied.	
Kauγé Ńeríb u Hʿyẹ̄́ni.	h08_l10	1	bé̱gi	begi	0	bé̱gi	begi	begi	Beg, title			unsplit	Current word-level token gloss; no confident internal split applied.	
Kauγé Ńeríb u Hʿyẹ̄́ni.	h08_l10	2	e̱mán	eman	0	e̱mán	eman	eman	mercy			unsplit	Current word-level token gloss; no confident internal split applied.	
Kauγé Ńeríb u Hʿyẹ̄́ni.	h08_l10	3	wašt,	waşt	0	wašt	waşt	wast	asked			unsplit	Current word-level token gloss; no confident internal split applied.	
Kauγé Ńeríb u Hʿyẹ̄́ni.	h08_l10	4	vā	va	0	vā	va	va	said			unsplit	Current word-level token gloss; no confident internal split applied.	
Kauγé Ńeríb u Hʿyẹ̄́ni.	h08_l10	5	ke	kê	0	ke	kê	ke	that			unsplit	Current word-level token gloss; no confident internal split applied.	
Kauγé Ńeríb u Hʿyẹ̄́ni.	h08_l10	6	Xalé̱f	Xalef	0	Xalé̱f	Xalef	xalef	Xalef, personal name			unsplit	Current word-level token gloss; no confident internal split applied.	
Kauγé Ńeríb u Hʿyẹ̄́ni.	h08_l10	7	aγáira:	ağayra	0	aγái	ağay	agai	Agha			high	Muller 1865, ZGP-0336; function chosen with project ra conventions.	
Kauγé Ńeríb u Hʿyẹ̄́ni.	h08_l10	7	aγáira:	ağayra	1	ra	ra	ra	GOAL/RECIP	postposition	relation=goal_or_recipient	high	Muller 1865, ZGP-0336; function chosen with project ra conventions.	
Kauγé Ńeríb u Hʿyẹ̄́ni.	h08_l10	8	e̱z	ez	0	e̱z	ez	ez	I			unsplit	Current word-level token gloss; no confident internal split applied.	
Kauγé Ńeríb u Hʿyẹ̄́ni.	h08_l10	9	ńešyén’a	nyêşyêna	0	ńe	ne	ne-	NEG	prefix	polarity=negative	high	Lerch corpus pattern plus modern Zazaki comparison: ne-/ńe- negative prefix.	
Kauγé Ńeríb u Hʿyẹ̄́ni.	h08_l10	9	ńešyén’a	nyêşyêna	1	šyén’a	şyêna	syena	be able			high	Lerch corpus pattern plus modern Zazaki comparison: ne-/ńe- negative prefix.	
Kauγé Ńeríb u Hʿyẹ̄́ni.	h08_l10	10	kauyé	kawyê	0	kauyé	kawyê	kauye	fight			unsplit	Current word-level token gloss; no confident internal split applied.	
Kauγé Ńeríb u Hʿyẹ̄́ni.	h08_l11	0	bi̥kā	bıka	0	bi̥	bi	bi-	CONJ/FUT	prefix	mood=conjunctive;tense=future	high	Muller 1865, ZGP-0361 conjunctive/future bi- prefix.	
Kauγé Ńeríb u Hʿyẹ̄́ni.	h08_l11	0	bi̥kā	bıka	1	kā	ka	ka	fight/do			high	Muller 1865, ZGP-0361 conjunctive/future bi- prefix.	
Kauγé Ńeríb u Hʿyẹ̄́ni.	h08_l11	1	túede.	twêdê	0	túede	twêdê	tuede	with you			unsplit	Current word-level token gloss; no confident internal split applied.	
Kauγé Ńeríb u Hʿyẹ̄́ni.	h08_l12	0	Xalé̱f	Xalef	0	Xalé̱f	Xalef	xalef	Xalef, personal name			unsplit	Current word-level token gloss; no confident internal split applied.	
Kauγé Ńeríb u Hʿyẹ̄́ni.	h08_l12	1	aγái	ağay	0	aγái	ağay	agai	Agha, title			unsplit	Current word-level token gloss; no confident internal split applied.	
Kauγé Ńeríb u Hʿyẹ̄́ni.	h08_l12	2	e̱skéri	eskêri	0	e̱skéri	eskêri	eskeri	army			unsplit	Current word-level token gloss; no confident internal split applied.	
Kauγé Ńeríb u Hʿyẹ̄́ni.	h08_l12	3	χóe	xoê	0	χóe	xoê	xoe	own			unsplit	Current word-level token gloss; no confident internal split applied.	
Kauγé Ńeríb u Hʿyẹ̄́ni.	h08_l12	4	kerānd,	kêrand	0	kerānd	kêrand	kerand	withdrew			unsplit	Current word-level token gloss; no confident internal split applied.	
Kauγé Ńeríb u Hʿyẹ̄́ni.	h08_l12	5	āmé	amê	0	āmé	amê	ame	came			unsplit	Current word-level token gloss; no confident internal split applied.	
Kauγé Ńeríb u Hʿyẹ̄́ni.	h08_l12	6	Ńeríbu,	Nyêribû	0	Ńeríbu	Nyêribû	neribu	to Nerib			unsplit	Current word-level token gloss; no confident internal split applied.	
Kauγé Ńeríb u Hʿyẹ̄́ni.	h08_l12	7	aunái	awnay	0	aunái	awnay	aunai	saw			unsplit	Current word-level token gloss; no confident internal split applied.	
Kauγé Ńeríb u Hʿyẹ̄́ni.	h08_l12	8	ke:	kê	0	ke	kê	ke	that			unsplit	Current word-level token gloss; no confident internal split applied.	
Kauγé Ńeríb u Hʿyẹ̄́ni.	h08_l12	9	e̱skéri	eskêri	0	e̱skéri	eskêri	eskeri	army			unsplit	Current word-level token gloss; no confident internal split applied.	
Kauγé Ńeríb u Hʿyẹ̄́ni.	h08_l13	0	χóede	xoêdê	0	χóe	xoê	xoe	own			high	Muller 1865, ZGP-0340 locative -de/-di.	
Kauγé Ńeríb u Hʿyẹ̄́ni.	h08_l13	0	χóede	xoêdê	1	de	dê	de	LOC/TEMP	case	case=locative_or_temporal	high	Muller 1865, ZGP-0340 locative -de/-di.	
Kauγé Ńeríb u Hʿyẹ̄́ni.	h08_l13	1	šeisti	şêysti	0	šeisti	şêysti	seisti	sixty			unsplit	Current word-level token gloss; no confident internal split applied.	
Kauγé Ńeríb u Hʿyẹ̄́ni.	h08_l13	2	ten	tên	0	ten	tên	ten	person			unsplit	Current word-level token gloss; no confident internal split applied.	
Kauγé Ńeríb u Hʿyẹ̄́ni.	h08_l13	3	t̮ínu,	çinû	0	t̮ínu	çinû	tinu	there is none			unsplit	Current word-level token gloss; no confident internal split applied.	
Kauγé Ńeríb u Hʿyẹ̄́ni.	h08_l13	4	habé̱r	haber	0	habé̱r	haber	haber	message			unsplit	Current word-level token gloss; no confident internal split applied.	
Kauγé Ńeríb u Hʿyẹ̄́ni.	h08_l13	5	e̱ršau’úte	erşawûtê	0	e̱ršau’úte	erşawûtê	ersauute	sent			unsplit	Current word-level token gloss; no confident internal split applied.	
Kauγé Ńeríb u Hʿyẹ̄́ni.	h08_l13	6	Dáqma	Daqma	0	Dáqma	Daqma	daqma	Daqma, personal name			unsplit	Current word-level token gloss; no confident internal split applied.	
Kauγé Ńeríb u Hʿyẹ̄́ni.	h08_l13	7	bé̱giri	begiri	0	bé̱gi	begi	begi	Beg			high	Muller 1865, ZGP-0337-ZGP-0339 ri/ru/-i object or goal material.	
Kauγé Ńeríb u Hʿyẹ̄́ni.	h08_l13	7	bé̱giri	begiri	1	ri	ri	ri	GOAL/RECIP	case/postposition	relation=goal_or_recipient	high	Muller 1865, ZGP-0337-ZGP-0339 ri/ru/-i object or goal material.	
Kauγé Ńeríb u Hʿyẹ̄́ni.	h08_l13	8	vā	va	0	vā	va	va	said			unsplit	Current word-level token gloss; no confident internal split applied.	
Kauγé Ńeríb u Hʿyẹ̄́ni.	h08_l13	9	ke:	kê	0	ke	kê	ke	that			unsplit	Current word-level token gloss; no confident internal split applied.	
Kauγé Ńeríb u Hʿyẹ̄́ni.	h08_l13	10	šeisti	şêysti	0	šeisti	şêysti	seisti	sixty			unsplit	Current word-level token gloss; no confident internal split applied.	
Kauγé Ńeríb u Hʿyẹ̄́ni.	h08_l14	0	ten	tên	0	ten	tên	ten	person			unsplit	Current word-level token gloss; no confident internal split applied.	
Kauγé Ńeríb u Hʿyẹ̄́ni.	h08_l14	1	e̱skéri	eskêri	0	e̱skéri	eskêri	eskeri	army			unsplit	Current word-level token gloss; no confident internal split applied.	
Kauγé Ńeríb u Hʿyẹ̄́ni.	h08_l14	2	méra	mêra	0	mé	mê	me	1SG.OBL			high	Muller 1865, ZGP-0336; function chosen with project ra conventions.	
Kauγé Ńeríb u Hʿyẹ̄́ni.	h08_l14	2	méra	mêra	1	ra	ra	ra	RECIP	postposition	relation=recipient	high	Muller 1865, ZGP-0336; function chosen with project ra conventions.	
Kauγé Ńeríb u Hʿyẹ̄́ni.	h08_l14	3	t̮ínu.	çinû	0	t̮ínu	çinû	tinu	there is none			unsplit	Current word-level token gloss; no confident internal split applied.	
Kauγé Ńeríb u Hʿyẹ̄́ni.	h08_l14	4	Dáqma	Daqma	0	Dáqma	Daqma	daqma	Daqma, personal name			unsplit	Current word-level token gloss; no confident internal split applied.	
Kauγé Ńeríb u Hʿyẹ̄́ni.	h08_l14	5	bé̱gi	begi	0	bé̱gi	begi	begi	Beg, title			unsplit	Current word-level token gloss; no confident internal split applied.	
Kauγé Ńeríb u Hʿyẹ̄́ni.	h08_l14	6	habé̱r	haber	0	habé̱r	haber	haber	message			unsplit	Current word-level token gloss; no confident internal split applied.	
Kauγé Ńeríb u Hʿyẹ̄́ni.	h08_l14	7	e̱ršau’úte	erşawûtê	0	e̱ršau’úte	erşawûtê	ersauute	sent			unsplit	Current word-level token gloss; no confident internal split applied.	
Kauγé Ńeríb u Hʿyẹ̄́ni.	h08_l14	8	Xalé̱f	Xalef	0	Xalé̱f	Xalef	xalef	Xalef, personal name			unsplit	Current word-level token gloss; no confident internal split applied.	
Kauγé Ńeríb u Hʿyẹ̄́ni.	h08_l14	9	aγáiri	ağayri	0	aγái	ağay	agai	Agha			high	Muller 1865, ZGP-0337-ZGP-0339 ri/ru/-i object or goal material.	
Kauγé Ńeríb u Hʿyẹ̄́ni.	h08_l14	9	aγáiri	ağayri	1	ri	ri	ri	GOAL/RECIP	case/postposition	relation=goal_or_recipient	high	Muller 1865, ZGP-0337-ZGP-0339 ri/ru/-i object or goal material.	
Kauγé Ńeríb u Hʿyẹ̄́ni.	h09_l01	0	vā	va	0	vā	va	va	said			unsplit	Current word-level token gloss; no confident internal split applied.	
Kauγé Ńeríb u Hʿyẹ̄́ni.	h09_l01	1	ke:	kê	0	ke	kê	ke	that			unsplit	Current word-level token gloss; no confident internal split applied.	
Kauγé Ńeríb u Hʿyẹ̄́ni.	h09_l01	2	e̱skéri	eskêri	0	e̱skéri	eskêri	eskeri	army			unsplit	Current word-level token gloss; no confident internal split applied.	
Kauγé Ńeríb u Hʿyẹ̄́ni.	h09_l01	3	túe	twê	0	túe	twê	tue	your			unsplit	Current word-level token gloss; no confident internal split applied.	
Kauγé Ńeríb u Hʿyẹ̄́ni.	h09_l01	4	šeisti	şêysti	0	šeisti	şêysti	seisti	sixty			unsplit	Current word-level token gloss; no confident internal split applied.	
Kauγé Ńeríb u Hʿyẹ̄́ni.	h09_l01	5	ten	tên	0	ten	tên	ten	person			unsplit	Current word-level token gloss; no confident internal split applied.	
Kauγé Ńeríb u Hʿyẹ̄́ni.	h09_l01	6	t̮ínu,	çinû	0	t̮ínu	çinû	tinu	there is none			unsplit	Current word-level token gloss; no confident internal split applied.	
Kauγé Ńeríb u Hʿyẹ̄́ni.	h09_l01	7	e̱skéri	eskêri	0	e̱skéri	eskêri	eskeri	army			unsplit	Current word-level token gloss; no confident internal split applied.	
Kauγé Ńeríb u Hʿyẹ̄́ni.	h09_l01	8	me	mê	0	me	mê	me	1SG			unsplit	Current word-level token gloss; no confident internal split applied.	
Kauγé Ńeríb u Hʿyẹ̄́ni.	h09_l01	9	sau	saw	0	sau	saw	sau	hundred			unsplit	Current word-level token gloss; no confident internal split applied.	
Kauγé Ńeríb u Hʿyẹ̄́ni.	h09_l01	10	heíšte	hêyştê	0	heíšte	hêyştê	heiste	eighty			unsplit	Current word-level token gloss; no confident internal split applied.	
Kauγé Ńeríb u Hʿyẹ̄́ni.	h09_l01	11	ten	tên	0	ten	tên	ten	person			unsplit	Current word-level token gloss; no confident internal split applied.	
Kauγé Ńeríb u Hʿyẹ̄́ni.	h09_l01	12	t̮ínu,	çinû	0	t̮ínu	çinû	tinu	there is none			unsplit	Current word-level token gloss; no confident internal split applied.	
Kauγé Ńeríb u Hʿyẹ̄́ni.	h09_l02	0	pyéru	pyêrû	0	pyéru	pyêrû	pyeru	all			unsplit	Current word-level token gloss; no confident internal split applied.	
Kauγé Ńeríb u Hʿyẹ̄́ni.	h09_l02	1	kišyái,	kişyay	0	kišyái	kişyay	kisyai	were killed			unsplit	Current word-level token gloss; no confident internal split applied.	
Kauγé Ńeríb u Hʿyẹ̄́ni.	h09_l02	2	bye	byê	0	bye	byê	bye	come			unsplit	Current word-level token gloss; no confident internal split applied.	
Kauγé Ńeríb u Hʿyẹ̄́ni.	h09_l02	3	meitāni	mêytani	0	meitāni	mêytani	meitani	dead bodies			unsplit	Current word-level token gloss; no confident internal split applied.	
Kauγé Ńeríb u Hʿyẹ̄́ni.	h09_l02	4	χóe	xoê	0	χóe	xoê	xoe	own			unsplit	Current word-level token gloss; no confident internal split applied.	
Kauγé Ńeríb u Hʿyẹ̄́ni.	h09_l02	5	bére,	bêrê	0	bére	bêrê	bere	bring, bring here			unsplit	Current word-level token gloss; no confident internal split applied.	
Kauγé Ńeríb u Hʿyẹ̄́ni.	h09_l02	6	meitāni	mêytani	0	meitāni	mêytani	meitani	dead bodies			unsplit	Current word-level token gloss; no confident internal split applied.	
Kauγé Ńeríb u Hʿyẹ̄́ni.	h09_l02	7	me	mê	0	me	mê	me	1SG			unsplit	Current word-level token gloss; no confident internal split applied.	
Kauγé Ńeríb u Hʿyẹ̄́ni.	h09_l02	8	wā́d̮ere	wacêrê	0	wā́d̮ere	wacêrê	wadere	bury			unsplit	Current word-level token gloss; no confident internal split applied.	
Kauγé Ńeríb u Hʿyẹ̄́ni.	h09_l02	9	t̮aúde	çawdê	0	t̮aúde	çawdê	taude	for			unsplit	Current word-level token gloss; no confident internal split applied.	
Kauγé Ńeríb u Hʿyẹ̄́ni.	h09_l03	0	me	mê	0	me	mê	me	1SG			unsplit	Current word-level token gloss; no confident internal split applied.	
Kauγé Ńeríb u Hʿyẹ̄́ni.	h09_l03	1	t̮ínu.	çinû	0	t̮ínu	çinû	tinu	there is none			unsplit	Current word-level token gloss; no confident internal split applied.	
Kauγé Ńeríb u Hʿyẹ̄́ni.	h09_l03	2	Xalé̱f	Xalef	0	Xalé̱f	Xalef	xalef	Xalef, personal name			unsplit	Current word-level token gloss; no confident internal split applied.	
Kauγé Ńeríb u Hʿyẹ̄́ni.	h09_l03	3	aγái	ağay	0	aγái	ağay	agai	Agha, title			unsplit	Current word-level token gloss; no confident internal split applied.	
Kauγé Ńeríb u Hʿyẹ̄́ni.	h09_l03	4	me̱rdṳ́m	merdûm	0	me̱rdṳ́m	merdûm	merdum	man			unsplit	Current word-level token gloss; no confident internal split applied.	
Kauγé Ńeríb u Hʿyẹ̄́ni.	h09_l03	5	e̱ršau’úti	erşawûti	0	e̱ršau’úti	erşawûti	ersauuti	sent			unsplit	Current word-level token gloss; no confident internal split applied.	
Kauγé Ńeríb u Hʿyẹ̄́ni.	h09_l03	6	vā	va	0	vā	va	va	said			unsplit	Current word-level token gloss; no confident internal split applied.	
Kauγé Ńeríb u Hʿyẹ̄́ni.	h09_l03	7	ke:	kê	0	ke	kê	ke	that			unsplit	Current word-level token gloss; no confident internal split applied.	
Kauγé Ńeríb u Hʿyẹ̄́ni.	h09_l03	8	šyéri	şyêri	0	šyéri	şyêri	syeri	go			unsplit	Current word-level token gloss; no confident internal split applied.	
Kauγé Ńeríb u Hʿyẹ̄́ni.	h09_l03	9	meitāni	mêytani	0	meitāni	mêytani	meitani	dead bodies			unsplit	Current word-level token gloss; no confident internal split applied.	
Kauγé Ńeríb u Hʿyẹ̄́ni.	h09_l03	10	mā	ma	0	mā	ma	ma	we			unsplit	Current word-level token gloss; no confident internal split applied.	
Kauγé Ńeríb u Hʿyẹ̄́ni.	h09_l04	0	biāri.	byari	0	bi	bi	bi-	CONJ/FUT	prefix	mood=conjunctive;tense=future	high	Muller 1865, ZGP-0361 conjunctive/future bi- prefix.	
Kauγé Ńeríb u Hʿyẹ̄́ni.	h09_l04	0	biāri.	byari	1	āri	ari	ari	bring			high	Muller 1865, ZGP-0361 conjunctive/future bi- prefix.	
Kauγé Ńeríb u Hʿyẹ̄́ni.	h09_l04	1	Me̱rdṳ́m	Merdûm	0	Me̱rdṳ́m	Merdûm	merdum	man			unsplit	Current word-level token gloss; no confident internal split applied.	
Kauγé Ńeríb u Hʿyẹ̄́ni.	h09_l04	2	ši,	şi	0	ši	şi	si	went			unsplit	Current word-level token gloss; no confident internal split applied.	
Kauγé Ńeríb u Hʿyẹ̄́ni.	h09_l04	3	meíti	mêyti	0	meíti	mêyti	meiti	dead bodies			unsplit	Current word-level token gloss; no confident internal split applied.	
Kauγé Ńeríb u Hʿyẹ̄́ni.	h09_l04	4	ā́rdi,	ardi	0	ā́rdi	ardi	ardi	brought			unsplit	Current word-level token gloss; no confident internal split applied.	
Kauγé Ńeríb u Hʿyẹ̄́ni.	h09_l04	5	rōníšt.	ronişt	0	rōníšt	ronişt	ronist	sat			unsplit	Current word-level token gloss; no confident internal split applied.	
Kauγé Ńeríb u Hʿyẹ̄́ni.	h09_l05	0	Dáqma	Daqma	0	Dáqma	Daqma	daqma	Daqma, personal name			unsplit	Current word-level token gloss; no confident internal split applied.	
Kauγé Ńeríb u Hʿyẹ̄́ni.	h09_l05	1	bé̱gi	begi	0	bé̱gi	begi	begi	Beg, title			unsplit	Current word-level token gloss; no confident internal split applied.	
Kauγé Ńeríb u Hʿyẹ̄́ni.	h09_l05	2	habé̱r	haber	0	habé̱r	haber	haber	message			unsplit	Current word-level token gloss; no confident internal split applied.	
Kauγé Ńeríb u Hʿyẹ̄́ni.	h09_l05	3	e̱ršau’úte	erşawûtê	0	e̱ršau’úte	erşawûtê	ersauute	sent			unsplit	Current word-level token gloss; no confident internal split applied.	
Kauγé Ńeríb u Hʿyẹ̄́ni.	h09_l05	4	aγā́ni	ağani	0	aγā́ni	ağani	agani	aghas			unsplit	Current word-level token gloss; no confident internal split applied.	
Kauγé Ńeríb u Hʿyẹ̄́ni.	h09_l05	5	Zí̥riki,	Zıriki	0	Zí̥riki	Zıriki	ziriki	Ziriki tribe			unsplit	Current word-level token gloss; no confident internal split applied.	
Kauγé Ńeríb u Hʿyẹ̄́ni.	h09_l05	6	vā	va	0	vā	va	va	said			unsplit	Current word-level token gloss; no confident internal split applied.	
Kauγé Ńeríb u Hʿyẹ̄́ni.	h09_l05	7	ke:	kê	0	ke	kê	ke	that			unsplit	Current word-level token gloss; no confident internal split applied.	
Kauγé Ńeríb u Hʿyẹ̄́ni.	h09_l05	8	byẹ̄́ri	byêri	0	byẹ̄́ri	byêri	byeri	come			unsplit	Current word-level token gloss; no confident internal split applied.	
Kauγé Ńeríb u Hʿyẹ̄́ni.	h09_l05	9	ménu	mênû	0	ménu	mênû	menu	for me			unsplit	Current word-level token gloss; no confident internal split applied.	
Kauγé Ńeríb u Hʿyẹ̄́ni.	h09_l06	0	Xalé̱f	Xalef	0	Xalé̱f	Xalef	xalef	Xalef, personal name			unsplit	Current word-level token gloss; no confident internal split applied.	
Kauγé Ńeríb u Hʿyẹ̄́ni.	h09_l06	1	aγái	ağay	0	aγái	ağay	agai	Agha, title			unsplit	Current word-level token gloss; no confident internal split applied.	
Kauγé Ńeríb u Hʿyẹ̄́ni.	h09_l06	2	dau	daw	0	dau	daw	dau	with			unsplit	Current word-level token gloss; no confident internal split applied.	
Kauγé Ńeríb u Hʿyẹ̄́ni.	h09_l06	3	pyéru	pyêrû	0	pyéru	pyêrû	pyeru	all			unsplit	Current word-level token gloss; no confident internal split applied.	
Kauγé Ńeríb u Hʿyẹ̄́ni.	h09_l06	4	byẹ̄́ri,	byêri	0	byẹ̄́ri	byêri	byeri	come			unsplit	Current word-level token gloss; no confident internal split applied.	
Kauγé Ńeríb u Hʿyẹ̄́ni.	h09_l06	5	mā	ma	0	mā	ma	ma	we			unsplit	Current word-level token gloss; no confident internal split applied.	
Kauγé Ńeríb u Hʿyẹ̄́ni.	h09_l06	6	pyā	pya	0	pyā	pya	pya	together			unsplit	Current word-level token gloss; no confident internal split applied.	
Kauγé Ńeríb u Hʿyẹ̄́ni.	h09_l06	7	wé̱ši	weşi	0	wé̱ši	weşi	wesi	reconciliation			unsplit	Current word-level token gloss; no confident internal split applied.	
Kauγé Ńeríb u Hʿyẹ̄́ni.	h09_l06	8	ki.	ki	0	ki	ki	ki	to do			unsplit	Current word-level token gloss; no confident internal split applied.	
Kauγé Ńeríb u Hʿyẹ̄́ni.	h09_l06	9	Aγái	Ağay	0	Aγái	Ağay	agai	Agha, title			unsplit	Current word-level token gloss; no confident internal split applied.	
Kauγé Ńeríb u Hʿyẹ̄́ni.	h09_l06	10	Zí̥riki	Zıriki	0	Zí̥riki	Zıriki	ziriki	Ziriki tribe			unsplit	Current word-level token gloss; no confident internal split applied.	
Kauγé Ńeríb u Hʿyẹ̄́ni.	h09_l06	11	weríšti,	wêrişti	0	weríšti	wêrişti	weristi	rose			unsplit	Current word-level token gloss; no confident internal split applied.	
Kauγé Ńeríb u Hʿyẹ̄́ni.	h09_l07	0	āmeí	amêy	0	āmeí	amêy	amei	came			unsplit	Current word-level token gloss; no confident internal split applied.	
Kauγé Ńeríb u Hʿyẹ̄́ni.	h09_l07	1	Hʿyẹ̄́ne,	'Hyênê	0	Hʿyẹ̄́ne	'Hyênê	hyene	Hyeni, place name			unsplit	Current word-level token gloss; no confident internal split applied.	
Kauγé Ńeríb u Hʿyẹ̄́ni.	h09_l07	2	Dáqma	Daqma	0	Dáqma	Daqma	daqma	Daqma, personal name			unsplit	Current word-level token gloss; no confident internal split applied.	
Kauγé Ńeríb u Hʿyẹ̄́ni.	h09_l07	3	be̱g	beg	0	be̱g	beg	beg	Beg, title			unsplit	Current word-level token gloss; no confident internal split applied.	
Kauγé Ńeríb u Hʿyẹ̄́ni.	h09_l07	4	geraúti,	gêrawti	0	geraúti	gêrawti	gerauti	took			unsplit	Current word-level token gloss; no confident internal split applied.	
Kauγé Ńeríb u Hʿyẹ̄́ni.	h09_l07	5	āmeí	amêy	0	āmeí	amêy	amei	came			unsplit	Current word-level token gloss; no confident internal split applied.	
Kauγé Ńeríb u Hʿyẹ̄́ni.	h09_l07	6	Ńeríb	Nyêrib	0	Ńeríb	Nyêrib	nerib	Nerib, place name			unsplit	Current word-level token gloss; no confident internal split applied.	
Kauγé Ńeríb u Hʿyẹ̄́ni.	h09_l07	7	kei	kêy	0	kei	kêy	kei	house			unsplit	Current word-level token gloss; no confident internal split applied.	
Kauγé Ńeríb u Hʿyẹ̄́ni.	h09_l07	8	Xalé̱f	Xalef	0	Xalé̱f	Xalef	xalef	Xalef, personal name			unsplit	Current word-level token gloss; no confident internal split applied.	
Kauγé Ńeríb u Hʿyẹ̄́ni.	h09_l07	9	aγái.	ağay	0	aγái	ağay	agai	Agha, title			unsplit	Current word-level token gloss; no confident internal split applied.	
Kauγé Ńeríb u Hʿyẹ̄́ni.	h09_l08	0	Dáqma	Daqma	0	Dáqma	Daqma	daqma	Daqma, personal name			unsplit	Current word-level token gloss; no confident internal split applied.	
Kauγé Ńeríb u Hʿyẹ̄́ni.	h09_l08	1	be̱g	beg	0	be̱g	beg	beg	Beg, title			unsplit	Current word-level token gloss; no confident internal split applied.	
Kauγé Ńeríb u Hʿyẹ̄́ni.	h09_l08	2	šẹ̄,	şê	0	šẹ̄	şê	se	went			unsplit	Current word-level token gloss; no confident internal split applied.	
Kauγé Ńeríb u Hʿyẹ̄́ni.	h09_l08	3	launā	lawna	0	launā	lawna	launa	kissed			unsplit	Current word-level token gloss; no confident internal split applied.	
Kauγé Ńeríb u Hʿyẹ̄́ni.	h09_l08	4	Xalé̱f	Xalef	0	Xalé̱f	Xalef	xalef	Xalef, personal name			unsplit	Current word-level token gloss; no confident internal split applied.	
Kauγé Ńeríb u Hʿyẹ̄́ni.	h09_l08	5	aγái	ağay	0	aγái	ağay	agai	Agha, title			unsplit	Current word-level token gloss; no confident internal split applied.	
Kauγé Ńeríb u Hʿyẹ̄́ni.	h09_l08	6	língeru,	lingêrû	0	língeru	lingêrû	lingeru	feet			unsplit	Current word-level token gloss; no confident internal split applied.	
Kauγé Ńeríb u Hʿyẹ̄́ni.	h09_l08	7	Xalé̱f	Xalef	0	Xalé̱f	Xalef	xalef	Xalef, personal name			unsplit	Current word-level token gloss; no confident internal split applied.	
Kauγé Ńeríb u Hʿyẹ̄́ni.	h09_l08	8	aγái	ağay	0	aγái	ağay	agai	Agha, title			unsplit	Current word-level token gloss; no confident internal split applied.	
Kauγé Ńeríb u Hʿyẹ̄́ni.	h09_l08	9	launā	lawna	0	launā	lawna	launa	kissed			unsplit	Current word-level token gloss; no confident internal split applied.	
Kauγé Ńeríb u Hʿyẹ̄́ni.	h09_l08	10	Dáqma	Daqma	0	Dáqma	Daqma	daqma	Daqma, personal name			unsplit	Current word-level token gloss; no confident internal split applied.	
Kauγé Ńeríb u Hʿyẹ̄́ni.	h09_l09	0	bé̱gi	begi	0	bé̱gi	begi	begi	Beg, title			unsplit	Current word-level token gloss; no confident internal split applied.	
Kauγé Ńeríb u Hʿyẹ̄́ni.	h09_l09	1	déstru.	dêstrû	0	déstru	dêstrû	destru	hand			unsplit	Current word-level token gloss; no confident internal split applied.	
Kauγé Ńeríb u Hʿyẹ̄́ni.	h09_l09	2	Xalé̱f	Xalef	0	Xalé̱f	Xalef	xalef	Xalef, personal name			unsplit	Current word-level token gloss; no confident internal split applied.	
Kauγé Ńeríb u Hʿyẹ̄́ni.	h09_l09	3	aγái	ağay	0	aγái	ağay	agai	Agha, title			unsplit	Current word-level token gloss; no confident internal split applied.	
Kauγé Ńeríb u Hʿyẹ̄́ni.	h09_l09	4	di	di	0	di	di	di	two			unsplit	Current word-level token gloss; no confident internal split applied.	
Kauγé Ńeríb u Hʿyẹ̄́ni.	h09_l09	5	sei	sêy	0	sei	sêy	sei	hundred			unsplit	Current word-level token gloss; no confident internal split applied.	
Kauγé Ńeríb u Hʿyẹ̄́ni.	h09_l09	6	myéšna	myêşna	0	myéšna	myêşna	myesna	sheep			unsplit	Current word-level token gloss; no confident internal split applied.	
Kauγé Ńeríb u Hʿyẹ̄́ni.	h09_l09	7	dai	day	0	dai	day	dai	gave			unsplit	Current word-level token gloss; no confident internal split applied.	
Kauγé Ńeríb u Hʿyẹ̄́ni.	h09_l09	8	Dáqma	Daqma	0	Dáqma	Daqma	daqma	Daqma, personal name			unsplit	Current word-level token gloss; no confident internal split applied.	
Kauγé Ńeríb u Hʿyẹ̄́ni.	h09_l09	9	bé̱giri.	begiri	0	bé̱gi	begi	begi	Beg			high	Muller 1865, ZGP-0337-ZGP-0339 ri/ru/-i object or goal material.	
Kauγé Ńeríb u Hʿyẹ̄́ni.	h09_l09	9	bé̱giri.	begiri	1	ri	ri	ri	GOAL/RECIP	case/postposition	relation=goal_or_recipient	high	Muller 1865, ZGP-0337-ZGP-0339 ri/ru/-i object or goal material.	
Kauγé Ńeríb u Hʿyẹ̄́ni.	h09_l09	10	Dáqma	Daqma	0	Dáqma	Daqma	daqma	Daqma, personal name			unsplit	Current word-level token gloss; no confident internal split applied.	
Kauγé Ńeríb u Hʿyẹ̄́ni.	h09_l10	0	be̱g	beg	0	be̱g	beg	beg	Beg, title			unsplit	Current word-level token gloss; no confident internal split applied.	
Kauγé Ńeríb u Hʿyẹ̄́ni.	h09_l10	1	yau	yaw	0	yau	yaw	yau	one			unsplit	Current word-level token gloss; no confident internal split applied.	
Kauγé Ńeríb u Hʿyẹ̄́ni.	h09_l10	2	rez	rêz	0	rez	rêz	rez	vineyard			unsplit	Current word-level token gloss; no confident internal split applied.	
Kauγé Ńeríb u Hʿyẹ̄́ni.	h09_l10	3	dā	da	0	dā	da	da	gave			unsplit	Current word-level token gloss; no confident internal split applied.	
Kauγé Ńeríb u Hʿyẹ̄́ni.	h09_l10	4	Xalé̱f	Xalef	0	Xalé̱f	Xalef	xalef	Xalef, personal name			unsplit	Current word-level token gloss; no confident internal split applied.	
Kauγé Ńeríb u Hʿyẹ̄́ni.	h09_l10	5	aγáira,	ağayra	0	aγái	ağay	agai	Agha			high	Muller 1865, ZGP-0336; function chosen with project ra conventions.	
Kauγé Ńeríb u Hʿyẹ̄́ni.	h09_l10	5	aγáira,	ağayra	1	ra	ra	ra	GOAL/RECIP	postposition	relation=goal_or_recipient	high	Muller 1865, ZGP-0336; function chosen with project ra conventions.	
Kauγé Ńeríb u Hʿyẹ̄́ni.	h09_l10	6	pyā	pya	0	pyā	pya	pya	together			unsplit	Current word-level token gloss; no confident internal split applied.	
Kauγé Ńeríb u Hʿyẹ̄́ni.	h09_l10	7	bi	bi	0	bi	bi	bi	to			unsplit	Current word-level token gloss; no confident internal split applied.	
Kauγé Ńeríb u Hʿyẹ̄́ni.	h09_l10	8	wé̱ši,	weşi	0	wé̱ši	weşi	wesi	reconciliation			unsplit	Current word-level token gloss; no confident internal split applied.	
Kauγé Ńeríb u Hʿyẹ̄́ni.	h09_l10	9	té̱rek	terêk	0	té̱rek	terêk	terek	feud			unsplit	Current word-level token gloss; no confident internal split applied.	
Kauγé Ńeríb u Hʿyẹ̄́ni.	h09_l10	10	nā.	na	0	nā	na	na	not			unsplit	Current word-level token gloss; no confident internal split applied.	
