story_id	segment_id	token_index	token_lerch	token_zazaki	morpheme_index	morpheme_surface_lerch	morpheme_normalized	lemma	gloss	pos	features	confidence	evidence	notes
Das Märchen von den drei Brüdern	tb01_l01	0	D̮aíkí	Cayki	0	D̮aíkí	Cayki	daiki	once upon a time			unsplit	Current word-level token gloss; no confident internal split applied.
Das Märchen von den drei Brüdern	tb01_l01	1	bī	bi	0	bī	bi	bi	was			unsplit	Current word-level token gloss; no confident internal split applied.
Das Märchen von den drei Brüdern	tb01_l01	2	t̮í	çi	0	t̮í	çi	ti	you			unsplit	Current word-level token gloss; no confident internal split applied.
Das Märchen von den drei Brüdern	tb01_l01	3	ńébī,	nyêbi	0	ńébī	nyêbi	nebi	was not			unsplit	Current word-level token gloss; no confident internal split applied.
Das Märchen von den drei Brüdern	tb01_l01	4	hī́rye	hiryê	0	hī́rye	hiryê	hirye	three			unsplit	Current word-level token gloss; no confident internal split applied.
Das Märchen von den drei Brüdern	tb01_l01	5	berá’i	bêrai	0	berá’i	bêrai	berai	brother			unsplit	Current word-level token gloss; no confident internal split applied.
Das Märchen von den drei Brüdern	tb01_l01	6	bī,	bi	0	bī	bi	bi	was			unsplit	Current word-level token gloss; no confident internal split applied.
Das Märchen von den drei Brüdern	tb01_l01	7	nameí	namêy	0	nameí	namêy	namei	name			unsplit	Current word-level token gloss; no confident internal split applied.
Das Märchen von den drei Brüdern	tb01_l01	8	beraí	bêray	0	beraí	bêray	berai	brother			unsplit	Current word-level token gloss; no confident internal split applied.
Das Märchen von den drei Brüdern	tb01_l01	9	ki̥d̮i	kıci	0	ki̥d̮i	kıci	kidi	small			unsplit	Current word-level token gloss; no confident internal split applied.
Das Märchen von den drei Brüdern	tb01_l01	10	Hʿasanék,	'Hasanêk	0	Hʿasanék	'Hasanêk	hasanek	Hasanek			unsplit	Current word-level token gloss; no confident internal split applied.
Das Märchen von den drei Brüdern	tb01_l02	0	nameí	namêy	0	nameí	namêy	namei	name			unsplit	Current word-level token gloss; no confident internal split applied.
Das Märchen von den drei Brüdern	tb01_l02	1	beraí	bêray	0	beraí	bêray	berai	brother			unsplit	Current word-level token gloss; no confident internal split applied.
Das Märchen von den drei Brüdern	tb01_l02	2	myańéni	myanyêni	0	myańéni	myanyêni	myaneni	middle			unsplit	Current word-level token gloss; no confident internal split applied.
Das Märchen von den drei Brüdern	tb01_l02	3	Qasím,	Qasim	0	Qasím	Qasim	qasim	Qasim			unsplit	Current word-level token gloss; no confident internal split applied.
Das Märchen von den drei Brüdern	tb01_l02	4	nameí	namêy	0	nameí	namêy	namei	name			unsplit	Current word-level token gloss; no confident internal split applied.
Das Märchen von den drei Brüdern	tb01_l02	5	beraí	bêray	0	beraí	bêray	berai	brother			unsplit	Current word-level token gloss; no confident internal split applied.
Das Märchen von den drei Brüdern	tb01_l02	6	pī́li	pili	0	pī́li	pili	pili	big			unsplit	Current word-level token gloss; no confident internal split applied.
Das Märchen von den drei Brüdern	tb01_l02	7	Šabán.	Şaban	0	Šabán	Şaban	saban	Saban			unsplit	Current word-level token gloss; no confident internal split applied.
Das Märchen von den drei Brüdern	tb01_l02	8	T̮í	Çi	0	T̮í	Çi	ti	thing			unsplit	Current word-level token gloss; no confident internal split applied.
Das Märchen von den drei Brüdern	tb01_l02	9	deyíne	dêyinê	0	deyíne	dêyinê	deyine	however			unsplit	Current word-level token gloss; no confident internal split applied.
Das Märchen von den drei Brüdern	tb01_l03	0	t̮í	çi	0	t̮í	çi	ti	thing			unsplit	Current word-level token gloss; no confident internal split applied.
Das Märchen von den drei Brüdern	tb01_l03	1	né̱be,	nebê	0	né̱	ne	ne-	NEG	prefix	polarity=negative	high	Lerch corpus pattern plus modern Zazaki comparison: ne-/ńe- negative prefix.
Das Märchen von den drei Brüdern	tb01_l03	1	né̱be,	nebê	1	be	bê	be	come/be			high	Lerch corpus pattern plus modern Zazaki comparison: ne-/ńe- negative prefix.
Das Märchen von den drei Brüdern	tb01_l03	2	hī́rye	hiryê	0	hī́rye	hiryê	hirye	three			unsplit	Current word-level token gloss; no confident internal split applied.
Das Märchen von den drei Brüdern	tb01_l03	3	vaíšturi	vayşturi	0	vaíšturi	vayşturi	vaisturi	sickles			unsplit	Current word-level token gloss; no confident internal split applied.
Das Märchen von den drei Brüdern	tb01_l03	4	χóe	xoê	0	χóe	xoê	xoe	own			unsplit	Current word-level token gloss; no confident internal split applied.
Das Märchen von den drei Brüdern	tb01_l03	5	bī.	bi	0	bī	bi	bi	was			unsplit	Current word-level token gloss; no confident internal split applied.
Das Märchen von den drei Brüdern	tb01_l03	6	Hʿasanék	'Hasanêk	0	Hʿasanék	'Hasanêk	hasanek	Hasanek			unsplit	Current word-level token gloss; no confident internal split applied.
Das Märchen von den drei Brüdern	tb01_l03	7	vā	va	0	vā	va	va	said			unsplit	Current word-level token gloss; no confident internal split applied.
Das Märchen von den drei Brüdern	tb01_l03	8	berár	bêrar	0	berár	bêrar	berar	brothers			unsplit	Current word-level token gloss; no confident internal split applied.
Das Märchen von den drei Brüdern	tb01_l03	9	yéni:	yêni	0	yéni	yêni	yeni	his			unsplit	Current word-level token gloss; no confident internal split applied.
Das Märchen von den drei Brüdern	tb01_l03	10	wárzi,	warzi	0	wárzi	warzi	warzi	get up			unsplit	Current word-level token gloss; no confident internal split applied.
Das Märchen von den drei Brüdern	tb01_l03	11	mā	ma	0	mā	ma	ma	we			unsplit	Current word-level token gloss; no confident internal split applied.
Das Märchen von den drei Brüdern	tb01_l04	0	ḗ̱n’oe	enoê	0	ḗ̱n’oe	enoê	enoe	this			unsplit	Current word-level token gloss; no confident internal split applied.
Das Märchen von den drei Brüdern	tb01_l04	1	melmekétra	mêlmêkêtra	0	melmekét	mêlmêkêt	melmeket	country			medium	Contextual ra split; function checked against project ra conventions.
Das Märchen von den drei Brüdern	tb01_l04	1	melmekétra	mêlmêkêtra	1	ra	ra	ra	ABL	postposition	case_or_relation=contextual	medium	Muller 1865, ZGP-0336; project glossing_conventions.tsv keeps ra contextual.
Das Märchen von den drei Brüdern	tb01_l04	2	ve̱d̮í,	veci	0	ve̱d̮í	veci	vedi	leave			unsplit	Current word-level token gloss; no confident internal split applied.
Das Märchen von den drei Brüdern	tb01_l04	3	mā	ma	0	mā	ma	ma	we			unsplit	Current word-level token gloss; no confident internal split applied.
Das Märchen von den drei Brüdern	tb01_l04	4	šyẹ̄́ri	şyêri	0	šyẹ̄́ri	şyêri	syeri	go			unsplit	Current word-level token gloss; no confident internal split applied.
Das Märchen von den drei Brüdern	tb01_l04	5	χóeri	xoêri	0	χóe	xoê	xoe	self/own			high	Muller 1865, ZGP-0337-ZGP-0339 ri/ru/-i object or goal material.
Das Märchen von den drei Brüdern	tb01_l04	5	χóeri	xoêri	1	ri	ri	ri	REFL/OBL	case/postposition	relation=reflexive_or_oblique	high	Muller 1865, ZGP-0337-ZGP-0339 ri/ru/-i object or goal material.
Das Märchen von den drei Brüdern	tb01_l04	6	yaū́na	yawna	0	yaū́na	yawna	yauna	another			unsplit	Current word-level token gloss; no confident internal split applied.
Das Märchen von den drei Brüdern	tb01_l04	7	aširét,	aşirêt	0	aširét	aşirêt	asiret	tribe			unsplit	Current word-level token gloss; no confident internal split applied.
Das Märchen von den drei Brüdern	tb01_l04	8	mā	ma	0	mā	ma	ma	we			unsplit	Current word-level token gloss; no confident internal split applied.
Das Märchen von den drei Brüdern	tb01_l04	9	χóeri,	xoêri	0	χóe	xoê	xoe	self/own			high	Muller 1865, ZGP-0337-ZGP-0339 ri/ru/-i object or goal material.
Das Märchen von den drei Brüdern	tb01_l04	9	χóeri,	xoêri	1	ri	ri	ri	REFL/OBL	case/postposition	relation=reflexive_or_oblique	high	Muller 1865, ZGP-0337-ZGP-0339 ri/ru/-i object or goal material.
Das Märchen von den drei Brüdern	tb01_l05	0	kār	kar	0	kār	kar	kar	work			unsplit	Current word-level token gloss; no confident internal split applied.
Das Märchen von den drei Brüdern	tb01_l05	1	bi̥kérí,	bıkêri	0	bi̥	bi	bi-	CONJ/FUT	prefix	mood=conjunctive;tense=future	high	Muller 1865, ZGP-0361 conjunctive/future bi- prefix.
Das Märchen von den drei Brüdern	tb01_l05	1	bi̥kérí,	bıkêri	1	kérí	kêri	keri	fight/do			high	Muller 1865, ZGP-0361 conjunctive/future bi- prefix.
Das Märchen von den drei Brüdern	tb01_l05	2	pei	pêy	0	pei	pêy	pei	then			unsplit	Current word-level token gloss; no confident internal split applied.
Das Märchen von den drei Brüdern	tb01_l05	3	dabā́rai	dabaray	0	dabā́rai	dabaray	dabarai	livelihood			unsplit	Current word-level token gloss; no confident internal split applied.
Das Märchen von den drei Brüdern	tb01_l05	4	ma	ma	0	ma	ma	ma	we			unsplit	Current word-level token gloss; no confident internal split applied.
Das Märchen von den drei Brüdern	tb01_l05	5	bo̤bú.	bobu	0	bo̤bú	bobu	bobu	will be			unsplit	Current word-level token gloss; no confident internal split applied.
Das Märchen von den drei Brüdern	tb01_l05	6	Ḗ̱n’ie	Enyê	0	Ḗ̱n’ie	Enyê	enie	these			unsplit	Current word-level token gloss; no confident internal split applied.
Das Märchen von den drei Brüdern	tb01_l05	7	hī́rye	hiryê	0	hī́rye	hiryê	hirye	three			unsplit	Current word-level token gloss; no confident internal split applied.
Das Märchen von den drei Brüdern	tb01_l05	8	hé̱me	hemê	0	hé̱me	hemê	heme	all			unsplit	Current word-level token gloss; no confident internal split applied.
Das Märchen von den drei Brüdern	tb01_l05	9	we̱rísti	weristi	0	we̱rísti	weristi	weristi	got up			unsplit	Current word-level token gloss; no confident internal split applied.
Das Märchen von den drei Brüdern	tb01_l05	10	ši,	şi	0	ši	şi	si	went			unsplit	Current word-level token gloss; no confident internal split applied.
Das Märchen von den drei Brüdern	tb01_l05	11	ve̱-	ve	0	ve̱	ve	ve	out			unsplit	Current word-level token gloss; no confident internal split applied.
Das Märchen von den drei Brüdern	tb01_l06	0	d̮iaí	cyay	0	d̮iaí	cyay	diai	went out			unsplit	Current word-level token gloss; no confident internal split applied.
Das Märchen von den drei Brüdern	tb01_l06	1	sé̱ri	seri	0	sé̱ri	seri	seri	on			unsplit	Current word-level token gloss; no confident internal split applied.
Das Märchen von den drei Brüdern	tb01_l06	2	yau	yaw	0	yau	yaw	yau	one			unsplit	Current word-level token gloss; no confident internal split applied.
Das Märchen von den drei Brüdern	tb01_l06	3	koi,	koy	0	koi	koy	koi	mountain			unsplit	Current word-level token gloss; no confident internal split applied.
Das Märchen von den drei Brüdern	tb01_l06	4	auńaí	awnyay	0	auńaí	awnyay	aunai	saw			unsplit	Current word-level token gloss; no confident internal split applied.
Das Märchen von den drei Brüdern	tb01_l06	5	yau	yaw	0	yau	yaw	yau	one			unsplit	Current word-level token gloss; no confident internal split applied.
Das Märchen von den drei Brüdern	tb01_l06	6	deíšte,	dêyştê	0	deíšte	dêyştê	deiste	field			unsplit	Current word-level token gloss; no confident internal split applied.
Das Märchen von den drei Brüdern	tb01_l06	7	asén’i	asêni	0	asén’i	asêni	aseni	appeared			unsplit	Current word-level token gloss; no confident internal split applied.
Das Märchen von den drei Brüdern	tb01_l06	8	pī́ru	piru	0	pī́ru	piru	piru	full			unsplit	Current word-level token gloss; no confident internal split applied.
Das Märchen von den drei Brüdern	tb01_l06	9	γaléa.	ğalêa	0	γaléa	ğalêa	galea				unsplit	Current word-level token gloss; no confident internal split applied.
Das Märchen von den drei Brüdern	tb01_l06	10	Hʿasanéki	'Hasanêki	0	Hʿasanéki	'Hasanêki	hasaneki	Hasanek			unsplit	Current word-level token gloss; no confident internal split applied.
Das Märchen von den drei Brüdern	tb01_l07	0	vā	va	0	vā	va	va	said			unsplit	Current word-level token gloss; no confident internal split applied.
Das Märchen von den drei Brüdern	tb01_l07	1	berār	bêrar	0	berār	bêrar	berar	brothers			unsplit	Current word-level token gloss; no confident internal split applied.
Das Märchen von den drei Brüdern	tb01_l07	2	yéni:	yêni	0	yéni	yêni	yeni	his			unsplit	Current word-level token gloss; no confident internal split applied.
Das Märchen von den drei Brüdern	tb01_l07	3	wārzi,	warzi	0	wārzi	warzi	warzi	get up			unsplit	Current word-level token gloss; no confident internal split applied.
Das Märchen von den drei Brüdern	tb01_l07	4	mā	ma	0	mā	ma	ma	we			unsplit	Current word-level token gloss; no confident internal split applied.
Das Märchen von den drei Brüdern	tb01_l07	5	šyéri	şyêri	0	šyéri	şyêri	syeri	go			unsplit	Current word-level token gloss; no confident internal split applied.
Das Märchen von den drei Brüdern	tb01_l07	6	yaleí	yalêy	0	yaleí	yalêy	yalei	wheat			unsplit	Current word-level token gloss; no confident internal split applied.
Das Märchen von den drei Brüdern	tb01_l07	7	én’a	êna	0	én’a	êna	ena	this			unsplit	Current word-level token gloss; no confident internal split applied.
Das Märchen von den drei Brüdern	tb01_l07	8	deíšte	dêyştê	0	deíšte	dêyştê	deiste	field			unsplit	Current word-level token gloss; no confident internal split applied.
Das Märchen von den drei Brüdern	tb01_l07	9	bitíni,	bitini	0	bitíni	bitini	bitini	cut			unsplit	Current word-level token gloss; no confident internal split applied.
Das Märchen von den drei Brüdern	tb01_l07	10	helbét	hêlbêt	0	helbét	hêlbêt	helbet	perhaps			unsplit	Current word-level token gloss; no confident internal split applied.
Das Märchen von den drei Brüdern	tb01_l08	0	wayéri	wayêri	0	wayéri	wayêri	wayeri	owner			unsplit	Current word-level token gloss; no confident internal split applied.
Das Märchen von den drei Brüdern	tb01_l08	1	én’ie	ênyê	0	én’ie	ênyê	enie	these			unsplit	Current word-level token gloss; no confident internal split applied.
Das Märchen von den drei Brüdern	tb01_l08	2	yalí	yali	0	yalí	yali	yali	wheat			unsplit	Current word-level token gloss; no confident internal split applied.
Das Märchen von den drei Brüdern	tb01_l08	3	éstu,	êstu	0	éstu	êstu	estu	there is			unsplit	Current word-level token gloss; no confident internal split applied.
Das Märchen von den drei Brüdern	tb01_l08	4	māri	mari	0	māri	mari	mari	to us			unsplit	Current word-level token gloss; no confident internal split applied.
Das Märchen von den drei Brüdern	tb01_l08	5	yau	yaw	0	yau	yaw	yau	one			unsplit	Current word-level token gloss; no confident internal split applied.
Das Märchen von den drei Brüdern	tb01_l08	6	haúle	hawlê	0	haúle	hawlê	haule	reward			unsplit	Current word-level token gloss; no confident internal split applied.
Das Märchen von den drei Brüdern	tb01_l08	7	bikeru.	bikêru	0	bikeru	bikêru	bikeru	do			unsplit	Current word-level token gloss; no confident internal split applied.
Das Märchen von den drei Brüdern	tb01_l08	8	Én’ie	Ênyê	0	Én’ie	Ênyê	enie	these			unsplit	Current word-level token gloss; no confident internal split applied.
Das Märchen von den drei Brüdern	tb01_l08	9	beraí	bêray	0	beraí	bêray	berai	brother			unsplit	Current word-level token gloss; no confident internal split applied.
Das Märchen von den drei Brüdern	tb01_l08	10	we-	wê	0	we	wê	we	up			unsplit	Current word-level token gloss; no confident internal split applied.
Das Märchen von den drei Brüdern	tb01_l09	0	rísti	risti	0	rísti	risti	risti	got up			unsplit	Current word-level token gloss; no confident internal split applied.
Das Märchen von den drei Brüdern	tb01_l09	1	ši̥,	şı	0	ši̥	şı	si	went			unsplit	Current word-level token gloss; no confident internal split applied.
Das Märchen von den drei Brüdern	tb01_l09	2	neyaí	nêyay	0	neyaí	nêyay	neyai	bent down			unsplit	Current word-level token gloss; no confident internal split applied.
Das Märchen von den drei Brüdern	tb01_l09	3	yaléa,	yalêa	0	yaléa	yalêa	yalea	wheat			unsplit	Current word-level token gloss; no confident internal split applied.
Das Märchen von den drei Brüdern	tb01_l09	4	yalé	yalê	0	yalé	yalê	yale	wheat			unsplit	Current word-level token gloss; no confident internal split applied.
Das Märchen von den drei Brüdern	tb01_l09	5	t̮í̥na	çına	0	t̮í̥na	çına	tina	cuts			unsplit	Current word-level token gloss; no confident internal split applied.
Das Märchen von den drei Brüdern	tb01_l09	6	di	di	0	di	di	di	saw			unsplit	Current word-level token gloss; no confident internal split applied.
Das Märchen von den drei Brüdern	tb01_l09	7	rṓd̮i.	roci	0	rṓd̮i	roci	rodi	days			unsplit	Current word-level token gloss; no confident internal split applied.
Das Märchen von den drei Brüdern	tb02_l01	0	Hʿasanék	'Hasanêk	0	Hʿasanék	'Hasanêk	hasanek	Hasanek			unsplit	Current word-level token gloss; no confident internal split applied.
Das Märchen von den drei Brüdern	tb02_l01	1	auná	awna	0	auná	awna	auna	saw			unsplit	Current word-level token gloss; no confident internal split applied.
Das Märchen von den drei Brüdern	tb02_l01	2	yau	yaw	0	yau	yaw	yau	one			unsplit	Current word-level token gloss; no confident internal split applied.
Das Märchen von den drei Brüdern	tb02_l01	3	dumá.	duma	0	dumá	duma	duma	behind			unsplit	Current word-level token gloss; no confident internal split applied.
Das Märchen von den drei Brüdern	tb02_l01	4	Au	Aw	0	Au	Aw	au	that			unsplit	Current word-level token gloss; no confident internal split applied.
Das Märchen von den drei Brüdern	tb02_l01	5	dumá	duma	0	dumá	duma	duma	behind			unsplit	Current word-level token gloss; no confident internal split applied.
Das Märchen von den drei Brüdern	tb02_l01	6	dau	daw	0	dau	daw	dau	dev			unsplit	Current word-level token gloss; no confident internal split applied.
Das Märchen von den drei Brüdern	tb02_l01	7	bū.	bu	0	bū	bu	bu	be			unsplit	Current word-level token gloss; no confident internal split applied.
Das Märchen von den drei Brüdern	tb02_l01	8	Ved̮aú	Vêcaw	0	Ved̮aú	Vêcaw	vedau	came out			unsplit	Current word-level token gloss; no confident internal split applied.
Das Märchen von den drei Brüdern	tb02_l01	9	aúdara,	awdara	0	aúdara	awdara	audara	out			unsplit	Current word-level token gloss; no confident internal split applied.
Das Märchen von den drei Brüdern	tb02_l02	0	veín	vêyn	0	veín	vêyn	vein	shout			unsplit	Current word-level token gloss; no confident internal split applied.
Das Märchen von den drei Brüdern	tb02_l02	1	dā,	da	0	dā	da	da	gave			unsplit	Current word-level token gloss; no confident internal split applied.
Das Märchen von den drei Brüdern	tb02_l02	2	vā	va	0	vā	va	va	said			unsplit	Current word-level token gloss; no confident internal split applied.
Das Märchen von den drei Brüdern	tb02_l02	3	ke:	kê	0	ke	kê	ke	that			unsplit	Current word-level token gloss; no confident internal split applied.
Das Märchen von den drei Brüdern	tb02_l02	4	šúma	şuma	0	šúma	şuma	suma	you.PL			unsplit	Current word-level token gloss; no confident internal split applied.
Das Märchen von den drei Brüdern	tb02_l02	5	qā́mi,	qami	0	qā́mi	qami	qami	who			unsplit	Current word-level token gloss; no confident internal split applied.
Das Märchen von den drei Brüdern	tb02_l02	6	šúma	şuma	0	šúma	şuma	suma	you.PL			unsplit	Current word-level token gloss; no confident internal split applied.
Das Märchen von den drei Brüdern	tb02_l02	7	qaúwi	qawi	0	qaúwi	qawi	qauwi	why			unsplit	Current word-level token gloss; no confident internal split applied.
Das Märchen von den drei Brüdern	tb02_l02	8	yalé	yalê	0	yalé	yalê	yale	wheat			unsplit	Current word-level token gloss; no confident internal split applied.
Das Märchen von den drei Brüdern	tb02_l02	9	me	mê	0	me	mê	me	my			unsplit	Current word-level token gloss; no confident internal split applied.
Das Märchen von den drei Brüdern	tb02_l02	10	t̮i̥nén’i,	çınêni	0	t̮i̥nén’i	çınêni	tineni	you cut			unsplit	Current word-level token gloss; no confident internal split applied.
Das Märchen von den drei Brüdern	tb02_l02	11	e̱z	ez	0	e̱z	ez	ez	I			unsplit	Current word-level token gloss; no confident internal split applied.
Das Märchen von den drei Brüdern	tb02_l02	12	ne-	nê	0	ne	nê	ne	now			unsplit	Current word-level token gloss; no confident internal split applied.
Das Märchen von den drei Brüdern	tb02_l03	0	kaí	kay	0	kaí	kay	kai	now			unsplit	Current word-level token gloss; no confident internal split applied.
Das Märchen von den drei Brüdern	tb02_l03	1	ameíya,	amêya	0	ameíya	amêya	ameiya	I have come			unsplit	Current word-level token gloss; no confident internal split applied.
Das Märchen von den drei Brüdern	tb02_l03	2	sé̱rei	serêy	0	sé̱rei	serêy	serei	head			unsplit	Current word-level token gloss; no confident internal split applied.
Das Märchen von den drei Brüdern	tb02_l03	3	šṳ́ma	şüma	0	šṳ́ma	şüma	suma	you.PL			unsplit	Current word-level token gloss; no confident internal split applied.
Das Märchen von den drei Brüdern	tb02_l03	4	hī́rye	hiryê	0	hī́rye	hiryê	hirye	three			unsplit	Current word-level token gloss; no confident internal split applied.
Das Märchen von den drei Brüdern	tb02_l03	5	hé̱mine	heminê	0	hé̱mine	heminê	hemine	all			unsplit	Current word-level token gloss; no confident internal split applied.
Das Märchen von den drei Brüdern	tb02_l03	6	wén’a.	wêna	0	w	w	wena	cut			low	Muller 1865, ZGP-0356 present -ena/-ana material.	Stem is short in this segmentation; keep under review.
Das Märchen von den drei Brüdern	tb02_l03	6	wén’a.	wêna	1	én’a	ena	-ena	PRS.1SG	suffix	tense_aspect=present;person=1;number=singular	medium	Muller 1865, ZGP-0356 present -ena/-ana material.
Das Märchen von den drei Brüdern	tb02_l03	7	Hʿasanéki	'Hasanêki	0	Hʿasanéki	'Hasanêki	hasaneki	Hasanek			unsplit	Current word-level token gloss; no confident internal split applied.
Das Märchen von den drei Brüdern	tb02_l03	8	vā	va	0	vā	va	va	said			unsplit	Current word-level token gloss; no confident internal split applied.
Das Märchen von den drei Brüdern	tb02_l03	9	berár	bêrar	0	berár	bêrar	berar	brothers			unsplit	Current word-level token gloss; no confident internal split applied.
Das Märchen von den drei Brüdern	tb02_l04	0	yéni:	yêni	0	yéni	yêni	yeni	his			unsplit	Current word-level token gloss; no confident internal split applied.
Das Märchen von den drei Brüdern	tb02_l04	1	mé̱tersi,	metêrsi	0	mé̱	me	me-	NEG.IMP	prefix	polarity=negative;mood=imperative	high	Muller 1865, ZGP-0362 negative imperative me- prefix.
Das Märchen von den drei Brüdern	tb02_l04	1	mé̱tersi,	metêrsi	1	tersi	têrsi	tersi	fear			high	Muller 1865, ZGP-0362 negative imperative me- prefix.
Das Märchen von den drei Brüdern	tb02_l04	2	awé̱	awe	0	awé̱	awe	awe	that			unsplit	Current word-level token gloss; no confident internal split applied.
Das Märchen von den drei Brüdern	tb02_l04	3	ke	kê	0	ke	kê	ke	that			unsplit	Current word-level token gloss; no confident internal split applied.
Das Märchen von den drei Brüdern	tb02_l04	4	é̱stu	estu	0	é̱stu	estu	estu	there is			unsplit	Current word-level token gloss; no confident internal split applied.
Das Märchen von den drei Brüdern	tb02_l04	5	awé̱	awe	0	awé̱	awe	awe	that			unsplit	Current word-level token gloss; no confident internal split applied.
Das Märchen von den drei Brüdern	tb02_l04	6	d́au,	dyaw	0	d́au	dyaw	dau	dev			unsplit	Current word-level token gloss; no confident internal split applied.
Das Märchen von den drei Brüdern	tb02_l04	7	yén’u	yênu	0	yén’u	yênu	yenu	comes			unsplit	Current word-level token gloss; no confident internal split applied.
Das Märchen von den drei Brüdern	tb02_l04	8	mā	ma	0	mā	ma	ma	we			unsplit	Current word-level token gloss; no confident internal split applied.
Das Märchen von den drei Brüdern	tb02_l04	9	h̔ēt,	'hêt	0	h̔ēt	'hêt	het	side			unsplit	Current word-level token gloss; no confident internal split applied.
Das Märchen von den drei Brüdern	tb02_l04	10	mā́ra	mara	0	mā́	ma	ma	us			medium	Contextual ra split; function checked against project ra conventions.
Das Märchen von den drei Brüdern	tb02_l04	10	mā́ra	mara	1	ra	ra	ra	RECIP	postposition	case_or_relation=contextual	medium	Muller 1865, ZGP-0336; project glossing_conventions.tsv keeps ra contextual.
Das Märchen von den drei Brüdern	tb02_l04	11	vā́nu:	vanu	0	vā́nu	vanu	vanu	says			unsplit	Current word-level token gloss; no confident internal split applied.
Das Märchen von den drei Brüdern	tb02_l05	0	šṳ́ma	şüma	0	šṳ́ma	şüma	suma	you.PL			unsplit	Current word-level token gloss; no confident internal split applied.
Das Märchen von den drei Brüdern	tb02_l05	1	qaúwi	qawi	0	qaúwi	qawi	qauwi	why			unsplit	Current word-level token gloss; no confident internal split applied.
Das Märchen von den drei Brüdern	tb02_l05	2	ḗ̱n’oe	enoê	0	ḗ̱n’oe	enoê	enoe	this			unsplit	Current word-level token gloss; no confident internal split applied.
Das Märchen von den drei Brüdern	tb02_l05	3	γalé	ğalê	0	γalé	ğalê	gale				unsplit	Current word-level token gloss; no confident internal split applied.
Das Märchen von den drei Brüdern	tb02_l05	4	me	mê	0	me	mê	me	my			unsplit	Current word-level token gloss; no confident internal split applied.
Das Märchen von den drei Brüdern	tb02_l05	5	t̮i̥nén’i,	çınêni	0	t̮i̥nén’i	çınêni	tineni	you cut			unsplit	Current word-level token gloss; no confident internal split applied.
Das Märchen von den drei Brüdern	tb02_l05	6	šṳ́ma	şüma	0	šṳ́ma	şüma	suma	you.PL			unsplit	Current word-level token gloss; no confident internal split applied.
Das Märchen von den drei Brüdern	tb02_l05	7	t̮au	çaw	0	t̮au	çaw	tau	no one			unsplit	Current word-level token gloss; no confident internal split applied.
Das Märchen von den drei Brüdern	tb02_l05	8	vḗ̱ngi	vengi	0	vḗ̱ngi	vengi	vengi	voice			unsplit	Current word-level token gloss; no confident internal split applied.
Das Märchen von den drei Brüdern	tb02_l05	9	χóe	xoê	0	χóe	xoê	xoe	own			unsplit	Current word-level token gloss; no confident internal split applied.
Das Märchen von den drei Brüdern	tb02_l05	10	mé̱kiri,	mekiri	0	mé̱kiri	mekiri	mekiri	do not make			unsplit	Current word-level token gloss; no confident internal split applied.
Das Märchen von den drei Brüdern	tb02_l06	0	e̱z	ez	0	e̱z	ez	ez	I			unsplit	Current word-level token gloss; no confident internal split applied.
Das Märchen von den drei Brüdern	tb02_l06	1	d̮e̱bā́be	cebabê	0	d̮e̱bā́be	cebabê	debabe	answer			unsplit	Current word-level token gloss; no confident internal split applied.
Das Märchen von den drei Brüdern	tb02_l06	2	d́é̱wi	dyewi	0	d́é̱wi	dyewi	dewi	of the dev			unsplit	Current word-level token gloss; no confident internal split applied.
Das Märchen von den drei Brüdern	tb02_l06	3	dā́na.	dana	0	dā́na	dana	dana	I give			unsplit	Current word-level token gloss; no confident internal split applied.
Das Märchen von den drei Brüdern	tb02_l06	4	Γalé	Ğalê	0	Γalé	Ğalê	gale				unsplit	Current word-level token gloss; no confident internal split applied.
Das Märchen von den drei Brüdern	tb02_l06	5	t̮ína,	çina	0	t̮ína	çina	tina	cuts			unsplit	Current word-level token gloss; no confident internal split applied.
Das Märchen von den drei Brüdern	tb02_l06	6	auńaí	awnyay	0	auńaí	awnyay	aunai	saw			unsplit	Current word-level token gloss; no confident internal split applied.
Das Märchen von den drei Brüdern	tb02_l06	7	ke	kê	0	ke	kê	ke	that			unsplit	Current word-level token gloss; no confident internal split applied.
Das Märchen von den drei Brüdern	tb02_l06	8	d́au	dyaw	0	d́au	dyaw	dau	dev			unsplit	Current word-level token gloss; no confident internal split applied.
Das Märchen von den drei Brüdern	tb02_l06	9	amé̱,	ame	0	amé̱	ame	ame	came			unsplit	Current word-level token gloss; no confident internal split applied.
Das Märchen von den drei Brüdern	tb02_l06	10	d́é̱wi	dyewi	0	d́é̱wi	dyewi	dewi	of the dev			unsplit	Current word-level token gloss; no confident internal split applied.
Das Märchen von den drei Brüdern	tb02_l06	11	vā:	va	0	vā	va	va	said			unsplit	Current word-level token gloss; no confident internal split applied.
Das Märchen von den drei Brüdern	tb02_l06	12	šṳ́-	şü	0	šṳ́	şü	su	shepherds-			unsplit	Current word-level token gloss; no confident internal split applied.
Das Märchen von den drei Brüdern	tb02_l07	0	ma	ma	0	ma	ma	ma	we			unsplit	Current word-level token gloss; no confident internal split applied.
Das Märchen von den drei Brüdern	tb02_l07	1	t̮í	çi	0	t̮í	çi	ti	what			unsplit	Current word-level token gloss; no confident internal split applied.
Das Märchen von den drei Brüdern	tb02_l07	2	t̮ikareí,	çikarêy	0	t̮ikareí	çikarêy	tikarei	what are you doing?			unsplit	Current word-level token gloss; no confident internal split applied.
Das Märchen von den drei Brüdern	tb02_l07	3	šúma	şuma	0	šúma	şuma	suma	you.PL			unsplit	Current word-level token gloss; no confident internal split applied.
Das Märchen von den drei Brüdern	tb02_l07	4	nameí	namêy	0	nameí	namêy	namei	name			unsplit	Current word-level token gloss; no confident internal split applied.
Das Märchen von den drei Brüdern	tb02_l07	5	me	mê	0	me	mê	me	my			unsplit	Current word-level token gloss; no confident internal split applied.
Das Märchen von den drei Brüdern	tb02_l07	6	nešna’útu,	nêşnautu	0	nešna’útu	nêşnautu	nesnautu	do not know			unsplit	Current word-level token gloss; no confident internal split applied.
Das Märchen von den drei Brüdern	tb02_l07	7	e̱z	ez	0	e̱z	ez	ez	I			unsplit	Current word-level token gloss; no confident internal split applied.
Das Märchen von den drei Brüdern	tb02_l07	8	ke	kê	0	ke	kê	ke	that			unsplit	Current word-level token gloss; no confident internal split applied.
Das Märchen von den drei Brüdern	tb02_l07	9	está	êsta	0	está	êsta	esta	there is			unsplit	Current word-level token gloss; no confident internal split applied.
Das Märchen von den drei Brüdern	tb02_l07	10	e̱z	ez	0	e̱z	ez	ez	I			unsplit	Current word-level token gloss; no confident internal split applied.
Das Märchen von den drei Brüdern	tb02_l07	11	dau,	daw	0	dau	daw	dau	dev			unsplit	Current word-level token gloss; no confident internal split applied.
Das Märchen von den drei Brüdern	tb02_l07	12	e̱z	ez	0	e̱z	ez	ez	I			unsplit	Current word-level token gloss; no confident internal split applied.
Das Märchen von den drei Brüdern	tb02_l08	0	nekaí	nêkay	0	nekaí	nêkay	nekai	now			unsplit	Current word-level token gloss; no confident internal split applied.
Das Märchen von den drei Brüdern	tb02_l08	1	sērei	sêrêy	0	sērei	sêrêy	serei	head			unsplit	Current word-level token gloss; no confident internal split applied.
Das Märchen von den drei Brüdern	tb02_l08	2	šṳ́ma	şüma	0	šṳ́ma	şüma	suma	you.PL			unsplit	Current word-level token gloss; no confident internal split applied.
Das Märchen von den drei Brüdern	tb02_l08	3	hírye	hiryê	0	hírye	hiryê	hirye	three			unsplit	Current word-level token gloss; no confident internal split applied.
Das Märchen von den drei Brüdern	tb02_l08	4	hé̱mine	heminê	0	hé̱mine	heminê	hemine	all			unsplit	Current word-level token gloss; no confident internal split applied.
Das Märchen von den drei Brüdern	tb02_l08	5	wén’a.	wêna	0	w	w	wena	cut			low	Muller 1865, ZGP-0356 present -ena/-ana material.	Stem is short in this segmentation; keep under review.
Das Märchen von den drei Brüdern	tb02_l08	5	wén’a.	wêna	1	én’a	ena	-ena	PRS.1SG	suffix	tense_aspect=present;person=1;number=singular	medium	Muller 1865, ZGP-0356 present -ena/-ana material.
Das Märchen von den drei Brüdern	tb02_l08	6	Hʿasanéki	'Hasanêki	0	Hʿasanéki	'Hasanêki	hasaneki	Hasanek			unsplit	Current word-level token gloss; no confident internal split applied.
Das Märchen von den drei Brüdern	tb02_l08	7	vā:	va	0	vā	va	va	said			unsplit	Current word-level token gloss; no confident internal split applied.
Das Märchen von den drei Brüdern	tb02_l08	8	efendím,	êfêndim	0	efendím	êfêndim	efendim	my lord			unsplit	Current word-level token gloss; no confident internal split applied.
Das Märchen von den drei Brüdern	tb02_l08	9	ī́zmí	izmi	0	ī́zmí	izmi	izmi	permission			unsplit	Current word-level token gloss; no confident internal split applied.
Das Märchen von den drei Brüdern	tb02_l09	0	me	mê	0	me	mê	me	my			unsplit	Current word-level token gloss; no confident internal split applied.
Das Märchen von den drei Brüdern	tb02_l09	1	bi̥dé,	bıdê	0	bi̥	bi	bi-	CONJ/FUT	prefix	mood=conjunctive;tense=future	high	Muller 1865, ZGP-0361 conjunctive/future bi- prefix.
Das Märchen von den drei Brüdern	tb02_l09	1	bi̥dé,	bıdê	1	dé	dê	de	give			high	Muller 1865, ZGP-0361 conjunctive/future bi- prefix.
Das Märchen von den drei Brüdern	tb02_l09	2	e̱z	ez	0	e̱z	ez	ez	I			unsplit	Current word-level token gloss; no confident internal split applied.
Das Märchen von den drei Brüdern	tb02_l09	3	tóeri	toêri	0	tóeri	toêri	toeri				unsplit	Current word-level token gloss; no confident internal split applied.
Das Märchen von den drei Brüdern	tb02_l09	4	yau	yaw	0	yau	yaw	yau	one			unsplit	Current word-level token gloss; no confident internal split applied.
Das Märchen von den drei Brüdern	tb02_l09	5	laqardī́	laqardi	0	laqardī́	laqardi	laqardi	word			unsplit	Current word-level token gloss; no confident internal split applied.
Das Märchen von den drei Brüdern	tb02_l09	6	vād̮a;	vaca	0	vād̮a	vaca	vada	to say			unsplit	Current word-level token gloss; no confident internal split applied.
Das Märchen von den drei Brüdern	tb02_l09	7	d́é̱wi	dyewi	0	d́é̱wi	dyewi	dewi	of the dev			unsplit	Current word-level token gloss; no confident internal split applied.
Das Märchen von den drei Brüdern	tb02_l09	8	vā:	va	0	vā	va	va	said			unsplit	Current word-level token gloss; no confident internal split applied.
Das Märchen von den drei Brüdern	tb02_l09	9	lā́d̮i	laci	0	lā́d̮	lac	lad	son			high	Muller 1865, ZGP-0335 genitive/izafet vowels; split kept contextual.
Das Märchen von den drei Brüdern	tb02_l09	9	lā́d̮i	laci	1	i	i	-i	EZ/GEN	linker	relation=genitive/ezafe	medium	Muller 1865, ZGP-0335 genitive/izafet vowels; split kept contextual.
Das Märchen von den drei Brüdern	tb02_l09	10	me	mê	0	me	mê	me	my			unsplit	Current word-level token gloss; no confident internal split applied.
Das Märchen von den drei Brüdern	tb02_l09	11	devā́d̮i.	dêvaci	0	devā́d̮i	dêvaci	devadi	speak			unsplit	Current word-level token gloss; no confident internal split applied.
Das Märchen von den drei Brüdern	tb02_l10	0	H̔asanéki	'Hasanêki	0	H̔asanéki	'Hasanêki	hasaneki	Hasanek			unsplit	Current word-level token gloss; no confident internal split applied.
Das Märchen von den drei Brüdern	tb02_l10	1	vā:	va	0	vā	va	va	said			unsplit	Current word-level token gloss; no confident internal split applied.
Das Märchen von den drei Brüdern	tb02_l10	2	mā	ma	0	mā	ma	ma	we			unsplit	Current word-level token gloss; no confident internal split applied.
Das Märchen von den drei Brüdern	tb02_l10	3	hī́rye	hiryê	0	hī́rye	hiryê	hirye	three			unsplit	Current word-level token gloss; no confident internal split applied.
Das Märchen von den drei Brüdern	tb02_l10	4	hé̱mine	heminê	0	hé̱mine	heminê	hemine	all			unsplit	Current word-level token gloss; no confident internal split applied.
Das Märchen von den drei Brüdern	tb02_l10	5	berā́’i	bêrai	0	berā́’i	bêrai	berai	brother			unsplit	Current word-level token gloss; no confident internal split applied.
Das Märchen von den drei Brüdern	tb02_l10	6	d̮ieí,	cyêy	0	d̮ieí	cyêy	diei	together			unsplit	Current word-level token gloss; no confident internal split applied.
Das Märchen von den drei Brüdern	tb02_l10	7	ma	ma	0	ma	ma	ma	we			unsplit	Current word-level token gloss; no confident internal split applied.
Das Märchen von den drei Brüdern	tb02_l10	8	āmeí,	amêy	0	āmeí	amêy	amei	came			unsplit	Current word-level token gloss; no confident internal split applied.
Das Märchen von den drei Brüdern	tb02_l10	9	ḗ̱n’oe	enoê	0	ḗ̱n’oe	enoê	enoe	this			unsplit	Current word-level token gloss; no confident internal split applied.
Das Märchen von den drei Brüdern	tb02_l10	10	γaleí	ğalêy	0	γaleí	ğalêy	galei				unsplit	Current word-level token gloss; no confident internal split applied.
Das Märchen von den drei Brüdern	tb02_l11	0	mā	ma	0	mā	ma	ma	we			unsplit	Current word-level token gloss; no confident internal split applied.
Das Märchen von den drei Brüdern	tb02_l11	1	e̱tía	etya	0	e̱tía	etya	etia	here			unsplit	Current word-level token gloss; no confident internal split applied.
Das Märchen von den drei Brüdern	tb02_l11	2	dī,	di	0	dī	di	di	saw			unsplit	Current word-level token gloss; no confident internal split applied.
Das Märchen von den drei Brüdern	tb02_l11	3	mā	ma	0	mā	ma	ma	we			unsplit	Current word-level token gloss; no confident internal split applied.
Das Märchen von den drei Brüdern	tb02_l11	4	neyaí	nêyay	0	neyaí	nêyay	neyai	bent down			unsplit	Current word-level token gloss; no confident internal split applied.
Das Märchen von den drei Brüdern	tb02_l11	5	pa	pa	0	pa	pa	pa	to			unsplit	Current word-level token gloss; no confident internal split applied.
Das Märchen von den drei Brüdern	tb02_l11	6	t̮ína,	çina	0	t̮ína	çina	tina	cuts			unsplit	Current word-level token gloss; no confident internal split applied.
Das Märchen von den drei Brüdern	tb02_l11	7	vā:	va	0	vā	va	va	said			unsplit	Current word-level token gloss; no confident internal split applied.
Das Märchen von den drei Brüdern	tb02_l11	8	helbét	hêlbêt	0	helbét	hêlbêt	helbet	perhaps			unsplit	Current word-level token gloss; no confident internal split applied.
Das Märchen von den drei Brüdern	tb02_l11	9	wáyeri	wayêri	0	wáyeri	wayêri	wayeri	owner			unsplit	Current word-level token gloss; no confident internal split applied.
Das Märchen von den drei Brüdern	tb02_l11	10	ḗ̱n’ie	enyê	0	ḗ̱n’ie	enyê	enie	these			unsplit	Current word-level token gloss; no confident internal split applied.
Das Märchen von den drei Brüdern	tb02_l11	11	γalí	ğali	0	γalí	ğali	gali				unsplit	Current word-level token gloss; no confident internal split applied.
Das Märchen von den drei Brüdern	tb02_l11	12	é̱stu,	estu	0	é̱stu	estu	estu	there is			unsplit	Current word-level token gloss; no confident internal split applied.
Das Märchen von den drei Brüdern	tb02_l12	0	helbét	hêlbêt	0	helbét	hêlbêt	helbet	perhaps			unsplit	Current word-level token gloss; no confident internal split applied.
Das Märchen von den drei Brüdern	tb02_l12	1	mā́ri	mari	0	mā́ri	mari	mari	to us			unsplit	Current word-level token gloss; no confident internal split applied.
Das Märchen von den drei Brüdern	tb02_l12	2	yau	yaw	0	yau	yaw	yau	one			unsplit	Current word-level token gloss; no confident internal split applied.
Das Märchen von den drei Brüdern	tb02_l12	3	h̔aúle	'hawlê	0	h̔aúle	'hawlê	haule	reward			unsplit	Current word-level token gloss; no confident internal split applied.
Das Märchen von den drei Brüdern	tb02_l12	4	ḱén’u.	kênu	0	ḱén’u	kênu	kenu	does			unsplit	Current word-level token gloss; no confident internal split applied.
Das Märchen von den drei Brüdern	tb02_l12	5	Dé̱wi	Dewi	0	Dé̱wi	Dewi	dewi	of the dev			unsplit	Current word-level token gloss; no confident internal split applied.
Das Märchen von den drei Brüdern	tb02_l12	6	va	va	0	va	va	va	said			unsplit	Current word-level token gloss; no confident internal split applied.
Das Märchen von den drei Brüdern	tb02_l12	7	H̔asanékira:	'Hasanêkira	0	H̔asanéki	'Hasanêki	hasaneki	Hasanek			medium	Contextual ra split; function checked against project ra conventions.
Das Märchen von den drei Brüdern	tb02_l12	7	H̔asanékira:	'Hasanêkira	1	ra	ra	ra	RECIP	postposition	case_or_relation=contextual	medium	Muller 1865, ZGP-0336; project glossing_conventions.tsv keeps ra contextual.
Das Märchen von den drei Brüdern	tb02_l12	8	lād̮i	laci	0	lā́d̮	lac	lad	son			high	Muller 1865, ZGP-0335 genitive/izafet vowels; split kept contextual.
Das Märchen von den drei Brüdern	tb02_l12	8	lād̮i	laci	1	i	i	-i	EZ/GEN	linker	relation=genitive/ezafe	medium	Muller 1865, ZGP-0335 genitive/izafet vowels; split kept contextual.
Das Märchen von den drei Brüdern	tb02_l12	9	me,	mê	0	me	mê	me	my			unsplit	Current word-level token gloss; no confident internal split applied.
Das Märchen von den drei Brüdern	tb02_l12	10	ā́fe-	afê	0	ā́fe	afê	afe	well done			unsplit	Current word-level token gloss; no confident internal split applied.
Das Märchen von den drei Brüdern	tb02_l13	0	rem,	rêm	0	rem	rêm	rem	well done			unsplit	Current word-level token gloss; no confident internal split applied.
Das Märchen von den drei Brüdern	tb02_l13	1	bi̥t̮íne.	bıçinê	0	bi̥t̮íne	bıçinê	bitine	cut			unsplit	Current word-level token gloss; no confident internal split applied.
Das Märchen von den drei Brüdern	tb02_l13	2	D́au	Dyaw	0	D́au	Dyaw	dau	dev			unsplit	Current word-level token gloss; no confident internal split applied.
Das Märchen von den drei Brüdern	tb02_l13	3	vi̥né̱rt	vınert	0	vi̥né̱rt	vınert	vinert	approached			unsplit	Current word-level token gloss; no confident internal split applied.
Das Märchen von den drei Brüdern	tb02_l13	4	H̔asanéki	'Hasanêki	0	H̔asanéki	'Hasanêki	hasaneki	Hasanek			unsplit	Current word-level token gloss; no confident internal split applied.
Das Märchen von den drei Brüdern	tb02_l13	5	h̔e̱t,	'het	0	h̔e̱t	'het	het	side			unsplit	Current word-level token gloss; no confident internal split applied.
Das Märchen von den drei Brüdern	tb02_l13	6	H̔asanékira	'Hasanêkira	0	H̔asanéki	'Hasanêki	hasaneki	Hasanek			medium	Contextual ra split; function checked against project ra conventions.
Das Märchen von den drei Brüdern	tb02_l13	6	H̔asanékira	'Hasanêkira	1	ra	ra	ra	RECIP	postposition	case_or_relation=contextual	medium	Muller 1865, ZGP-0336; project glossing_conventions.tsv keeps ra contextual.
Das Märchen von den drei Brüdern	tb02_l13	7	vā:	va	0	vā	va	va	said			unsplit	Current word-level token gloss; no confident internal split applied.
Das Märchen von den drei Brüdern	tb02_l13	8	lā́d̮i	laci	0	lā́d̮	lac	lad	son			high	Muller 1865, ZGP-0335 genitive/izafet vowels; split kept contextual.
Das Märchen von den drei Brüdern	tb02_l13	8	lā́d̮i	laci	1	i	i	-i	EZ/GEN	linker	relation=genitive/ezafe	medium	Muller 1865, ZGP-0335 genitive/izafet vowels; split kept contextual.
Das Märchen von den drei Brüdern	tb02_l13	9	me,	mê	0	me	mê	me	my			unsplit	Current word-level token gloss; no confident internal split applied.
Das Märchen von den drei Brüdern	tb02_l14	0	te	tê	0	te	tê	te	you			unsplit	Current word-level token gloss; no confident internal split applied.
Das Märchen von den drei Brüdern	tb02_l14	1	vaísturai	vaysturay	0	vaísturai	vaysturay	vaisturai	sickle			unsplit	Current word-level token gloss; no confident internal split applied.
Das Märchen von den drei Brüdern	tb02_l14	2	χóe	xoê	0	χóe	xoê	xoe	own			unsplit	Current word-level token gloss; no confident internal split applied.
Das Märchen von den drei Brüdern	tb02_l14	3	bí̥de	bıdê	0	bí̥	bi	bi-	CONJ/FUT	prefix	mood=conjunctive;tense=future	high	Muller 1865, ZGP-0361 conjunctive/future bi- prefix.
Das Märchen von den drei Brüdern	tb02_l14	3	bí̥de	bıdê	1	de	dê	de	give			high	Muller 1865, ZGP-0361 conjunctive/future bi- prefix.
Das Märchen von den drei Brüdern	tb02_l14	4	me,	mê	0	me	mê	me	my			unsplit	Current word-level token gloss; no confident internal split applied.
Das Märchen von den drei Brüdern	tb02_l14	5	e̱z	ez	0	e̱z	ez	ez	I			unsplit	Current word-level token gloss; no confident internal split applied.
Das Märchen von den drei Brüdern	tb02_l14	6	hḗlye	hêlyê	0	hḗlye	hêlyê	helye	a little			unsplit	Current word-level token gloss; no confident internal split applied.
Das Märchen von den drei Brüdern	tb02_l14	7	γalé	ğalê	0	γalé	ğalê	gale				unsplit	Current word-level token gloss; no confident internal split applied.
Das Märchen von den drei Brüdern	tb02_l14	8	t̮i̥nén’a,	çınêna	0	t̮i̥nén’a	çınêna	tinena	I cut			unsplit	Current word-level token gloss; no confident internal split applied.
Das Märchen von den drei Brüdern	tb02_l14	9	te	tê	0	te	tê	te	you			unsplit	Current word-level token gloss; no confident internal split applied.
Das Märchen von den drei Brüdern	tb02_l14	10	gā́mye	gamyê	0	gā́mye	gamyê	gamye	one			unsplit	Current word-level token gloss; no confident internal split applied.
Das Märchen von den drei Brüdern	tb02_l14	11	rṓše,	roşê	0	rṓše	roşê	rose	sit			unsplit	Current word-level token gloss; no confident internal split applied.
Das Märchen von den drei Brüdern	tb02_l15	0	asā́ṅ	asang	0	asā́ṅ	asang	asan	rest			unsplit	Current word-level token gloss; no confident internal split applied.
Das Märchen von den drei Brüdern	tb02_l15	1	bẹ̄.	bê	0	bẹ̄	bê	be	be			unsplit	Current word-level token gloss; no confident internal split applied.
Das Märchen von den drei Brüdern	tb02_l16	0	Dēwi	Dêwi	0	Dēwi	Dêwi	dewi	of the dev			unsplit	Current word-level token gloss; no confident internal split applied.
Das Märchen von den drei Brüdern	tb02_l16	1	t̮í̥na,	çına	0	t̮í̥na	çına	tina	cuts			unsplit	Current word-level token gloss; no confident internal split applied.
Das Märchen von den drei Brüdern	tb02_l16	2	Qasím	Qasim	0	Qasím	Qasim	qasim	Qasim			unsplit	Current word-level token gloss; no confident internal split applied.
Das Märchen von den drei Brüdern	tb02_l16	3	u	û	0	u	û	u	and			unsplit	Current word-level token gloss; no confident internal split applied.
Das Märchen von den drei Brüdern	tb02_l16	4	Šabán,	Şaban	0	Šabán	Şaban	saban	Saban			unsplit	Current word-level token gloss; no confident internal split applied.
Das Märchen von den drei Brüdern	tb02_l16	5	hírye	hiryê	0	hírye	hiryê	hirye	three			unsplit	Current word-level token gloss; no confident internal split applied.
Das Märchen von den drei Brüdern	tb02_l16	6	hé̱mine	heminê	0	hé̱mine	heminê	hemine	all			unsplit	Current word-level token gloss; no confident internal split applied.
Das Märchen von den drei Brüdern	tb02_l16	7	yalé	yalê	0	yalé	yalê	yale	wheat			unsplit	Current word-level token gloss; no confident internal split applied.
Das Märchen von den drei Brüdern	tb02_l16	8	t̮í̥na	çına	0	t̮í̥na	çına	tina	cuts			unsplit	Current word-level token gloss; no confident internal split applied.
Das Märchen von den drei Brüdern	tb02_l16	9	h̔ēte	'hêtê	0	h̔ēte	'hêtê	hete	with			unsplit	Current word-level token gloss; no confident internal split applied.
Das Märchen von den drei Brüdern	tb02_l16	10	ne-	nê	0	ne	nê	ne	now			unsplit	Current word-level token gloss; no confident internal split applied.
Das Märchen von den drei Brüdern	tb03_l01	0	mā́d̮i	maci	0	mā́d̮i	maci	madi				unsplit	Current word-level token gloss; no confident internal split applied.
Das Märchen von den drei Brüdern	tb03_l01	1	yẹ̄́rí.	yêri	0	yẹ̄́rí	yêri	yeri	evening			unsplit	Current word-level token gloss; no confident internal split applied.
Das Märchen von den drei Brüdern	tb03_l01	2	D́au	Dyaw	0	D́au	Dyaw	dau	dev			unsplit	Current word-level token gloss; no confident internal split applied.
Das Märchen von den drei Brüdern	tb03_l01	3	we̱ríšt,	werişt	0	we̱ríšt	werişt	werist	got up			unsplit	Current word-level token gloss; no confident internal split applied.
Das Märchen von den drei Brüdern	tb03_l01	4	yau	yaw	0	yau	yaw	yau	one			unsplit	Current word-level token gloss; no confident internal split applied.
Das Märchen von den drei Brüdern	tb03_l01	5	kaγít	kağit	0	kaγít	kağit	kagit				unsplit	Current word-level token gloss; no confident internal split applied.
Das Märchen von den drei Brüdern	tb03_l01	6	no̤št,	noşt	0	no̤št	noşt	nost	wrote			unsplit	Current word-level token gloss; no confident internal split applied.
Das Märchen von den drei Brüdern	tb03_l01	7	dā	da	0	dā	da	da	gave			unsplit	Current word-level token gloss; no confident internal split applied.
Das Märchen von den drei Brüdern	tb03_l01	8	H̔asanékira,	'Hasanêkira	0	H̔asanéki	'Hasanêki	hasaneki	Hasanek			medium	Contextual ra split; function checked against project ra conventions.
Das Märchen von den drei Brüdern	tb03_l01	8	H̔asanékira,	'Hasanêkira	1	ra	ra	ra	RECIP	postposition	case_or_relation=contextual	medium	Muller 1865, ZGP-0336; project glossing_conventions.tsv keeps ra contextual.
Das Märchen von den drei Brüdern	tb03_l01	9	vā	va	0	vā	va	va	said			unsplit	Current word-level token gloss; no confident internal split applied.
Das Märchen von den drei Brüdern	tb03_l01	10	ke:	kê	0	ke	kê	ke	that			unsplit	Current word-level token gloss; no confident internal split applied.
Das Märchen von den drei Brüdern	tb03_l02	0	ḗ̱n’oe	enoê	0	ḗ̱n’oe	enoê	enoe	this			unsplit	Current word-level token gloss; no confident internal split applied.
Das Märchen von den drei Brüdern	tb03_l02	1	rayér	rayêr	0	rayér	rayêr	rayer	road			unsplit	Current word-level token gloss; no confident internal split applied.
Das Märchen von den drei Brüdern	tb03_l02	2	bi̥ǵí,	bıgi	0	bi̥	bi	bi-	CONJ/FUT	prefix	mood=conjunctive;tense=future	high	Muller 1865, ZGP-0361 conjunctive/future bi- prefix.
Das Märchen von den drei Brüdern	tb03_l02	2	bi̥ǵí,	bıgi	1	ǵí	gi	gi	lead/take			high	Muller 1865, ZGP-0361 conjunctive/future bi- prefix.
Das Märchen von den drei Brüdern	tb03_l02	3	šúe,	şwê	0	šúe	şwê	sue	go			unsplit	Current word-level token gloss; no confident internal split applied.
Das Märchen von den drei Brüdern	tb03_l02	4	baúni	bawni	0	baúni	bawni	bauni	look			unsplit	Current word-level token gloss; no confident internal split applied.
Das Märchen von den drei Brüdern	tb03_l02	5	sé̱ri	seri	0	sé̱ri	seri	seri	on			unsplit	Current word-level token gloss; no confident internal split applied.
Das Märchen von den drei Brüdern	tb03_l02	6	áye	ayê	0	áye	ayê	aye	that			unsplit	Current word-level token gloss; no confident internal split applied.
Das Märchen von den drei Brüdern	tb03_l02	7	koi,	koy	0	koi	koy	koi	mountain			unsplit	Current word-level token gloss; no confident internal split applied.
Das Märchen von den drei Brüdern	tb03_l02	8	kunáγi	kunaği	0	kunáγi	kunaği	kunagi				unsplit	Current word-level token gloss; no confident internal split applied.
Das Märchen von den drei Brüdern	tb03_l02	9	me	mê	0	me	mê	me	my			unsplit	Current word-level token gloss; no confident internal split applied.
Das Märchen von den drei Brüdern	tb03_l02	10	h̔a	'ha	0	h̔a	'ha	ha	there			unsplit	Current word-level token gloss; no confident internal split applied.
Das Märchen von den drei Brüdern	tb03_l02	11	ā́ye	ayê	0	ā́ye	ayê	aye	that			unsplit	Current word-level token gloss; no confident internal split applied.
Das Märchen von den drei Brüdern	tb03_l02	12	kóyu,	koyu	0	kóyu	koyu	koyu	mountain			unsplit	Current word-level token gloss; no confident internal split applied.
Das Märchen von den drei Brüdern	tb03_l03	0	d̮éniāi	cênyay	0	d̮éniāi	cênyay	deniai	woman			unsplit	Current word-level token gloss; no confident internal split applied.
Das Märchen von den drei Brüdern	tb03_l03	1	me,	mê	0	me	mê	me	my			unsplit	Current word-level token gloss; no confident internal split applied.
Das Märchen von den drei Brüdern	tb03_l03	2	hī́rye	hiryê	0	hī́rye	hiryê	hirye	three			unsplit	Current word-level token gloss; no confident internal split applied.
Das Märchen von den drei Brüdern	tb03_l03	3	keínai	kêynay	0	keínai	kêynay	keinai	daughter			unsplit	Current word-level token gloss; no confident internal split applied.
Das Märchen von den drei Brüdern	tb03_l03	4	me	mê	0	me	mê	me	my			unsplit	Current word-level token gloss; no confident internal split applied.
Das Märchen von den drei Brüdern	tb03_l03	5	h̔a	'ha	0	h̔a	'ha	ha	there			unsplit	Current word-level token gloss; no confident internal split applied.
Das Märchen von den drei Brüdern	tb03_l03	6	kunáγde	kunağdê	0	kunáγde	kunağdê	kunagde				unsplit	Current word-level token gloss; no confident internal split applied.
Das Märchen von den drei Brüdern	tb03_l03	7	rṓništei,	roniştêy	0	rṓništei	roniştêy	ronistei	sat			unsplit	Current word-level token gloss; no confident internal split applied.
Das Märchen von den drei Brüdern	tb03_l03	8	kaγít	kağit	0	kaγít	kağit	kagit				unsplit	Current word-level token gloss; no confident internal split applied.
Das Märchen von den drei Brüdern	tb03_l03	9	bé̱r’e,	berê	0	bé̱r’e	berê	bere	bring, bring here			unsplit	Current word-level token gloss; no confident internal split applied.
Das Märchen von den drei Brüdern	tb03_l03	10	bi̥-	bı	0	bi̥	bı	bi	was			unsplit	Current word-level token gloss; no confident internal split applied.
Das Märchen von den drei Brüdern	tb03_l04	0	dé	dê	0	dé	dê	de	in			unsplit	Current word-level token gloss; no confident internal split applied.
Das Märchen von den drei Brüdern	tb03_l04	1	d̮éniai	cênyay	0	d̮éniai	cênyay	deniai	woman			unsplit	Current word-level token gloss; no confident internal split applied.
Das Märchen von den drei Brüdern	tb03_l04	2	me,	mê	0	me	mê	me	my			unsplit	Current word-level token gloss; no confident internal split applied.
Das Märchen von den drei Brüdern	tb03_l04	3	ya	ya	0	ya	ya	ya	she			unsplit	Current word-level token gloss; no confident internal split applied.
Das Märchen von den drei Brüdern	tb03_l04	4	zā́na.	zana	0	zā́na	zana	zana	knows			unsplit	Current word-level token gloss; no confident internal split applied.
Das Märchen von den drei Brüdern	tb03_l04	5	H̔asanéki	'Hasanêki	0	H̔asanéki	'Hasanêki	hasaneki	Hasanek			unsplit	Current word-level token gloss; no confident internal split applied.
Das Märchen von den drei Brüdern	tb03_l04	6	kaγít	kağit	0	kaγít	kağit	kagit				unsplit	Current word-level token gloss; no confident internal split applied.
Das Märchen von den drei Brüdern	tb03_l04	7	geraút,	gêrawt	0	geraút	gêrawt	geraut	took			unsplit	Current word-level token gloss; no confident internal split applied.
Das Märchen von den drei Brüdern	tb03_l04	8	kautá	kawta	0	kautá	kawta	kauta	went			unsplit	Current word-level token gloss; no confident internal split applied.
Das Märchen von den drei Brüdern	tb03_l04	9	rayér,	rayêr	0	rayér	rayêr	rayer	road			unsplit	Current word-level token gloss; no confident internal split applied.
Das Märchen von den drei Brüdern	tb03_l04	10	šẹ̄,	şê	0	šẹ̄	şê	se	what			unsplit	Current word-level token gloss; no confident internal split applied.
Das Märchen von den drei Brüdern	tb03_l05	0	di̥	dı	0	di̥	dı	di	saw			unsplit	Current word-level token gloss; no confident internal split applied.
Das Märchen von den drei Brüdern	tb03_l05	1	sá’ati	saati	0	sá’ati	saati	saati	hours			unsplit	Current word-level token gloss; no confident internal split applied.
Das Märchen von den drei Brüdern	tb03_l05	2	šẹ̄,	şê	0	šẹ̄	şê	se	what			unsplit	Current word-level token gloss; no confident internal split applied.
Das Märchen von den drei Brüdern	tb03_l05	3	kaγít	kağit	0	kaγít	kağit	kagit				unsplit	Current word-level token gloss; no confident internal split applied.
Das Märchen von den drei Brüdern	tb03_l05	4	āké̱rd,	akerd	0	āké̱rd	akerd	akerd	opened			unsplit	Current word-level token gloss; no confident internal split applied.
Das Märchen von den drei Brüdern	tb03_l05	5	we̱ṅd,	wengd	0	we̱ṅd	wengd	wend	read			unsplit	Current word-level token gloss; no confident internal split applied.
Das Märchen von den drei Brüdern	tb03_l05	6	auńā́	awnya	0	auńā́	awnya	auna	saw			unsplit	Current word-level token gloss; no confident internal split applied.
Das Märchen von den drei Brüdern	tb03_l05	7	ke,	kê	0	ke	kê	ke	that			unsplit	Current word-level token gloss; no confident internal split applied.
Das Märchen von den drei Brüdern	tb03_l05	8	d́é̱wi	dyewi	0	d́é̱wi	dyewi	dewi	of the dev			unsplit	Current word-level token gloss; no confident internal split applied.
Das Märchen von den drei Brüdern	tb03_l05	9	kaγíti	kağiti	0	kaγíti	kağiti	kagiti				unsplit	Current word-level token gloss; no confident internal split applied.
Das Märchen von den drei Brüdern	tb03_l05	10	nó̤štu	noştu	0	nó̤štu	noştu	nostu	wrote			unsplit	Current word-level token gloss; no confident internal split applied.
Das Märchen von den drei Brüdern	tb03_l05	11	é̱ke	ekê	0	é̱ke	ekê	eke	if			unsplit	Current word-level token gloss; no confident internal split applied.
Das Märchen von den drei Brüdern	tb03_l06	0	ḗ̱n’oe	enoê	0	ḗ̱n’oe	enoê	enoe	this			unsplit	Current word-level token gloss; no confident internal split applied.
Das Märchen von den drei Brüdern	tb03_l06	1	me̱rdṳ́m	merdüm	0	me̱rdṳ́m	merdüm	merdum	person			unsplit	Current word-level token gloss; no confident internal split applied.
Das Märchen von den drei Brüdern	tb03_l06	2	ḗ̱n’ie	enyê	0	ḗ̱n’ie	enyê	enie	these			unsplit	Current word-level token gloss; no confident internal split applied.
Das Märchen von den drei Brüdern	tb03_l06	3	kaγíti	kağiti	0	kaγíti	kağiti	kagiti				unsplit	Current word-level token gloss; no confident internal split applied.
Das Märchen von den drei Brüdern	tb03_l06	4	ā́nu	anu	0	ā́nu	anu	anu	brings			unsplit	Current word-level token gloss; no confident internal split applied.
Das Märchen von den drei Brüdern	tb03_l06	5	keíye,	kêyê	0	keíye	kêyê	keiye	house			unsplit	Current word-level token gloss; no confident internal split applied.
Das Märchen von den drei Brüdern	tb03_l06	6	mí̥ri	mıri	0	mí̥ri	mıri	miri	to me			unsplit	Current word-level token gloss; no confident internal split applied.
Das Märchen von den drei Brüdern	tb03_l06	7	sé̱rei	serêy	0	sé̱rei	serêy	serei	head			unsplit	Current word-level token gloss; no confident internal split applied.
Das Märchen von den drei Brüdern	tb03_l06	8	ḗ̱n’ie	enyê	0	ḗ̱n’ie	enyê	enie	these			unsplit	Current word-level token gloss; no confident internal split applied.
Das Märchen von den drei Brüdern	tb03_l06	9	me̱rduómi	merdwomi	0	me̱rduómi	merdwomi	merduomi				unsplit	Current word-level token gloss; no confident internal split applied.
Das Märchen von den drei Brüdern	tb03_l07	0	trā́ke,	trakê	0	trā́ke	trakê	trake	cut off			unsplit	Current word-level token gloss; no confident internal split applied.
Das Märchen von den drei Brüdern	tb03_l07	1	mí̥ri	mıri	0	mí̥ri	mıri	miri	to me			unsplit	Current word-level token gloss; no confident internal split applied.
Das Märchen von den drei Brüdern	tb03_l07	2	pilaú	pilaw	0	pilaú	pilaw	pilau	pilaf			unsplit	Current word-level token gloss; no confident internal split applied.
Das Märchen von den drei Brüdern	tb03_l07	3	paúže,	pawjê	0	paúže	pawjê	pauze	place name			unsplit	Current word-level token gloss; no confident internal split applied.
Das Märchen von den drei Brüdern	tb03_l07	4	sé̱rei	serêy	0	sé̱rei	serêy	serei	head			unsplit	Current word-level token gloss; no confident internal split applied.
Das Märchen von den drei Brüdern	tb03_l07	5	ḗ̱n’ie	enyê	0	ḗ̱n’ie	enyê	enie	these			unsplit	Current word-level token gloss; no confident internal split applied.
Das Märchen von den drei Brüdern	tb03_l07	6	me̱rdṳ́mi	merdümi	0	me̱rdṳ́m	merdûm	merdum	man/person			high	Muller 1865, ZGP-0335 genitive/izafet vowels; split kept contextual.
Das Märchen von den drei Brüdern	tb03_l07	6	me̱rdṳ́mi	merdümi	1	i	i	-i	OBL/EZ	case/linker	relation=oblique_or_ezafe	medium	Muller 1865, ZGP-0335 genitive/izafet vowels; split kept contextual.
Das Märchen von den drei Brüdern	tb03_l07	7	mí̥ri	mıri	0	mí̥ri	mıri	miri	to me			unsplit	Current word-level token gloss; no confident internal split applied.
Das Märchen von den drei Brüdern	tb03_l07	8	pilaú	pilaw	0	pilaú	pilaw	pilau	pilaf			unsplit	Current word-level token gloss; no confident internal split applied.
Das Märchen von den drei Brüdern	tb03_l07	9	ve̱r	ver	0	ve̱r	ver	ver	front			unsplit	Current word-level token gloss; no confident internal split applied.
Das Märchen von den drei Brüdern	tb03_l07	10	ke,	kê	0	ke	kê	ke	that			unsplit	Current word-level token gloss; no confident internal split applied.
Das Märchen von den drei Brüdern	tb03_l08	0	bḗ̱ršau	berşaw	0	bḗ̱ršau	berşaw	bersau	send			unsplit	Current word-level token gloss; no confident internal split applied.
Das Märchen von den drei Brüdern	tb03_l08	1	mí̥ri,	mıri	0	mí̥ri	mıri	miri	to me			unsplit	Current word-level token gloss; no confident internal split applied.
Das Märchen von den drei Brüdern	tb03_l08	2	e̱z	ez	0	e̱z	ez	ez	I			unsplit	Current word-level token gloss; no confident internal split applied.
Das Märchen von den drei Brüdern	tb03_l08	3	wén’a.	wêna	0	w	w	wena	cut			low	Muller 1865, ZGP-0356 present -ena/-ana material.	Stem is short in this segmentation; keep under review.
Das Märchen von den drei Brüdern	tb03_l08	3	wén’a.	wêna	1	én’a	ena	-ena	PRS.1SG	suffix	tense_aspect=present;person=1;number=singular	medium	Muller 1865, ZGP-0356 present -ena/-ana material.
Das Märchen von den drei Brüdern	tb03_l08	4	H̔asanéki	'Hasanêki	0	H̔asanéki	'Hasanêki	hasaneki	Hasanek			unsplit	Current word-level token gloss; no confident internal split applied.
Das Märchen von den drei Brüdern	tb03_l08	5	kaγít	kağit	0	kaγít	kağit	kagit				unsplit	Current word-level token gloss; no confident internal split applied.
Das Märchen von den drei Brüdern	tb03_l08	6	di̥rná,	dırna	0	di̥rná	dırna	dirna	to tear up			unsplit	Current word-level token gloss; no confident internal split applied.
Das Märchen von den drei Brüdern	tb03_l08	7	ẹ̄št,	êşt	0	ẹ̄št	êşt	est	threw away			unsplit	Current word-level token gloss; no confident internal split applied.
Das Märchen von den drei Brüdern	tb03_l08	8	yaúna	yawna	0	yaúna	yawna	yauna	another			unsplit	Current word-level token gloss; no confident internal split applied.
Das Märchen von den drei Brüdern	tb03_l08	9	kaγít	kağit	0	kaγít	kağit	kagit				unsplit	Current word-level token gloss; no confident internal split applied.
Das Märchen von den drei Brüdern	tb03_l09	0	no̤št,	noşt	0	no̤št	noşt	nost	wrote			unsplit	Current word-level token gloss; no confident internal split applied.
Das Märchen von den drei Brüdern	tb03_l09	1	é̱ke	ekê	0	é̱ke	ekê	eke	if			unsplit	Current word-level token gloss; no confident internal split applied.
Das Märchen von den drei Brüdern	tb03_l09	2	ḗ̱n’oe	enoê	0	ḗ̱n’oe	enoê	enoe	this			unsplit	Current word-level token gloss; no confident internal split applied.
Das Märchen von den drei Brüdern	tb03_l09	3	me̱rdṳ́m	merdüm	0	me̱rdṳ́m	merdüm	merdum	person			unsplit	Current word-level token gloss; no confident internal split applied.
Das Märchen von den drei Brüdern	tb03_l09	4	ḗ̱n’oe	enoê	0	ḗ̱n’oe	enoê	enoe	this			unsplit	Current word-level token gloss; no confident internal split applied.
Das Märchen von den drei Brüdern	tb03_l09	5	kaγít	kağit	0	kaγít	kağit	kagit				unsplit	Current word-level token gloss; no confident internal split applied.
Das Märchen von den drei Brüdern	tb03_l09	6	ā́nu	anu	0	ā́nu	anu	anu	brings			unsplit	Current word-level token gloss; no confident internal split applied.
Das Märchen von den drei Brüdern	tb03_l09	7	keíye,	kêyê	0	keíye	kêyê	keiye	house			unsplit	Current word-level token gloss; no confident internal split applied.
Das Märchen von den drei Brüdern	tb03_l09	8	gai	gay	0	gai	gay	gai	ox			unsplit	Current word-level token gloss; no confident internal split applied.
Das Märchen von den drei Brüdern	tb03_l09	9	búeri	bwêri	0	búeri	bwêri	bueri	brown			unsplit	Current word-level token gloss; no confident internal split applied.
Das Märchen von den drei Brüdern	tb03_l09	10	pilaú	pilaw	0	pilaú	pilaw	pilau	pilaf			unsplit	Current word-level token gloss; no confident internal split applied.
Das Märchen von den drei Brüdern	tb03_l10	0	ve̱r	ver	0	ve̱r	ver	ver	front			unsplit	Current word-level token gloss; no confident internal split applied.
Das Märchen von den drei Brüdern	tb03_l10	1	ke,	kê	0	ke	kê	ke	that			unsplit	Current word-level token gloss; no confident internal split applied.
Das Märchen von den drei Brüdern	tb03_l10	2	ḗ̱mšoe	emşoê	0	ḗ̱mšoe	emşoê	emsoe	tonight			unsplit	Current word-level token gloss; no confident internal split applied.
Das Märchen von den drei Brüdern	tb03_l10	3	H̔asanék	'Hasanêk	0	H̔asanék	'Hasanêk	hasanek	Hasanek			unsplit	Current word-level token gloss; no confident internal split applied.
Das Märchen von den drei Brüdern	tb03_l10	4	wa	wa	0	wa	wa	wa	let			unsplit	Current word-level token gloss; no confident internal split applied.
Das Märchen von den drei Brüdern	tb03_l10	5	keínai	kêynay	0	keínai	kêynay	keinai	daughter			unsplit	Current word-level token gloss; no confident internal split applied.
Das Märchen von den drei Brüdern	tb03_l10	6	mí̥na	mına	0	mí̥na	mına	mina	my			unsplit	Current word-level token gloss; no confident internal split applied.
Das Märchen von den drei Brüdern	tb03_l10	7	píle	pilê	0	píle	pilê	pile	oldest			unsplit	Current word-level token gloss; no confident internal split applied.
Das Märchen von den drei Brüdern	tb03_l10	8	h̔e̱t	'het	0	h̔e̱t	'het	het	side			unsplit	Current word-level token gloss; no confident internal split applied.
Das Märchen von den drei Brüdern	tb03_l10	9	rā	ra	0	rā	ra	ra	to			unsplit	Current word-level token gloss; no confident internal split applied.
Das Märchen von den drei Brüdern	tb03_l10	10	ku,	ku	0	ku	ku	ku	that			unsplit	Current word-level token gloss; no confident internal split applied.
Das Märchen von den drei Brüdern	tb03_l10	11	sebā́	sêba	0	sebā́	sêba	seba	morning			unsplit	Current word-level token gloss; no confident internal split applied.
Das Märchen von den drei Brüdern	tb03_l10	12	mí̥ri	mıri	0	mí̥ri	mıri	miri	to me			unsplit	Current word-level token gloss; no confident internal split applied.
Das Märchen von den drei Brüdern	tb03_l11	0	ḗ̱n’a	ena	0	ḗ̱n’a	ena	ena	this			unsplit	Current word-level token gloss; no confident internal split applied.
Das Märchen von den drei Brüdern	tb03_l11	1	pilaú	pilaw	0	pilaú	pilaw	pilau	pilaf			unsplit	Current word-level token gloss; no confident internal split applied.
Das Märchen von den drei Brüdern	tb03_l11	2	biáru.	byaru	0	biáru	byaru	biaru	bring			unsplit	Current word-level token gloss; no confident internal split applied.
Das Märchen von den drei Brüdern	tb03_l11	3	H̔asanék	'Hasanêk	0	H̔asanék	'Hasanêk	hasanek	Hasanek			unsplit	Current word-level token gloss; no confident internal split applied.
Das Märchen von den drei Brüdern	tb03_l11	4	dā	da	0	dā	da	da	gave			unsplit	Current word-level token gloss; no confident internal split applied.
Das Märchen von den drei Brüdern	tb03_l11	5	kaγít	kağit	0	kaγít	kağit	kagit				unsplit	Current word-level token gloss; no confident internal split applied.
Das Märchen von den drei Brüdern	tb03_l11	6	déniai	dênyay	0	déniai	dênyay	deniai	woman			unsplit	Current word-level token gloss; no confident internal split applied.
Das Märchen von den drei Brüdern	tb03_l11	7	d́é̱wi.	dyewi	0	d́é̱wi	dyewi	dewi	of the dev			unsplit	Current word-level token gloss; no confident internal split applied.
Das Märchen von den drei Brüdern	tb03_l11	8	D̮éniai	Cênyay	0	D̮éniai	Cênyay	deniai	woman			unsplit	Current word-level token gloss; no confident internal split applied.
Das Märchen von den drei Brüdern	tb03_l11	9	d́é̱wi	dyewi	0	d́é̱wi	dyewi	dewi	of the dev			unsplit	Current word-level token gloss; no confident internal split applied.
Das Märchen von den drei Brüdern	tb03_l11	10	ka-	ka	0	ka	ka	ka	would			unsplit	Current word-level token gloss; no confident internal split applied.
Das Märchen von den drei Brüdern	tb03_l12	0	γít	ğit	0	γít	ğit	git				unsplit	Current word-level token gloss; no confident internal split applied.
Das Märchen von den drei Brüdern	tb03_l12	1	geraút,	gêrawt	0	geraút	gêrawt	geraut	took			unsplit	Current word-level token gloss; no confident internal split applied.
Das Märchen von den drei Brüdern	tb03_l12	2	aké̱rd,	akerd	0	aké̱rd	akerd	akerd	opened			unsplit	Current word-level token gloss; no confident internal split applied.
Das Märchen von den drei Brüdern	tb03_l12	3	weṅd	wêngd	0	weṅd	wêngd	wend	read			unsplit	Current word-level token gloss; no confident internal split applied.
Das Märchen von den drei Brüdern	tb03_l12	4	é̱ke	ekê	0	é̱ke	ekê	eke	if			unsplit	Current word-level token gloss; no confident internal split applied.
Das Märchen von den drei Brüdern	tb03_l12	5	d́é̱wi	dyewi	0	d́é̱wi	dyewi	dewi	of the dev			unsplit	Current word-level token gloss; no confident internal split applied.
Das Märchen von den drei Brüdern	tb03_l12	6	té̱de	tedê	0	té̱	te	te	it			medium	ZGP-0340; contextual locative -de.
Das Märchen von den drei Brüdern	tb03_l12	6	té̱de	tedê	1	de	de	-de	LOC	case	case=locative	high	Muller 1865, ZGP-0340 locative -de.
Das Märchen von den drei Brüdern	tb03_l12	7	no̤štu	noştu	0	no̤štu	noştu	nostu	wrote			unsplit	Current word-level token gloss; no confident internal split applied.
Das Märchen von den drei Brüdern	tb03_l12	8	gai	gay	0	gai	gay	gai	ox			unsplit	Current word-level token gloss; no confident internal split applied.
Das Märchen von den drei Brüdern	tb03_l12	9	búeri	bwêri	0	búeri	bwêri	bueri	brown			unsplit	Current word-level token gloss; no confident internal split applied.
Das Märchen von den drei Brüdern	tb03_l12	10	wa	wa	0	wa	wa	wa	let			unsplit	Current word-level token gloss; no confident internal split applied.
Das Märchen von den drei Brüdern	tb03_l12	11	pilaú	pilaw	0	pilaú	pilaw	pilau	pilaf			unsplit	Current word-level token gloss; no confident internal split applied.
Das Märchen von den drei Brüdern	tb03_l13	0	ve̱r	ver	0	ve̱r	ver	ver	front			unsplit	Current word-level token gloss; no confident internal split applied.
Das Märchen von den drei Brüdern	tb03_l13	1	ku,	ku	0	ku	ku	ku	that			unsplit	Current word-level token gloss; no confident internal split applied.
Das Märchen von den drei Brüdern	tb03_l13	2	bi̥dú	bıdu	0	bi̥dú	bıdu	bidu	give			unsplit	Current word-level token gloss; no confident internal split applied.
Das Märchen von den drei Brüdern	tb03_l13	3	H̔asanékira,	'Hasanêkira	0	H̔asanéki	'Hasanêki	hasaneki	Hasanek			medium	Contextual ra split; function checked against project ra conventions.
Das Märchen von den drei Brüdern	tb03_l13	3	H̔asanékira,	'Hasanêkira	1	ra	ra	ra	RECIP	postposition	case_or_relation=contextual	medium	Muller 1865, ZGP-0336; project glossing_conventions.tsv keeps ra contextual.
Das Märchen von den drei Brüdern	tb03_l13	4	H̔asanéki	'Hasanêki	0	H̔asanéki	'Hasanêki	hasaneki	Hasanek			unsplit	Current word-level token gloss; no confident internal split applied.
Das Märchen von den drei Brüdern	tb03_l13	5	ḗ̱mšoe	emşoê	0	ḗ̱mšoe	emşoê	emsoe	tonight			unsplit	Current word-level token gloss; no confident internal split applied.
Das Märchen von den drei Brüdern	tb03_l13	6	wa	wa	0	wa	wa	wa	let			unsplit	Current word-level token gloss; no confident internal split applied.
Das Märchen von den drei Brüdern	tb03_l13	7	keínai	kêynay	0	keínai	kêynay	keinai	daughter			unsplit	Current word-level token gloss; no confident internal split applied.
Das Märchen von den drei Brüdern	tb03_l13	8	pī́le	pilê	0	pī́le	pilê	pile	oldest			unsplit	Current word-level token gloss; no confident internal split applied.
Das Märchen von den drei Brüdern	tb03_l13	9	h̔e̱t	'het	0	h̔e̱t	'het	het	side			unsplit	Current word-level token gloss; no confident internal split applied.
Das Märchen von den drei Brüdern	tb03_l13	10	rā	ra	0	rā	ra	ra	to			unsplit	Current word-level token gloss; no confident internal split applied.
Das Märchen von den drei Brüdern	tb03_l14	0	ku,	ku	0	ku	ku	ku	that			unsplit	Current word-level token gloss; no confident internal split applied.
Das Märchen von den drei Brüdern	tb03_l14	1	sebā́	sêba	0	sebā́	sêba	seba	morning			unsplit	Current word-level token gloss; no confident internal split applied.
Das Märchen von den drei Brüdern	tb03_l14	2	ḗ̱n’a	ena	0	ḗ̱n’a	ena	ena	this			unsplit	Current word-level token gloss; no confident internal split applied.
Das Märchen von den drei Brüdern	tb03_l14	3	pilaú	pilaw	0	pilaú	pilaw	pilau	pilaf			unsplit	Current word-level token gloss; no confident internal split applied.
Das Märchen von den drei Brüdern	tb03_l14	4	biáru.	byaru	0	biáru	byaru	biaru	bring			unsplit	Current word-level token gloss; no confident internal split applied.
Das Märchen von den drei Brüdern	tb03_l14	5	D̮éniai	Cênyay	0	D̮éniai	Cênyay	deniai	woman			unsplit	Current word-level token gloss; no confident internal split applied.
Das Märchen von den drei Brüdern	tb03_l14	6	d́é̱wi	dyewi	0	d́é̱wi	dyewi	dewi	of the dev			unsplit	Current word-level token gloss; no confident internal split applied.
Das Märchen von den drei Brüdern	tb03_l14	7	gai	gay	0	gai	gay	gai	ox			unsplit	Current word-level token gloss; no confident internal split applied.
Das Märchen von den drei Brüdern	tb03_l14	8	búer	bwêr	0	búer	bwêr	buer	brown			unsplit	Current word-level token gloss; no confident internal split applied.
Das Märchen von den drei Brüdern	tb03_l14	9	sé̱re	serê	0	sé̱re	serê	sere	head			unsplit	Current word-level token gloss; no confident internal split applied.
Das Märchen von den drei Brüdern	tb03_l14	10	bi̥rnā́,	bırna	0	bi̥rnā́	bırna	birna	cut			unsplit	Current word-level token gloss; no confident internal split applied.
Das Märchen von den drei Brüdern	tb03_l14	11	gṓšti	goşti	0	gṓšti	goşti	gosti	meat			unsplit	Current word-level token gloss; no confident internal split applied.
Das Märchen von den drei Brüdern	tb04_l01	0	gai	gay	0	gai	gay	gai	ox			unsplit	Current word-level token gloss; no confident internal split applied.
Das Märchen von den drei Brüdern	tb04_l01	1	búeri	bwêri	0	búeri	bwêri	bueri	brown			unsplit	Current word-level token gloss; no confident internal split applied.
Das Märchen von den drei Brüdern	tb04_l01	2	kerd	kêrd	0	kerd	kêrd	kerd	did			unsplit	Current word-level token gloss; no confident internal split applied.
Das Märchen von den drei Brüdern	tb04_l01	3	pilaú	pilaw	0	pilaú	pilaw	pilau	pilaf			unsplit	Current word-level token gloss; no confident internal split applied.
Das Märchen von den drei Brüdern	tb04_l01	4	ve̱r,	ver	0	ve̱r	ver	ver	front			unsplit	Current word-level token gloss; no confident internal split applied.
Das Märchen von den drei Brüdern	tb04_l01	5	dā	da	0	dā	da	da	gave			unsplit	Current word-level token gloss; no confident internal split applied.
Das Märchen von den drei Brüdern	tb04_l01	6	H̔asanékira.	'Hasanêkira	0	H̔asanéki	'Hasanêki	hasaneki	Hasanek			medium	Contextual ra split; function checked against project ra conventions.
Das Märchen von den drei Brüdern	tb04_l01	6	H̔asanékira.	'Hasanêkira	1	ra	ra	ra	RECIP	postposition	case_or_relation=contextual	medium	Muller 1865, ZGP-0336; project glossing_conventions.tsv keeps ra contextual.
Das Märchen von den drei Brüdern	tb04_l01	7	H̔asanéki	'Hasanêki	0	H̔asanéki	'Hasanêki	hasaneki	Hasanek			unsplit	Current word-level token gloss; no confident internal split applied.
Das Märchen von den drei Brüdern	tb04_l01	8	ḗ̱n’a	ena	0	ḗ̱n’a	ena	ena	this			unsplit	Current word-level token gloss; no confident internal split applied.
Das Märchen von den drei Brüdern	tb04_l01	9	pilaú	pilaw	0	pilaú	pilaw	pilau	pilaf			unsplit	Current word-level token gloss; no confident internal split applied.
Das Märchen von den drei Brüdern	tb04_l01	10	ge-	gê	0	ge	gê	ge	took			unsplit	Current word-level token gloss; no confident internal split applied.
Das Märchen von den drei Brüdern	tb04_l02	0	raút,	rawt	0	raút	rawt	raut	took			unsplit	Current word-level token gloss; no confident internal split applied.
Das Märchen von den drei Brüdern	tb04_l02	1	šẹ̄,	şê	0	šẹ̄	şê	se	what			unsplit	Current word-level token gloss; no confident internal split applied.
Das Märchen von den drei Brüdern	tb04_l02	2	be̱rd	berd	0	be̱rd	berd	berd	took			unsplit	Current word-level token gloss; no confident internal split applied.
Das Märchen von den drei Brüdern	tb04_l02	3	d́é̱wiri.	dyewiri	0	d́é̱wiri	dyewiri	dewiri	to the dev			unsplit	Current word-level token gloss; no confident internal split applied.
Das Märchen von den drei Brüdern	tb04_l03	0	D́au	Dyaw	0	D́au	Dyaw	dau	dev			unsplit	Current word-level token gloss; no confident internal split applied.
Das Märchen von den drei Brüdern	tb04_l03	1	aunā́	awna	0	aunā́	awna	auna	saw			unsplit	Current word-level token gloss; no confident internal split applied.
Das Märchen von den drei Brüdern	tb04_l03	2	H̔asanék	'Hasanêk	0	H̔asanék	'Hasanêk	hasanek	Hasanek			unsplit	Current word-level token gloss; no confident internal split applied.
Das Märchen von den drei Brüdern	tb04_l03	3	yén’u.	yênu	0	yén’u	yênu	yenu	comes			unsplit	Current word-level token gloss; no confident internal split applied.
Das Märchen von den drei Brüdern	tb04_l03	4	H̔asanéki	'Hasanêki	0	H̔asanéki	'Hasanêki	hasaneki	Hasanek			unsplit	Current word-level token gloss; no confident internal split applied.
Das Märchen von den drei Brüdern	tb04_l03	5	ḗ̱n’a	ena	0	ḗ̱n’a	ena	ena	this			unsplit	Current word-level token gloss; no confident internal split applied.
Das Märchen von den drei Brüdern	tb04_l03	6	pilaú	pilaw	0	pilaú	pilaw	pilau	pilaf			unsplit	Current word-level token gloss; no confident internal split applied.
Das Märchen von den drei Brüdern	tb04_l03	7	be̱rd,	berd	0	be̱rd	berd	berd	took			unsplit	Current word-level token gloss; no confident internal split applied.
Das Märchen von den drei Brüdern	tb04_l03	8	dā	da	0	dā	da	da	gave			unsplit	Current word-level token gloss; no confident internal split applied.
Das Märchen von den drei Brüdern	tb04_l03	9	d́é̱-	dye	0	d́é̱	dye	de	in			unsplit	Current word-level token gloss; no confident internal split applied.
Das Märchen von den drei Brüdern	tb04_l04	0	wí.	wi	0	wí	wi	wi	him			unsplit	Current word-level token gloss; no confident internal split applied.
Das Märchen von den drei Brüdern	tb04_l04	1	D́é̱wi	Dyewi	0	D́é̱wi	Dyewi	dewi	of the dev			unsplit	Current word-level token gloss; no confident internal split applied.
Das Märchen von den drei Brüdern	tb04_l04	2	geraút,	gêrawt	0	geraút	gêrawt	geraut	took			unsplit	Current word-level token gloss; no confident internal split applied.
Das Märchen von den drei Brüdern	tb04_l04	3	vā	va	0	vā	va	va	said			unsplit	Current word-level token gloss; no confident internal split applied.
Das Märchen von den drei Brüdern	tb04_l04	4	H̔asanékira:	'Hasanêkira	0	H̔asanéki	'Hasanêki	hasaneki	Hasanek			medium	Contextual ra split; function checked against project ra conventions.
Das Märchen von den drei Brüdern	tb04_l04	4	H̔asanékira:	'Hasanêkira	1	ra	ra	ra	RECIP	postposition	case_or_relation=contextual	medium	Muller 1865, ZGP-0336; project glossing_conventions.tsv keeps ra contextual.
Das Märchen von den drei Brüdern	tb04_l04	5	me	mê	0	me	mê	me	my			unsplit	Current word-level token gloss; no confident internal split applied.
Das Märchen von den drei Brüdern	tb04_l04	6	kaγít	kağit	0	kaγít	kağit	kagit				unsplit	Current word-level token gloss; no confident internal split applied.
Das Märchen von den drei Brüdern	tb04_l04	7	ā́na	ana	0	ā́na	ana	ana	this			unsplit	Current word-level token gloss; no confident internal split applied.
Das Märchen von den drei Brüdern	tb04_l04	8	ńenó̤št	nyênoşt	0	ńenó̤št	nyênoşt	nenost	did not write			unsplit	Current word-level token gloss; no confident internal split applied.
Das Märchen von den drei Brüdern	tb04_l04	9	bẹ̄,	bê	0	bẹ̄	bê	be	be			unsplit	Current word-level token gloss; no confident internal split applied.
Das Märchen von den drei Brüdern	tb04_l04	10	ḗ̱n’a	ena	0	ḗ̱n’a	ena	ena	this			unsplit	Current word-level token gloss; no confident internal split applied.
Das Märchen von den drei Brüdern	tb04_l05	0	keínai	kêynay	0	keínai	kêynay	keinai	daughter			unsplit	Current word-level token gloss; no confident internal split applied.
Das Märchen von den drei Brüdern	tb04_l05	1	kuti̥ki	kutıki	0	kuti̥ki	kutıki	kutiki	bad			unsplit	Current word-level token gloss; no confident internal split applied.
Das Märchen von den drei Brüdern	tb04_l05	2	sé̱ń’ie	senyyê	0	sé̱ń’ie	senyyê	senie	why			unsplit	Current word-level token gloss; no confident internal split applied.
Das Märchen von den drei Brüdern	tb04_l05	3	ḗ̱n’oe	enoê	0	ḗ̱n’oe	enoê	enoe	this			unsplit	Current word-level token gloss; no confident internal split applied.
Das Märchen von den drei Brüdern	tb04_l05	4	nāṅ	nang	0	nāṅ	nang	nan	food			unsplit	Current word-level token gloss; no confident internal split applied.
Das Märchen von den drei Brüdern	tb04_l05	5	h̔adré̱	'hadre	0	h̔adré̱	'hadre	hadre	ready			unsplit	Current word-level token gloss; no confident internal split applied.
Das Märchen von den drei Brüdern	tb04_l05	6	ké̱rdu,	kerdu	0	ké̱rdu	kerdu	kerdu	made			unsplit	Current word-level token gloss; no confident internal split applied.
Das Märchen von den drei Brüdern	tb04_l05	7	dau	daw	0	dau	daw	dau	dev			unsplit	Current word-level token gloss; no confident internal split applied.
Das Märchen von den drei Brüdern	tb04_l05	8	túe,	twê	0	túe	twê	tue	your			unsplit	Current word-level token gloss; no confident internal split applied.
Das Märchen von den drei Brüdern	tb04_l05	9	túe	twê	0	túe	twê	tue	your			unsplit	Current word-level token gloss; no confident internal split applied.
Das Märchen von den drei Brüdern	tb04_l05	10	ḗ̱n’oe	enoê	0	ḗ̱n’oe	enoê	enoe	this			unsplit	Current word-level token gloss; no confident internal split applied.
Das Märchen von den drei Brüdern	tb04_l06	0	nāṅ	nang	0	nāṅ	nang	nan	food			unsplit	Current word-level token gloss; no confident internal split applied.
Das Märchen von den drei Brüdern	tb04_l06	1	míri	miri	0	míri	miri	miri	to me			unsplit	Current word-level token gloss; no confident internal split applied.
Das Märchen von den drei Brüdern	tb04_l06	2	árdu,	ardu	0	árdu	ardu	ardu	brought			unsplit	Current word-level token gloss; no confident internal split applied.
Das Märchen von den drei Brüdern	tb04_l06	3	me	mê	0	me	mê	me	my			unsplit	Current word-level token gloss; no confident internal split applied.
Das Märchen von den drei Brüdern	tb04_l06	4	ḗ̱n’a	ena	0	ḗ̱n’a	ena	ena	this			unsplit	Current word-level token gloss; no confident internal split applied.
Das Märchen von den drei Brüdern	tb04_l06	5	kaγít	kağit	0	kaγít	kağit	kagit				unsplit	Current word-level token gloss; no confident internal split applied.
Das Märchen von den drei Brüdern	tb04_l06	6	ńeno̤št	nyênoşt	0	ńeno̤št	nyênoşt	nenost	did not write			unsplit	Current word-level token gloss; no confident internal split applied.
Das Märchen von den drei Brüdern	tb04_l06	7	bẹ̄,	bê	0	bẹ̄	bê	be	be			unsplit	Current word-level token gloss; no confident internal split applied.
Das Märchen von den drei Brüdern	tb04_l06	8	é̱ke	ekê	0	é̱ke	ekê	eke	if			unsplit	Current word-level token gloss; no confident internal split applied.
Das Märchen von den drei Brüdern	tb04_l06	9	míri	miri	0	míri	miri	miri	to me			unsplit	Current word-level token gloss; no confident internal split applied.
Das Märchen von den drei Brüdern	tb04_l06	10	H̔asanéki	'Hasanêki	0	H̔asanéki	'Hasanêki	hasaneki	Hasanek			unsplit	Current word-level token gloss; no confident internal split applied.
Das Märchen von den drei Brüdern	tb04_l06	11	sé̱re	serê	0	sé̱re	serê	sere	head			unsplit	Current word-level token gloss; no confident internal split applied.
Das Märchen von den drei Brüdern	tb04_l07	0	bí̥rne,	bırnê	0	bí̥rne	bırnê	birne	slaughter			unsplit	Current word-level token gloss; no confident internal split applied.
Das Märchen von den drei Brüdern	tb04_l07	1	gṓšti	goşti	0	gṓšti	goşti	gosti	meat			unsplit	Current word-level token gloss; no confident internal split applied.
Das Märchen von den drei Brüdern	tb04_l07	2	H̔asanéki	'Hasanêki	0	H̔asanéki	'Hasanêki	hasaneki	Hasanek			unsplit	Current word-level token gloss; no confident internal split applied.
Das Märchen von den drei Brüdern	tb04_l07	3	míri	miri	0	míri	miri	miri	to me			unsplit	Current word-level token gloss; no confident internal split applied.
Das Märchen von den drei Brüdern	tb04_l07	4	pilaú	pilaw	0	pilaú	pilaw	pilau	pilaf			unsplit	Current word-level token gloss; no confident internal split applied.
Das Märchen von den drei Brüdern	tb04_l07	5	ve̱r	ver	0	ve̱r	ver	ver	front			unsplit	Current word-level token gloss; no confident internal split applied.
Das Märchen von den drei Brüdern	tb04_l07	6	ke,	kê	0	ke	kê	ke	that			unsplit	Current word-level token gloss; no confident internal split applied.
Das Märchen von den drei Brüdern	tb04_l07	7	bḗ̱ršau	berşaw	0	bḗ̱ršau	berşaw	bersau	send			unsplit	Current word-level token gloss; no confident internal split applied.
Das Märchen von den drei Brüdern	tb04_l07	8	míri.	miri	0	míri	miri	miri	to me			unsplit	Current word-level token gloss; no confident internal split applied.
Das Märchen von den drei Brüdern	tb04_l07	9	H̔asanéki	'Hasanêki	0	H̔asanéki	'Hasanêki	hasaneki	Hasanek			unsplit	Current word-level token gloss; no confident internal split applied.
Das Märchen von den drei Brüdern	tb04_l08	0	d́é̱wira	dyewira	0	d́é̱wi	dyewi	dewi	dev			medium	Contextual ra split; function checked against project ra conventions.
Das Märchen von den drei Brüdern	tb04_l08	0	d́é̱wira	dyewira	1	ra	ra	ra	RECIP	postposition	case_or_relation=contextual	medium	Muller 1865, ZGP-0336; project glossing_conventions.tsv keeps ra contextual.
Das Märchen von den drei Brüdern	tb04_l08	1	vā	va	0	vā	va	va	said			unsplit	Current word-level token gloss; no confident internal split applied.
Das Märchen von den drei Brüdern	tb04_l08	2	ke:	kê	0	ke	kê	ke	that			unsplit	Current word-level token gloss; no confident internal split applied.
Das Märchen von den drei Brüdern	tb04_l08	3	ḗ̱n’a	ena	0	ḗ̱n’a	ena	ena	this			unsplit	Current word-level token gloss; no confident internal split applied.
Das Märchen von den drei Brüdern	tb04_l08	4	gelā́ṅke	gêlankê	0	gelā́ṅke	gêlankê	gelanke	occasion			unsplit	Current word-level token gloss; no confident internal split applied.
Das Märchen von den drei Brüdern	tb04_l08	5	te	tê	0	te	tê	te	you			unsplit	Current word-level token gloss; no confident internal split applied.
Das Märchen von den drei Brüdern	tb04_l08	6	šuén’i	şwêni	0	šuén’i	şwêni	sueni	we go			unsplit	Current word-level token gloss; no confident internal split applied.
Das Märchen von den drei Brüdern	tb04_l08	7	šúe,	şwê	0	šúe	şwê	sue	go			unsplit	Current word-level token gloss; no confident internal split applied.
Das Märchen von den drei Brüdern	tb04_l08	8	é̱ke	ekê	0	é̱ke	ekê	eke	if			unsplit	Current word-level token gloss; no confident internal split applied.
Das Märchen von den drei Brüdern	tb04_l08	9	te	tê	0	te	tê	te	you			unsplit	Current word-level token gloss; no confident internal split applied.
Das Märchen von den drei Brüdern	tb04_l08	10	ńešuén’i	nyêşwêni	0	ńešuén’i	nyêşwêni	nesueni	if you do not go			unsplit	Current word-level token gloss; no confident internal split applied.
Das Märchen von den drei Brüdern	tb04_l08	11	e̱z	ez	0	e̱z	ez	ez	I			unsplit	Current word-level token gloss; no confident internal split applied.
Das Märchen von den drei Brüdern	tb04_l09	0	šuen’a,	şwêna	0	šuen’a	şwêna	suena	I go			unsplit	Current word-level token gloss; no confident internal split applied.
Das Märchen von den drei Brüdern	tb04_l09	1	ḗ̱n’a	ena	0	ḗ̱n’a	ena	ena	this			unsplit	Current word-level token gloss; no confident internal split applied.
Das Märchen von den drei Brüdern	tb04_l09	2	gelānke	gêlankê	0	gelānke	gêlankê	gelanke	occasion			unsplit	Current word-level token gloss; no confident internal split applied.
Das Märchen von den drei Brüdern	tb04_l09	3	sé̱rei	serêy	0	sé̱rei	serêy	serei	head			unsplit	Current word-level token gloss; no confident internal split applied.
Das Märchen von den drei Brüdern	tb04_l09	4	min	min	0	min	min	min	1SG			unsplit	Current word-level token gloss; no confident internal split applied.
Das Märchen von den drei Brüdern	tb04_l09	5	trā	tra	0	trā	tra	tra	from			unsplit	Current word-level token gloss; no confident internal split applied.
Das Märchen von den drei Brüdern	tb04_l09	6	kén’a,	kêna	0	k	k	kerd	do/make			medium	Muller 1865, ZGP-0356 present -ena/-ana material.
Das Märchen von den drei Brüdern	tb04_l09	6	kén’a,	kêna	1	én’a	ena	-ena	PRS.1SG	suffix	tense_aspect=present;person=1;number=singular	medium	Muller 1865, ZGP-0356 present -ena/-ana material.
Das Märchen von den drei Brüdern	tb04_l09	7	túeri	twêri	0	túe	twê	tue	2SG.OBL			high	Muller 1865, ZGP-0337-ZGP-0339 ri/ru/-i object or goal material.
Das Märchen von den drei Brüdern	tb04_l09	7	túeri	twêri	1	ri	ri	ri	GOAL/RECIP	case/postposition	relation=goal_or_recipient	high	Muller 1865, ZGP-0337-ZGP-0339 ri/ru/-i object or goal material.
Das Märchen von den drei Brüdern	tb04_l09	8	ken’a	kêna	0	k	k	kerd	do/make			medium	Muller 1865, ZGP-0356 present -ena/-ana material.
Das Märchen von den drei Brüdern	tb04_l09	8	ken’a	kêna	1	én’a	ena	-ena	PRS.1SG	suffix	tense_aspect=present;person=1;number=singular	medium	Muller 1865, ZGP-0356 present -ena/-ana material.
Das Märchen von den drei Brüdern	tb04_l09	9	pilaú	pilaw	0	pilaú	pilaw	pilau	pilaf			unsplit	Current word-level token gloss; no confident internal split applied.
Das Märchen von den drei Brüdern	tb04_l09	10	ve̱r,	ver	0	ve̱r	ver	ver	front			unsplit	Current word-level token gloss; no confident internal split applied.
Das Märchen von den drei Brüdern	tb04_l10	0	paud̮én’a,	pawcêna	0	paud̮én’a	pawcêna	paudena	cook			unsplit	Current word-level token gloss; no confident internal split applied.
Das Märchen von den drei Brüdern	tb04_l10	1	ā́na.	ana	0	ā́na	ana	ana	this			unsplit	Current word-level token gloss; no confident internal split applied.
Das Märchen von den drei Brüdern	tb04_l10	2	D́é̱wi	Dyewi	0	D́é̱wi	Dyewi	dewi	of the dev			unsplit	Current word-level token gloss; no confident internal split applied.
Das Märchen von den drei Brüdern	tb04_l10	3	H̔asanékira	'Hasanêkira	0	H̔asanéki	'Hasanêki	hasaneki	Hasanek			medium	Contextual ra split; function checked against project ra conventions.
Das Märchen von den drei Brüdern	tb04_l10	3	H̔asanékira	'Hasanêkira	1	ra	ra	ra	RECIP	postposition	case_or_relation=contextual	medium	Muller 1865, ZGP-0336; project glossing_conventions.tsv keeps ra contextual.
Das Märchen von den drei Brüdern	tb04_l10	4	va	va	0	va	va	va	said			unsplit	Current word-level token gloss; no confident internal split applied.
Das Märchen von den drei Brüdern	tb04_l10	5	ke:	kê	0	ke	kê	ke	that			unsplit	Current word-level token gloss; no confident internal split applied.
Das Märchen von den drei Brüdern	tb04_l10	6	lā́d̮im,	lacim	0	lā́d̮im	lacim	ladim	my son			unsplit	Current word-level token gloss; no confident internal split applied.
Das Märchen von den drei Brüdern	tb04_l10	7	te	tê	0	te	tê	te	you			unsplit	Current word-level token gloss; no confident internal split applied.
Das Märchen von den drei Brüdern	tb04_l10	8	vé̱ṅgi	vengi	0	vé̱ṅgi	vengi	vengi	voice			unsplit	Current word-level token gloss; no confident internal split applied.
Das Märchen von den drei Brüdern	tb04_l10	9	χóe	xoê	0	χóe	xoê	xoe	own			unsplit	Current word-level token gloss; no confident internal split applied.
Das Märchen von den drei Brüdern	tb04_l10	10	mé̱ke,	mekê	0	mé̱ke	mekê	meke	do not make			unsplit	Current word-level token gloss; no confident internal split applied.
Das Märchen von den drei Brüdern	tb04_l11	0	e̱z	ez	0	e̱z	ez	ez	I			unsplit	Current word-level token gloss; no confident internal split applied.
Das Märchen von den drei Brüdern	tb04_l11	1	nekaí	nêkay	0	nekaí	nêkay	nekai	now			unsplit	Current word-level token gloss; no confident internal split applied.
Das Märchen von den drei Brüdern	tb04_l11	2	nusén’a,	nusêna	0	nusén’a	nusêna	nusena	I schreibe, ngst, schrieb			unsplit	Current word-level token gloss; no confident internal split applied.
Das Märchen von den drei Brüdern	tb04_l11	3	dā́na	dana	0	dā́na	dana	dana	I give			unsplit	Current word-level token gloss; no confident internal split applied.
Das Märchen von den drei Brüdern	tb04_l11	4	túe,	twê	0	túe	twê	tue	your			unsplit	Current word-level token gloss; no confident internal split applied.
Das Märchen von den drei Brüdern	tb04_l11	5	biǵú,	bigu	0	biǵú	bigu	bigu	take			unsplit	Current word-level token gloss; no confident internal split applied.
Das Märchen von den drei Brüdern	tb04_l11	6	šúe,	şwê	0	šúe	şwê	sue	go			unsplit	Current word-level token gloss; no confident internal split applied.
Das Märchen von den drei Brüdern	tb04_l11	7	bi̥dé	bıdê	0	bi̥	bi	bi-	CONJ/FUT	prefix	mood=conjunctive;tense=future	high	Muller 1865, ZGP-0361 conjunctive/future bi- prefix.
Das Märchen von den drei Brüdern	tb04_l11	7	bi̥dé	bıdê	1	dé	dê	de	give			high	Muller 1865, ZGP-0361 conjunctive/future bi- prefix.
Das Märchen von den drei Brüdern	tb04_l11	8	d̮éniai	cênyay	0	d̮éniai	cênyay	deniai	woman			unsplit	Current word-level token gloss; no confident internal split applied.
Das Märchen von den drei Brüdern	tb04_l11	9	me,	mê	0	me	mê	me	my			unsplit	Current word-level token gloss; no confident internal split applied.
Das Märchen von den drei Brüdern	tb04_l11	10	ḗ̱n’a	ena	0	ḗ̱n’a	ena	ena	this			unsplit	Current word-level token gloss; no confident internal split applied.
Das Märchen von den drei Brüdern	tb04_l11	11	gelāṅke	gêlankê	0	gelāṅke	gêlankê	gelanke	occasion			unsplit	Current word-level token gloss; no confident internal split applied.
Das Märchen von den drei Brüdern	tb04_l12	0	e̱k	ek	0	e̱k	ek	ek	if			unsplit	Current word-level token gloss; no confident internal split applied.
Das Märchen von den drei Brüdern	tb04_l12	1	te	tê	0	te	tê	te	you			unsplit	Current word-level token gloss; no confident internal split applied.
Das Märchen von den drei Brüdern	tb04_l12	2	ameí	amêy	0	ameí	amêy	amei	came			unsplit	Current word-level token gloss; no confident internal split applied.
Das Märchen von den drei Brüdern	tb04_l12	3	e̱z	ez	0	e̱z	ez	ez	I			unsplit	Current word-level token gloss; no confident internal split applied.
Das Märchen von den drei Brüdern	tb04_l12	4	he̱ma	hema	0	he̱ma	hema	hema	however			unsplit	Current word-level token gloss; no confident internal split applied.
Das Märchen von den drei Brüdern	tb04_l12	5	šuén’a.	şwêna	0	šuén’a	şwêna	suena	I go			unsplit	Current word-level token gloss; no confident internal split applied.
Das Märchen von den drei Brüdern	tb04_l12	6	H̔asanéki	'Hasanêki	0	H̔asanéki	'Hasanêki	hasaneki	Hasanek			unsplit	Current word-level token gloss; no confident internal split applied.
Das Märchen von den drei Brüdern	tb04_l12	7	va	va	0	va	va	va	said			unsplit	Current word-level token gloss; no confident internal split applied.
Das Märchen von den drei Brüdern	tb04_l12	8	ke:	kê	0	ke	kê	ke	that			unsplit	Current word-level token gloss; no confident internal split applied.
Das Märchen von den drei Brüdern	tb04_l12	9	ri̥ńd	rınyd	0	ri̥ńd	rınyd	rind	good			unsplit	Current word-level token gloss; no confident internal split applied.
Das Märchen von den drei Brüdern	tb04_l12	10	bén’u,	bênu	0	b	b	be	be/take			low	Muller 1865, ZGP-0356 present -ena/-ana material.	Use the phrase row for contexts where the idiom means carry off/take property.
Das Märchen von den drei Brüdern	tb04_l12	10	bén’u,	bênu	1	én’u	enu	-ena	PRS/FUT.3SG	suffix	tense_aspect=present_or_future;person=3;number=singular	medium	Muller 1865, ZGP-0356 present -ena/-ana material.
Das Märchen von den drei Brüdern	tb04_l12	11	eféndim.	êfêndim	0	eféndim	êfêndim	efendim	my lord			unsplit	Current word-level token gloss; no confident internal split applied.
Das Märchen von den drei Brüdern	tb04_l13	0	D́é̱wi	Dyewi	0	D́é̱wi	Dyewi	dewi	of the dev			unsplit	Current word-level token gloss; no confident internal split applied.
Das Märchen von den drei Brüdern	tb04_l13	1	yau	yaw	0	yau	yaw	yau	one			unsplit	Current word-level token gloss; no confident internal split applied.
Das Märchen von den drei Brüdern	tb04_l13	2	kaγít	kağit	0	kaγít	kağit	kagit				unsplit	Current word-level token gloss; no confident internal split applied.
Das Märchen von den drei Brüdern	tb04_l13	3	no̤št:	noşt	0	no̤št	noşt	nost	wrote			unsplit	Current word-level token gloss; no confident internal split applied.
Das Märchen von den drei Brüdern	tb04_l13	4	ḗ̱n’a	ena	0	ḗ̱n’a	ena	ena	this			unsplit	Current word-level token gloss; no confident internal split applied.
Das Märchen von den drei Brüdern	tb04_l13	5	gelā́ṅke	gêlankê	0	gelā́ṅke	gêlankê	gelanke	occasion			unsplit	Current word-level token gloss; no confident internal split applied.
Das Märchen von den drei Brüdern	tb04_l13	6	t̮imā́ni	çimani	0	t̮imā́ni	çimani	timani	eyes			unsplit	Current word-level token gloss; no confident internal split applied.
Das Märchen von den drei Brüdern	tb04_l13	7	H̔asanéki	'Hasanêki	0	H̔asanéki	'Hasanêki	hasaneki	Hasanek			unsplit	Current word-level token gloss; no confident internal split applied.
Das Märchen von den drei Brüdern	tb04_l13	8	míri,	miri	0	míri	miri	miri	to me			unsplit	Current word-level token gloss; no confident internal split applied.
Das Märchen von den drei Brüdern	tb04_l13	9	lau-	law	0	lau	law	lau	lips			unsplit	Current word-level token gloss; no confident internal split applied.
Das Märchen von den drei Brüdern	tb04_l14	0	wā́ni	wani	0	wā́ni	wani	wani	lips			unsplit	Current word-level token gloss; no confident internal split applied.
Das Märchen von den drei Brüdern	tb04_l14	1	H̔asanéki	'Hasanêki	0	H̔asanéki	'Hasanêki	hasaneki	Hasanek			unsplit	Current word-level token gloss; no confident internal split applied.
Das Märchen von den drei Brüdern	tb04_l14	2	trā	tra	0	trā	tra	tra	from			unsplit	Current word-level token gloss; no confident internal split applied.
Das Märchen von den drei Brüdern	tb04_l14	3	ke,	kê	0	ke	kê	ke	that			unsplit	Current word-level token gloss; no confident internal split applied.
Das Märchen von den drei Brüdern	tb04_l14	4	ke̱bā́b	kebab	0	ke̱bā́b	kebab	kebab	kebab			unsplit	Current word-level token gloss; no confident internal split applied.
Das Märchen von den drei Brüdern	tb04_l14	5	ke,	kê	0	ke	kê	ke	that			unsplit	Current word-level token gloss; no confident internal split applied.
Das Märchen von den drei Brüdern	tb04_l14	6	paúže,	pawjê	0	paúže	pawjê	pauze	place name			unsplit	Current word-level token gloss; no confident internal split applied.
Das Märchen von den drei Brüdern	tb04_l14	7	míri	miri	0	míri	miri	miri	to me			unsplit	Current word-level token gloss; no confident internal split applied.
Das Märchen von den drei Brüdern	tb04_l14	8	bḗ̱ršau,	berşaw	0	bḗ̱ršau	berşaw	bersau	send			unsplit	Current word-level token gloss; no confident internal split applied.
Das Märchen von den drei Brüdern	tb04_l14	9	e̱k	ek	0	e̱k	ek	ek	if			unsplit	Current word-level token gloss; no confident internal split applied.
Das Märchen von den drei Brüdern	tb04_l14	10	ḗ̱n’a	ena	0	ḗ̱n’a	ena	ena	this			unsplit	Current word-level token gloss; no confident internal split applied.
Das Märchen von den drei Brüdern	tb05_l01	0	gelā́ṅke	gêlankê	0	gelā́ṅke	gêlankê	gelanke	occasion			unsplit	Current word-level token gloss; no confident internal split applied.
Das Märchen von den drei Brüdern	tb05_l01	1	ḗ̱n’oe	enoê	0	ḗ̱n’oe	enoê	enoe	this			unsplit	Current word-level token gloss; no confident internal split applied.
Das Märchen von den drei Brüdern	tb05_l01	2	me̱rdṳ́m	merdüm	0	me̱rdṳ́m	merdüm	merdum	person			unsplit	Current word-level token gloss; no confident internal split applied.
Das Märchen von den drei Brüdern	tb05_l01	3	saγ	sağ	0	saγ	sağ	sag				unsplit	Current word-level token gloss; no confident internal split applied.
Das Märchen von den drei Brüdern	tb05_l01	4	amé	amê	0	amé	amê	ame	came			unsplit	Current word-level token gloss; no confident internal split applied.
Das Märchen von den drei Brüdern	tb05_l01	5	me	mê	0	me	mê	me	my			unsplit	Current word-level token gloss; no confident internal split applied.
Das Märchen von den drei Brüdern	tb05_l01	6	h̔ēt,	'hêt	0	h̔ēt	'hêt	het	side			unsplit	Current word-level token gloss; no confident internal split applied.
Das Märchen von den drei Brüdern	tb05_l01	7	e̱z	ez	0	e̱z	ez	ez	I			unsplit	Current word-level token gloss; no confident internal split applied.
Das Märchen von den drei Brüdern	tb05_l01	8	h̔aúńa	'hawnya	0	h̔aúńa	'hawnya	hauna	match			unsplit	Current word-level token gloss; no confident internal split applied.
Das Märchen von den drei Brüdern	tb05_l01	9	yén’a	yêna	0	yén’a	yêna	yena	I come			unsplit	Current word-level token gloss; no confident internal split applied.
Das Märchen von den drei Brüdern	tb05_l01	10	sé̱re	serê	0	sé̱re	serê	sere	head			unsplit	Current word-level token gloss; no confident internal split applied.
Das Märchen von den drei Brüdern	tb05_l02	0	de̱stā́ni	destani	0	de̱stā́ni	destani	destani	hands			unsplit	Current word-level token gloss; no confident internal split applied.
Das Märchen von den drei Brüdern	tb05_l02	1	liṅgā́ni	lingani	0	liṅgā́ni	lingani	lingani	legs			unsplit	Current word-level token gloss; no confident internal split applied.
Das Märchen von den drei Brüdern	tb05_l02	2	túe,	twê	0	túe	twê	tue	your			unsplit	Current word-level token gloss; no confident internal split applied.
Das Märchen von den drei Brüdern	tb05_l02	3	keínai	kêynay	0	keínai	kêynay	keinai	daughter			unsplit	Current word-level token gloss; no confident internal split applied.
Das Märchen von den drei Brüdern	tb05_l02	4	kuti̥ki,	kutıki	0	kuti̥ki	kutıki	kutiki	bad			unsplit	Current word-level token gloss; no confident internal split applied.
Das Märchen von den drei Brüdern	tb05_l02	5	trā	tra	0	trā	tra	tra	from			unsplit	Current word-level token gloss; no confident internal split applied.
Das Märchen von den drei Brüdern	tb05_l02	6	kén’a,	kêna	0	k	k	kerd	do/make			medium	Muller 1865, ZGP-0356 present -ena/-ana material.
Das Märchen von den drei Brüdern	tb05_l02	6	kén’a,	kêna	1	én’a	ena	-ena	PRS.1SG	suffix	tense_aspect=present;person=1;number=singular	medium	Muller 1865, ZGP-0356 present -ena/-ana material.
Das Märchen von den drei Brüdern	tb05_l02	7	túe	twê	0	túe	twê	tue	your			unsplit	Current word-level token gloss; no confident internal split applied.
Das Märchen von den drei Brüdern	tb05_l02	8	bén’a	bêna	0	b	b	be	be			medium	Muller 1865, ZGP-0356 present -ena/-ana material.
Das Märchen von den drei Brüdern	tb05_l02	8	bén’a	bêna	1	én’a	ena	-ena	PRS.1SG	suffix	tense_aspect=present;person=1;number=singular	medium	Muller 1865, ZGP-0356 present -ena/-ana material.
Das Märchen von den drei Brüdern	tb05_l02	9	sé̱ri	seri	0	sé̱ri	seri	seri	on			unsplit	Current word-level token gloss; no confident internal split applied.
Das Märchen von den drei Brüdern	tb05_l02	10	haut	hawt	0	haut	hawt	haut	seven			unsplit	Current word-level token gloss; no confident internal split applied.
Das Märchen von den drei Brüdern	tb05_l03	0	rayerā́ṅ	rayêrang	0	rayerā́ṅ	rayêrang	rayeran	roads			unsplit	Current word-level token gloss; no confident internal split applied.
Das Märchen von den drei Brüdern	tb05_l03	1	ve̱r	ver	0	ve̱r	ver	ver	front			unsplit	Current word-level token gloss; no confident internal split applied.
Das Märchen von den drei Brüdern	tb05_l03	2	dāna.	dana	0	dāna	dana	dana	I give			unsplit	Current word-level token gloss; no confident internal split applied.
Das Märchen von den drei Brüdern	tb05_l03	3	Dau	Daw	0	Dau	Daw	dau	dev			unsplit	Current word-level token gloss; no confident internal split applied.
Das Märchen von den drei Brüdern	tb05_l03	4	we̱ríšt,	werişt	0	we̱ríšt	werişt	werist	got up			unsplit	Current word-level token gloss; no confident internal split applied.
Das Märchen von den drei Brüdern	tb05_l03	5	kayít	kayit	0	kayít	kayit	kayit	letter			unsplit	Current word-level token gloss; no confident internal split applied.
Das Märchen von den drei Brüdern	tb05_l03	6	nošt,	noşt	0	nošt	noşt	nost	wrote			unsplit	Current word-level token gloss; no confident internal split applied.
Das Märchen von den drei Brüdern	tb05_l03	7	dā	da	0	dā	da	da	gave			unsplit	Current word-level token gloss; no confident internal split applied.
Das Märchen von den drei Brüdern	tb05_l03	8	H̔asanékira.	'Hasanêkira	0	H̔asanéki	'Hasanêki	hasaneki	Hasanek			medium	Contextual ra split; function checked against project ra conventions.
Das Märchen von den drei Brüdern	tb05_l03	8	H̔asanékira.	'Hasanêkira	1	ra	ra	ra	RECIP	postposition	case_or_relation=contextual	medium	Muller 1865, ZGP-0336; project glossing_conventions.tsv keeps ra contextual.
Das Märchen von den drei Brüdern	tb05_l03	9	H̔a-	'Ha	0	H̔a	'Ha	ha	there			unsplit	Current word-level token gloss; no confident internal split applied.
Das Märchen von den drei Brüdern	tb05_l04	0	sanéki	sanêki	0	sanéki	sanêki	saneki				unsplit	Current word-level token gloss; no confident internal split applied.
Das Märchen von den drei Brüdern	tb05_l04	1	geraút,	gêrawt	0	geraút	gêrawt	geraut	took			unsplit	Current word-level token gloss; no confident internal split applied.
Das Märchen von den drei Brüdern	tb05_l04	2	di̥	dı	0	di̥	dı	di	saw			unsplit	Current word-level token gloss; no confident internal split applied.
Das Märchen von den drei Brüdern	tb05_l04	3	sá’ati	saati	0	sá’ati	saati	saati	hours			unsplit	Current word-level token gloss; no confident internal split applied.
Das Märchen von den drei Brüdern	tb05_l04	4	d̮ā	ca	0	d̮ā	ca	da	gave			unsplit	Current word-level token gloss; no confident internal split applied.
Das Märchen von den drei Brüdern	tb05_l04	5	šẹ̄,	şê	0	šẹ̄	şê	se	what			unsplit	Current word-level token gloss; no confident internal split applied.
Das Märchen von den drei Brüdern	tb05_l04	6	kaγít	kağit	0	kaγít	kağit	kagit				unsplit	Current word-level token gloss; no confident internal split applied.
Das Märchen von den drei Brüdern	tb05_l04	7	akērd,	akêrd	0	akērd	akêrd	akerd	opened			unsplit	Current word-level token gloss; no confident internal split applied.
Das Märchen von den drei Brüdern	tb05_l04	8	kaγít	kağit	0	kaγít	kağit	kagit				unsplit	Current word-level token gloss; no confident internal split applied.
Das Märchen von den drei Brüdern	tb05_l04	9	we̱ṅd,	wengd	0	we̱ṅd	wengd	wend	read			unsplit	Current word-level token gloss; no confident internal split applied.
Das Märchen von den drei Brüdern	tb05_l04	10	auńá,	awnya	0	auńá	awnya	auna	saw			unsplit	Current word-level token gloss; no confident internal split applied.
Das Märchen von den drei Brüdern	tb05_l04	11	é̱ke	ekê	0	é̱ke	ekê	eke	if			unsplit	Current word-level token gloss; no confident internal split applied.
Das Märchen von den drei Brüdern	tb05_l05	0	dēwi	dêwi	0	dēwi	dêwi	dewi	of the dev			unsplit	Current word-level token gloss; no confident internal split applied.
Das Märchen von den drei Brüdern	tb05_l05	1	kaγíti	kağiti	0	kaγíti	kağiti	kagiti				unsplit	Current word-level token gloss; no confident internal split applied.
Das Märchen von den drei Brüdern	tb05_l05	2	no̤štu,	noştu	0	no̤štu	noştu	nostu	wrote			unsplit	Current word-level token gloss; no confident internal split applied.
Das Märchen von den drei Brüdern	tb05_l05	3	e̱k	ek	0	e̱k	ek	ek	if			unsplit	Current word-level token gloss; no confident internal split applied.
Das Märchen von den drei Brüdern	tb05_l05	4	ḗ̱n’a	ena	0	ḗ̱n’a	ena	ena	this			unsplit	Current word-level token gloss; no confident internal split applied.
Das Märchen von den drei Brüdern	tb05_l05	5	gelā́ṅke	gêlankê	0	gelā́ṅke	gêlankê	gelanke	occasion			unsplit	Current word-level token gloss; no confident internal split applied.
Das Märchen von den drei Brüdern	tb05_l05	6	míri	miri	0	míri	miri	miri	to me			unsplit	Current word-level token gloss; no confident internal split applied.
Das Märchen von den drei Brüdern	tb05_l05	7	t̮imā́ni,	çimani	0	t̮imā́ni	çimani	timani	eyes			unsplit	Current word-level token gloss; no confident internal split applied.
Das Märchen von den drei Brüdern	tb05_l05	8	lauwā́ni	lawani	0	lauwā́ni	lawani	lauwani	lips			unsplit	Current word-level token gloss; no confident internal split applied.
Das Märchen von den drei Brüdern	tb05_l05	9	H̔asané-	'Hasanê	0	H̔asané	'Hasanê	hasane	Hasanek			unsplit	Current word-level token gloss; no confident internal split applied.
Das Märchen von den drei Brüdern	tb05_l06	0	ki	ki	0	ki	ki	ki	that			unsplit	Current word-level token gloss; no confident internal split applied.
Das Märchen von den drei Brüdern	tb05_l06	1	trā	tra	0	trā	tra	tra	from			unsplit	Current word-level token gloss; no confident internal split applied.
Das Märchen von den drei Brüdern	tb05_l06	2	ke,	kê	0	ke	kê	ke	that			unsplit	Current word-level token gloss; no confident internal split applied.
Das Märchen von den drei Brüdern	tb05_l06	3	míri	miri	0	míri	miri	miri	to me			unsplit	Current word-level token gloss; no confident internal split applied.
Das Märchen von den drei Brüdern	tb05_l06	4	ke̱bā́b	kebab	0	ke̱bā́b	kebab	kebab	kebab			unsplit	Current word-level token gloss; no confident internal split applied.
Das Märchen von den drei Brüdern	tb05_l06	5	ke,	kê	0	ke	kê	ke	that			unsplit	Current word-level token gloss; no confident internal split applied.
Das Märchen von den drei Brüdern	tb05_l06	6	bḗ̱ršau,	berşaw	0	bḗ̱ršau	berşaw	bersau	send			unsplit	Current word-level token gloss; no confident internal split applied.
Das Märchen von den drei Brüdern	tb05_l06	7	ḗ̱n’a	ena	0	ḗ̱n’a	ena	ena	this			unsplit	Current word-level token gloss; no confident internal split applied.
Das Märchen von den drei Brüdern	tb05_l06	8	gelāṅke	gêlankê	0	gelāṅke	gêlankê	gelanke	occasion			unsplit	Current word-level token gloss; no confident internal split applied.
Das Märchen von den drei Brüdern	tb05_l06	9	ḗ̱n’oe	enoê	0	ḗ̱n’oe	enoê	enoe	this			unsplit	Current word-level token gloss; no confident internal split applied.
Das Märchen von den drei Brüdern	tb05_l06	10	me̱rdṳ́m	merdüm	0	me̱rdṳ́m	merdüm	merdum	person			unsplit	Current word-level token gloss; no confident internal split applied.
Das Märchen von den drei Brüdern	tb05_l06	11	é̱ke	ekê	0	é̱ke	ekê	eke	if			unsplit	Current word-level token gloss; no confident internal split applied.
Das Märchen von den drei Brüdern	tb05_l07	0	we̱š	weş	0	we̱š	weş	wes	well			unsplit	Current word-level token gloss; no confident internal split applied.
Das Märchen von den drei Brüdern	tb05_l07	1	amé	amê	0	amé	amê	ame	came			unsplit	Current word-level token gloss; no confident internal split applied.
Das Märchen von den drei Brüdern	tb05_l07	2	me	mê	0	me	mê	me	my			unsplit	Current word-level token gloss; no confident internal split applied.
Das Märchen von den drei Brüdern	tb05_l07	3	h̔ēt,	'hêt	0	h̔ēt	'hêt	het	side			unsplit	Current word-level token gloss; no confident internal split applied.
Das Märchen von den drei Brüdern	tb05_l07	4	e̱z	ez	0	e̱z	ez	ez	I			unsplit	Current word-level token gloss; no confident internal split applied.
Das Märchen von den drei Brüdern	tb05_l07	5	ḗ̱n’a	ena	0	ḗ̱n’a	ena	ena	this			unsplit	Current word-level token gloss; no confident internal split applied.
Das Märchen von den drei Brüdern	tb05_l07	6	gelā́ṅke	gêlankê	0	gelā́ṅke	gêlankê	gelanke	occasion			unsplit	Current word-level token gloss; no confident internal split applied.
Das Märchen von den drei Brüdern	tb05_l07	7	yén’a	yêna	0	yén’a	yêna	yena	I come			unsplit	Current word-level token gloss; no confident internal split applied.
Das Märchen von den drei Brüdern	tb05_l07	8	keíye,	kêyê	0	keíye	kêyê	keiye	house			unsplit	Current word-level token gloss; no confident internal split applied.
Das Märchen von den drei Brüdern	tb05_l07	9	sé̱rei,	serêy	0	sé̱rei	serêy	serei	head			unsplit	Current word-level token gloss; no confident internal split applied.
Das Märchen von den drei Brüdern	tb05_l07	10	liṅgā́ni,	lingani	0	liṅgā́ni	lingani	lingani	legs			unsplit	Current word-level token gloss; no confident internal split applied.
Das Märchen von den drei Brüdern	tb05_l07	11	de̱stā́ni	destani	0	de̱stā́ni	destani	destani	hands			unsplit	Current word-level token gloss; no confident internal split applied.
Das Märchen von den drei Brüdern	tb05_l08	0	túe,	twê	0	túe	twê	tue	your			unsplit	Current word-level token gloss; no confident internal split applied.
Das Märchen von den drei Brüdern	tb05_l08	1	keínai	kêynay	0	keínai	kêynay	keinai	daughter			unsplit	Current word-level token gloss; no confident internal split applied.
Das Märchen von den drei Brüdern	tb05_l08	2	kutí̥ki,	kutıki	0	kutí̥ki	kutıki	kutiki	bad			unsplit	Current word-level token gloss; no confident internal split applied.
Das Märchen von den drei Brüdern	tb05_l08	3	trā	tra	0	trā	tra	tra	from			unsplit	Current word-level token gloss; no confident internal split applied.
Das Märchen von den drei Brüdern	tb05_l08	4	kén’a,	kêna	0	k	k	kerd	do/make			medium	Muller 1865, ZGP-0356 present -ena/-ana material.
Das Märchen von den drei Brüdern	tb05_l08	4	kén’a,	kêna	1	én’a	ena	-ena	PRS.1SG	suffix	tense_aspect=present;person=1;number=singular	medium	Muller 1865, ZGP-0356 present -ena/-ana material.
Das Märchen von den drei Brüdern	tb05_l08	5	túe	twê	0	túe	twê	tue	your			unsplit	Current word-level token gloss; no confident internal split applied.
Das Märchen von den drei Brüdern	tb05_l08	6	bén’a	bêna	0	b	b	be	be			medium	Muller 1865, ZGP-0356 present -ena/-ana material.
Das Märchen von den drei Brüdern	tb05_l08	6	bén’a	bêna	1	én’a	ena	-ena	PRS.1SG	suffix	tense_aspect=present;person=1;number=singular	medium	Muller 1865, ZGP-0356 present -ena/-ana material.
Das Märchen von den drei Brüdern	tb05_l08	7	sé̱ri	seri	0	sé̱ri	seri	seri	on			unsplit	Current word-level token gloss; no confident internal split applied.
Das Märchen von den drei Brüdern	tb05_l08	8	haut	hawt	0	haut	hawt	haut	seven			unsplit	Current word-level token gloss; no confident internal split applied.
Das Märchen von den drei Brüdern	tb05_l08	9	rayerā́n	rayêran	0	rayerā́n	rayêran	rayeran	roads			unsplit	Current word-level token gloss; no confident internal split applied.
Das Märchen von den drei Brüdern	tb05_l08	10	ve̱r	ver	0	ve̱r	ver	ver	front			unsplit	Current word-level token gloss; no confident internal split applied.
Das Märchen von den drei Brüdern	tb05_l08	11	dā-	da	0	dā	da	da	gave			unsplit	Current word-level token gloss; no confident internal split applied.
Das Märchen von den drei Brüdern	tb05_l09	0	na,	na	0	na	na	na	ended			unsplit	Current word-level token gloss; no confident internal split applied.
Das Märchen von den drei Brüdern	tb05_l09	1	t̮au	çaw	0	t̮au	çaw	tau	no one			unsplit	Current word-level token gloss; no confident internal split applied.
Das Märchen von den drei Brüdern	tb05_l09	2	túeri	twêri	0	túe	twê	tue	2SG.OBL			high	Muller 1865, ZGP-0337-ZGP-0339 ri/ru/-i object or goal material.
Das Märchen von den drei Brüdern	tb05_l09	2	túeri	twêri	1	ri	ri	ri	GOAL/RECIP	case/postposition	relation=goal_or_recipient	high	Muller 1865, ZGP-0337-ZGP-0339 ri/ru/-i object or goal material.
Das Märchen von den drei Brüdern	tb05_l09	3	wáyerei	wayêrêy	0	wáyerei	wayêrêy	wayerei	lordship			unsplit	Current word-level token gloss; no confident internal split applied.
Das Märchen von den drei Brüdern	tb05_l09	4	ńekén’u.	nyêkênu	0	ńekén’u	nyêkênu	nekenu	does not do			unsplit	Current word-level token gloss; no confident internal split applied.
Das Märchen von den drei Brüdern	tb05_l09	5	H̔asanéki	'Hasanêki	0	H̔asanéki	'Hasanêki	hasaneki	Hasanek			unsplit	Current word-level token gloss; no confident internal split applied.
Das Märchen von den drei Brüdern	tb05_l09	6	kaγít	kağit	0	kaγít	kağit	kagit				unsplit	Current word-level token gloss; no confident internal split applied.
Das Märchen von den drei Brüdern	tb05_l09	7	we̱ṅd,	wengd	0	we̱ṅd	wengd	wend	read			unsplit	Current word-level token gloss; no confident internal split applied.
Das Märchen von den drei Brüdern	tb05_l09	8	é̱ke	ekê	0	é̱ke	ekê	eke	if			unsplit	Current word-level token gloss; no confident internal split applied.
Das Märchen von den drei Brüdern	tb05_l09	9	dé̱wi	dewi	0	dé̱wi	dewi	dewi	of the dev			unsplit	Current word-level token gloss; no confident internal split applied.
Das Märchen von den drei Brüdern	tb05_l10	0	kaγít	kağit	0	kaγít	kağit	kagit				unsplit	Current word-level token gloss; no confident internal split applied.
Das Märchen von den drei Brüdern	tb05_l10	1	sa	sa	0	sa	sa	sa	what			unsplit	Current word-level token gloss; no confident internal split applied.
Das Märchen von den drei Brüdern	tb05_l10	2	kateí	katêy	0	kateí	katêy	katei	bad			unsplit	Current word-level token gloss; no confident internal split applied.
Das Märchen von den drei Brüdern	tb05_l10	3	té̱de	tedê	0	té̱	te	te	it			medium	ZGP-0340; contextual locative -de.
Das Märchen von den drei Brüdern	tb05_l10	3	té̱de	tedê	1	de	de	-de	LOC	case	case=locative	high	Muller 1865, ZGP-0340 locative -de.
Das Märchen von den drei Brüdern	tb05_l10	4	nó̤štu.	noştu	0	nó̤štu	noştu	nostu	wrote			unsplit	Current word-level token gloss; no confident internal split applied.
Das Märchen von den drei Brüdern	tb05_l10	5	H̔asanéki	'Hasanêki	0	H̔asanéki	'Hasanêki	hasaneki	Hasanek			unsplit	Current word-level token gloss; no confident internal split applied.
Das Märchen von den drei Brüdern	tb05_l10	6	kaγít	kağit	0	kaγít	kağit	kagit				unsplit	Current word-level token gloss; no confident internal split applied.
Das Märchen von den drei Brüdern	tb05_l10	7	di̥rná,	dırna	0	di̥rná	dırna	dirna	to tear up			unsplit	Current word-level token gloss; no confident internal split applied.
Das Märchen von den drei Brüdern	tb05_l10	8	ẹ̄št,	êşt	0	ẹ̄št	êşt	est	threw away			unsplit	Current word-level token gloss; no confident internal split applied.
Das Märchen von den drei Brüdern	tb05_l10	9	yaúna	yawna	0	yaúna	yawna	yauna	another			unsplit	Current word-level token gloss; no confident internal split applied.
Das Märchen von den drei Brüdern	tb05_l10	10	ka-	ka	0	ka	ka	ka	would			unsplit	Current word-level token gloss; no confident internal split applied.
Das Märchen von den drei Brüdern	tb05_l11	0	γít	ğit	0	γít	ğit	git				unsplit	Current word-level token gloss; no confident internal split applied.
Das Märchen von den drei Brüdern	tb05_l11	1	nöšt,	noşt	0	nöšt	noşt	nost	wrote			unsplit	Current word-level token gloss; no confident internal split applied.
Das Märchen von den drei Brüdern	tb05_l11	2	é̱ke	ekê	0	é̱ke	ekê	eke	if			unsplit	Current word-level token gloss; no confident internal split applied.
Das Märchen von den drei Brüdern	tb05_l11	3	míri	miri	0	míri	miri	miri	to me			unsplit	Current word-level token gloss; no confident internal split applied.
Das Märchen von den drei Brüdern	tb05_l11	4	ḗ̱n’a	ena	0	ḗ̱n’a	ena	ena	this			unsplit	Current word-level token gloss; no confident internal split applied.
Das Märchen von den drei Brüdern	tb05_l11	5	gelā́ṅke	gêlankê	0	gelā́ṅke	gêlankê	gelanke	occasion			unsplit	Current word-level token gloss; no confident internal split applied.
Das Märchen von den drei Brüdern	tb05_l11	6	gai	gay	0	gai	gay	gai	ox			unsplit	Current word-level token gloss; no confident internal split applied.
Das Märchen von den drei Brüdern	tb05_l11	7	šṳ́ri	şüri	0	šṳ́ri	şüri	suri	red			unsplit	Current word-level token gloss; no confident internal split applied.
Das Märchen von den drei Brüdern	tb05_l11	8	sé̱re	serê	0	sé̱re	serê	sere	head			unsplit	Current word-level token gloss; no confident internal split applied.
Das Märchen von den drei Brüdern	tb05_l11	9	bí̥rné,	bırnê	0	bí̥rné	bırnê	birne	slaughter			unsplit	Current word-level token gloss; no confident internal split applied.
Das Märchen von den drei Brüdern	tb05_l11	10	míri	miri	0	míri	miri	miri	to me			unsplit	Current word-level token gloss; no confident internal split applied.
Das Märchen von den drei Brüdern	tb05_l11	11	ke̱bā́b	kebab	0	ke̱bā́b	kebab	kebab	kebab			unsplit	Current word-level token gloss; no confident internal split applied.
Das Märchen von den drei Brüdern	tb05_l12	0	ke,	kê	0	ke	kê	ke	that			unsplit	Current word-level token gloss; no confident internal split applied.
Das Märchen von den drei Brüdern	tb05_l12	1	paúže,	pawjê	0	paúže	pawjê	pauze	place name			unsplit	Current word-level token gloss; no confident internal split applied.
Das Märchen von den drei Brüdern	tb05_l12	2	nā	na	0	nā	na	na	ended			unsplit	Current word-level token gloss; no confident internal split applied.
Das Märchen von den drei Brüdern	tb05_l12	3	pilaú	pilaw	0	pilaú	pilaw	pilau	pilaf			unsplit	Current word-level token gloss; no confident internal split applied.
Das Märchen von den drei Brüdern	tb05_l12	4	míri	miri	0	míri	miri	miri	to me			unsplit	Current word-level token gloss; no confident internal split applied.
Das Märchen von den drei Brüdern	tb05_l12	5	bē̱ršaúe,	berşawê	0	bē̱ršaúe	berşawê	bersaue	send			unsplit	Current word-level token gloss; no confident internal split applied.
Das Märchen von den drei Brüdern	tb05_l12	6	é̱mšoe	emşoê	0	é̱mšoe	emşoê	emsoe	tonight			unsplit	Current word-level token gloss; no confident internal split applied.
Das Märchen von den drei Brüdern	tb05_l12	7	H̔asanék	'Hasanêk	0	H̔asanék	'Hasanêk	hasanek	Hasanek			unsplit	Current word-level token gloss; no confident internal split applied.
Das Märchen von den drei Brüdern	tb05_l12	8	keínai	kêynay	0	keínai	kêynay	keinai	daughter			unsplit	Current word-level token gloss; no confident internal split applied.
Das Märchen von den drei Brüdern	tb05_l12	9	mína	mina	0	mína	mina	mina	my			unsplit	Current word-level token gloss; no confident internal split applied.
Das Märchen von den drei Brüdern	tb05_l13	0	ki̥d̮i	kıci	0	ki̥d̮i	kıci	kidi	small			unsplit	Current word-level token gloss; no confident internal split applied.
Das Märchen von den drei Brüdern	tb05_l13	1	h̔ēte	'hêtê	0	h̔ēte	'hêtê	hete	with			unsplit	Current word-level token gloss; no confident internal split applied.
Das Märchen von den drei Brüdern	tb05_l13	2	rā	ra	0	rā	ra	ra	to			unsplit	Current word-level token gloss; no confident internal split applied.
Das Märchen von den drei Brüdern	tb05_l13	3	ku,	ku	0	ku	ku	ku	that			unsplit	Current word-level token gloss; no confident internal split applied.
Das Märchen von den drei Brüdern	tb05_l13	4	so̤bā́	soba	0	so̤bā́	soba	soba	morning			unsplit	Current word-level token gloss; no confident internal split applied.
Das Märchen von den drei Brüdern	tb05_l13	5	nā	na	0	nā	na	na	ended			unsplit	Current word-level token gloss; no confident internal split applied.
Das Märchen von den drei Brüdern	tb05_l13	6	pilaú	pilaw	0	pilaú	pilaw	pilau	pilaf			unsplit	Current word-level token gloss; no confident internal split applied.
Das Märchen von den drei Brüdern	tb05_l13	7	biǵú,	bigu	0	biǵú	bigu	bigu	take			unsplit	Current word-level token gloss; no confident internal split applied.
Das Märchen von den drei Brüdern	tb05_l13	8	biáru.	byaru	0	biáru	byaru	biaru	bring			unsplit	Current word-level token gloss; no confident internal split applied.
Das Märchen von den drei Brüdern	tb05_l13	9	H̔asanéki	'Hasanêki	0	H̔asanéki	'Hasanêki	hasaneki	Hasanek			unsplit	Current word-level token gloss; no confident internal split applied.
Das Märchen von den drei Brüdern	tb05_l13	10	kayít	kayit	0	kayít	kayit	kayit	letter			unsplit	Current word-level token gloss; no confident internal split applied.
Das Märchen von den drei Brüdern	tb05_l13	11	be̱rd,	berd	0	be̱rd	berd	berd	took			unsplit	Current word-level token gloss; no confident internal split applied.
Das Märchen von den drei Brüdern	tb05_l14	0	dā	da	0	dā	da	da	gave			unsplit	Current word-level token gloss; no confident internal split applied.
Das Märchen von den drei Brüdern	tb05_l14	1	d̮éniai	cênyay	0	d̮éniai	cênyay	deniai	woman			unsplit	Current word-level token gloss; no confident internal split applied.
Das Märchen von den drei Brüdern	tb05_l14	2	d́é̱wi.	dyewi	0	d́é̱wi	dyewi	dewi	of the dev			unsplit	Current word-level token gloss; no confident internal split applied.
Das Märchen von den drei Brüdern	tb05_l14	3	D̮éniai	Cênyay	0	D̮éniai	Cênyay	deniai	woman			unsplit	Current word-level token gloss; no confident internal split applied.
Das Märchen von den drei Brüdern	tb05_l14	4	d́éwi	dyêwi	0	d́éwi	dyêwi	dewi	of the dev			unsplit	Current word-level token gloss; no confident internal split applied.
Das Märchen von den drei Brüdern	tb05_l14	5	kaγít	kağit	0	kaγít	kağit	kagit				unsplit	Current word-level token gloss; no confident internal split applied.
Das Märchen von den drei Brüdern	tb05_l14	6	we̱ṅd,	wengd	0	we̱ṅd	wengd	wend	read			unsplit	Current word-level token gloss; no confident internal split applied.
Das Märchen von den drei Brüdern	tb05_l14	7	ḗ̱ke	ekê	0	ḗ̱ke	ekê	eke	if			unsplit	Current word-level token gloss; no confident internal split applied.
Das Märchen von den drei Brüdern	tb05_l14	8	d́é̱wi	dyewi	0	d́é̱wi	dyewi	dewi	of the dev			unsplit	Current word-level token gloss; no confident internal split applied.
Das Märchen von den drei Brüdern	tb05_l14	9	té̱de	tedê	0	té̱	te	te	it			medium	ZGP-0340; contextual locative -de.
Das Märchen von den drei Brüdern	tb05_l14	9	té̱de	tedê	1	de	de	-de	LOC	case	case=locative	high	Muller 1865, ZGP-0340 locative -de.
Das Märchen von den drei Brüdern	tb05_l14	10	nó̤štu:	noştu	0	nó̤štu	noştu	nostu	wrote			unsplit	Current word-level token gloss; no confident internal split applied.
Das Märchen von den drei Brüdern	tb05_l15	0	míri	miri	0	míri	miri	miri	to me			unsplit	Current word-level token gloss; no confident internal split applied.
Das Märchen von den drei Brüdern	tb05_l15	1	gai	gay	0	gai	gay	gai	ox			unsplit	Current word-level token gloss; no confident internal split applied.
Das Märchen von den drei Brüdern	tb05_l15	2	šṳ́ri	şüri	0	šṳ́ri	şüri	suri	red			unsplit	Current word-level token gloss; no confident internal split applied.
Das Märchen von den drei Brüdern	tb05_l15	3	sé̱re	serê	0	sé̱re	serê	sere	head			unsplit	Current word-level token gloss; no confident internal split applied.
Das Märchen von den drei Brüdern	tb05_l15	4	bí̥rne,	bırnê	0	bí̥rne	bırnê	birne	slaughter			unsplit	Current word-level token gloss; no confident internal split applied.
Das Märchen von den drei Brüdern	tb05_l15	5	gṓšti	goşti	0	gṓšti	goşti	gosti	meat			unsplit	Current word-level token gloss; no confident internal split applied.
Das Märchen von den drei Brüdern	tb05_l15	6	gai	gay	0	gai	gay	gai	ox			unsplit	Current word-level token gloss; no confident internal split applied.
Das Märchen von den drei Brüdern	tb05_l15	7	šṳ́ri	şüri	0	šṳ́ri	şüri	suri	red			unsplit	Current word-level token gloss; no confident internal split applied.
Das Märchen von den drei Brüdern	tb05_l15	8	ke̱bā́b	kebab	0	ke̱bā́b	kebab	kebab	kebab			unsplit	Current word-level token gloss; no confident internal split applied.
Das Märchen von den drei Brüdern	tb05_l15	9	ke,	kê	0	ke	kê	ke	that			unsplit	Current word-level token gloss; no confident internal split applied.
Das Märchen von den drei Brüdern	tb05_l15	10	paúd̮e,	pawcê	0	paúd̮e	pawcê	paude	roast			unsplit	Current word-level token gloss; no confident internal split applied.
Das Märchen von den drei Brüdern	tb05_l15	11	bḗ̱ršau,	berşaw	0	bḗ̱ršau	berşaw	bersau	send			unsplit	Current word-level token gloss; no confident internal split applied.
Das Märchen von den drei Brüdern	tb06_l01	0	ḗ̱mšoe	emşoê	0	ḗ̱mšoe	emşoê	emsoe	tonight			unsplit	Current word-level token gloss; no confident internal split applied.
Das Märchen von den drei Brüdern	tb06_l01	1	H̔asanék	'Hasanêk	0	H̔asanék	'Hasanêk	hasanek	Hasanek			unsplit	Current word-level token gloss; no confident internal split applied.
Das Märchen von den drei Brüdern	tb06_l01	2	wa	wa	0	wa	wa	wa	let			unsplit	Current word-level token gloss; no confident internal split applied.
Das Märchen von den drei Brüdern	tb06_l01	3	keínai	kêynay	0	keínai	kêynay	keinai	daughter			unsplit	Current word-level token gloss; no confident internal split applied.
Das Märchen von den drei Brüdern	tb06_l01	4	mína	mina	0	mína	mina	mina	my			unsplit	Current word-level token gloss; no confident internal split applied.
Das Märchen von den drei Brüdern	tb06_l01	5	ki̥d̮i	kıci	0	ki̥d̮i	kıci	kidi	small			unsplit	Current word-level token gloss; no confident internal split applied.
Das Märchen von den drei Brüdern	tb06_l01	6	h̔ēte	'hêtê	0	h̔ēte	'hêtê	hete	with			unsplit	Current word-level token gloss; no confident internal split applied.
Das Märchen von den drei Brüdern	tb06_l01	7	rā	ra	0	rā	ra	ra	to			unsplit	Current word-level token gloss; no confident internal split applied.
Das Märchen von den drei Brüdern	tb06_l01	8	ku,	ku	0	ku	ku	ku	that			unsplit	Current word-level token gloss; no confident internal split applied.
Das Märchen von den drei Brüdern	tb06_l01	9	so̤bā́	soba	0	so̤bā́	soba	soba	morning			unsplit	Current word-level token gloss; no confident internal split applied.
Das Märchen von den drei Brüdern	tb06_l01	10	míri	miri	0	míri	miri	miri	to me			unsplit	Current word-level token gloss; no confident internal split applied.
Das Märchen von den drei Brüdern	tb06_l01	11	nā	na	0	nā	na	na	ended			unsplit	Current word-level token gloss; no confident internal split applied.
Das Märchen von den drei Brüdern	tb06_l02	0	pilaú	pilaw	0	pilaú	pilaw	pilau	pilaf			unsplit	Current word-level token gloss; no confident internal split applied.
Das Märchen von den drei Brüdern	tb06_l02	1	ke̱bā́b	kebab	0	ke̱bā́b	kebab	kebab	kebab			unsplit	Current word-level token gloss; no confident internal split applied.
Das Märchen von den drei Brüdern	tb06_l02	2	biáru.	byaru	0	biáru	byaru	biaru	bring			unsplit	Current word-level token gloss; no confident internal split applied.
Das Märchen von den drei Brüdern	tb06_l02	3	D̮éniai	Cênyay	0	D̮éniai	Cênyay	deniai	woman			unsplit	Current word-level token gloss; no confident internal split applied.
Das Märchen von den drei Brüdern	tb06_l02	4	d́é̱wi	dyewi	0	d́é̱wi	dyewi	dewi	of the dev			unsplit	Current word-level token gloss; no confident internal split applied.
Das Märchen von den drei Brüdern	tb06_l02	5	gaí	gay	0	gaí	gay	gai	ox			unsplit	Current word-level token gloss; no confident internal split applied.
Das Märchen von den drei Brüdern	tb06_l02	6	sṳr	sür	0	sṳr	sür	sur	red			unsplit	Current word-level token gloss; no confident internal split applied.
Das Märchen von den drei Brüdern	tb06_l02	7	sé̱re	serê	0	sé̱re	serê	sere	head			unsplit	Current word-level token gloss; no confident internal split applied.
Das Märchen von den drei Brüdern	tb06_l02	8	bi̥rná,	bırna	0	bi̥rná	bırna	birna	cut			unsplit	Current word-level token gloss; no confident internal split applied.
Das Märchen von den drei Brüdern	tb06_l02	9	gṓšti	goşti	0	gṓšti	goşti	gosti	meat			unsplit	Current word-level token gloss; no confident internal split applied.
Das Märchen von den drei Brüdern	tb06_l02	10	gai	gay	0	gai	gay	gai	ox			unsplit	Current word-level token gloss; no confident internal split applied.
Das Märchen von den drei Brüdern	tb06_l02	11	šṳ́ri	şüri	0	šṳ́ri	şüri	suri	red			unsplit	Current word-level token gloss; no confident internal split applied.
Das Märchen von den drei Brüdern	tb06_l03	0	ke̱bā́b	kebab	0	ke̱bā́b	kebab	kebab	kebab			unsplit	Current word-level token gloss; no confident internal split applied.
Das Märchen von den drei Brüdern	tb06_l03	1	ke,	kê	0	ke	kê	ke	that			unsplit	Current word-level token gloss; no confident internal split applied.
Das Märchen von den drei Brüdern	tb06_l03	2	paúd̮e,	pawcê	0	paúd̮e	pawcê	paude	roast			unsplit	Current word-level token gloss; no confident internal split applied.
Das Märchen von den drei Brüdern	tb06_l03	3	bḗ̱ršau,	berşaw	0	bḗ̱ršau	berşaw	bersau	send			unsplit	Current word-level token gloss; no confident internal split applied.
Das Märchen von den drei Brüdern	tb06_l03	4	ḗ̱mšoe	emşoê	0	ḗ̱mšoe	emşoê	emsoe	tonight			unsplit	Current word-level token gloss; no confident internal split applied.
Das Märchen von den drei Brüdern	tb06_l03	5	H̔asanék	'Hasanêk	0	H̔asanék	'Hasanêk	hasanek	Hasanek			unsplit	Current word-level token gloss; no confident internal split applied.
Das Märchen von den drei Brüdern	tb06_l03	6	wa	wa	0	wa	wa	wa	let			unsplit	Current word-level token gloss; no confident internal split applied.
Das Märchen von den drei Brüdern	tb06_l03	7	keínai	kêynay	0	keínai	kêynay	keinai	daughter			unsplit	Current word-level token gloss; no confident internal split applied.
Das Märchen von den drei Brüdern	tb06_l03	8	mína	mina	0	mína	mina	mina	my			unsplit	Current word-level token gloss; no confident internal split applied.
Das Märchen von den drei Brüdern	tb06_l03	9	ki̥d̮i	kıci	0	ki̥d̮i	kıci	kidi	small			unsplit	Current word-level token gloss; no confident internal split applied.
Das Märchen von den drei Brüdern	tb06_l04	0	h̔ēte	'hêtê	0	h̔ēte	'hêtê	hete	with			unsplit	Current word-level token gloss; no confident internal split applied.
Das Märchen von den drei Brüdern	tb06_l04	1	rā	ra	0	rā	ra	ra	to			unsplit	Current word-level token gloss; no confident internal split applied.
Das Märchen von den drei Brüdern	tb06_l04	2	ku,	ku	0	ku	ku	ku	that			unsplit	Current word-level token gloss; no confident internal split applied.
Das Märchen von den drei Brüdern	tb06_l04	3	söbā́	soba	0	söbā́	soba	soba	morning			unsplit	Current word-level token gloss; no confident internal split applied.
Das Märchen von den drei Brüdern	tb06_l04	4	míri	miri	0	míri	miri	miri	to me			unsplit	Current word-level token gloss; no confident internal split applied.
Das Märchen von den drei Brüdern	tb06_l04	5	nā	na	0	nā	na	na	ended			unsplit	Current word-level token gloss; no confident internal split applied.
Das Märchen von den drei Brüdern	tb06_l04	6	pilaú	pilaw	0	pilaú	pilaw	pilau	pilaf			unsplit	Current word-level token gloss; no confident internal split applied.
Das Märchen von den drei Brüdern	tb06_l04	7	ke̱bā́b	kebab	0	ke̱bā́b	kebab	kebab	kebab			unsplit	Current word-level token gloss; no confident internal split applied.
Das Märchen von den drei Brüdern	tb06_l04	8	biáru.	byaru	0	biáru	byaru	biaru	bring			unsplit	Current word-level token gloss; no confident internal split applied.
Das Märchen von den drei Brüdern	tb06_l04	9	D̮éniai	Cênyay	0	D̮éniai	Cênyay	deniai	woman			unsplit	Current word-level token gloss; no confident internal split applied.
Das Märchen von den drei Brüdern	tb06_l04	10	d́é̱wi	dyewi	0	d́é̱wi	dyewi	dewi	of the dev			unsplit	Current word-level token gloss; no confident internal split applied.
Das Märchen von den drei Brüdern	tb06_l04	11	gai	gay	0	gai	gay	gai	ox			unsplit	Current word-level token gloss; no confident internal split applied.
Das Märchen von den drei Brüdern	tb06_l04	12	sṳr	sür	0	sṳr	sür	sur	red			unsplit	Current word-level token gloss; no confident internal split applied.
Das Märchen von den drei Brüdern	tb06_l05	0	sé̱re	serê	0	sé̱re	serê	sere	head			unsplit	Current word-level token gloss; no confident internal split applied.
Das Märchen von den drei Brüdern	tb06_l05	1	bi̥rná,	bırna	0	bi̥rná	bırna	birna	cut			unsplit	Current word-level token gloss; no confident internal split applied.
Das Märchen von den drei Brüdern	tb06_l05	2	gṓšti	goşti	0	gṓšti	goşti	gosti	meat			unsplit	Current word-level token gloss; no confident internal split applied.
Das Märchen von den drei Brüdern	tb06_l05	3	gai	gay	0	gai	gay	gai	ox			unsplit	Current word-level token gloss; no confident internal split applied.
Das Märchen von den drei Brüdern	tb06_l05	4	šúri	şuri	0	šúri	şuri	suri	red			unsplit	Current word-level token gloss; no confident internal split applied.
Das Märchen von den drei Brüdern	tb06_l05	5	kerd	kêrd	0	kerd	kêrd	kerd	did			unsplit	Current word-level token gloss; no confident internal split applied.
Das Märchen von den drei Brüdern	tb06_l05	6	kebā́b.	kêbab	0	kebā́b	kêbab	kebab	kebab			unsplit	Current word-level token gloss; no confident internal split applied.
Das Märchen von den drei Brüdern	tb06_l05	7	H̔asanék	'Hasanêk	0	H̔asanék	'Hasanêk	hasanek	Hasanek			unsplit	Current word-level token gloss; no confident internal split applied.
Das Märchen von den drei Brüdern	tb06_l05	8	áya	aya	0	áya	aya	aya	Agha			unsplit	Current word-level token gloss; no confident internal split applied.
Das Märchen von den drei Brüdern	tb06_l05	9	šaúe	şawê	0	šaúe	şawê	saue	night			unsplit	Current word-level token gloss; no confident internal split applied.
Das Märchen von den drei Brüdern	tb06_l05	10	keína	kêyna	0	keína	kêyna	keina	daughter			unsplit	Current word-level token gloss; no confident internal split applied.
Das Märchen von den drei Brüdern	tb06_l05	11	ki̥d̮i	kıci	0	ki̥d̮i	kıci	kidi	small			unsplit	Current word-level token gloss; no confident internal split applied.
Das Märchen von den drei Brüdern	tb06_l05	12	h̔ēte	'hêtê	0	h̔ēte	'hêtê	hete	with			unsplit	Current word-level token gloss; no confident internal split applied.
Das Märchen von den drei Brüdern	tb06_l05	13	rā	ra	0	rā	ra	ra	to			unsplit	Current word-level token gloss; no confident internal split applied.
Das Märchen von den drei Brüdern	tb06_l05	14	kaut,	kawt	0	kaut	kawt	kaut	went			unsplit	Current word-level token gloss; no confident internal split applied.
Das Märchen von den drei Brüdern	tb06_l05	15	keif	kêyf	0	keif	kêyf	keif	pleasure			unsplit	Current word-level token gloss; no confident internal split applied.
Das Märchen von den drei Brüdern	tb06_l05	16	sefá	sêfa	0	sefá	sêfa	sefa	comfort			unsplit	Current word-level token gloss; no confident internal split applied.
Das Märchen von den drei Brüdern	tb06_l05	17	kerd	kêrd	0	kerd	kêrd	kerd	did			unsplit	Current word-level token gloss; no confident internal split applied.
Das Märchen von den drei Brüdern	tb06_l05	18	h̔é̱	'he	0	h̔é̱	'he	he	not			unsplit	Current word-level token gloss; no confident internal split applied.
Das Märchen von den drei Brüdern	tb06_l06	0	ta	ta	0	ta	ta	ta	until			unsplit	Current word-level token gloss; no confident internal split applied.
Das Märchen von den drei Brüdern	tb06_l06	1	sobā́.	soba	0	sobā́	soba	soba	morning			unsplit	Current word-level token gloss; no confident internal split applied.
Das Märchen von den drei Brüdern	tb06_l06	2	So̤bā́	Soba	0	So̤bā́	Soba	soba	morning			unsplit	Current word-level token gloss; no confident internal split applied.
Das Märchen von den drei Brüdern	tb06_l06	3	we̱ríšt,	werişt	0	we̱ríšt	werişt	werist	got up			unsplit	Current word-level token gloss; no confident internal split applied.
Das Märchen von den drei Brüdern	tb06_l06	4	šẹ̄	şê	0	šẹ̄	şê	se	what			unsplit	Current word-level token gloss; no confident internal split applied.
Das Märchen von den drei Brüdern	tb06_l06	5	h̔e̱ré̱mi	'heremi	0	h̔e̱ré̱mi	'heremi	heremi	chambers			unsplit	Current word-level token gloss; no confident internal split applied.
Das Märchen von den drei Brüdern	tb06_l06	6	d́éwi,	dyêwi	0	d́éwi	dyêwi	dewi	of the dev			unsplit	Current word-level token gloss; no confident internal split applied.
Das Märchen von den drei Brüdern	tb06_l06	7	vā	va	0	vā	va	va	said			unsplit	Current word-level token gloss; no confident internal split applied.
Das Märchen von den drei Brüdern	tb06_l06	8	d̮éniai	cênyay	0	d̮éniai	cênyay	deniai	woman			unsplit	Current word-level token gloss; no confident internal split applied.
Das Märchen von den drei Brüdern	tb06_l06	9	d̮é̱wira,	cewira	0	d̮é̱wi	cewi	dewi	dev			medium	Contextual ra split; function checked against project ra conventions.
Das Märchen von den drei Brüdern	tb06_l06	9	d̮é̱wira,	cewira	1	ra	ra	ra	RECIP	postposition	case_or_relation=contextual	medium	Muller 1865, ZGP-0336; project glossing_conventions.tsv keeps ra contextual.
Das Märchen von den drei Brüdern	tb06_l06	10	t̮i	çi	0	t̮i	çi	ti	you			unsplit	Current word-level token gloss; no confident internal split applied.
Das Märchen von den drei Brüdern	tb06_l06	11	bi̥dé,	bıdê	0	bi̥	bi	bi-	CONJ/FUT	prefix	mood=conjunctive;tense=future	high	Muller 1865, ZGP-0361 conjunctive/future bi- prefix.
Das Märchen von den drei Brüdern	tb06_l06	11	bi̥dé,	bıdê	1	dé	dê	de	give			high	Muller 1865, ZGP-0361 conjunctive/future bi- prefix.
Das Märchen von den drei Brüdern	tb06_l07	0	e̱z	ez	0	e̱z	ez	ez	I			unsplit	Current word-level token gloss; no confident internal split applied.
Das Märchen von den drei Brüdern	tb06_l07	1	bén’a	bêna	0	b	b	be	be			medium	Muller 1865, ZGP-0356 present -ena/-ana material.
Das Märchen von den drei Brüdern	tb06_l07	1	bén’a	bêna	1	én’a	ena	-ena	PRS.1SG	suffix	tense_aspect=present;person=1;number=singular	medium	Muller 1865, ZGP-0356 present -ena/-ana material.
Das Märchen von den drei Brüdern	tb06_l07	2	d́é̱wiri.	dyewiri	0	d́é̱wiri	dyewiri	dewiri	to the dev			unsplit	Current word-level token gloss; no confident internal split applied.
Das Märchen von den drei Brüdern	tb06_l07	3	D̮éniai	Cênyay	0	D̮éniai	Cênyay	deniai	woman			unsplit	Current word-level token gloss; no confident internal split applied.
Das Märchen von den drei Brüdern	tb06_l07	4	d́é̱wi	dyewi	0	d́é̱wi	dyewi	dewi	of the dev			unsplit	Current word-level token gloss; no confident internal split applied.
Das Märchen von den drei Brüdern	tb06_l07	5	we̱ríšte	weriştê	0	we̱ríšte	weriştê	weriste	got up			unsplit	Current word-level token gloss; no confident internal split applied.
Das Märchen von den drei Brüdern	tb06_l07	6	t̮i	çi	0	t̮i	çi	ti	thing			unsplit	Current word-level token gloss; no confident internal split applied.
Das Märchen von den drei Brüdern	tb06_l07	7	dā	da	0	dā	da	da	gave			unsplit	Current word-level token gloss; no confident internal split applied.
Das Märchen von den drei Brüdern	tb06_l07	8	H̔asanékī	'Hasanêki	0	H̔asanékī	'Hasanêki	hasaneki	Hasanek			unsplit	Current word-level token gloss; no confident internal split applied.
Das Märchen von den drei Brüdern	tb06_l07	9	vā	va	0	vā	va	va	said			unsplit	Current word-level token gloss; no confident internal split applied.
Das Märchen von den drei Brüdern	tb06_l07	10	ke:	kê	0	ke	kê	ke	that			unsplit	Current word-level token gloss; no confident internal split applied.
Das Märchen von den drei Brüdern	tb06_l07	11	me	mê	0	me	mê	me	my			unsplit	Current word-level token gloss; no confident internal split applied.
Das Märchen von den drei Brüdern	tb06_l08	0	véra	vêra	0	véra	vêra	vera	for			unsplit	Current word-level token gloss; no confident internal split applied.
Das Märchen von den drei Brüdern	tb06_l08	1	selā́mi	sêlami	0	selā́mi	sêlami	selami	greeting			unsplit	Current word-level token gloss; no confident internal split applied.
Das Märchen von den drei Brüdern	tb06_l08	2	d́é̱wi	dyewi	0	d́é̱wi	dyewi	dewi	of the dev			unsplit	Current word-level token gloss; no confident internal split applied.
Das Märchen von den drei Brüdern	tb06_l08	3	ke,	kê	0	ke	kê	ke	that			unsplit	Current word-level token gloss; no confident internal split applied.
Das Märchen von den drei Brüdern	tb06_l08	4	vā́d̮i	vaci	0	vā́d̮i	vaci	vadi	say			unsplit	Current word-level token gloss; no confident internal split applied.
Das Märchen von den drei Brüdern	tb06_l08	5	ke:	kê	0	ke	kê	ke	that			unsplit	Current word-level token gloss; no confident internal split applied.
Das Märchen von den drei Brüdern	tb06_l08	6	hei	hêy	0	hei	hêy	hei	hey			unsplit	Current word-level token gloss; no confident internal split applied.
Das Märchen von den drei Brüdern	tb06_l08	7	te̱ré̱s,	teres	0	te̱ré̱s	teres	teres	damned			unsplit	Current word-level token gloss; no confident internal split applied.
Das Märchen von den drei Brüdern	tb06_l08	8	túe	twê	0	túe	twê	tue	your			unsplit	Current word-level token gloss; no confident internal split applied.
Das Märchen von den drei Brüdern	tb06_l08	9	kei	kêy	0	kei	kêy	kei	house			unsplit	Current word-level token gloss; no confident internal split applied.
Das Märchen von den drei Brüdern	tb06_l08	10	me	mê	0	me	mê	me	my			unsplit	Current word-level token gloss; no confident internal split applied.
Das Märchen von den drei Brüdern	tb06_l08	11	χe̱ráb	xerab	0	χe̱ráb	xerab	xerab	ruined			unsplit	Current word-level token gloss; no confident internal split applied.
Das Märchen von den drei Brüdern	tb06_l08	12	nā.	na	0	nā	na	na	ended			unsplit	Current word-level token gloss; no confident internal split applied.
Das Märchen von den drei Brüdern	tb06_l09	0	H̔asanék	'Hasanêk	0	H̔asanék	'Hasanêk	hasanek	Hasanek			unsplit	Current word-level token gloss; no confident internal split applied.
Das Märchen von den drei Brüdern	tb06_l09	1	we̱ríšt	werişt	0	we̱ríšt	werişt	werist	got up			unsplit	Current word-level token gloss; no confident internal split applied.
Das Märchen von den drei Brüdern	tb06_l09	2	vā	va	0	vā	va	va	said			unsplit	Current word-level token gloss; no confident internal split applied.
Das Märchen von den drei Brüdern	tb06_l09	3	d̮éniai	cênyay	0	d̮éniai	cênyay	deniai	woman			unsplit	Current word-level token gloss; no confident internal split applied.
Das Märchen von den drei Brüdern	tb06_l09	4	d́é̱wira:	dyewira	0	d́é̱wi	dyewi	dewi	dev			medium	Contextual ra split; function checked against project ra conventions.
Das Märchen von den drei Brüdern	tb06_l09	4	d́é̱wira:	dyewira	1	ra	ra	ra	RECIP	postposition	case_or_relation=contextual	medium	Muller 1865, ZGP-0336; project glossing_conventions.tsv keeps ra contextual.
Das Märchen von den drei Brüdern	tb06_l09	5	ḗ̱n’a	ena	0	ḗ̱n’a	ena	ena	this			unsplit	Current word-level token gloss; no confident internal split applied.
Das Märchen von den drei Brüdern	tb06_l09	6	ga	ga	0	ga	ga	ga	ox, bullock			unsplit	Current word-level token gloss; no confident internal split applied.
Das Märchen von den drei Brüdern	tb06_l09	7	me	mê	0	me	mê	me	my			unsplit	Current word-level token gloss; no confident internal split applied.
Das Märchen von den drei Brüdern	tb06_l09	8	χatí̥r	xatır	0	χatí̥r	xatır	xatir	farewell			unsplit	Current word-level token gloss; no confident internal split applied.
Das Märchen von den drei Brüdern	tb06_l09	9	be	bê	0	be	bê	be	be			unsplit	Current word-level token gloss; no confident internal split applied.
Das Märchen von den drei Brüdern	tb06_l09	10	túe	twê	0	túe	twê	tue	your			unsplit	Current word-level token gloss; no confident internal split applied.
Das Märchen von den drei Brüdern	tb06_l09	11	e̱z	ez	0	e̱z	ez	ez	I			unsplit	Current word-level token gloss; no confident internal split applied.
Das Märchen von den drei Brüdern	tb06_l09	12	h̔a	'ha	0	h̔a	'ha	ha	there			unsplit	Current word-level token gloss; no confident internal split applied.
Das Märchen von den drei Brüdern	tb06_l10	0	šuén’a.	şwêna	0	šuén’a	şwêna	suena	I go			unsplit	Current word-level token gloss; no confident internal split applied.
Das Märchen von den drei Brüdern	tb06_l10	1	D̮éniai	Cênyay	0	D̮éniai	Cênyay	deniai	woman			unsplit	Current word-level token gloss; no confident internal split applied.
Das Märchen von den drei Brüdern	tb06_l10	2	d́éwi	dyêwi	0	d́éwi	dyêwi	dewi	of the dev			unsplit	Current word-level token gloss; no confident internal split applied.
Das Märchen von den drei Brüdern	tb06_l10	3	vā	va	0	vā	va	va	said			unsplit	Current word-level token gloss; no confident internal split applied.
Das Märchen von den drei Brüdern	tb06_l10	4	ke:	kê	0	ke	kê	ke	that			unsplit	Current word-level token gloss; no confident internal split applied.
Das Märchen von den drei Brüdern	tb06_l10	5	te	tê	0	te	tê	te	you			unsplit	Current word-level token gloss; no confident internal split applied.
Das Märchen von den drei Brüdern	tb06_l10	6	χeir	xêyr	0	χeir	xêyr	xeir	well			unsplit	Current word-level token gloss; no confident internal split applied.
Das Märchen von den drei Brüdern	tb06_l10	7	ameí,	amêy	0	ameí	amêy	amei	came			unsplit	Current word-level token gloss; no confident internal split applied.
Das Märchen von den drei Brüdern	tb06_l10	8	túeri	twêri	0	túe	twê	tue	2SG.OBL			high	Muller 1865, ZGP-0337-ZGP-0339 ri/ru/-i object or goal material.
Das Märchen von den drei Brüdern	tb06_l10	8	túeri	twêri	1	ri	ri	ri	GOAL/RECIP	case/postposition	relation=goal_or_recipient	high	Muller 1865, ZGP-0337-ZGP-0339 ri/ru/-i object or goal material.
Das Märchen von den drei Brüdern	tb06_l10	9	oγí̥r	oğır	0	oγí̥r	oğır	ogir	good fortune			unsplit	Current word-level token gloss; no confident internal split applied.
Das Märchen von den drei Brüdern	tb06_l10	10	bú.	bu	0	bú	bu	bu	be			unsplit	Current word-level token gloss; no confident internal split applied.
Das Märchen von den drei Brüdern	tb06_l10	11	H̔asanéki	'Hasanêki	0	H̔asanéki	'Hasanêki	hasaneki	Hasanek			unsplit	Current word-level token gloss; no confident internal split applied.
Das Märchen von den drei Brüdern	tb06_l11	0	vā	va	0	vā	va	va	said			unsplit	Current word-level token gloss; no confident internal split applied.
Das Märchen von den drei Brüdern	tb06_l11	1	ke:	kê	0	ke	kê	ke	that			unsplit	Current word-level token gloss; no confident internal split applied.
Das Märchen von den drei Brüdern	tb06_l11	2	ber	bêr	0	ber	bêr	ber	thanks			unsplit	Current word-level token gloss; no confident internal split applied.
Das Märchen von den drei Brüdern	tb06_l11	3	χodár	xodar	0	χodár	xodar	xodar	thanks			unsplit	Current word-level token gloss; no confident internal split applied.
Das Märchen von den drei Brüdern	tb06_l11	4	bi	bi	0	bi	bi	bi	was			unsplit	Current word-level token gloss; no confident internal split applied.
Das Märchen von den drei Brüdern	tb06_l11	5	Aláh	Alah	0	Aláh	Alah	alah	God			unsplit	Current word-level token gloss; no confident internal split applied.
Das Märchen von den drei Brüdern	tb06_l11	6	túera	twêra	0	túe	twê	tue	2SG.OBL			high	Muller 1865, ZGP-0336; function chosen with project ra conventions.
Das Märchen von den drei Brüdern	tb06_l11	6	túera	twêra	1	ra	ra	ra	ABL/RECIP	postposition	relation=contextual	high	Muller 1865, ZGP-0336; function chosen with project ra conventions.
Das Märchen von den drei Brüdern	tb06_l11	7	razí	razi	0	razí	razi	razi	pleased			unsplit	Current word-level token gloss; no confident internal split applied.
Das Märchen von den drei Brüdern	tb06_l11	8	bu.	bu	0	bu	bu	bu	be			unsplit	Current word-level token gloss; no confident internal split applied.
Das Märchen von den drei Brüdern	tb06_l11	9	H̔asanéki	'Hasanêki	0	H̔asanéki	'Hasanêki	hasaneki	Hasanek			unsplit	Current word-level token gloss; no confident internal split applied.
Das Märchen von den drei Brüdern	tb06_l11	10	t̮i	çi	0	t̮i	çi	ti	thing			unsplit	Current word-level token gloss; no confident internal split applied.
Das Märchen von den drei Brüdern	tb06_l11	11	geraút,	gêrawt	0	geraút	gêrawt	geraut	took			unsplit	Current word-level token gloss; no confident internal split applied.
Das Märchen von den drei Brüdern	tb06_l11	12	be̱rd,	berd	0	be̱rd	berd	berd	took			unsplit	Current word-level token gloss; no confident internal split applied.
Das Märchen von den drei Brüdern	tb06_l12	0	dā	da	0	dā	da	da	gave			unsplit	Current word-level token gloss; no confident internal split applied.
Das Märchen von den drei Brüdern	tb06_l12	1	d́é̱wi.	dyewi	0	d́é̱wi	dyewi	dewi	of the dev			unsplit	Current word-level token gloss; no confident internal split applied.
Das Märchen von den drei Brüdern	tb06_l12	2	D́au	Dyaw	0	D́au	Dyaw	dau	dev			unsplit	Current word-level token gloss; no confident internal split applied.
Das Märchen von den drei Brüdern	tb06_l12	3	nāṅ	nang	0	nāṅ	nang	nan	food			unsplit	Current word-level token gloss; no confident internal split applied.
Das Märchen von den drei Brüdern	tb06_l12	4	geraút,	gêrawt	0	geraút	gêrawt	geraut	took			unsplit	Current word-level token gloss; no confident internal split applied.
Das Märchen von den drei Brüdern	tb06_l12	5	χers	xêrs	0	χers	xêrs	xers	angry			unsplit	Current word-level token gloss; no confident internal split applied.
Das Märchen von den drei Brüdern	tb06_l12	6	be,	bê	0	be	bê	be	be			unsplit	Current word-level token gloss; no confident internal split applied.
Das Märchen von den drei Brüdern	tb06_l12	7	nāṅ	nang	0	nāṅ	nang	nan	food			unsplit	Current word-level token gloss; no confident internal split applied.
Das Märchen von den drei Brüdern	tb06_l12	8	ud̮á	uca	0	ud̮á	uca	uda	down			unsplit	Current word-level token gloss; no confident internal split applied.
Das Märchen von den drei Brüdern	tb06_l12	9	ruén’a,	rwêna	0	ruén’a	rwêna	ruena	sits			unsplit	Current word-level token gloss; no confident internal split applied.
Das Märchen von den drei Brüdern	tb06_l12	10	we̱ríšt	werişt	0	we̱ríšt	werişt	werist	got up			unsplit	Current word-level token gloss; no confident internal split applied.
Das Märchen von den drei Brüdern	tb06_l12	11	šẹ̄	şê	0	šẹ̄	şê	se	what			unsplit	Current word-level token gloss; no confident internal split applied.
Das Märchen von den drei Brüdern	tb06_l13	0	keíye.	kêyê	0	keíye	kêyê	keiye	house			unsplit	Current word-level token gloss; no confident internal split applied.
Das Märchen von den drei Brüdern	tb06_l13	1	H̔asanéki	'Hasanêki	0	H̔asanéki	'Hasanêki	hasaneki	Hasanek			unsplit	Current word-level token gloss; no confident internal split applied.
Das Märchen von den drei Brüdern	tb06_l13	2	vā	va	0	vā	va	va	said			unsplit	Current word-level token gloss; no confident internal split applied.
Das Märchen von den drei Brüdern	tb06_l13	3	ke:	kê	0	ke	kê	ke	that			unsplit	Current word-level token gloss; no confident internal split applied.
Das Märchen von den drei Brüdern	tb06_l13	4	beraí	bêray	0	beraí	bêray	berai	brother			unsplit	Current word-level token gloss; no confident internal split applied.
Das Märchen von den drei Brüdern	tb06_l13	5	mei,	mêy	0	mei	mêy	mei	my			unsplit	Current word-level token gloss; no confident internal split applied.
Das Märchen von den drei Brüdern	tb06_l13	6	kei	kêy	0	kei	kêy	kei	house			unsplit	Current word-level token gloss; no confident internal split applied.
Das Märchen von den drei Brüdern	tb06_l13	7	d́é̱wi	dyewi	0	d́é̱wi	dyewi	dewi	of the dev			unsplit	Current word-level token gloss; no confident internal split applied.
Das Märchen von den drei Brüdern	tb06_l13	8	χe̱ráb	xerab	0	χe̱ráb	xerab	xerab	ruined			unsplit	Current word-level token gloss; no confident internal split applied.
Das Märchen von den drei Brüdern	tb06_l13	9	nau,	naw	0	nau	naw	nau	now			unsplit	Current word-level token gloss; no confident internal split applied.
Das Märchen von den drei Brüdern	tb06_l13	10	wárzi	warzi	0	wárzi	warzi	warzi	get up			unsplit	Current word-level token gloss; no confident internal split applied.
Das Märchen von den drei Brüdern	tb06_l13	11	ma	ma	0	ma	ma	ma	we			unsplit	Current word-level token gloss; no confident internal split applied.
Das Märchen von den drei Brüdern	tb06_l14	0	χóeri	xoêri	0	χóe	xoê	xoe	self/own			high	Muller 1865, ZGP-0337-ZGP-0339 ri/ru/-i object or goal material.
Das Märchen von den drei Brüdern	tb06_l14	0	χóeri	xoêri	1	ri	ri	ri	REFL/OBL	case/postposition	relation=reflexive_or_oblique	high	Muller 1865, ZGP-0337-ZGP-0339 ri/ru/-i object or goal material.
Das Märchen von den drei Brüdern	tb06_l14	1	e̱tíara	etyara	0	e̱tía	etya	etia	here			medium	Contextual ra split; function checked against project ra conventions.
Das Märchen von den drei Brüdern	tb06_l14	1	e̱tíara	etyara	1	ra	ra	ra	ABL	postposition	case_or_relation=contextual	medium	Muller 1865, ZGP-0336; project glossing_conventions.tsv keeps ra contextual.
Das Märchen von den drei Brüdern	tb06_l14	2	šyẹ̄́ri.	şyêri	0	šyẹ̄́ri	şyêri	syeri	go			unsplit	Current word-level token gloss; no confident internal split applied.
Das Märchen von den drei Brüdern	tb07_l01	0	Beraí	Bêray	0	Beraí	Bêray	berai	brother			unsplit	Current word-level token gloss; no confident internal split applied.
Das Märchen von den drei Brüdern	tb07_l01	1	H̔asanéki	'Hasanêki	0	H̔asanéki	'Hasanêki	hasaneki	Hasanek			unsplit	Current word-level token gloss; no confident internal split applied.
Das Märchen von den drei Brüdern	tb07_l01	2	we̱ríšti,	werişti	0	we̱ríšti	werişti	weristi	got up			unsplit	Current word-level token gloss; no confident internal split applied.
Das Märchen von den drei Brüdern	tb07_l01	3	H̔asanék	'Hasanêk	0	H̔asanék	'Hasanêk	hasanek	Hasanek			unsplit	Current word-level token gloss; no confident internal split applied.
Das Märchen von den drei Brüdern	tb07_l01	4	kaut	kawt	0	kaut	kawt	kaut	went			unsplit	Current word-level token gloss; no confident internal split applied.
Das Märchen von den drei Brüdern	tb07_l01	5	berára	bêrara	0	berára	bêrara	berara	before			unsplit	Current word-level token gloss; no confident internal split applied.
Das Märchen von den drei Brüdern	tb07_l01	6	ve̱r,	ver	0	ve̱r	ver	ver	front			unsplit	Current word-level token gloss; no confident internal split applied.
Das Märchen von den drei Brüdern	tb07_l01	7	šī	şi	0	šī	şi	si	went			unsplit	Current word-level token gloss; no confident internal split applied.
Das Märchen von den drei Brüdern	tb07_l01	8	t̮ehér	çêhêr	0	t̮ehér	çêhêr	teher	four			unsplit	Current word-level token gloss; no confident internal split applied.
Das Märchen von den drei Brüdern	tb07_l02	0	rṓd̮i,	roci	0	rṓd̮i	roci	rodi	days			unsplit	Current word-level token gloss; no confident internal split applied.
Das Märchen von den drei Brüdern	tb07_l02	1	d́au	dyaw	0	d́au	dyaw	dau	dev			unsplit	Current word-level token gloss; no confident internal split applied.
Das Märchen von den drei Brüdern	tb07_l02	2	amé	amê	0	amé	amê	ame	came			unsplit	Current word-level token gloss; no confident internal split applied.
Das Märchen von den drei Brüdern	tb07_l02	3	geíra,	gêyra	0	geíra	gêyra	geira	searched			unsplit	Current word-level token gloss; no confident internal split applied.
Das Märchen von den drei Brüdern	tb07_l02	4	H̔asanék	'Hasanêk	0	H̔asanék	'Hasanêk	hasanek	Hasanek			unsplit	Current word-level token gloss; no confident internal split applied.
Das Märchen von den drei Brüdern	tb07_l02	5	ńédi.	nyêdi	0	ńédi	nyêdi	nedi	did not see			unsplit	Current word-level token gloss; no confident internal split applied.
Das Märchen von den drei Brüdern	tb07_l02	6	H̔asanék	'Hasanêk	0	H̔asanék	'Hasanêk	hasanek	Hasanek			unsplit	Current word-level token gloss; no confident internal split applied.
Das Märchen von den drei Brüdern	tb07_l02	7	šẹ̄	şê	0	šẹ̄	şê	se	what			unsplit	Current word-level token gloss; no confident internal split applied.
Das Märchen von den drei Brüdern	tb07_l02	8	χóeri	xoêri	0	χóe	xoê	xoe	self/own			high	Muller 1865, ZGP-0337-ZGP-0339 ri/ru/-i object or goal material.
Das Märchen von den drei Brüdern	tb07_l02	8	χóeri	xoêri	1	ri	ri	ri	REFL/OBL	case/postposition	relation=reflexive_or_oblique	high	Muller 1865, ZGP-0337-ZGP-0339 ri/ru/-i object or goal material.
Das Märchen von den drei Brüdern	tb07_l02	9	yau	yaw	0	yau	yaw	yau	one			unsplit	Current word-level token gloss; no confident internal split applied.
Das Märchen von den drei Brüdern	tb07_l02	10	šahre	şahrê	0	šahre	şahrê	sahre				unsplit	Current word-level token gloss; no confident internal split applied.
Das Märchen von den drei Brüdern	tb07_l03	0	stā́ṅ,	stang	0	stā́ṅ	stang	stan				unsplit	Current word-level token gloss; no confident internal split applied.
Das Märchen von den drei Brüdern	tb07_l03	1	beraí	bêray	0	beraí	bêray	berai	brother			unsplit	Current word-level token gloss; no confident internal split applied.
Das Märchen von den drei Brüdern	tb07_l03	2	χóe	xoê	0	χóe	xoê	xoe	own			unsplit	Current word-level token gloss; no confident internal split applied.
Das Märchen von den drei Brüdern	tb07_l03	3	bé̱rdi	berdi	0	bé̱rdi	berdi	berdi	brother			unsplit	Current word-level token gloss; no confident internal split applied.
Das Märchen von den drei Brüdern	tb07_l03	4	t̮āršū́,	çarşu	0	t̮āršū́	çarşu	tarsu	market			unsplit	Current word-level token gloss; no confident internal split applied.
Das Märchen von den drei Brüdern	tb07_l03	5	vā	va	0	vā	va	va	said			unsplit	Current word-level token gloss; no confident internal split applied.
Das Märchen von den drei Brüdern	tb07_l03	6	ke	kê	0	ke	kê	ke	that			unsplit	Current word-level token gloss; no confident internal split applied.
Das Märchen von den drei Brüdern	tb07_l03	7	berarā́ni	bêrarani	0	berarā́ni	bêrarani	berarani	to his brothers			unsplit	Current word-level token gloss; no confident internal split applied.
Das Märchen von den drei Brüdern	tb07_l03	8	χóera:	xoêra	0	χóe	xoê	xoe	self/own			high	Muller 1865, ZGP-0336; function chosen with project ra conventions.
Das Märchen von den drei Brüdern	tb07_l03	8	χóera:	xoêra	1	ra	ra	ra	REFL/RECIP	postposition	relation=reflexive_or_recipient	high	Muller 1865, ZGP-0336; function chosen with project ra conventions.
Das Märchen von den drei Brüdern	tb07_l03	9	χóeri	xoêri	0	χóe	xoê	xoe	self/own			high	Muller 1865, ZGP-0337-ZGP-0339 ri/ru/-i object or goal material.
Das Märchen von den drei Brüdern	tb07_l03	9	χóeri	xoêri	1	ri	ri	ri	REFL/OBL	case/postposition	relation=reflexive_or_oblique	high	Muller 1865, ZGP-0337-ZGP-0339 ri/ru/-i object or goal material.
Das Märchen von den drei Brüdern	tb07_l03	10	kand̮aúke	kancawkê	0	kand̮aúke	kancawkê	kandauke	where			unsplit	Current word-level token gloss; no confident internal split applied.
Das Märchen von den drei Brüdern	tb07_l04	0	keífe	kêyfê	0	keífe	kêyfê	keife	wherever			unsplit	Current word-level token gloss; no confident internal split applied.
Das Märchen von den drei Brüdern	tb07_l04	1	šṳ́ma	şüma	0	šṳ́ma	şüma	suma	you.PL			unsplit	Current word-level token gloss; no confident internal split applied.
Das Märchen von den drei Brüdern	tb07_l04	2	wazén’u	wazênu	0	waz	waz	wastene	want			medium	Muller 1865, ZGP-0356 present -ena/-ana material.
Das Märchen von den drei Brüdern	tb07_l04	2	wazén’u	wazênu	1	én’u	enu	-ena	PRS.3SG	suffix	tense_aspect=present;person=3;number=singular	medium	Muller 1865, ZGP-0356 present -ena/-ana material.
Das Märchen von den drei Brüdern	tb07_l04	3	šyẹ̄́ri.	şyêri	0	šyẹ̄́ri	şyêri	syeri	go			unsplit	Current word-level token gloss; no confident internal split applied.
Das Märchen von den drei Brüdern	tb07_l04	4	Beraí	Bêray	0	Beraí	Bêray	berai	brother			unsplit	Current word-level token gloss; no confident internal split applied.
Das Märchen von den drei Brüdern	tb07_l04	5	H̔asanéki	'Hasanêki	0	H̔asanéki	'Hasanêki	hasaneki	Hasanek			unsplit	Current word-level token gloss; no confident internal split applied.
Das Märchen von den drei Brüdern	tb07_l04	6	Qasími	Qasimi	0	Qasími	Qasimi	qasimi	Qasim			unsplit	Current word-level token gloss; no confident internal split applied.
Das Märchen von den drei Brüdern	tb07_l04	7	H̔asanékira	'Hasanêkira	0	H̔asanéki	'Hasanêki	hasaneki	Hasanek			medium	Contextual ra split; function checked against project ra conventions.
Das Märchen von den drei Brüdern	tb07_l04	7	H̔asanékira	'Hasanêkira	1	ra	ra	ra	RECIP	postposition	case_or_relation=contextual	medium	Muller 1865, ZGP-0336; project glossing_conventions.tsv keeps ra contextual.
Das Märchen von den drei Brüdern	tb07_l05	0	vā	va	0	vā	va	va	said			unsplit	Current word-level token gloss; no confident internal split applied.
Das Märchen von den drei Brüdern	tb07_l05	1	ke:	kê	0	ke	kê	ke	that			unsplit	Current word-level token gloss; no confident internal split applied.
Das Märchen von den drei Brüdern	tb07_l05	2	berā́	bêra	0	berā́	bêra	bera	brother			unsplit	Current word-level token gloss; no confident internal split applied.
Das Märchen von den drei Brüdern	tb07_l05	3	te	tê	0	te	tê	te	you			unsplit	Current word-level token gloss; no confident internal split applied.
Das Märchen von den drei Brüdern	tb07_l05	4	qaúvi	qawvi	0	qaúvi	qawvi	qauvi	why			unsplit	Current word-level token gloss; no confident internal split applied.
Das Märchen von den drei Brüdern	tb07_l05	5	me	mê	0	me	mê	me	my			unsplit	Current word-level token gloss; no confident internal split applied.
Das Märchen von den drei Brüdern	tb07_l05	6	e̱tía	etya	0	e̱tía	etya	etia	here			unsplit	Current word-level token gloss; no confident internal split applied.
Das Märchen von den drei Brüdern	tb07_l05	7	ve̱r	ver	0	ve̱r	ver	ver	front			unsplit	Current word-level token gloss; no confident internal split applied.
Das Märchen von den drei Brüdern	tb07_l05	8	dā́ni?	dani	0	dā́ni	dani	dani	preserve			unsplit	Current word-level token gloss; no confident internal split applied.
Das Märchen von den drei Brüdern	tb07_l05	9	Beraí	Bêray	0	Beraí	Bêray	berai	brother			unsplit	Current word-level token gloss; no confident internal split applied.
Das Märchen von den drei Brüdern	tb07_l05	10	H̔asanéki	'Hasanêki	0	H̔asanéki	'Hasanêki	hasaneki	Hasanek			unsplit	Current word-level token gloss; no confident internal split applied.
Das Märchen von den drei Brüdern	tb07_l05	11	Šabán	Şaban	0	Šabán	Şaban	saban	Saban			unsplit	Current word-level token gloss; no confident internal split applied.
Das Märchen von den drei Brüdern	tb07_l06	0	be̱rmā́.	berma	0	be̱rmā́	berma	berma	wept			unsplit	Current word-level token gloss; no confident internal split applied.
Das Märchen von den drei Brüdern	tb07_l06	1	H̔asanéki	'Hasanêki	0	H̔asanéki	'Hasanêki	hasaneki	Hasanek			unsplit	Current word-level token gloss; no confident internal split applied.
Das Märchen von den drei Brüdern	tb07_l06	2	vā	va	0	vā	va	va	said			unsplit	Current word-level token gloss; no confident internal split applied.
Das Märchen von den drei Brüdern	tb07_l06	3	ke:	kê	0	ke	kê	ke	that			unsplit	Current word-level token gloss; no confident internal split applied.
Das Märchen von den drei Brüdern	tb07_l06	4	berá	bêra	0	berá	bêra	bera	brother			unsplit	Current word-level token gloss; no confident internal split applied.
Das Märchen von den drei Brüdern	tb07_l06	5	tu	tu	0	tu	tu	tu	you			unsplit	Current word-level token gloss; no confident internal split applied.
Das Märchen von den drei Brüdern	tb07_l06	6	qaúvi	qawvi	0	qaúvi	qawvi	qauvi	why			unsplit	Current word-level token gloss; no confident internal split applied.
Das Märchen von den drei Brüdern	tb07_l06	7	be̱rmén’i?	bermêni	0	be̱rmén’i	bermêni	bermeni	are you crying?			unsplit	Current word-level token gloss; no confident internal split applied.
Das Märchen von den drei Brüdern	tb07_l06	8	Aláh	Alah	0	Aláh	Alah	alah	God			unsplit	Current word-level token gloss; no confident internal split applied.
Das Märchen von den drei Brüdern	tb07_l06	9	kerī́mu.	kêrimu	0	kerī́mu	kêrimu	kerimu	merciful			unsplit	Current word-level token gloss; no confident internal split applied.
Das Märchen von den drei Brüdern	tb07_l07	0	Beraí	Bêray	0	Beraí	Bêray	berai	brother			unsplit	Current word-level token gloss; no confident internal split applied.
Das Märchen von den drei Brüdern	tb07_l07	1	H̔asanéki	'Hasanêki	0	H̔asanéki	'Hasanêki	hasaneki	Hasanek			unsplit	Current word-level token gloss; no confident internal split applied.
Das Märchen von den drei Brüdern	tb07_l07	2	Qasími	Qasimi	0	Qasími	Qasimi	qasimi	Qasim			unsplit	Current word-level token gloss; no confident internal split applied.
Das Märchen von den drei Brüdern	tb07_l07	3	H̔asanékira	'Hasanêkira	0	H̔asanéki	'Hasanêki	hasaneki	Hasanek			medium	Contextual ra split; function checked against project ra conventions.
Das Märchen von den drei Brüdern	tb07_l07	3	H̔asanékira	'Hasanêkira	1	ra	ra	ra	RECIP	postposition	case_or_relation=contextual	medium	Muller 1865, ZGP-0336; project glossing_conventions.tsv keeps ra contextual.
Das Märchen von den drei Brüdern	tb07_l07	4	vā	va	0	vā	va	va	said			unsplit	Current word-level token gloss; no confident internal split applied.
Das Märchen von den drei Brüdern	tb07_l07	5	ke:	kê	0	ke	kê	ke	that			unsplit	Current word-level token gloss; no confident internal split applied.
Das Märchen von den drei Brüdern	tb07_l07	6	tí̥	tı	0	tí̥	tı	ti	you			unsplit	Current word-level token gloss; no confident internal split applied.
Das Märchen von den drei Brüdern	tb07_l07	7	qaúvi	qawvi	0	qaúvi	qawvi	qauvi	why			unsplit	Current word-level token gloss; no confident internal split applied.
Das Märchen von den drei Brüdern	tb07_l07	8	mā	ma	0	mā	ma	ma	we			unsplit	Current word-level token gloss; no confident internal split applied.
Das Märchen von den drei Brüdern	tb07_l07	9	wir	wir	0	wir	wir	wir	with us			unsplit	Current word-level token gloss; no confident internal split applied.
Das Märchen von den drei Brüdern	tb07_l07	10	dī́ne	dinê	0	dī́ne	dinê	dine	herds			unsplit	Current word-level token gloss; no confident internal split applied.
Das Märchen von den drei Brüdern	tb07_l08	0	e̱tía	etya	0	e̱tía	etya	etia	here			unsplit	Current word-level token gloss; no confident internal split applied.
Das Märchen von den drei Brüdern	tb07_l08	1	ve̱r	ver	0	ve̱r	ver	ver	front			unsplit	Current word-level token gloss; no confident internal split applied.
Das Märchen von den drei Brüdern	tb07_l08	2	dā́ni,	dani	0	dā́ni	dani	dani	preserve			unsplit	Current word-level token gloss; no confident internal split applied.
Das Märchen von den drei Brüdern	tb07_l08	3	la	la	0	la	la	la	but-			unsplit	Current word-level token gloss; no confident internal split applied.
Das Märchen von den drei Brüdern	tb07_l08	4	mā	ma	0	mā	ma	ma	we			unsplit	Current word-level token gloss; no confident internal split applied.
Das Märchen von den drei Brüdern	tb07_l08	5	χóeri	xoêri	0	χóe	xoê	xoe	self/own			high	Muller 1865, ZGP-0337-ZGP-0339 ri/ru/-i object or goal material.
Das Märchen von den drei Brüdern	tb07_l08	5	χóeri	xoêri	1	ri	ri	ri	REFL/OBL	case/postposition	relation=reflexive_or_oblique	high	Muller 1865, ZGP-0337-ZGP-0339 ri/ru/-i object or goal material.
Das Märchen von den drei Brüdern	tb07_l08	6	se̱	se	0	se̱	se	se	what			unsplit	Current word-level token gloss; no confident internal split applied.
Das Märchen von den drei Brüdern	tb07_l08	7	ki,	ki	0	ki	ki	ki	that			unsplit	Current word-level token gloss; no confident internal split applied.
Das Märchen von den drei Brüdern	tb07_l08	8	d̮au	caw	0	d̮au	caw	dau	dev			unsplit	Current word-level token gloss; no confident internal split applied.
Das Märchen von den drei Brüdern	tb07_l08	9	γarī́bu,	ğaribu	0	γarī́bu	ğaribu	garibu				unsplit	Current word-level token gloss; no confident internal split applied.
Das Märchen von den drei Brüdern	tb07_l08	10	d̮ai	cay	0	d̮ai	cay	dai	gave			unsplit	Current word-level token gloss; no confident internal split applied.
Das Märchen von den drei Brüdern	tb07_l08	11	mā	ma	0	mā	ma	ma	we			unsplit	Current word-level token gloss; no confident internal split applied.
Das Märchen von den drei Brüdern	tb07_l08	12	t̮íńu,	çinyu	0	t̮íńu	çinyu	tinu	there is not			unsplit	Current word-level token gloss; no confident internal split applied.
Das Märchen von den drei Brüdern	tb07_l08	13	t̮au	çaw	0	t̮au	çaw	tau	no one			unsplit	Current word-level token gloss; no confident internal split applied.
Das Märchen von den drei Brüdern	tb07_l09	0	ńeve̱rdā́nu,	nyêverdanu	0	ńe	ne	ne-	NEG	prefix	polarity=negative	high	Lerch corpus pattern plus modern Zazaki comparison: ne-/ńe- negative prefix.
Das Märchen von den drei Brüdern	tb07_l09	0	ńeve̱rdā́nu,	nyêverdanu	1	ve̱rdā́nu	verdanu	verdanu	spare/leave			high	Lerch corpus pattern plus modern Zazaki comparison: ne-/ńe- negative prefix.
Das Märchen von den drei Brüdern	tb07_l09	1	mā	ma	0	mā	ma	ma	we			unsplit	Current word-level token gloss; no confident internal split applied.
Das Märchen von den drei Brüdern	tb07_l09	2	šyẹ̄́ri	şyêri	0	šyẹ̄́ri	şyêri	syeri	go			unsplit	Current word-level token gloss; no confident internal split applied.
Das Märchen von den drei Brüdern	tb07_l09	3	keíye̱	kêye	0	keíye̱	kêye	keiye	house			unsplit	Current word-level token gloss; no confident internal split applied.
Das Märchen von den drei Brüdern	tb07_l09	4	d̮ai	cay	0	d̮ai	cay	dai	gave			unsplit	Current word-level token gloss; no confident internal split applied.
Das Märchen von den drei Brüdern	tb07_l09	5	mā	ma	0	mā	ma	ma	we			unsplit	Current word-level token gloss; no confident internal split applied.
Das Märchen von den drei Brüdern	tb07_l09	6	t̮íńu.	çinyu	0	t̮íńu	çinyu	tinu	there is not			unsplit	Current word-level token gloss; no confident internal split applied.
Das Märchen von den drei Brüdern	tb07_l09	7	H̔asanéki	'Hasanêki	0	H̔asanéki	'Hasanêki	hasaneki	Hasanek			unsplit	Current word-level token gloss; no confident internal split applied.
Das Märchen von den drei Brüdern	tb07_l09	8	vā	va	0	vā	va	va	said			unsplit	Current word-level token gloss; no confident internal split applied.
Das Märchen von den drei Brüdern	tb07_l09	9	ke:	kê	0	ke	kê	ke	that			unsplit	Current word-level token gloss; no confident internal split applied.
Das Märchen von den drei Brüdern	tb07_l09	10	šyẹ̄́ri	şyêri	0	šyẹ̄́ri	şyêri	syeri	go			unsplit	Current word-level token gloss; no confident internal split applied.
Das Märchen von den drei Brüdern	tb07_l10	0	χóeri	xoêri	0	χóe	xoê	xoe	self/own			high	Muller 1865, ZGP-0337-ZGP-0339 ri/ru/-i object or goal material.
Das Märchen von den drei Brüdern	tb07_l10	0	χóeri	xoêri	1	ri	ri	ri	REFL/OBL	case/postposition	relation=reflexive_or_oblique	high	Muller 1865, ZGP-0337-ZGP-0339 ri/ru/-i object or goal material.
Das Märchen von den drei Brüdern	tb07_l10	1	yau	yaw	0	yau	yaw	yau	one			unsplit	Current word-level token gloss; no confident internal split applied.
Das Märchen von den drei Brüdern	tb07_l10	2	aγái	ağay	0	aγái	ağay	agai	Agha			unsplit	Current word-level token gloss; no confident internal split applied.
Das Märchen von den drei Brüdern	tb07_l10	3	h̔ēte	'hêtê	0	h̔ēte	'hêtê	hete	with			unsplit	Current word-level token gloss; no confident internal split applied.
Das Märchen von den drei Brüdern	tb07_l10	4	γizmet	ğizmêt	0	γizmet	ğizmêt	gizmet				unsplit	Current word-level token gloss; no confident internal split applied.
Das Märchen von den drei Brüdern	tb07_l10	5	bi̥kerí.	bıkêri	0	bi̥	bi	bi-	CONJ/FUT	prefix	mood=conjunctive;tense=future	high	Muller 1865, ZGP-0361 conjunctive/future bi- prefix.
Das Märchen von den drei Brüdern	tb07_l10	5	bi̥kerí.	bıkêri	1	kerí	kêri	keri	fight/do			high	Muller 1865, ZGP-0361 conjunctive/future bi- prefix.
Das Märchen von den drei Brüdern	tb07_l10	6	H̔asanéki	'Hasanêki	0	H̔asanéki	'Hasanêki	hasaneki	Hasanek			unsplit	Current word-level token gloss; no confident internal split applied.
Das Märchen von den drei Brüdern	tb07_l10	7	beraí	bêray	0	beraí	bêray	berai	brother			unsplit	Current word-level token gloss; no confident internal split applied.
Das Märchen von den drei Brüdern	tb07_l10	8	χóe	xoê	0	χóe	xoê	xoe	own			unsplit	Current word-level token gloss; no confident internal split applied.
Das Märchen von den drei Brüdern	tb07_l10	9	Qasím	Qasim	0	Qasím	Qasim	qasim	Qasim			unsplit	Current word-level token gloss; no confident internal split applied.
Das Märchen von den drei Brüdern	tb07_l11	0	be̱rd	berd	0	be̱rd	berd	berd	took			unsplit	Current word-level token gloss; no confident internal split applied.
Das Märchen von den drei Brüdern	tb07_l11	1	yau	yaw	0	yau	yaw	yau	one			unsplit	Current word-level token gloss; no confident internal split applied.
Das Märchen von den drei Brüdern	tb07_l11	2	qaife̱t̮í	qayfeçi	0	qaife̱t̮í	qayfeçi	qaifeti	coffeehouse keeper			unsplit	Current word-level token gloss; no confident internal split applied.
Das Märchen von den drei Brüdern	tb07_l11	3	h̔ēte	'hêtê	0	h̔ēte	'hêtê	hete	with			unsplit	Current word-level token gloss; no confident internal split applied.
Das Märchen von den drei Brüdern	tb07_l11	4	ve̱r	ver	0	ve̱r	ver	ver	front			unsplit	Current word-level token gloss; no confident internal split applied.
Das Märchen von den drei Brüdern	tb07_l11	5	dā.	da	0	dā	da	da	gave			unsplit	Current word-level token gloss; no confident internal split applied.
Das Märchen von den drei Brüdern	tb07_l11	6	H̔asanéki	'Hasanêki	0	H̔asanéki	'Hasanêki	hasaneki	Hasanek			unsplit	Current word-level token gloss; no confident internal split applied.
Das Märchen von den drei Brüdern	tb07_l11	7	vā	va	0	vā	va	va	said			unsplit	Current word-level token gloss; no confident internal split applied.
Das Märchen von den drei Brüdern	tb07_l11	8	ke	kê	0	ke	kê	ke	that			unsplit	Current word-level token gloss; no confident internal split applied.
Das Märchen von den drei Brüdern	tb07_l11	9	qaifet̮íra:	qayfêçira	0	qaifet̮í	qayfêçi	qaifeti	coffeehouse keeper			medium	Contextual ra split; function checked against project ra conventions.
Das Märchen von den drei Brüdern	tb07_l11	9	qaifet̮íra:	qayfêçira	1	ra	ra	ra	RECIP	postposition	case_or_relation=contextual	medium	Muller 1865, ZGP-0336; project glossing_conventions.tsv keeps ra contextual.
Das Märchen von den drei Brüdern	tb07_l11	10	aγá,	ağa	0	aγá	ağa	aga	lord			unsplit	Current word-level token gloss; no confident internal split applied.
Das Märchen von den drei Brüdern	tb07_l12	0	ḗ̱n’oe	enoê	0	ḗ̱n’oe	enoê	enoe	this			unsplit	Current word-level token gloss; no confident internal split applied.
Das Märchen von den drei Brüdern	tb07_l12	1	beraí	bêray	0	beraí	bêray	berai	brother			unsplit	Current word-level token gloss; no confident internal split applied.
Das Märchen von den drei Brüdern	tb07_l12	2	mínu,	minu	0	mínu	minu	minu	mine			unsplit	Current word-level token gloss; no confident internal split applied.
Das Märchen von den drei Brüdern	tb07_l12	3	nāmeí	namêy	0	nāmeí	namêy	namei	name			unsplit	Current word-level token gloss; no confident internal split applied.
Das Märchen von den drei Brüdern	tb07_l12	4	d̮ai	cay	0	d̮ai	cay	dai	gave			unsplit	Current word-level token gloss; no confident internal split applied.
Das Märchen von den drei Brüdern	tb07_l12	5	Qasímu,	Qasimu	0	Qasímu	Qasimu	qasimu	Qasim			unsplit	Current word-level token gloss; no confident internal split applied.
Das Märchen von den drei Brüdern	tb07_l12	6	wā	wa	0	wā	wa	wa	let			unsplit	Current word-level token gloss; no confident internal split applied.
Das Märchen von den drei Brüdern	tb07_l12	7	túeri	twêri	0	túe	twê	tue	2SG.OBL			high	Muller 1865, ZGP-0337-ZGP-0339 ri/ru/-i object or goal material.
Das Märchen von den drei Brüdern	tb07_l12	7	túeri	twêri	1	ri	ri	ri	GOAL/RECIP	case/postposition	relation=goal_or_recipient	high	Muller 1865, ZGP-0337-ZGP-0339 ri/ru/-i object or goal material.
Das Märchen von den drei Brüdern	tb07_l12	8	γi̥zmét	ğızmêt	0	γi̥zmét	ğızmêt	gizmet				unsplit	Current word-level token gloss; no confident internal split applied.
Das Märchen von den drei Brüdern	tb07_l12	9	bi̥kéru,	bıkêru	0	bi̥kéru	bıkêru	bikeru	do			unsplit	Current word-level token gloss; no confident internal split applied.
Das Märchen von den drei Brüdern	tb07_l13	0	Qaife̱t̮í	Qayfeçi	0	Qaife̱t̮í	Qayfeçi	qaifeti	coffeehouse keeper			unsplit	Current word-level token gloss; no confident internal split applied.
Das Märchen von den drei Brüdern	tb07_l13	1	H̔asanékira	'Hasanêkira	0	H̔asanéki	'Hasanêki	hasaneki	Hasanek			medium	Contextual ra split; function checked against project ra conventions.
Das Märchen von den drei Brüdern	tb07_l13	1	H̔asanékira	'Hasanêkira	1	ra	ra	ra	RECIP	postposition	case_or_relation=contextual	medium	Muller 1865, ZGP-0336; project glossing_conventions.tsv keeps ra contextual.
Das Märchen von den drei Brüdern	tb07_l13	2	vā	va	0	vā	va	va	said			unsplit	Current word-level token gloss; no confident internal split applied.
Das Märchen von den drei Brüdern	tb07_l13	3	ke:	kê	0	ke	kê	ke	that			unsplit	Current word-level token gloss; no confident internal split applied.
Das Märchen von den drei Brüdern	tb07_l13	4	lā́d̮im,	lacim	0	lā́d̮im	lacim	ladim	my son			unsplit	Current word-level token gloss; no confident internal split applied.
Das Märchen von den drei Brüdern	tb07_l13	5	beraí	bêray	0	beraí	bêray	berai	brother			unsplit	Current word-level token gloss; no confident internal split applied.
Das Märchen von den drei Brüdern	tb07_l13	6	túe	twê	0	túe	twê	tue	your			unsplit	Current word-level token gloss; no confident internal split applied.
Das Märchen von den drei Brüdern	tb07_l13	7	dé̱stra	destra	0	dé̱stra	destra	destra	hand			unsplit	Current word-level token gloss; no confident internal split applied.
Das Märchen von den drei Brüdern	tb07_l13	8	te	tê	0	te	tê	te	you			unsplit	Current word-level token gloss; no confident internal split applied.
Das Märchen von den drei Brüdern	tb07_l13	9	gúre̱	gure	0	gúre̱	gure	gure	work			unsplit	Current word-level token gloss; no confident internal split applied.
Das Märchen von den drei Brüdern	tb07_l13	10	yén’u.	yênu	0	yén’u	yênu	yenu	comes			unsplit	Current word-level token gloss; no confident internal split applied.
Das Märchen von den drei Brüdern	tb07_l14	0	H̔asanéki	'Hasanêki	0	H̔asanéki	'Hasanêki	hasaneki	Hasanek			unsplit	Current word-level token gloss; no confident internal split applied.
Das Märchen von den drei Brüdern	tb07_l14	1	qaife̱tíra	qayfetira	0	qaife̱tí	qayfeti	qaifeti	coffeehouse keeper			medium	Contextual ra split; function checked against project ra conventions.
Das Märchen von den drei Brüdern	tb07_l14	1	qaife̱tíra	qayfetira	1	ra	ra	ra	RECIP	postposition	case_or_relation=contextual	medium	Muller 1865, ZGP-0336; project glossing_conventions.tsv keeps ra contextual.
Das Märchen von den drei Brüdern	tb07_l14	2	gō	go	0	gō	go	go	said			unsplit	Current word-level token gloss; no confident internal split applied.
Das Märchen von den drei Brüdern	tb07_l14	3	ke:	kê	0	ke	kê	ke	that			unsplit	Current word-level token gloss; no confident internal split applied.
Das Märchen von den drei Brüdern	tb07_l14	4	aγá,	ağa	0	aγá	ağa	aga	lord			unsplit	Current word-level token gloss; no confident internal split applied.
Das Märchen von den drei Brüdern	tb07_l14	5	te	tê	0	te	tê	te	you			unsplit	Current word-level token gloss; no confident internal split applied.
Das Märchen von den drei Brüdern	tb07_l14	6	t̮e	çê	0	t̮e	çê	te	you			unsplit	Current word-level token gloss; no confident internal split applied.
Das Märchen von den drei Brüdern	tb07_l14	7	guraúke	gurawkê	0	guraúke	gurawkê	gurauke	work			unsplit	Current word-level token gloss; no confident internal split applied.
Das Märchen von den drei Brüdern	tb07_l14	8	vā́d̮i	vaci	0	vā́d̮i	vaci	vadi	say			unsplit	Current word-level token gloss; no confident internal split applied.
Das Märchen von den drei Brüdern	tb07_l14	9	berá’i	bêrai	0	berá’i	bêrai	berai	brother			unsplit	Current word-level token gloss; no confident internal split applied.
Das Märchen von den drei Brüdern	tb07_l14	10	me	mê	0	me	mê	me	my			unsplit	Current word-level token gloss; no confident internal split applied.
Das Märchen von den drei Brüdern	tb07_l14	11	dé̱st-	dest	0	dé̱st	dest	dest	hand			unsplit	Current word-level token gloss; no confident internal split applied.
Das Märchen von den drei Brüdern	tb08_l01	0	ra	ra	0	ra	ra	ra	to			unsplit	Current word-level token gloss; no confident internal split applied.
Das Märchen von den drei Brüdern	tb08_l01	1	yén’u.	yênu	0	yén’u	yênu	yenu	comes			unsplit	Current word-level token gloss; no confident internal split applied.
Das Märchen von den drei Brüdern	tb08_l01	2	Qaife̱tí	Qayfeti	0	Qaife̱tí	Qayfeti	qaifeti	coffeehouse keeper			unsplit	Current word-level token gloss; no confident internal split applied.
Das Märchen von den drei Brüdern	tb08_l01	3	vā:	va	0	vā	va	va	said			unsplit	Current word-level token gloss; no confident internal split applied.
Das Märchen von den drei Brüdern	tb08_l01	4	pé̱ke	pekê	0	pé̱ke	pekê	peke	good			unsplit	Current word-level token gloss; no confident internal split applied.
Das Märchen von den drei Brüdern	tb08_l01	5	lā́d̮im.	lacim	0	lā́d̮im	lacim	ladim	my son			unsplit	Current word-level token gloss; no confident internal split applied.
Das Märchen von den drei Brüdern	tb08_l01	6	H̔asanéki	'Hasanêki	0	H̔asanéki	'Hasanêki	hasaneki	Hasanek			unsplit	Current word-level token gloss; no confident internal split applied.
Das Märchen von den drei Brüdern	tb08_l01	7	wid̮ā́	wica	0	wid̮ā́	wica	wida	immediately			unsplit	Current word-level token gloss; no confident internal split applied.
Das Märchen von den drei Brüdern	tb08_l01	8	beraí	bêray	0	beraí	bêray	berai	brother			unsplit	Current word-level token gloss; no confident internal split applied.
Das Märchen von den drei Brüdern	tb08_l01	9	χóe	xoê	0	χóe	xoê	xoe	own			unsplit	Current word-level token gloss; no confident internal split applied.
Das Märchen von den drei Brüdern	tb08_l01	10	ve̱r	ver	0	ve̱r	ver	ver	front			unsplit	Current word-level token gloss; no confident internal split applied.
Das Märchen von den drei Brüdern	tb08_l02	0	dā,	da	0	dā	da	da	gave			unsplit	Current word-level token gloss; no confident internal split applied.
Das Märchen von den drei Brüdern	tb08_l02	1	amé	amê	0	amé	amê	ame	came			unsplit	Current word-level token gloss; no confident internal split applied.
Das Märchen von den drei Brüdern	tb08_l02	2	t̮aršú,	çarşu	0	t̮aršú	çarşu	tarsu	market			unsplit	Current word-level token gloss; no confident internal split applied.
Das Märchen von den drei Brüdern	tb08_l02	3	geíra	gêyra	0	geíra	gêyra	geira	searched			unsplit	Current word-level token gloss; no confident internal split applied.
Das Märchen von den drei Brüdern	tb08_l02	4	beraí	bêray	0	beraí	bêray	berai	brother			unsplit	Current word-level token gloss; no confident internal split applied.
Das Märchen von den drei Brüdern	tb08_l02	5	Šabán	Şaban	0	Šabán	Şaban	saban	Saban			unsplit	Current word-level token gloss; no confident internal split applied.
Das Märchen von den drei Brüdern	tb08_l02	6	ńédī.	nyêdi	0	ńédī	nyêdi	nedi	did not see			unsplit	Current word-level token gloss; no confident internal split applied.
Das Märchen von den drei Brüdern	tb08_l03	0	H̔asanék	'Hasanêk	0	H̔asanék	'Hasanêk	hasanek	Hasanek			unsplit	Current word-level token gloss; no confident internal split applied.
Das Märchen von den drei Brüdern	tb08_l03	1	yau	yaw	0	yau	yaw	yau	one			unsplit	Current word-level token gloss; no confident internal split applied.
Das Märchen von den drei Brüdern	tb08_l03	2	ā́šme	aşmê	0	ā́šme	aşmê	asme	month			unsplit	Current word-level token gloss; no confident internal split applied.
Das Märchen von den drei Brüdern	tb08_l03	3	geíra,	gêyra	0	geíra	gêyra	geira	searched			unsplit	Current word-level token gloss; no confident internal split applied.
Das Märchen von den drei Brüdern	tb08_l03	4	beraí	bêray	0	beraí	bêray	berai	brother			unsplit	Current word-level token gloss; no confident internal split applied.
Das Märchen von den drei Brüdern	tb08_l03	5	χóe	xoê	0	χóe	xoê	xoe	own			unsplit	Current word-level token gloss; no confident internal split applied.
Das Märchen von den drei Brüdern	tb08_l03	6	Šabán	Şaban	0	Šabán	Şaban	saban	Saban			unsplit	Current word-level token gloss; no confident internal split applied.
Das Märchen von den drei Brüdern	tb08_l03	7	yau	yaw	0	yau	yaw	yau	one			unsplit	Current word-level token gloss; no confident internal split applied.
Das Märchen von den drei Brüdern	tb08_l03	8	zeindā́nde	zêyndandê	0	zeindā́n	zêyndan	zeindan	prison			medium	ZGP-0340; contextual locative -de.
Das Märchen von den drei Brüdern	tb08_l03	8	zeindā́nde	zêyndandê	1	de	de	-de	LOC	case	case=locative	high	Muller 1865, ZGP-0340 locative -de.
Das Märchen von den drei Brüdern	tb08_l03	9	dī.	di	0	dī	di	di	saw			unsplit	Current word-level token gloss; no confident internal split applied.
Das Märchen von den drei Brüdern	tb08_l04	0	Berá’i	Bêrai	0	Berá’i	Bêrai	berai	brother			unsplit	Current word-level token gloss; no confident internal split applied.
Das Märchen von den drei Brüdern	tb08_l04	1	χóe	xoê	0	χóe	xoê	xoe	own			unsplit	Current word-level token gloss; no confident internal split applied.
Das Märchen von den drei Brüdern	tb08_l04	2	Šabánira	Şabanira	0	Šabáni	Şabani	sabani	Saban			medium	Contextual ra split; function checked against project ra conventions.
Das Märchen von den drei Brüdern	tb08_l04	2	Šabánira	Şabanira	1	ra	ra	ra	RECIP	postposition	case_or_relation=contextual	medium	Muller 1865, ZGP-0336; project glossing_conventions.tsv keeps ra contextual.
Das Märchen von den drei Brüdern	tb08_l04	3	vā	va	0	vā	va	va	said			unsplit	Current word-level token gloss; no confident internal split applied.
Das Märchen von den drei Brüdern	tb08_l04	4	ke:	kê	0	ke	kê	ke	that			unsplit	Current word-level token gloss; no confident internal split applied.
Das Märchen von den drei Brüdern	tb08_l04	5	berá,	bêra	0	berá	bêra	bera	brother			unsplit	Current word-level token gloss; no confident internal split applied.
Das Märchen von den drei Brüdern	tb08_l04	6	qā́mi	qami	0	qā́mi	qami	qami	who			unsplit	Current word-level token gloss; no confident internal split applied.
Das Märchen von den drei Brüdern	tb08_l04	7	te	tê	0	te	tê	te	you			unsplit	Current word-level token gloss; no confident internal split applied.
Das Märchen von den drei Brüdern	tb08_l04	8	ā́rdi	ardi	0	ā́rdi	ardi	ardi	brought			unsplit	Current word-level token gloss; no confident internal split applied.
Das Märchen von den drei Brüdern	tb08_l04	9	bi̥stī	bısti	0	bi̥stī	bısti	bisti	thrown			unsplit	Current word-level token gloss; no confident internal split applied.
Das Märchen von den drei Brüdern	tb08_l04	10	ḗ̱n’oe	enoê	0	ḗ̱n’oe	enoê	enoe	this			unsplit	Current word-level token gloss; no confident internal split applied.
Das Märchen von den drei Brüdern	tb08_l04	11	zeindā́n.	zêyndan	0	zeindā́n	zêyndan	zeindan	prison			unsplit	Current word-level token gloss; no confident internal split applied.
Das Märchen von den drei Brüdern	tb08_l05	0	Šabáni	Şabani	0	Šabáni	Şabani	sabani	Saban			unsplit	Current word-level token gloss; no confident internal split applied.
Das Märchen von den drei Brüdern	tb08_l05	1	vā	va	0	vā	va	va	said			unsplit	Current word-level token gloss; no confident internal split applied.
Das Märchen von den drei Brüdern	tb08_l05	2	ke	kê	0	ke	kê	ke	that			unsplit	Current word-level token gloss; no confident internal split applied.
Das Märchen von den drei Brüdern	tb08_l05	3	H̔asanékira:	'Hasanêkira	0	H̔asanéki	'Hasanêki	hasaneki	Hasanek			medium	Contextual ra split; function checked against project ra conventions.
Das Märchen von den drei Brüdern	tb08_l05	3	H̔asanékira:	'Hasanêkira	1	ra	ra	ra	RECIP	postposition	case_or_relation=contextual	medium	Muller 1865, ZGP-0336; project glossing_conventions.tsv keeps ra contextual.
Das Märchen von den drei Brüdern	tb08_l05	4	d́é̱wi	dyewi	0	d́é̱wi	dyewi	dewi	of the dev			unsplit	Current word-level token gloss; no confident internal split applied.
Das Märchen von den drei Brüdern	tb08_l05	5	e̱z	ez	0	e̱z	ez	ez	I			unsplit	Current word-level token gloss; no confident internal split applied.
Das Märchen von den drei Brüdern	tb08_l05	6	šyā	şya	0	šyā	şya	sya	went			unsplit	Current word-level token gloss; no confident internal split applied.
Das Märchen von den drei Brüdern	tb08_l05	7	χóeri	xoêri	0	χóe	xoê	xoe	self/own			high	Muller 1865, ZGP-0337-ZGP-0339 ri/ru/-i object or goal material.
Das Märchen von den drei Brüdern	tb08_l05	7	χóeri	xoêri	1	ri	ri	ri	REFL/OBL	case/postposition	relation=reflexive_or_oblique	high	Muller 1865, ZGP-0337-ZGP-0339 ri/ru/-i object or goal material.
Das Märchen von den drei Brüdern	tb08_l05	8	desmā́t̮	dêsmaç	0	desmā́t̮	dêsmaç	desmat	ablution			unsplit	Current word-level token gloss; no confident internal split applied.
Das Märchen von den drei Brüdern	tb08_l05	9	bi̥kéra,	bıkêra	0	bi̥	bi	bi-	CONJ/FUT	prefix	mood=conjunctive;tense=future	high	Muller 1865, ZGP-0361 conjunctive/future bi- prefix.
Das Märchen von den drei Brüdern	tb08_l05	9	bi̥kéra,	bıkêra	1	kéra	kêra	kera	commit/do			high	Muller 1865, ZGP-0361 conjunctive/future bi- prefix.
Das Märchen von den drei Brüdern	tb08_l05	10	d́é̱wi	dyewi	0	d́é̱wi	dyewi	dewi	of the dev			unsplit	Current word-level token gloss; no confident internal split applied.
Das Märchen von den drei Brüdern	tb08_l06	0	e̱z	ez	0	e̱z	ez	ez	I			unsplit	Current word-level token gloss; no confident internal split applied.
Das Märchen von den drei Brüdern	tb08_l06	1	dían,	dyan	0	dían	dyan	dian	saw			unsplit	Current word-level token gloss; no confident internal split applied.
Das Märchen von den drei Brüdern	tb08_l06	2	e̱z	ez	0	e̱z	ez	ez	I			unsplit	Current word-level token gloss; no confident internal split applied.
Das Märchen von den drei Brüdern	tb08_l06	3	geraúta	gêrawta	0	geraúta	gêrawta	gerauta	took			unsplit	Current word-level token gloss; no confident internal split applied.
Das Märchen von den drei Brüdern	tb08_l06	4	ā́rda	arda	0	ā́rda	arda	arda	flour			unsplit	Current word-level token gloss; no confident internal split applied.
Das Märchen von den drei Brüdern	tb08_l06	5	bi̥stā	bısta	0	bi̥stā	bısta	bista	thrown			unsplit	Current word-level token gloss; no confident internal split applied.
Das Märchen von den drei Brüdern	tb08_l06	6	ḗ̱n’oe	enoê	0	ḗ̱n’oe	enoê	enoe	this			unsplit	Current word-level token gloss; no confident internal split applied.
Das Märchen von den drei Brüdern	tb08_l06	7	zeindā́n.	zêyndan	0	zeindā́n	zêyndan	zeindan	prison			unsplit	Current word-level token gloss; no confident internal split applied.
Das Märchen von den drei Brüdern	tb08_l06	8	H̔asanéki	'Hasanêki	0	H̔asanéki	'Hasanêki	hasaneki	Hasanek			unsplit	Current word-level token gloss; no confident internal split applied.
Das Märchen von den drei Brüdern	tb08_l06	9	berá’i	bêrai	0	berá’i	bêrai	berai	brother			unsplit	Current word-level token gloss; no confident internal split applied.
Das Märchen von den drei Brüdern	tb08_l07	0	χóe	xoê	0	χóe	xoê	xoe	own			unsplit	Current word-level token gloss; no confident internal split applied.
Das Märchen von den drei Brüdern	tb08_l07	1	Šabán	Şaban	0	Šabán	Şaban	saban	Saban			unsplit	Current word-level token gloss; no confident internal split applied.
Das Märchen von den drei Brüdern	tb08_l07	2	zeindā́na	zêyndana	0	zeindā́na	zêyndana	zeindana	from the prison			unsplit	Current word-level token gloss; no confident internal split applied.
Das Märchen von den drei Brüdern	tb08_l07	3	ve̱t	vet	0	ve̱t	vet	vet	took out			unsplit	Current word-level token gloss; no confident internal split applied.
Das Märchen von den drei Brüdern	tb08_l07	4	ārd	ard	0	ārd	ard	ard	brought			unsplit	Current word-level token gloss; no confident internal split applied.
Das Märchen von den drei Brüdern	tb08_l07	5	χóe	xoê	0	χóe	xoê	xoe	own			unsplit	Current word-level token gloss; no confident internal split applied.
Das Märchen von den drei Brüdern	tb08_l07	6	h̔ēt,	'hêt	0	h̔ēt	'hêt	het	side			unsplit	Current word-level token gloss; no confident internal split applied.
Das Märchen von den drei Brüdern	tb08_l07	7	t̮ehér	çêhêr	0	t̮ehér	çêhêr	teher	four			unsplit	Current word-level token gloss; no confident internal split applied.
Das Märchen von den drei Brüdern	tb08_l07	8	rṓd̮i	roci	0	rṓd̮i	roci	rodi	days			unsplit	Current word-level token gloss; no confident internal split applied.
Das Märchen von den drei Brüdern	tb08_l07	9	vené̱rt,	vênert	0	vené̱rt	vênert	venert	stood			unsplit	Current word-level token gloss; no confident internal split applied.
Das Märchen von den drei Brüdern	tb08_l07	10	beraí	bêray	0	beraí	bêray	berai	brother			unsplit	Current word-level token gloss; no confident internal split applied.
Das Märchen von den drei Brüdern	tb08_l07	11	χóe	xoê	0	χóe	xoê	xoe	own			unsplit	Current word-level token gloss; no confident internal split applied.
Das Märchen von den drei Brüdern	tb08_l08	0	Šabán	Şaban	0	Šabán	Şaban	saban	Saban			unsplit	Current word-level token gloss; no confident internal split applied.
Das Märchen von den drei Brüdern	tb08_l08	1	be̱rd	berd	0	be̱rd	berd	berd	took			unsplit	Current word-level token gloss; no confident internal split applied.
Das Märchen von den drei Brüdern	tb08_l08	2	h̔emám,	'hêmam	0	h̔emám	'hêmam	hemam	bath			unsplit	Current word-level token gloss; no confident internal split applied.
Das Märchen von den drei Brüdern	tb08_l08	3	sabún	sabun	0	sabún	sabun	sabun	soap			unsplit	Current word-level token gloss; no confident internal split applied.
Das Märchen von den drei Brüdern	tb08_l08	4	ke̱rd,	kerd	0	ke̱rd	kerd	kerd	did			unsplit	Current word-level token gloss; no confident internal split applied.
Das Märchen von den drei Brüdern	tb08_l08	5	šit,	şit	0	šit	şit	sit	wash			unsplit	Current word-level token gloss; no confident internal split applied.
Das Märchen von den drei Brüdern	tb08_l08	6	te̱míz	temiz	0	te̱míz	temiz	temiz	clean			unsplit	Current word-level token gloss; no confident internal split applied.
Das Märchen von den drei Brüdern	tb08_l08	7	ke̱rd,	kerd	0	ke̱rd	kerd	kerd	did			unsplit	Current word-level token gloss; no confident internal split applied.
Das Märchen von den drei Brüdern	tb08_l08	8	beraí	bêray	0	beraí	bêray	berai	brother			unsplit	Current word-level token gloss; no confident internal split applied.
Das Märchen von den drei Brüdern	tb08_l08	9	χóe	xoê	0	χóe	xoê	xoe	own			unsplit	Current word-level token gloss; no confident internal split applied.
Das Märchen von den drei Brüdern	tb08_l08	10	Ša-	Şa	0	Ša	Şa	sa	what			unsplit	Current word-level token gloss; no confident internal split applied.
Das Märchen von den drei Brüdern	tb08_l09	0	bán	ban	0	bán	ban	ban	Saban			unsplit	Current word-level token gloss; no confident internal split applied.
Das Märchen von den drei Brüdern	tb08_l09	1	h̔emā́mra	'hêmamra	0	h̔emā́m	'hêmam	hemam	bath			medium	Contextual ra split; function checked against project ra conventions.
Das Märchen von den drei Brüdern	tb08_l09	1	h̔emā́mra	'hêmamra	1	ra	ra	ra	ABL	postposition	case_or_relation=contextual	medium	Muller 1865, ZGP-0336; project glossing_conventions.tsv keeps ra contextual.
Das Märchen von den drei Brüdern	tb08_l09	2	ve̱t	vet	0	ve̱t	vet	vet	took out			unsplit	Current word-level token gloss; no confident internal split applied.
Das Märchen von den drei Brüdern	tb08_l09	3	geraút	gêrawt	0	geraút	gêrawt	geraut	took			unsplit	Current word-level token gloss; no confident internal split applied.
Das Märchen von den drei Brüdern	tb08_l09	4	be̱rd	berd	0	be̱rd	berd	berd	took			unsplit	Current word-level token gloss; no confident internal split applied.
Das Märchen von den drei Brüdern	tb08_l09	5	teslī́me	têslimê	0	teslī́me	têslimê	teslime	delivered			unsplit	Current word-level token gloss; no confident internal split applied.
Das Märchen von den drei Brüdern	tb08_l09	6	qabā́s	qabas	0	qabā́s	qabas	qabas	captain			unsplit	Current word-level token gloss; no confident internal split applied.
Das Märchen von den drei Brüdern	tb08_l09	7	bašíra	başira	0	baší	başi	basi	captain			medium	Contextual ra split; function checked against project ra conventions.
Das Märchen von den drei Brüdern	tb08_l09	7	bašíra	başira	1	ra	ra	ra	RECIP	postposition	case_or_relation=contextual	medium	Muller 1865, ZGP-0336; project glossing_conventions.tsv keeps ra contextual.
Das Märchen von den drei Brüdern	tb08_l09	8	vā	va	0	vā	va	va	said			unsplit	Current word-level token gloss; no confident internal split applied.
Das Märchen von den drei Brüdern	tb08_l09	9	ke:	kê	0	ke	kê	ke	that			unsplit	Current word-level token gloss; no confident internal split applied.
Das Märchen von den drei Brüdern	tb08_l09	10	ḗ̱n’oe	enoê	0	ḗ̱n’oe	enoê	enoe	this			unsplit	Current word-level token gloss; no confident internal split applied.
Das Märchen von den drei Brüdern	tb08_l10	0	berá’i	bêrai	0	berá’i	bêrai	berai	brother			unsplit	Current word-level token gloss; no confident internal split applied.
Das Märchen von den drei Brüdern	tb08_l10	1	me	mê	0	me	mê	me	my			unsplit	Current word-level token gloss; no confident internal split applied.
Das Märchen von den drei Brüdern	tb08_l10	2	e̱mánetai	emanêtay	0	e̱mánetai	emanêtay	emanetai	entrusted			unsplit	Current word-level token gloss; no confident internal split applied.
Das Märchen von den drei Brüdern	tb08_l10	3	túe	twê	0	túe	twê	tue	your			unsplit	Current word-level token gloss; no confident internal split applied.
Das Märchen von den drei Brüdern	tb08_l10	4	bu.	bu	0	bu	bu	bu	be			unsplit	Current word-level token gloss; no confident internal split applied.
Das Märchen von den drei Brüdern	tb08_l10	5	Qabás	Qabas	0	Qabás	Qabas	qabas	captain			unsplit	Current word-level token gloss; no confident internal split applied.
Das Märchen von den drei Brüdern	tb08_l10	6	baší	başi	0	baší	başi	basi	captain			unsplit	Current word-level token gloss; no confident internal split applied.
Das Märchen von den drei Brüdern	tb08_l10	7	H̔asanékira	'Hasanêkira	0	H̔asanéki	'Hasanêki	hasaneki	Hasanek			medium	Contextual ra split; function checked against project ra conventions.
Das Märchen von den drei Brüdern	tb08_l10	7	H̔asanékira	'Hasanêkira	1	ra	ra	ra	RECIP	postposition	case_or_relation=contextual	medium	Muller 1865, ZGP-0336; project glossing_conventions.tsv keeps ra contextual.
Das Märchen von den drei Brüdern	tb08_l10	8	vā	va	0	vā	va	va	said			unsplit	Current word-level token gloss; no confident internal split applied.
Das Märchen von den drei Brüdern	tb08_l10	9	ke:	kê	0	ke	kê	ke	that			unsplit	Current word-level token gloss; no confident internal split applied.
Das Märchen von den drei Brüdern	tb08_l10	10	egít	êgit	0	egít	êgit	egit	hero			unsplit	Current word-level token gloss; no confident internal split applied.
Das Märchen von den drei Brüdern	tb08_l10	11	te	tê	0	te	tê	te	you			unsplit	Current word-level token gloss; no confident internal split applied.
Das Märchen von den drei Brüdern	tb08_l11	0	sé̱ra	sera	0	sé̱ra	sera	sera	year			unsplit	Current word-level token gloss; no confident internal split applied.
Das Märchen von den drei Brüdern	tb08_l11	1	šuén’i.	şwêni	0	šuén’i	şwêni	sueni	we go			unsplit	Current word-level token gloss; no confident internal split applied.
Das Märchen von den drei Brüdern	tb08_l11	2	H̔asanéki	'Hasanêki	0	H̔asanéki	'Hasanêki	hasaneki	Hasanek			unsplit	Current word-level token gloss; no confident internal split applied.
Das Märchen von den drei Brüdern	tb08_l11	3	vā	va	0	vā	va	va	said			unsplit	Current word-level token gloss; no confident internal split applied.
Das Märchen von den drei Brüdern	tb08_l11	4	ke	kê	0	ke	kê	ke	that			unsplit	Current word-level token gloss; no confident internal split applied.
Das Märchen von den drei Brüdern	tb08_l11	5	qabās	qabas	0	qabās	qabas	qabas	captain			unsplit	Current word-level token gloss; no confident internal split applied.
Das Märchen von den drei Brüdern	tb08_l11	6	bašīra:	başira	0	bašī	başi	basi	captain			medium	Contextual ra split; function checked against project ra conventions.
Das Märchen von den drei Brüdern	tb08_l11	6	bašīra:	başira	1	ra	ra	ra	RECIP	postposition	case_or_relation=contextual	medium	Muller 1865, ZGP-0336; project glossing_conventions.tsv keeps ra contextual.
Das Märchen von den drei Brüdern	tb08_l11	7	h̔eífe	'hêyfê	0	h̔eífe	'hêyfê	heife	revenge			unsplit	Current word-level token gloss; no confident internal split applied.
Das Märchen von den drei Brüdern	tb08_l11	8	χóe	xoê	0	χóe	xoê	xoe	own			unsplit	Current word-level token gloss; no confident internal split applied.
Das Märchen von den drei Brüdern	tb08_l11	9	d́é̱wira	dyewira	0	d́é̱wi	dyewi	dewi	dev			medium	Contextual ra split; function checked against project ra conventions.
Das Märchen von den drei Brüdern	tb08_l11	9	d́é̱wira	dyewira	1	ra	ra	ra	RECIP	postposition	case_or_relation=contextual	medium	Muller 1865, ZGP-0336; project glossing_conventions.tsv keeps ra contextual.
Das Märchen von den drei Brüdern	tb08_l11	10	ǵén’a.	gêna	0	ǵén’a	gêna	gena	I lead			unsplit	Current word-level token gloss; no confident internal split applied.
Das Märchen von den drei Brüdern	tb08_l12	0	Qabás	Qabas	0	Qabás	Qabas	qabas	captain			unsplit	Current word-level token gloss; no confident internal split applied.
Das Märchen von den drei Brüdern	tb08_l12	1	baší	başi	0	baší	başi	basi	captain			unsplit	Current word-level token gloss; no confident internal split applied.
Das Märchen von den drei Brüdern	tb08_l12	2	H̔asanékira	'Hasanêkira	0	H̔asanéki	'Hasanêki	hasaneki	Hasanek			medium	Contextual ra split; function checked against project ra conventions.
Das Märchen von den drei Brüdern	tb08_l12	2	H̔asanékira	'Hasanêkira	1	ra	ra	ra	RECIP	postposition	case_or_relation=contextual	medium	Muller 1865, ZGP-0336; project glossing_conventions.tsv keeps ra contextual.
Das Märchen von den drei Brüdern	tb08_l12	3	vā	va	0	vā	va	va	said			unsplit	Current word-level token gloss; no confident internal split applied.
Das Märchen von den drei Brüdern	tb08_l12	4	ke:	kê	0	ke	kê	ke	that			unsplit	Current word-level token gloss; no confident internal split applied.
Das Märchen von den drei Brüdern	tb08_l12	5	egít	êgit	0	egít	êgit	egit	hero			unsplit	Current word-level token gloss; no confident internal split applied.
Das Märchen von den drei Brüdern	tb08_l12	6	te	tê	0	te	tê	te	you			unsplit	Current word-level token gloss; no confident internal split applied.
Das Märchen von den drei Brüdern	tb08_l12	7	šuén’i	şwêni	0	šuén’i	şwêni	sueni	we go			unsplit	Current word-level token gloss; no confident internal split applied.
Das Märchen von den drei Brüdern	tb08_l12	8	e̱z	ez	0	e̱z	ez	ez	I			unsplit	Current word-level token gloss; no confident internal split applied.
Das Märchen von den drei Brüdern	tb08_l12	9	t̮iráh̔ei	çira'hêy	0	t̮iráh̔ei	çira'hêy	tirahei	I take revenge			unsplit	Current word-level token gloss; no confident internal split applied.
Das Märchen von den drei Brüdern	tb08_l12	10	d́é̱wya,	dyewya	0	d́é̱wya	dyewya	dewya	of the dev			unsplit	Current word-level token gloss; no confident internal split applied.
Das Märchen von den drei Brüdern	tb08_l13	0	yau	yaw	0	yau	yaw	yau	one			unsplit	Current word-level token gloss; no confident internal split applied.
Das Märchen von den drei Brüdern	tb08_l13	1	šimšyẹ̄́ri	şimşyêri	0	šimšyẹ̄́ri	şimşyêri	simsyeri	sword			unsplit	Current word-level token gloss; no confident internal split applied.
Das Märchen von den drei Brüdern	tb08_l13	2	d́é̱wi	dyewi	0	d́é̱wi	dyewi	dewi	of the dev			unsplit	Current word-level token gloss; no confident internal split applied.
Das Märchen von den drei Brüdern	tb08_l13	3	é̱stu	estu	0	é̱stu	estu	estu	there is			unsplit	Current word-level token gloss; no confident internal split applied.
Das Märchen von den drei Brüdern	tb08_l13	4	h̔a	'ha	0	h̔a	'ha	ha	there			unsplit	Current word-level token gloss; no confident internal split applied.
Das Märchen von den drei Brüdern	tb08_l13	5	kalā́nia	kalanya	0	kalā́nia	kalanya	kalania	sheath			unsplit	Current word-level token gloss; no confident internal split applied.
Das Märchen von den drei Brüdern	tb08_l13	6	altúńenede	altunyênêdê	0	altúńene	altunyênê	altunene	gold			medium	ZGP-0340; contextual locative -de.
Das Märchen von den drei Brüdern	tb08_l13	6	altúńenede	altunyênêdê	1	de	de	-de	LOC	case	case=locative	high	Muller 1865, ZGP-0340 locative -de.
Das Märchen von den drei Brüdern	tb08_l13	7	h̔a	'ha	0	h̔a	'ha	ha	there			unsplit	Current word-level token gloss; no confident internal split applied.
Das Märchen von den drei Brüdern	tb08_l13	8	qulā́vi	qulavi	0	qulā́vi	qulavi	qulavi	covering			unsplit	Current word-level token gloss; no confident internal split applied.
Das Märchen von den drei Brüdern	tb08_l13	9	myā́nde,	myandê	0	myā́n	myan	myan	inside			medium	ZGP-0340; contextual locative -de.
Das Märchen von den drei Brüdern	tb08_l13	9	myā́nde,	myandê	1	de	de	-de	LOC	case	case=locative	high	Muller 1865, ZGP-0340 locative -de.
Das Märchen von den drei Brüdern	tb08_l14	0	d̮aú	caw	0	d̮aú	caw	dau	dev			unsplit	Current word-level token gloss; no confident internal split applied.
Das Märchen von den drei Brüdern	tb08_l14	1	ke	kê	0	ke	kê	ke	that			unsplit	Current word-level token gloss; no confident internal split applied.
Das Märchen von den drei Brüdern	tb08_l14	2	d́au	dyaw	0	d́au	dyaw	dau	dev			unsplit	Current word-level token gloss; no confident internal split applied.
Das Märchen von den drei Brüdern	tb08_l14	3	rā	ra	0	rā	ra	ra	to			unsplit	Current word-level token gloss; no confident internal split applied.
Das Märchen von den drei Brüdern	tb08_l14	4	kuén’u,	kwênu	0	kuén’u	kwênu	kuenu	sleeps			unsplit	Current word-level token gloss; no confident internal split applied.
Das Märchen von den drei Brüdern	tb08_l14	5	h̔a	'ha	0	h̔a	'ha	ha	there			unsplit	Current word-level token gloss; no confident internal split applied.
Das Märchen von den drei Brüdern	tb08_l14	6	bíni	bini	0	bíni	bini	bini	above			unsplit	Current word-level token gloss; no confident internal split applied.
Das Märchen von den drei Brüdern	tb08_l14	7	sé̱ri	seri	0	sé̱ri	seri	seri	on			unsplit	Current word-level token gloss; no confident internal split applied.
Das Märchen von den drei Brüdern	tb08_l14	8	d́é̱wide	dyewidê	0	d́é̱wide	dyewidê	dewide	of the dev			unsplit	Current word-level token gloss; no confident internal split applied.
Das Märchen von den drei Brüdern	tb08_l14	9	šimšyẹ̄́ri	şimşyêri	0	šimšyẹ̄́ri	şimşyêri	simsyeri	sword			unsplit	Current word-level token gloss; no confident internal split applied.
Das Märchen von den drei Brüdern	tb08_l14	10	d́é̱wi	dyewi	0	d́é̱wi	dyewi	dewi	of the dev			unsplit	Current word-level token gloss; no confident internal split applied.
Das Märchen von den drei Brüdern	tb08_l14	11	bi̥gé,	bıgê	0	bi̥	bi	bi-	CONJ/FUT	prefix	mood=conjunctive;tense=future	high	Muller 1865, ZGP-0361 conjunctive/future bi- prefix.
Das Märchen von den drei Brüdern	tb08_l14	11	bi̥gé,	bıgê	1	gé	gê	ge	bring			high	Muller 1865, ZGP-0361 conjunctive/future bi- prefix.
Das Märchen von den drei Brüdern	tb09_l01	0	bye	byê	0	bye	byê	bye	come			unsplit	Current word-level token gloss; no confident internal split applied.
Das Märchen von den drei Brüdern	tb09_l01	1	béri	bêri	0	béri	bêri	beri	brother			unsplit	Current word-level token gloss; no confident internal split applied.
Das Märchen von den drei Brüdern	tb09_l01	2	ve̱r	ver	0	ve̱r	ver	ver	front			unsplit	Current word-level token gloss; no confident internal split applied.
Das Märchen von den drei Brüdern	tb09_l01	3	dé,	dê	0	dé	dê	de	in			unsplit	Current word-level token gloss; no confident internal split applied.
Das Märchen von den drei Brüdern	tb09_l01	4	kíšta	kişta	0	kíšta	kişta	kista	right			unsplit	Current word-level token gloss; no confident internal split applied.
Das Märchen von den drei Brüdern	tb09_l01	5	rā́štede	raştêdê	0	rā́štede	raştêdê	rastede	on the right			unsplit	Current word-level token gloss; no confident internal split applied.
Das Märchen von den drei Brüdern	tb09_l01	6	yau	yaw	0	yau	yaw	yau	one			unsplit	Current word-level token gloss; no confident internal split applied.
Das Märchen von den drei Brüdern	tb09_l01	7	šebā́ke	şêbakê	0	šebā́ke	şêbakê	sebake	lattice			unsplit	Current word-level token gloss; no confident internal split applied.
Das Märchen von den drei Brüdern	tb09_l01	8	é̱sta,	esta	0	é̱sta	esta	esta	there is			unsplit	Current word-level token gloss; no confident internal split applied.
Das Märchen von den drei Brüdern	tb09_l01	9	šúe	şwê	0	šúe	şwê	sue	go			unsplit	Current word-level token gloss; no confident internal split applied.
Das Märchen von den drei Brüdern	tb09_l01	10	áya	aya	0	áya	aya	aya	Agha			unsplit	Current word-level token gloss; no confident internal split applied.
Das Märchen von den drei Brüdern	tb09_l01	11	šebā́kede	şêbakêdê	0	šebā́ke	şêbakê	sebake	at the grating			medium	ZGP-0340; contextual locative -de.
Das Märchen von den drei Brüdern	tb09_l01	11	šebā́kede	şêbakêdê	1	de	de	-de	LOC	case	case=locative	high	Muller 1865, ZGP-0340 locative -de.
Das Märchen von den drei Brüdern	tb09_l02	0	vi̥ndé,	vındê	0	vi̥ndé	vındê	vinde	stay			unsplit	Current word-level token gloss; no confident internal split applied.
Das Märchen von den drei Brüdern	tb09_l02	1	d́au	dyaw	0	d́au	dyaw	dau	dev			unsplit	Current word-level token gloss; no confident internal split applied.
Das Märchen von den drei Brüdern	tb09_l02	2	keíke	kêykê	0	keíke	kêykê	keike	as soon as			unsplit	Current word-level token gloss; no confident internal split applied.
Das Märchen von den drei Brüdern	tb09_l02	3	āmé	amê	0	āmé	amê	ame	came			unsplit	Current word-level token gloss; no confident internal split applied.
Das Märchen von den drei Brüdern	tb09_l02	4	zé̱re,	zerê	0	zé̱re	zerê	zere	inside			unsplit	Current word-level token gloss; no confident internal split applied.
Das Märchen von den drei Brüdern	tb09_l02	5	šimšyẹ̄́ri	şimşyêri	0	šimšyẹ̄́ri	şimşyêri	simsyeri	sword			unsplit	Current word-level token gloss; no confident internal split applied.
Das Märchen von den drei Brüdern	tb09_l02	6	d́é̱wi	dyewi	0	d́é̱wi	dyewi	dewi	of the dev			unsplit	Current word-level token gloss; no confident internal split applied.
Das Märchen von den drei Brüdern	tb09_l02	7	bi̥gé	bıgê	0	bi̥	bi	bi-	CONJ/FUT	prefix	mood=conjunctive;tense=future	high	Muller 1865, ZGP-0361 conjunctive/future bi- prefix.
Das Märchen von den drei Brüdern	tb09_l02	7	bi̥gé	bıgê	1	gé	gê	ge	bring			high	Muller 1865, ZGP-0361 conjunctive/future bi- prefix.
Das Märchen von den drei Brüdern	tb09_l02	8	χóe	xoê	0	χóe	xoê	xoe	own			unsplit	Current word-level token gloss; no confident internal split applied.
Das Märchen von den drei Brüdern	tb09_l02	9	dé̱st,	dest	0	dé̱st	dest	dest	hand			unsplit	Current word-level token gloss; no confident internal split applied.
Das Märchen von den drei Brüdern	tb09_l02	10	ke	kê	0	ke	kê	ke	that			unsplit	Current word-level token gloss; no confident internal split applied.
Das Märchen von den drei Brüdern	tb09_l02	11	sé̱rei	serêy	0	sé̱rei	serêy	serei	head			unsplit	Current word-level token gloss; no confident internal split applied.
Das Märchen von den drei Brüdern	tb09_l03	0	d́é̱wi	dyewi	0	d́é̱wi	dyewi	dewi	of the dev			unsplit	Current word-level token gloss; no confident internal split applied.
Das Märchen von den drei Brüdern	tb09_l03	1	āmé	amê	0	āmé	amê	ame	came			unsplit	Current word-level token gloss; no confident internal split applied.
Das Märchen von den drei Brüdern	tb09_l03	2	berá	bêra	0	berá	bêra	bera	brother			unsplit	Current word-level token gloss; no confident internal split applied.
Das Märchen von den drei Brüdern	tb09_l03	3	zé̱re	zerê	0	zé̱re	zerê	zere	inside			unsplit	Current word-level token gloss; no confident internal split applied.
Das Märchen von den drei Brüdern	tb09_l03	4	yau	yaw	0	yau	yaw	yau	one			unsplit	Current word-level token gloss; no confident internal split applied.
Das Märchen von den drei Brüdern	tb09_l03	5	šimšyẹ̄́r	şimşyêr	0	šimšyẹ̄́r	şimşyêr	simsyer	sword			unsplit	Current word-level token gloss; no confident internal split applied.
Das Märchen von den drei Brüdern	tb09_l03	6	péro̤	pêro	0	péro̤	pêro	pero	blow			unsplit	Current word-level token gloss; no confident internal split applied.
Das Märchen von den drei Brüdern	tb09_l03	7	de	dê	0	de	dê	de	in			unsplit	Current word-level token gloss; no confident internal split applied.
Das Märchen von den drei Brüdern	tb09_l03	8	sé̱rei	serêy	0	sé̱rei	serêy	serei	head			unsplit	Current word-level token gloss; no confident internal split applied.
Das Märchen von den drei Brüdern	tb09_l03	9	d́é̱wi	dyewi	0	d́é̱wi	dyewi	dewi	of the dev			unsplit	Current word-level token gloss; no confident internal split applied.
Das Märchen von den drei Brüdern	tb09_l03	10	trā	tra	0	trā	tra	tra	from			unsplit	Current word-level token gloss; no confident internal split applied.
Das Märchen von den drei Brüdern	tb09_l03	11	ke	kê	0	ke	kê	ke	that			unsplit	Current word-level token gloss; no confident internal split applied.
Das Märchen von den drei Brüdern	tb09_l03	12	gnén’u	gnênu	0	gnén’u	gnênu	gnenu	falls			unsplit	Current word-level token gloss; no confident internal split applied.
Das Märchen von den drei Brüdern	tb09_l04	0	é̱ru,	eru	0	é̱ru	eru	eru	earth			unsplit	Current word-level token gloss; no confident internal split applied.
Das Märchen von den drei Brüdern	tb09_l04	1	sé̱rei	serêy	0	sé̱rei	serêy	serei	head			unsplit	Current word-level token gloss; no confident internal split applied.
Das Märchen von den drei Brüdern	tb09_l04	2	d́é̱wide	dyewidê	0	d́é̱wide	dyewidê	dewide	of the dev			unsplit	Current word-level token gloss; no confident internal split applied.
Das Märchen von den drei Brüdern	tb09_l04	3	zuā́ṅ	zwang	0	zuā́ṅ	zwang	zuan	tongue			unsplit	Current word-level token gloss; no confident internal split applied.
Das Märchen von den drei Brüdern	tb09_l04	4	é̱stu,	estu	0	é̱stu	estu	estu	there is			unsplit	Current word-level token gloss; no confident internal split applied.
Das Märchen von den drei Brüdern	tb09_l04	5	kā́li	kali	0	kā́li	kali	kali	speaks			unsplit	Current word-level token gloss; no confident internal split applied.
Das Märchen von den drei Brüdern	tb09_l04	6	kén’u,	kênu	0	kén’u	kênu	kenu	does			unsplit	Current word-level token gloss; no confident internal split applied.
Das Märchen von den drei Brüdern	tb09_l04	7	túera	twêra	0	túe	twê	tue	2SG.OBL			high	Muller 1865, ZGP-0336; function chosen with project ra conventions.
Das Märchen von den drei Brüdern	tb09_l04	7	túera	twêra	1	ra	ra	ra	ABL/RECIP	postposition	relation=contextual	high	Muller 1865, ZGP-0336; function chosen with project ra conventions.
Das Märchen von den drei Brüdern	tb09_l04	8	vā́nu	vanu	0	vā́nu	vanu	vanu	says			unsplit	Current word-level token gloss; no confident internal split applied.
Das Märchen von den drei Brüdern	tb09_l04	9	yaunaí	yawnay	0	yaunaí	yawnay	yaunai	second			unsplit	Current word-level token gloss; no confident internal split applied.
Das Märchen von den drei Brüdern	tb09_l04	10	péro̤	pêro	0	péro̤	pêro	pero	blow			unsplit	Current word-level token gloss; no confident internal split applied.
Das Märchen von den drei Brüdern	tb09_l05	0	de,	dê	0	de	dê	de	in			unsplit	Current word-level token gloss; no confident internal split applied.
Das Märchen von den drei Brüdern	tb09_l05	1	te	tê	0	te	tê	te	you			unsplit	Current word-level token gloss; no confident internal split applied.
Das Märchen von den drei Brüdern	tb09_l05	2	vā́d̮i	vaci	0	vā́d̮i	vaci	vadi	say			unsplit	Current word-level token gloss; no confident internal split applied.
Das Märchen von den drei Brüdern	tb09_l05	3	ke	kê	0	ke	kê	ke	that			unsplit	Current word-level token gloss; no confident internal split applied.
Das Märchen von den drei Brüdern	tb09_l05	4	e̱z	ez	0	e̱z	ez	ez	I			unsplit	Current word-level token gloss; no confident internal split applied.
Das Märchen von den drei Brüdern	tb09_l05	5	hén’ī	hêni	0	hén’ī	hêni	heni	again			unsplit	Current word-level token gloss; no confident internal split applied.
Das Märchen von den drei Brüdern	tb09_l05	6	yaúnai	yawnay	0	yaúnai	yawnay	yaunai	second			unsplit	Current word-level token gloss; no confident internal split applied.
Das Märchen von den drei Brüdern	tb09_l05	7	péro̤	pêro	0	péro̤	pêro	pero	blow			unsplit	Current word-level token gloss; no confident internal split applied.
Das Märchen von den drei Brüdern	tb09_l05	8	ńedā́na:	nyêdana	0	ńedā́na	nyêdana	nedana	I do not give			unsplit	Current word-level token gloss; no confident internal split applied.
Das Märchen von den drei Brüdern	tb09_l05	9	kaúli	kawli	0	kaúli	kawli	kauli	word			unsplit	Current word-level token gloss; no confident internal split applied.
Das Märchen von den drei Brüdern	tb09_l05	10	d̮āṅ	cang	0	d̮āṅ	cang	dan	blow			unsplit	Current word-level token gloss; no confident internal split applied.
Das Märchen von den drei Brüdern	tb09_l05	11	mẹ̄́rdāṅ	mêrdang	0	mẹ̄́rdāṅ	mêrdang	merdan	heroes			unsplit	Current word-level token gloss; no confident internal split applied.
Das Märchen von den drei Brüdern	tb09_l05	12	yau.	yaw	0	yau	yaw	yau	one			unsplit	Current word-level token gloss; no confident internal split applied.
Das Märchen von den drei Brüdern	tb09_l06	0	H̔asanék	'Hasanêk	0	H̔asanék	'Hasanêk	hasanek	Hasanek			unsplit	Current word-level token gloss; no confident internal split applied.
Das Märchen von den drei Brüdern	tb09_l06	1	we̱ríšt	werişt	0	we̱ríšt	werişt	werist	got up			unsplit	Current word-level token gloss; no confident internal split applied.
Das Märchen von den drei Brüdern	tb09_l06	2	šẹ̄	şê	0	šẹ̄	şê	se	what			unsplit	Current word-level token gloss; no confident internal split applied.
Das Märchen von den drei Brüdern	tb09_l06	3	qunāγi	qunaği	0	qunāγi	qunaği	qunagi				unsplit	Current word-level token gloss; no confident internal split applied.
Das Märchen von den drei Brüdern	tb09_l06	4	d́é̱wi	dyewi	0	d́é̱wi	dyewi	dewi	of the dev			unsplit	Current word-level token gloss; no confident internal split applied.
Das Märchen von den drei Brüdern	tb09_l06	5	geírá,	gêyra	0	geírá	gêyra	geira	searched			unsplit	Current word-level token gloss; no confident internal split applied.
Das Märchen von den drei Brüdern	tb09_l06	6	d̮ai	cay	0	d̮ai	cay	dai	gave			unsplit	Current word-level token gloss; no confident internal split applied.
Das Märchen von den drei Brüdern	tb09_l06	7	d́é̱wi	dyewi	0	d́é̱wi	dyewi	dewi	of the dev			unsplit	Current word-level token gloss; no confident internal split applied.
Das Märchen von den drei Brüdern	tb09_l06	8	dī,	di	0	dī	di	di	saw			unsplit	Current word-level token gloss; no confident internal split applied.
Das Märchen von den drei Brüdern	tb09_l06	9	bí̥ni	bıni	0	bí̥ni	bıni	bini	above			unsplit	Current word-level token gloss; no confident internal split applied.
Das Märchen von den drei Brüdern	tb09_l06	10	bā-	ba	0	bā	ba	ba	with			unsplit	Current word-level token gloss; no confident internal split applied.
Das Märchen von den drei Brüdern	tb09_l07	0	li̥šnaí	lışnay	0	li̥šnaí	lışnay	lisnai	pillow			unsplit	Current word-level token gloss; no confident internal split applied.
Das Märchen von den drei Brüdern	tb09_l07	1	d́é̱wira	dyewira	0	d́é̱wi	dyewi	dewi	dev			medium	Contextual ra split; function checked against project ra conventions.
Das Märchen von den drei Brüdern	tb09_l07	1	d́é̱wira	dyewira	1	ra	ra	ra	RECIP	postposition	case_or_relation=contextual	medium	Muller 1865, ZGP-0336; project glossing_conventions.tsv keeps ra contextual.
Das Märchen von den drei Brüdern	tb09_l07	2	šimšyẹ̄́ri	şimşyêri	0	šimšyẹ̄́ri	şimşyêri	simsyeri	sword			unsplit	Current word-level token gloss; no confident internal split applied.
Das Märchen von den drei Brüdern	tb09_l07	3	d́é̱wi	dyewi	0	d́é̱wi	dyewi	dewi	of the dev			unsplit	Current word-level token gloss; no confident internal split applied.
Das Märchen von den drei Brüdern	tb09_l07	4	vet	vêt	0	vet	vêt	vet	took out			unsplit	Current word-level token gloss; no confident internal split applied.
Das Märchen von den drei Brüdern	tb09_l07	5	geraút,	gêrawt	0	geraút	gêrawt	geraut	took			unsplit	Current word-level token gloss; no confident internal split applied.
Das Märchen von den drei Brüdern	tb09_l07	6	āmé	amê	0	āmé	amê	ame	came			unsplit	Current word-level token gloss; no confident internal split applied.
Das Märchen von den drei Brüdern	tb09_l07	7	vé̱ri	veri	0	vé̱ri	veri	veri	first			unsplit	Current word-level token gloss; no confident internal split applied.
Das Märchen von den drei Brüdern	tb09_l07	8	bēri,	bêri	0	bēri	bêri	beri	brother			unsplit	Current word-level token gloss; no confident internal split applied.
Das Märchen von den drei Brüdern	tb09_l07	9	auńā́	awnya	0	auńā́	awnya	auna	saw			unsplit	Current word-level token gloss; no confident internal split applied.
Das Märchen von den drei Brüdern	tb09_l07	10	kíšta	kişta	0	kíšta	kişta	kista	right			unsplit	Current word-level token gloss; no confident internal split applied.
Das Märchen von den drei Brüdern	tb09_l08	0	rā́štede	raştêdê	0	rā́štede	raştêdê	rastede	on the right			unsplit	Current word-level token gloss; no confident internal split applied.
Das Märchen von den drei Brüdern	tb09_l08	1	yau	yaw	0	yau	yaw	yau	one			unsplit	Current word-level token gloss; no confident internal split applied.
Das Märchen von den drei Brüdern	tb09_l08	2	šebā́ke	şêbakê	0	šebā́ke	şêbakê	sebake	lattice			unsplit	Current word-level token gloss; no confident internal split applied.
Das Märchen von den drei Brüdern	tb09_l08	3	é̱sta,	esta	0	é̱sta	esta	esta	there is			unsplit	Current word-level token gloss; no confident internal split applied.
Das Märchen von den drei Brüdern	tb09_l08	4	šẹ̄	şê	0	šẹ̄	şê	se	what			unsplit	Current word-level token gloss; no confident internal split applied.
Das Märchen von den drei Brüdern	tb09_l08	5	ḗ̱n’a	ena	0	ḗ̱n’a	ena	ena	this			unsplit	Current word-level token gloss; no confident internal split applied.
Das Märchen von den drei Brüdern	tb09_l08	6	šebā́kede	şêbakêdê	0	šebā́ke	şêbakê	sebake	at the grating			medium	ZGP-0340; contextual locative -de.
Das Märchen von den drei Brüdern	tb09_l08	6	šebā́kede	şêbakêdê	1	de	de	-de	LOC	case	case=locative	high	Muller 1865, ZGP-0340 locative -de.
Das Märchen von den drei Brüdern	tb09_l08	7	vené̱rt.	vênert	0	vené̱rt	vênert	venert	stood			unsplit	Current word-level token gloss; no confident internal split applied.
Das Märchen von den drei Brüdern	tb09_l08	8	Dau	Daw	0	Dau	Daw	dau	dev			unsplit	Current word-level token gloss; no confident internal split applied.
Das Märchen von den drei Brüdern	tb09_l08	9	amé,	amê	0	amé	amê	ame	came			unsplit	Current word-level token gloss; no confident internal split applied.
Das Märchen von den drei Brüdern	tb09_l08	10	H̔a-	'Ha	0	H̔a	'Ha	ha	there			unsplit	Current word-level token gloss; no confident internal split applied.
Das Märchen von den drei Brüdern	tb09_l09	0	sanéki	sanêki	0	sanéki	sanêki	saneki				unsplit	Current word-level token gloss; no confident internal split applied.
Das Märchen von den drei Brüdern	tb09_l09	1	šimšyẹ̄́r	şimşyêr	0	šimšyẹ̄́r	şimşyêr	simsyer	sword			unsplit	Current word-level token gloss; no confident internal split applied.
Das Märchen von den drei Brüdern	tb09_l09	2	kerd	kêrd	0	kerd	kêrd	kerd	did			unsplit	Current word-level token gloss; no confident internal split applied.
Das Märchen von den drei Brüdern	tb09_l09	3	χóe	xoê	0	χóe	xoê	xoe	own			unsplit	Current word-level token gloss; no confident internal split applied.
Das Märchen von den drei Brüdern	tb09_l09	4	de̱st,	dest	0	de̱st	dest	dest	hand			unsplit	Current word-level token gloss; no confident internal split applied.
Das Märchen von den drei Brüdern	tb09_l09	5	d́au	dyaw	0	d́au	dyaw	dau	dev			unsplit	Current word-level token gloss; no confident internal split applied.
Das Märchen von den drei Brüdern	tb09_l09	6	amé	amê	0	amé	amê	ame	came			unsplit	Current word-level token gloss; no confident internal split applied.
Das Märchen von den drei Brüdern	tb09_l09	7	sé̱ri	seri	0	sé̱ri	seri	seri	on			unsplit	Current word-level token gloss; no confident internal split applied.
Das Märchen von den drei Brüdern	tb09_l09	8	χóe	xoê	0	χóe	xoê	xoe	own			unsplit	Current word-level token gloss; no confident internal split applied.
Das Märchen von den drei Brüdern	tb09_l09	9	be̱rd	berd	0	be̱rd	berd	berd	took			unsplit	Current word-level token gloss; no confident internal split applied.
Das Märchen von den drei Brüdern	tb09_l09	10	ārd	ard	0	ārd	ard	ard	brought			unsplit	Current word-level token gloss; no confident internal split applied.
Das Märchen von den drei Brüdern	tb09_l09	11	zé̱re,	zerê	0	zé̱re	zerê	zere	inside			unsplit	Current word-level token gloss; no confident internal split applied.
Das Märchen von den drei Brüdern	tb09_l10	0	H̔asanéki	'Hasanêki	0	H̔asanéki	'Hasanêki	hasaneki	Hasanek			unsplit	Current word-level token gloss; no confident internal split applied.
Das Märchen von den drei Brüdern	tb09_l10	1	yau	yaw	0	yau	yaw	yau	one			unsplit	Current word-level token gloss; no confident internal split applied.
Das Märchen von den drei Brüdern	tb09_l10	2	šimšyẹ̄́r	şimşyêr	0	šimšyẹ̄́r	şimşyêr	simsyer	sword			unsplit	Current word-level token gloss; no confident internal split applied.
Das Märchen von den drei Brüdern	tb09_l10	3	dā	da	0	dā	da	da	gave			unsplit	Current word-level token gloss; no confident internal split applied.
Das Märchen von den drei Brüdern	tb09_l10	4	pṳ́roe,	püroê	0	pṳ́roe	püroê	puroe	upon			unsplit	Current word-level token gloss; no confident internal split applied.
Das Märchen von den drei Brüdern	tb09_l10	5	sé̱rei	serêy	0	sé̱rei	serêy	serei	head			unsplit	Current word-level token gloss; no confident internal split applied.
Das Märchen von den drei Brüdern	tb09_l10	6	d́é̱wi	dyewi	0	d́é̱wi	dyewi	dewi	of the dev			unsplit	Current word-level token gloss; no confident internal split applied.
Das Märchen von den drei Brüdern	tb09_l10	7	terá	têra	0	terá	têra	tera	from			unsplit	Current word-level token gloss; no confident internal split applied.
Das Märchen von den drei Brüdern	tb09_l10	8	ke̱rd.	kerd	0	ke̱rd	kerd	kerd	did			unsplit	Current word-level token gloss; no confident internal split applied.
Das Märchen von den drei Brüdern	tb09_l10	9	D́au	Dyaw	0	D́au	Dyaw	dau	dev			unsplit	Current word-level token gloss; no confident internal split applied.
Das Märchen von den drei Brüdern	tb09_l10	10	gnā	gna	0	gnā	gna	gna	this time			unsplit	Current word-level token gloss; no confident internal split applied.
Das Märchen von den drei Brüdern	tb09_l11	0	é̱ru.	eru	0	é̱ru	eru	eru	earth			unsplit	Current word-level token gloss; no confident internal split applied.
Das Märchen von den drei Brüdern	tb09_l11	1	d́é̱wi	dyewi	0	d́é̱wi	dyewi	dewi	of the dev			unsplit	Current word-level token gloss; no confident internal split applied.
Das Märchen von den drei Brüdern	tb09_l11	2	vā	va	0	vā	va	va	said			unsplit	Current word-level token gloss; no confident internal split applied.
Das Märchen von den drei Brüdern	tb09_l11	3	ke	kê	0	ke	kê	ke	that			unsplit	Current word-level token gloss; no confident internal split applied.
Das Märchen von den drei Brüdern	tb09_l11	4	H̔asanékira:	'Hasanêkira	0	H̔asanéki	'Hasanêki	hasaneki	Hasanek			medium	Contextual ra split; function checked against project ra conventions.
Das Märchen von den drei Brüdern	tb09_l11	4	H̔asanékira:	'Hasanêkira	1	ra	ra	ra	RECIP	postposition	case_or_relation=contextual	medium	Muller 1865, ZGP-0336; project glossing_conventions.tsv keeps ra contextual.
Das Märchen von den drei Brüdern	tb09_l11	5	yaúnai	yawnay	0	yaúnai	yawnay	yaunai	second			unsplit	Current word-level token gloss; no confident internal split applied.
Das Märchen von den drei Brüdern	tb09_l11	6	péro̤	pêro	0	péro̤	pêro	pero	blow			unsplit	Current word-level token gloss; no confident internal split applied.
Das Märchen von den drei Brüdern	tb09_l11	7	de,	dê	0	de	dê	de	in			unsplit	Current word-level token gloss; no confident internal split applied.
Das Märchen von den drei Brüdern	tb09_l11	8	H̔asanéki	'Hasanêki	0	H̔asanéki	'Hasanêki	hasaneki	Hasanek			unsplit	Current word-level token gloss; no confident internal split applied.
Das Märchen von den drei Brüdern	tb09_l11	9	vā	va	0	vā	va	va	said			unsplit	Current word-level token gloss; no confident internal split applied.
Das Märchen von den drei Brüdern	tb09_l11	10	ke	kê	0	ke	kê	ke	that			unsplit	Current word-level token gloss; no confident internal split applied.
Das Märchen von den drei Brüdern	tb09_l12	0	d́é̱wira:	dyewira	0	d́é̱wi	dyewi	dewi	dev			medium	Contextual ra split; function checked against project ra conventions.
Das Märchen von den drei Brüdern	tb09_l12	0	d́é̱wira:	dyewira	1	ra	ra	ra	RECIP	postposition	case_or_relation=contextual	medium	Muller 1865, ZGP-0336; project glossing_conventions.tsv keeps ra contextual.
Das Märchen von den drei Brüdern	tb09_l12	1	kaúle	kawlê	0	kaúle	kawlê	kaule	speech			unsplit	Current word-level token gloss; no confident internal split applied.
Das Märchen von den drei Brüdern	tb09_l12	2	d̮āṅ	cang	0	d̮āṅ	cang	dan	blow			unsplit	Current word-level token gloss; no confident internal split applied.
Das Märchen von den drei Brüdern	tb09_l12	3	mẹ̄́rdāṅ	mêrdang	0	mẹ̄́rdāṅ	mêrdang	merdan	heroes			unsplit	Current word-level token gloss; no confident internal split applied.
Das Märchen von den drei Brüdern	tb09_l12	4	yau,	yaw	0	yau	yaw	yau	one			unsplit	Current word-level token gloss; no confident internal split applied.
Das Märchen von den drei Brüdern	tb09_l12	5	d́au	dyaw	0	d́au	dyaw	dau	dev			unsplit	Current word-level token gloss; no confident internal split applied.
Das Märchen von den drei Brüdern	tb09_l12	6	me̱rd,	merd	0	me̱rd	merd	merd	man			unsplit	Current word-level token gloss; no confident internal split applied.
Das Märchen von den drei Brüdern	tb09_l12	7	H̔asanék	'Hasanêk	0	H̔asanék	'Hasanêk	hasanek	Hasanek			unsplit	Current word-level token gloss; no confident internal split applied.
Das Märchen von den drei Brüdern	tb09_l12	8	we̱ríšt,	werişt	0	we̱ríšt	werişt	werist	got up			unsplit	Current word-level token gloss; no confident internal split applied.
Das Märchen von den drei Brüdern	tb09_l12	9	lé̱šaí	leşay	0	lé̱šaí	leşay	lesai	corpse			unsplit	Current word-level token gloss; no confident internal split applied.
Das Märchen von den drei Brüdern	tb09_l13	0	d́é̱wi	dyewi	0	d́é̱wi	dyewi	dewi	of the dev			unsplit	Current word-level token gloss; no confident internal split applied.
Das Märchen von den drei Brüdern	tb09_l13	1	bé̱r	ber	0	bé̱r	ber	ber	thanks			unsplit	Current word-level token gloss; no confident internal split applied.
Das Märchen von den drei Brüdern	tb09_l13	2	de	dê	0	de	dê	de	in			unsplit	Current word-level token gloss; no confident internal split applied.
Das Märchen von den drei Brüdern	tb09_l13	3	eíšte	êyştê	0	eíšte	êyştê	eiste	threw			unsplit	Current word-level token gloss; no confident internal split applied.
Das Märchen von den drei Brüdern	tb09_l13	4	zeindā́ṅ,	zêyndang	0	zeindā́ṅ	zêyndang	zeindan	prison			unsplit	Current word-level token gloss; no confident internal split applied.
Das Märchen von den drei Brüdern	tb09_l13	5	geíra	gêyra	0	geíra	gêyra	geira	searched			unsplit	Current word-level token gloss; no confident internal split applied.
Das Märchen von den drei Brüdern	tb09_l13	6	šẹ̄	şê	0	šẹ̄	şê	se	what			unsplit	Current word-level token gloss; no confident internal split applied.
Das Märchen von den drei Brüdern	tb09_l13	7	kei	kêy	0	kei	kêy	kei	house			unsplit	Current word-level token gloss; no confident internal split applied.
Das Märchen von den drei Brüdern	tb09_l13	8	d́é̱wi.	dyewi	0	d́é̱wi	dyewi	dewi	of the dev			unsplit	Current word-level token gloss; no confident internal split applied.
Das Märchen von den drei Brüdern	tb09_l13	9	Keínai	Kêynay	0	Keínai	Kêynay	keinai	daughter			unsplit	Current word-level token gloss; no confident internal split applied.
Das Märchen von den drei Brüdern	tb09_l13	10	d́é̱wya	dyewya	0	d́é̱wya	dyewya	dewya	of the dev			unsplit	Current word-level token gloss; no confident internal split applied.
Das Märchen von den drei Brüdern	tb09_l13	11	kí̥d̮i	kıci	0	kí̥d̮i	kıci	kidi	small			unsplit	Current word-level token gloss; no confident internal split applied.
Das Märchen von den drei Brüdern	tb09_l14	0	geraúte	gêrawtê	0	geraúte	gêrawtê	geraute	took			unsplit	Current word-level token gloss; no confident internal split applied.
Das Märchen von den drei Brüdern	tb09_l14	1	mā́ra	mara	0	mā́	ma	ma	us			medium	Contextual ra split; function checked against project ra conventions.
Das Märchen von den drei Brüdern	tb09_l14	1	mā́ra	mara	1	ra	ra	ra	RECIP	postposition	case_or_relation=contextual	medium	Muller 1865, ZGP-0336; project glossing_conventions.tsv keeps ra contextual.
Das Märchen von den drei Brüdern	tb09_l14	2	ké̱rde	kerdê	0	ké̱rde	kerdê	kerde	did			unsplit	Current word-level token gloss; no confident internal split applied.
Das Märchen von den drei Brüdern	tb09_l14	3	χóeri,	xoêri	0	χóe	xoê	xoe	self/own			high	Muller 1865, ZGP-0337-ZGP-0339 ri/ru/-i object or goal material.
Das Märchen von den drei Brüdern	tb09_l14	3	χóeri,	xoêri	1	ri	ri	ri	REFL/OBL	case/postposition	relation=reflexive_or_oblique	high	Muller 1865, ZGP-0337-ZGP-0339 ri/ru/-i object or goal material.
Das Märchen von den drei Brüdern	tb09_l14	4	šẹ̄	şê	0	šẹ̄	şê	se	what			unsplit	Current word-level token gloss; no confident internal split applied.
Das Märchen von den drei Brüdern	tb09_l14	5	geíra	gêyra	0	geíra	gêyra	geira	searched			unsplit	Current word-level token gloss; no confident internal split applied.
Das Märchen von den drei Brüdern	tb09_l14	6	berá’i	bêrai	0	berá’i	bêrai	berai	brother			unsplit	Current word-level token gloss; no confident internal split applied.
Das Märchen von den drei Brüdern	tb09_l14	7	χóe	xoê	0	χóe	xoê	xoe	own			unsplit	Current word-level token gloss; no confident internal split applied.
Das Märchen von den drei Brüdern	tb09_l14	8	Qasím	Qasim	0	Qasím	Qasim	qasim	Qasim			unsplit	Current word-level token gloss; no confident internal split applied.
Das Märchen von den drei Brüdern	tb09_l14	9	Šabán	Şaban	0	Šabán	Şaban	saban	Saban			unsplit	Current word-level token gloss; no confident internal split applied.
Das Märchen von den drei Brüdern	tb09_l14	10	dī,	di	0	dī	di	di	saw			unsplit	Current word-level token gloss; no confident internal split applied.
Das Märchen von den drei Brüdern	tb10_l01	0	geraúte	gêrawtê	0	geraúte	gêrawtê	geraute	took			unsplit	Current word-level token gloss; no confident internal split applied.
Das Märchen von den drei Brüdern	tb10_l01	1	ā́rdi	ardi	0	ā́rdi	ardi	ardi	brought			unsplit	Current word-level token gloss; no confident internal split applied.
Das Märchen von den drei Brüdern	tb10_l01	2	kei	kêy	0	kei	kêy	kei	house			unsplit	Current word-level token gloss; no confident internal split applied.
Das Märchen von den drei Brüdern	tb10_l01	3	d́é̱wi,	dyewi	0	d́é̱wi	dyewi	dewi	of the dev			unsplit	Current word-level token gloss; no confident internal split applied.
Das Märchen von den drei Brüdern	tb10_l01	4	keína	kêyna	0	keína	kêyna	keina	daughter			unsplit	Current word-level token gloss; no confident internal split applied.
Das Märchen von den drei Brüdern	tb10_l01	5	pī́le	pilê	0	pī́le	pilê	pile	oldest			unsplit	Current word-level token gloss; no confident internal split applied.
Das Märchen von den drei Brüdern	tb10_l01	6	dai	day	0	dai	day	dai	gave			unsplit	Current word-level token gloss; no confident internal split applied.
Das Märchen von den drei Brüdern	tb10_l01	7	beraí	bêray	0	beraí	bêray	berai	brother			unsplit	Current word-level token gloss; no confident internal split applied.
Das Märchen von den drei Brüdern	tb10_l01	8	χóe	xoê	0	χóe	xoê	xoe	own			unsplit	Current word-level token gloss; no confident internal split applied.
Das Märchen von den drei Brüdern	tb10_l01	9	Šabáni,	Şabani	0	Šabáni	Şabani	sabani	Saban			unsplit	Current word-level token gloss; no confident internal split applied.
Das Märchen von den drei Brüdern	tb10_l01	10	keína	kêyna	0	keína	kêyna	keina	daughter			unsplit	Current word-level token gloss; no confident internal split applied.
Das Märchen von den drei Brüdern	tb10_l02	0	myańéne	myanyênê	0	myańéne	myanyênê	myanene	middle			unsplit	Current word-level token gloss; no confident internal split applied.
Das Märchen von den drei Brüdern	tb10_l02	1	daí	day	0	daí	day	dai	gave			unsplit	Current word-level token gloss; no confident internal split applied.
Das Märchen von den drei Brüdern	tb10_l02	2	beraí	bêray	0	beraí	bêray	berai	brother			unsplit	Current word-level token gloss; no confident internal split applied.
Das Märchen von den drei Brüdern	tb10_l02	3	χóe	xoê	0	χóe	xoê	xoe	own			unsplit	Current word-level token gloss; no confident internal split applied.
Das Märchen von den drei Brüdern	tb10_l02	4	Qasími,	Qasimi	0	Qasími	Qasimi	qasimi	Qasim			unsplit	Current word-level token gloss; no confident internal split applied.
Das Märchen von den drei Brüdern	tb10_l02	5	rueníšti	rwênişti	0	rueníšti	rwênişti	ruenisti	sat down			unsplit	Current word-level token gloss; no confident internal split applied.
Das Märchen von den drei Brüdern	tb10_l02	6	χóeri	xoêri	0	χóe	xoê	xoe	self/own			high	Muller 1865, ZGP-0337-ZGP-0339 ri/ru/-i object or goal material.
Das Märchen von den drei Brüdern	tb10_l02	6	χóeri	xoêri	1	ri	ri	ri	REFL/OBL	case/postposition	relation=reflexive_or_oblique	high	Muller 1865, ZGP-0337-ZGP-0339 ri/ru/-i object or goal material.
Das Märchen von den drei Brüdern	tb10_l02	7	keif	kêyf	0	keif	kêyf	keif	pleasure			unsplit	Current word-level token gloss; no confident internal split applied.
Das Märchen von den drei Brüdern	tb10_l02	8	se̱fā́	sefa	0	se̱fā́	sefa	sefa	comfort			unsplit	Current word-level token gloss; no confident internal split applied.
Das Märchen von den drei Brüdern	tb10_l02	9	ké̱rde	kerdê	0	ké̱rde	kerdê	kerde	did			unsplit	Current word-level token gloss; no confident internal split applied.
Das Märchen von den drei Brüdern	tb10_l02	10	vené̱rt.	vênert	0	vené̱rt	vênert	venert	stood			unsplit	Current word-level token gloss; no confident internal split applied.
